12:41:10.488 [DEBUG]  [Preparing]   [main]              [com.diffblue.cover.commons.configuration.e] Loading properties from resources
12:41:10.489 [DEBUG]  [Preparing]   [main]              [com.diffblue.cover.commons.configuration.e] Loading properties from installation directory
12:41:10.489 [DEBUG]  [Preparing]   [main]              [com.diffblue.cover.commons.configuration.e] /opt/cover/cover.properties doesn't exist
12:41:10.490 [DEBUG]  [Preparing]   [main]              [com.diffblue.cover.commons.configuration.e] Loading properties from user home directory
12:41:10.490 [DEBUG]  [Preparing]   [main]              [com.diffblue.cover.commons.configuration.e] /home/jbergqvist/.diffblue/cover.properties doesn't exist
12:41:10.490 [DEBUG]  [Preparing]   [main]              [com.diffblue.cover.commons.configuration.e] Loaded properties
12:41:10.491 [DEBUG]  [Preparing]   [main]              [com.diffblue.cover.commons.configuration.e] Property cover.disableEnvironmentCache has not been set, using default value false
12:41:10.506 [DEBUG]  [Preparing]   [main]              [com.diffblue.cover.commons.configuration.e] Property cover.licence.environment has not been set, using default value PRODUCTION
12:41:10.938 [DEBUG]  [Preparing]   [main]              [com.diffblue.cover.commons.configuration.e] Loading properties from resources
12:41:10.938 [DEBUG]  [Preparing]   [main]              [com.diffblue.cover.commons.configuration.e] Loading properties from installation directory
12:41:10.938 [DEBUG]  [Preparing]   [main]              [com.diffblue.cover.commons.configuration.e]  - telemetry.collect.username: false
12:41:10.938 [DEBUG]  [Preparing]   [main]              [com.diffblue.cover.commons.configuration.e]  - telemetry.external.environment: production
12:41:10.938 [DEBUG]  [Preparing]   [main]              [com.diffblue.cover.commons.configuration.e]  - telemetry.collect.username: false
12:41:10.938 [DEBUG]  [Preparing]   [main]              [com.diffblue.cover.commons.configuration.e]  - telemetry.external.environment: production
12:41:10.938 [DEBUG]  [Preparing]   [main]              [com.diffblue.cover.commons.configuration.e] Loading properties from user home directory
12:41:10.938 [DEBUG]  [Preparing]   [main]              [com.diffblue.cover.commons.configuration.e]  - telemetry.external.environment: production
12:41:10.938 [DEBUG]  [Preparing]   [main]              [com.diffblue.cover.commons.configuration.e]  - telemetry.id: f11a2ef0-98f3-4977-8276-e71972899881
12:41:10.939 [DEBUG]  [Preparing]   [main]              [com.diffblue.cover.commons.configuration.e] Loaded properties
12:41:10.939 [DEBUG]  [Preparing]   [main]              [com.diffblue.cover.commons.configuration.e]  - telemetry.collect.username: false
12:41:10.939 [DEBUG]  [Preparing]   [main]              [com.diffblue.cover.commons.configuration.e]  - telemetry.external.environment: production
12:41:10.939 [DEBUG]  [Preparing]   [main]              [com.diffblue.cover.commons.configuration.e]  - telemetry.id: f11a2ef0-98f3-4977-8276-e71972899881
12:41:10.939 [DEBUG]  [Preparing]   [main]              [com.diffblue.cover.commons.configuration.e] Property telemetry.collect.username set in properties file to value false
12:41:10.939 [DEBUG]  [Preparing]   [main]              [com.diffblue.cover.commons.configuration.e] Property telemetry.external.environment set in properties file to value production
12:41:10.940 [DEBUG]  [Preparing]   [main]              [com.diffblue.cover.commons.configuration.e] Property telemetry.id set in properties file to value f11a2ef0-98f3-4977-8276-e71972899881
12:41:10.947 [DEBUG]  [Preparing]   [main]              [com.diffblue.cover.commons.configuration.e] Property telemetry.external.enabled has not been set, using default value true
12:41:10.947 [DEBUG]  [Preparing]   [main]              [com.diffblue.cover.commons.configuration.e] Property telemetry.reports.scheme has not been set, using default value http
12:41:10.947 [DEBUG]  [Preparing]   [main]              [com.diffblue.cover.commons.configuration.e] Property telemetry.reports.hostname has not been set, using default value localhost
12:41:10.947 [DEBUG]  [Preparing]   [main]              [com.diffblue.cover.commons.configuration.e] Property telemetry.reports.port has not been set, using default value 8080
12:41:10.948 [DEBUG]  [Preparing]   [main]              [com.diffblue.cover.commons.configuration.e] Property telemetry.reports.enabled has not been set, using default value false
12:41:10.949 [DEBUG]  [Preparing]   [main]              [com.diffblue.cover.d.a] Checking connectivity of telemetry (mixpanel) to uri: https://api-eu.mixpanel.com
12:41:11.021 [DEBUG]  [Preparing]   [main]              [com.diffblue.cover.d.a] Unable to connect to telemetry (mixpanel) with error: 
java.net.ConnectException: Connection refused
	at java.base/sun.nio.ch.Net.pollConnect(Native Method)
	at java.base/sun.nio.ch.Net.pollConnectNow(Net.java:682)
	at java.base/sun.nio.ch.NioSocketImpl.timedFinishConnect(NioSocketImpl.java:542)
	at java.base/sun.nio.ch.NioSocketImpl.connect(NioSocketImpl.java:592)
	at java.base/java.net.SocksSocketImpl.connect(SocksSocketImpl.java:327)
	at java.base/java.net.Socket.connect(Socket.java:751)
	at java.base/sun.security.ssl.SSLSocketImpl.connect(SSLSocketImpl.java:304)
	at java.base/sun.net.NetworkClient.doConnect(NetworkClient.java:178)
	at java.base/sun.net.www.http.HttpClient.openServer(HttpClient.java:531)
	at java.base/sun.net.www.http.HttpClient.openServer(HttpClient.java:636)
	at java.base/sun.net.www.protocol.https.HttpsClient.<init>(HttpsClient.java:264)
	at java.base/sun.net.www.protocol.https.HttpsClient.New(HttpsClient.java:377)
	at java.base/sun.net.www.protocol.https.AbstractDelegateHttpsURLConnection.getNewHttpClient(AbstractDelegateHttpsURLConnection.java:193)
	at java.base/sun.net.www.protocol.http.HttpURLConnection.plainConnect0(HttpURLConnection.java:1257)
	at java.base/sun.net.www.protocol.http.HttpURLConnection.plainConnect(HttpURLConnection.java:1143)
	at java.base/sun.net.www.protocol.https.AbstractDelegateHttpsURLConnection.connect(AbstractDelegateHttpsURLConnection.java:179)
	at java.base/sun.net.www.protocol.http.HttpURLConnection.getInputStream0(HttpURLConnection.java:1705)
	at java.base/sun.net.www.protocol.http.HttpURLConnection.getInputStream(HttpURLConnection.java:1629)
	at java.base/java.net.HttpURLConnection.getResponseCode(HttpURLConnection.java:531)
	at java.base/sun.net.www.protocol.https.HttpsURLConnectionImpl.getResponseCode(HttpsURLConnectionImpl.java:307)
	at com.diffblue.cover.d.a.a(SourceFile:150)
	at com.diffblue.cover.analytics.c.b.a(SourceFile:54)
	at com.diffblue.cover.analytics.a.c.d(SourceFile:338)
	at com.diffblue.cover.analytics.b.a.d(SourceFile:56)
	at com.diffblue.cover.analytics.a.h.d(SourceFile:57)
	at java.base/java.util.ArrayList.forEach(ArrayList.java:1596)
	at com.diffblue.cover.analytics.a.m.d(SourceFile:72)
	at com.diffblue.cover.ui.controller.ak.a(SourceFile:190)
	at com.diffblue.cover.ui.Main.main(SourceFile:63)
	at java.base/jdk.internal.reflect.DirectMethodHandleAccessor.invoke(DirectMethodHandleAccessor.java:103)
	at java.base/java.lang.reflect.Method.invoke(Method.java:580)
	at com.diffblue.cover.launcher.Launcher.invokeMainMethod(Launcher.java:118)
	at com.diffblue.cover.launcher.Launcher.main(Launcher.java:74)
12:41:11.344 [DEBUG]  [Preparing]   [main]              [com.diffblue.cover.ui.controller.ak] Client heap size: 16016 MB
12:41:11.352 [INFO]   [Preparing]   [main]              [com.diffblue.cover.ui.controller.s] Diffblue Cover 2025.12.02-74144f0-licensed
12:41:11.352 [INFO]   [Preparing]   [main]              [com.diffblue.cover.ui.controller.s] Running: dcover issues --include-modules account-service --prompts --limit 5
12:41:11.353 [INFO]   [Preparing]   [main]              [com.diffblue.cover.ui.controller.am] 
12:41:11.353 [INFO]   [Preparing]   [main]              [com.diffblue.cover.ui.controller.am] Command: issues
12:41:11.353 [INFO]   [Preparing]   [main]              [com.diffblue.cover.ui.controller.am] Output a prioritized list of issues.
12:41:11.354 [INFO]   [Preparing]   [main]              [com.diffblue.cover.ui.controller.am] 
12:41:11.386 [DEBUG]  [Checking]    [main]              [com.diffblue.cover.configuration.b] Using JSON detector cache at /home/jbergqvist/diffblue/finos-traderX/.diffblue/cache/env.json
12:41:11.592 [DEBUG]  [Checking]    [main]              [com.diffblue.cover.configuration.a.g] checking if /home/jbergqvist/diffblue/finos-traderX/DiffblueBuild.yaml exists...
12:41:11.592 [DEBUG]  [Checking]    [main]              [com.diffblue.cover.configuration.a.g] checking if /home/jbergqvist/diffblue/finos-traderX/DiffblueBuild.yml exists...
12:41:11.695 [DEBUG]  [Checking]    [main]              [com.diffblue.cover.configuration.a.c] Gradle wrapper found: /home/jbergqvist/diffblue/finos-traderX/gradlew
12:41:12.357 [DEBUG]  [Checking]    [main]              [com.diffblue.cover.buildsystem.config.registry.Registry] checking if /home/jbergqvist/diffblue/finos-traderX/DiffblueBuild.yaml exists...
12:41:12.357 [DEBUG]  [Checking]    [main]              [com.diffblue.cover.buildsystem.config.registry.Registry] checking if /home/jbergqvist/diffblue/finos-traderX/DiffblueBuild.yml exists...
12:41:12.357 [INFO]   [Checking]    [main]              [com.diffblue.cover.buildsystem.config.registry.Registry] Using default build rules as no custom rules found in any of [/home/jbergqvist/diffblue/finos-traderX]
12:41:12.357 [DEBUG]  [Checking]    [main]              [com.diffblue.cover.buildsystem.config.registry.Registry] CLASSPATH phase not found, using INFO phase
12:41:12.358 [INFO]   [Checking]    [main]              [com.diffblue.cover.buildsystem.config.registry.Registry] The file /home/jbergqvist/diffblue/finos-traderX/.diffblue/init.gradle already exists and will be overwritten.
12:41:12.365 [DEBUG]  [Checking]    [main]              [com.diffblue.cover.buildsystem.config.registry.Registry] Build execution request for Classpath Phase
12:41:12.367 [INFO]   [Checking]    [main]              [com.diffblue.cover.buildsystem.config.a.a] Attempting to invoke /home/jbergqvist/diffblue/finos-traderX/./gradlew in working directory: /home/jbergqvist/diffblue/finos-traderX
12:41:12.369 [INFO]   [Checking]    [main]              [com.diffblue.cover.buildsystem.config.a.a] Started "/home/jbergqvist/diffblue/finos-traderX/./gradlew --init-script=/home/jbergqvist/diffblue/finos-traderX/.diffblue/init.gradle --info --console=plain -PskipTestOptimizer=true -Dcom.diffblue.cover.buildsystem.gradle.model-jar=/opt/cover/com.diffblue.cover.buildsystem.gradle.plugin.jar --no-daemon"
12:41:12.623 [INFO]   [Checking]    [gradle:out]        [com.diffblue.cover.buildsystem.config.a.a] out: Initialized native services in: /home/jbergqvist/.gradle/native
12:41:12.707 [INFO]   [Checking]    [gradle:out]        [com.diffblue.cover.buildsystem.config.a.a] out: Initialized jansi services in: /home/jbergqvist/.gradle/native
12:41:12.732 [INFO]   [Checking]    [gradle:out]        [com.diffblue.cover.buildsystem.config.a.a] out: Received JVM installation metadata from '/home/jbergqvist/.sdkman/candidates/java/21.0.9-amzn': {JAVA_HOME=/home/jbergqvist/.sdkman/candidates/java/21.0.9-amzn, JAVA_VERSION=21.0.9, JAVA_VENDOR=Amazon.com Inc., RUNTIME_NAME=OpenJDK Runtime Environment, RUNTIME_VERSION=21.0.9+10-LTS, VM_NAME=OpenJDK 64-Bit Server VM, VM_VERSION=21.0.9+10-LTS, VM_VENDOR=Amazon.com Inc., OS_ARCH=amd64}
12:41:12.832 [INFO]   [Checking]    [gradle:out]        [com.diffblue.cover.buildsystem.config.a.a] out: To honour the JVM settings for this build a single-use Daemon process will be forked. For more on this, please refer to https://docs.gradle.org/8.8/userguide/gradle_daemon.html#sec:disabling_the_daemon in the Gradle documentation.
12:41:12.833 [INFO]   [Checking]    [gradle:out]        [com.diffblue.cover.buildsystem.config.a.a] out: Starting process 'Gradle build daemon'. Working directory: /home/jbergqvist/.gradle/daemon/8.8 Command: /home/jbergqvist/.sdkman/candidates/java/21.0.9-amzn/bin/java --add-opens=java.base/java.util=ALL-UNNAMED --add-opens=java.base/java.lang=ALL-UNNAMED --add-opens=java.base/java.lang.invoke=ALL-UNNAMED --add-opens=java.prefs/java.util.prefs=ALL-UNNAMED --add-opens=java.base/java.nio.charset=ALL-UNNAMED --add-opens=java.base/java.net=ALL-UNNAMED --add-opens=java.base/java.util.concurrent.atomic=ALL-UNNAMED -XX:MaxMetaspaceSize=384m -XX:+HeapDumpOnOutOfMemoryError -Xms256m -Xmx512m -Dfile.encoding=UTF-8 -Duser.country=GB -Duser.language=en -Duser.variant -cp /home/jbergqvist/.gradle/wrapper/dists/gradle-8.8-bin/dl7vupf4psengwqhwktix4v1/gradle-8.8/lib/gradle-launcher-8.8.jar -javaagent:/home/jbergqvist/.gradle/wrapper/dists/gradle-8.8-bin/dl7vupf4psengwqhwktix4v1/gradle-8.8/lib/agents/gradle-instrumentation-agent-8.8.jar org.gradle.launcher.daemon.bootstrap.GradleDaemon 8.8
12:41:12.833 [INFO]   [Checking]    [gradle:out]        [com.diffblue.cover.buildsystem.config.a.a] out: Successfully started process 'Gradle build daemon'
12:41:13.332 [INFO]   [Checking]    [gradle:out]        [com.diffblue.cover.buildsystem.config.a.a] out: An attempt to start the daemon took 0.538 secs.
12:41:13.432 [INFO]   [Checking]    [gradle:out]        [com.diffblue.cover.buildsystem.config.a.a] out: The client will now receive all logging from the daemon (pid: 271033). The daemon log file: /home/jbergqvist/.gradle/daemon/8.8/daemon-271033.out.log
12:41:13.432 [INFO]   [Checking]    [gradle:out]        [com.diffblue.cover.buildsystem.config.a.a] out: Daemon will be stopped at the end of the build 
12:41:13.632 [INFO]   [Checking]    [gradle:out]        [com.diffblue.cover.buildsystem.config.a.a] out: Using 20 worker leases.
12:41:13.732 [INFO]   [Checking]    [gradle:out]        [com.diffblue.cover.buildsystem.config.a.a] out: Received JVM installation metadata from '/home/jbergqvist/.sdkman/candidates/java/21.0.9-amzn': {JAVA_HOME=/home/jbergqvist/.sdkman/candidates/java/21.0.9-amzn, JAVA_VERSION=21.0.9, JAVA_VENDOR=Amazon.com Inc., RUNTIME_NAME=OpenJDK Runtime Environment, RUNTIME_VERSION=21.0.9+10-LTS, VM_NAME=OpenJDK 64-Bit Server VM, VM_VERSION=21.0.9+10-LTS, VM_VENDOR=Amazon.com Inc., OS_ARCH=amd64}
12:41:13.932 [INFO]   [Checking]    [gradle:out]        [com.diffblue.cover.buildsystem.config.a.a] out: Watching the file system is configured to be enabled if available
12:41:14.032 [INFO]   [Checking]    [gradle:out]        [com.diffblue.cover.buildsystem.config.a.a] out: Now considering [/home/jbergqvist/diffblue/finos-traderX] as hierarchies to watch
12:41:14.032 [INFO]   [Checking]    [gradle:out]        [com.diffblue.cover.buildsystem.config.a.a] out: File system watching is active
12:41:14.832 [INFO]   [Checking]    [gradle:out]        [com.diffblue.cover.buildsystem.config.a.a] out: Transforming com.diffblue.cover.buildsystem.gradle.plugin.jar with InstrumentationAnalysisTransform
12:41:14.832 [INFO]   [Checking]    [gradle:out]        [com.diffblue.cover.buildsystem.config.a.a] out: Transforming com.diffblue.cover.buildsystem.gradle.plugin.jar with InstrumentationAnalysisTransform
12:41:14.832 [INFO]   [Checking]    [gradle:out]        [com.diffblue.cover.buildsystem.config.a.a] out: Transforming com.diffblue.cover.buildsystem.gradle.plugin.jar with MergeInstrumentationAnalysisTransform
12:41:14.832 [INFO]   [Checking]    [gradle:out]        [com.diffblue.cover.buildsystem.config.a.a] out: Transforming com.diffblue.cover.buildsystem.gradle.plugin.jar with ExternalDependencyInstrumentingArtifactTransform
12:41:14.932 [INFO]   [Checking]    [gradle:out]        [com.diffblue.cover.buildsystem.config.a.a] out: Starting Build
12:41:14.932 [INFO]   [Checking]    [gradle:out]        [com.diffblue.cover.buildsystem.config.a.a] out: Settings evaluated using settings file '/home/jbergqvist/diffblue/finos-traderX/settings.gradle'.
12:41:15.032 [INFO]   [Checking]    [gradle:out]        [com.diffblue.cover.buildsystem.config.a.a] out: Projects loaded. Root project using build file '/home/jbergqvist/diffblue/finos-traderX/build.gradle'.
12:41:15.032 [INFO]   [Checking]    [gradle:out]        [com.diffblue.cover.buildsystem.config.a.a] out: Included projects: [root project 'finos-traderX', project ':account-service', project ':database', project ':position-service', project ':trade-processor', project ':trade-service']
12:41:15.132 [INFO]   [Checking]    [gradle:out]        [com.diffblue.cover.buildsystem.config.a.a] out: Started Diffblue Gradle Event Listener
12:41:15.232 [INFO]   [Checking]    [gradle:out]        [com.diffblue.cover.buildsystem.config.a.a] out: 
12:41:15.233 [INFO]   [Checking]    [gradle:out]        [com.diffblue.cover.buildsystem.config.a.a] out: > Configure project :
12:41:15.233 [INFO]   [Checking]    [gradle:out]        [com.diffblue.cover.buildsystem.config.a.a] out: Evaluating root project 'finos-traderX' using build file '/home/jbergqvist/diffblue/finos-traderX/build.gradle'.
12:41:15.732 [INFO]   [Checking]    [gradle:out]        [com.diffblue.cover.buildsystem.config.a.a] out: 
12:41:15.732 [INFO]   [Checking]    [gradle:out]        [com.diffblue.cover.buildsystem.config.a.a] out: > Configure project :account-service
12:41:15.733 [INFO]   [Checking]    [gradle:out]        [com.diffblue.cover.buildsystem.config.a.a] out: Evaluating project ':account-service' using build file '/home/jbergqvist/diffblue/finos-traderX/account-service/build.gradle'.
12:41:15.733 [INFO]   [Checking]    [gradle:out]        [com.diffblue.cover.buildsystem.config.a.a] out: Transforming spring-boot-gradle-plugin-3.3.3.jar (org.springframework.boot:spring-boot-gradle-plugin:3.3.3) with InstrumentationAnalysisTransform
12:41:15.733 [INFO]   [Checking]    [gradle:out]        [com.diffblue.cover.buildsystem.config.a.a] out: Transforming dependency-management-plugin-1.1.6.jar (io.spring.gradle:dependency-management-plugin:1.1.6) with InstrumentationAnalysisTransform
12:41:15.733 [INFO]   [Checking]    [gradle:out]        [com.diffblue.cover.buildsystem.config.a.a] out: Transforming spring-boot-buildpack-platform-3.3.3.jar (org.springframework.boot:spring-boot-buildpack-platform:3.3.3) with InstrumentationAnalysisTransform
12:41:15.733 [INFO]   [Checking]    [gradle:out]        [com.diffblue.cover.buildsystem.config.a.a] out: Transforming spring-boot-loader-tools-3.3.3.jar (org.springframework.boot:spring-boot-loader-tools:3.3.3) with InstrumentationAnalysisTransform
12:41:15.733 [INFO]   [Checking]    [gradle:out]        [com.diffblue.cover.buildsystem.config.a.a] out: Transforming commons-compress-1.25.0.jar (org.apache.commons:commons-compress:1.25.0) with InstrumentationAnalysisTransform
12:41:15.733 [INFO]   [Checking]    [gradle:out]        [com.diffblue.cover.buildsystem.config.a.a] out: Transforming spring-core-6.1.12.jar (org.springframework:spring-core:6.1.12) with InstrumentationAnalysisTransform
12:41:15.733 [INFO]   [Checking]    [gradle:out]        [com.diffblue.cover.buildsystem.config.a.a] out: Transforming jackson-annotations-2.14.2.jar (com.fasterxml.jackson.core:jackson-annotations:2.14.2) with InstrumentationAnalysisTransform
12:41:15.733 [INFO]   [Checking]    [gradle:out]        [com.diffblue.cover.buildsystem.config.a.a] out: Transforming jackson-core-2.14.2.jar (com.fasterxml.jackson.core:jackson-core:2.14.2) with InstrumentationAnalysisTransform
12:41:15.733 [INFO]   [Checking]    [gradle:out]        [com.diffblue.cover.buildsystem.config.a.a] out: Transforming jackson-module-parameter-names-2.14.2.jar (com.fasterxml.jackson.module:jackson-module-parameter-names:2.14.2) with InstrumentationAnalysisTransform
12:41:15.734 [INFO]   [Checking]    [gradle:out]        [com.diffblue.cover.buildsystem.config.a.a] out: Transforming jackson-databind-2.14.2.jar (com.fasterxml.jackson.core:jackson-databind:2.14.2) with InstrumentationAnalysisTransform
12:41:15.734 [INFO]   [Checking]    [gradle:out]        [com.diffblue.cover.buildsystem.config.a.a] out: Transforming jna-platform-5.13.0.jar (net.java.dev.jna:jna-platform:5.13.0) with InstrumentationAnalysisTransform
12:41:15.734 [INFO]   [Checking]    [gradle:out]        [com.diffblue.cover.buildsystem.config.a.a] out: Transforming httpclient5-5.3.1.jar (org.apache.httpcomponents.client5:httpclient5:5.3.1) with InstrumentationAnalysisTransform
12:41:15.734 [INFO]   [Checking]    [gradle:out]        [com.diffblue.cover.buildsystem.config.a.a] out: Transforming tomlj-1.0.0.jar (org.tomlj:tomlj:1.0.0) with InstrumentationAnalysisTransform
12:41:15.734 [INFO]   [Checking]    [gradle:out]        [com.diffblue.cover.buildsystem.config.a.a] out: Transforming spring-jcl-6.1.12.jar (org.springframework:spring-jcl:6.1.12) with InstrumentationAnalysisTransform
12:41:15.734 [INFO]   [Checking]    [gradle:out]        [com.diffblue.cover.buildsystem.config.a.a] out: Transforming jna-5.13.0.jar (net.java.dev.jna:jna:5.13.0) with InstrumentationAnalysisTransform
12:41:15.734 [INFO]   [Checking]    [gradle:out]        [com.diffblue.cover.buildsystem.config.a.a] out: Transforming httpcore5-h2-5.2.4.jar (org.apache.httpcomponents.core5:httpcore5-h2:5.2.4) with InstrumentationAnalysisTransform
12:41:15.734 [INFO]   [Checking]    [gradle:out]        [com.diffblue.cover.buildsystem.config.a.a] out: Transforming httpcore5-5.2.4.jar (org.apache.httpcomponents.core5:httpcore5:5.2.4) with InstrumentationAnalysisTransform
12:41:15.734 [INFO]   [Checking]    [gradle:out]        [com.diffblue.cover.buildsystem.config.a.a] out: Transforming slf4j-api-1.7.36.jar (org.slf4j:slf4j-api:1.7.36) with InstrumentationAnalysisTransform
12:41:15.734 [INFO]   [Checking]    [gradle:out]        [com.diffblue.cover.buildsystem.config.a.a] out: Transforming antlr4-runtime-4.7.2.jar (org.antlr:antlr4-runtime:4.7.2) with InstrumentationAnalysisTransform
12:41:15.734 [INFO]   [Checking]    [gradle:out]        [com.diffblue.cover.buildsystem.config.a.a] out: Transforming jsr305-3.0.2.jar (com.google.code.findbugs:jsr305:3.0.2) with InstrumentationAnalysisTransform
12:41:15.734 [INFO]   [Checking]    [gradle:out]        [com.diffblue.cover.buildsystem.config.a.a] out: Transforming spring-boot-gradle-plugin-3.3.3.jar (org.springframework.boot:spring-boot-gradle-plugin:3.3.3) with InstrumentationAnalysisTransform
12:41:15.734 [INFO]   [Checking]    [gradle:out]        [com.diffblue.cover.buildsystem.config.a.a] out: Transforming spring-boot-gradle-plugin-3.3.3.jar (org.springframework.boot:spring-boot-gradle-plugin:3.3.3) with MergeInstrumentationAnalysisTransform
12:41:15.735 [INFO]   [Checking]    [gradle:out]        [com.diffblue.cover.buildsystem.config.a.a] out: Transforming dependency-management-plugin-1.1.6.jar (io.spring.gradle:dependency-management-plugin:1.1.6) with InstrumentationAnalysisTransform
12:41:15.735 [INFO]   [Checking]    [gradle:out]        [com.diffblue.cover.buildsystem.config.a.a] out: Transforming dependency-management-plugin-1.1.6.jar (io.spring.gradle:dependency-management-plugin:1.1.6) with MergeInstrumentationAnalysisTransform
12:41:15.735 [INFO]   [Checking]    [gradle:out]        [com.diffblue.cover.buildsystem.config.a.a] out: Transforming spring-boot-buildpack-platform-3.3.3.jar (org.springframework.boot:spring-boot-buildpack-platform:3.3.3) with InstrumentationAnalysisTransform
12:41:15.735 [INFO]   [Checking]    [gradle:out]        [com.diffblue.cover.buildsystem.config.a.a] out: Transforming spring-boot-buildpack-platform-3.3.3.jar (org.springframework.boot:spring-boot-buildpack-platform:3.3.3) with MergeInstrumentationAnalysisTransform
12:41:15.735 [INFO]   [Checking]    [gradle:out]        [com.diffblue.cover.buildsystem.config.a.a] out: Transforming spring-boot-loader-tools-3.3.3.jar (org.springframework.boot:spring-boot-loader-tools:3.3.3) with InstrumentationAnalysisTransform
12:41:15.735 [INFO]   [Checking]    [gradle:out]        [com.diffblue.cover.buildsystem.config.a.a] out: Transforming spring-boot-loader-tools-3.3.3.jar (org.springframework.boot:spring-boot-loader-tools:3.3.3) with MergeInstrumentationAnalysisTransform
12:41:15.735 [INFO]   [Checking]    [gradle:out]        [com.diffblue.cover.buildsystem.config.a.a] out: Transforming commons-compress-1.25.0.jar (org.apache.commons:commons-compress:1.25.0) with InstrumentationAnalysisTransform
12:41:15.735 [INFO]   [Checking]    [gradle:out]        [com.diffblue.cover.buildsystem.config.a.a] out: Transforming commons-compress-1.25.0.jar (org.apache.commons:commons-compress:1.25.0) with MergeInstrumentationAnalysisTransform
12:41:15.735 [INFO]   [Checking]    [gradle:out]        [com.diffblue.cover.buildsystem.config.a.a] out: Transforming spring-core-6.1.12.jar (org.springframework:spring-core:6.1.12) with InstrumentationAnalysisTransform
12:41:15.736 [INFO]   [Checking]    [gradle:out]        [com.diffblue.cover.buildsystem.config.a.a] out: Transforming spring-core-6.1.12.jar (org.springframework:spring-core:6.1.12) with MergeInstrumentationAnalysisTransform
12:41:15.736 [INFO]   [Checking]    [gradle:out]        [com.diffblue.cover.buildsystem.config.a.a] out: Transforming jackson-annotations-2.14.2.jar (com.fasterxml.jackson.core:jackson-annotations:2.14.2) with InstrumentationAnalysisTransform
12:41:15.736 [INFO]   [Checking]    [gradle:out]        [com.diffblue.cover.buildsystem.config.a.a] out: Transforming jackson-annotations-2.14.2.jar (com.fasterxml.jackson.core:jackson-annotations:2.14.2) with MergeInstrumentationAnalysisTransform
12:41:15.736 [INFO]   [Checking]    [gradle:out]        [com.diffblue.cover.buildsystem.config.a.a] out: Transforming jackson-core-2.14.2.jar (com.fasterxml.jackson.core:jackson-core:2.14.2) with InstrumentationAnalysisTransform
12:41:15.736 [INFO]   [Checking]    [gradle:out]        [com.diffblue.cover.buildsystem.config.a.a] out: Transforming jackson-core-2.14.2.jar (com.fasterxml.jackson.core:jackson-core:2.14.2) with MergeInstrumentationAnalysisTransform
12:41:15.736 [INFO]   [Checking]    [gradle:out]        [com.diffblue.cover.buildsystem.config.a.a] out: Transforming jackson-module-parameter-names-2.14.2.jar (com.fasterxml.jackson.module:jackson-module-parameter-names:2.14.2) with InstrumentationAnalysisTransform
12:41:15.736 [INFO]   [Checking]    [gradle:out]        [com.diffblue.cover.buildsystem.config.a.a] out: Transforming jackson-module-parameter-names-2.14.2.jar (com.fasterxml.jackson.module:jackson-module-parameter-names:2.14.2) with MergeInstrumentationAnalysisTransform
12:41:15.736 [INFO]   [Checking]    [gradle:out]        [com.diffblue.cover.buildsystem.config.a.a] out: Transforming jackson-databind-2.14.2.jar (com.fasterxml.jackson.core:jackson-databind:2.14.2) with InstrumentationAnalysisTransform
12:41:15.737 [INFO]   [Checking]    [gradle:out]        [com.diffblue.cover.buildsystem.config.a.a] out: Transforming jackson-databind-2.14.2.jar (com.fasterxml.jackson.core:jackson-databind:2.14.2) with MergeInstrumentationAnalysisTransform
12:41:15.737 [INFO]   [Checking]    [gradle:out]        [com.diffblue.cover.buildsystem.config.a.a] out: Transforming jna-platform-5.13.0.jar (net.java.dev.jna:jna-platform:5.13.0) with InstrumentationAnalysisTransform
12:41:15.737 [INFO]   [Checking]    [gradle:out]        [com.diffblue.cover.buildsystem.config.a.a] out: Transforming jna-platform-5.13.0.jar (net.java.dev.jna:jna-platform:5.13.0) with MergeInstrumentationAnalysisTransform
12:41:15.737 [INFO]   [Checking]    [gradle:out]        [com.diffblue.cover.buildsystem.config.a.a] out: Transforming httpclient5-5.3.1.jar (org.apache.httpcomponents.client5:httpclient5:5.3.1) with InstrumentationAnalysisTransform
12:41:15.737 [INFO]   [Checking]    [gradle:out]        [com.diffblue.cover.buildsystem.config.a.a] out: Transforming dependency-management-plugin-1.1.6.jar (io.spring.gradle:dependency-management-plugin:1.1.6) with ExternalDependencyInstrumentingArtifactTransform
12:41:15.737 [INFO]   [Checking]    [gradle:out]        [com.diffblue.cover.buildsystem.config.a.a] out: Transforming httpclient5-5.3.1.jar (org.apache.httpcomponents.client5:httpclient5:5.3.1) with MergeInstrumentationAnalysisTransform
12:41:15.737 [INFO]   [Checking]    [gradle:out]        [com.diffblue.cover.buildsystem.config.a.a] out: Transforming spring-boot-gradle-plugin-3.3.3.jar (org.springframework.boot:spring-boot-gradle-plugin:3.3.3) with ExternalDependencyInstrumentingArtifactTransform
12:41:15.737 [INFO]   [Checking]    [gradle:out]        [com.diffblue.cover.buildsystem.config.a.a] out: Transforming spring-boot-buildpack-platform-3.3.3.jar (org.springframework.boot:spring-boot-buildpack-platform:3.3.3) with ExternalDependencyInstrumentingArtifactTransform
12:41:15.737 [INFO]   [Checking]    [gradle:out]        [com.diffblue.cover.buildsystem.config.a.a] out: Transforming tomlj-1.0.0.jar (org.tomlj:tomlj:1.0.0) with InstrumentationAnalysisTransform
12:41:15.737 [INFO]   [Checking]    [gradle:out]        [com.diffblue.cover.buildsystem.config.a.a] out: Transforming tomlj-1.0.0.jar (org.tomlj:tomlj:1.0.0) with MergeInstrumentationAnalysisTransform
12:41:15.738 [INFO]   [Checking]    [gradle:out]        [com.diffblue.cover.buildsystem.config.a.a] out: Transforming spring-jcl-6.1.12.jar (org.springframework:spring-jcl:6.1.12) with InstrumentationAnalysisTransform
12:41:15.738 [INFO]   [Checking]    [gradle:out]        [com.diffblue.cover.buildsystem.config.a.a] out: Transforming spring-jcl-6.1.12.jar (org.springframework:spring-jcl:6.1.12) with MergeInstrumentationAnalysisTransform
12:41:15.738 [INFO]   [Checking]    [gradle:out]        [com.diffblue.cover.buildsystem.config.a.a] out: Transforming jna-5.13.0.jar (net.java.dev.jna:jna:5.13.0) with InstrumentationAnalysisTransform
12:41:15.738 [INFO]   [Checking]    [gradle:out]        [com.diffblue.cover.buildsystem.config.a.a] out: Transforming jna-5.13.0.jar (net.java.dev.jna:jna:5.13.0) with MergeInstrumentationAnalysisTransform
12:41:15.738 [INFO]   [Checking]    [gradle:out]        [com.diffblue.cover.buildsystem.config.a.a] out: Transforming httpcore5-h2-5.2.4.jar (org.apache.httpcomponents.core5:httpcore5-h2:5.2.4) with InstrumentationAnalysisTransform
12:41:15.738 [INFO]   [Checking]    [gradle:out]        [com.diffblue.cover.buildsystem.config.a.a] out: Transforming httpcore5-h2-5.2.4.jar (org.apache.httpcomponents.core5:httpcore5-h2:5.2.4) with MergeInstrumentationAnalysisTransform
12:41:15.738 [INFO]   [Checking]    [gradle:out]        [com.diffblue.cover.buildsystem.config.a.a] out: Transforming commons-compress-1.25.0.jar (org.apache.commons:commons-compress:1.25.0) with ExternalDependencyInstrumentingArtifactTransform
12:41:15.738 [INFO]   [Checking]    [gradle:out]        [com.diffblue.cover.buildsystem.config.a.a] out: Transforming httpcore5-5.2.4.jar (org.apache.httpcomponents.core5:httpcore5:5.2.4) with InstrumentationAnalysisTransform
12:41:15.738 [INFO]   [Checking]    [gradle:out]        [com.diffblue.cover.buildsystem.config.a.a] out: Transforming httpcore5-5.2.4.jar (org.apache.httpcomponents.core5:httpcore5:5.2.4) with MergeInstrumentationAnalysisTransform
12:41:15.738 [INFO]   [Checking]    [gradle:out]        [com.diffblue.cover.buildsystem.config.a.a] out: Transforming slf4j-api-1.7.36.jar (org.slf4j:slf4j-api:1.7.36) with InstrumentationAnalysisTransform
12:41:15.738 [INFO]   [Checking]    [gradle:out]        [com.diffblue.cover.buildsystem.config.a.a] out: Transforming spring-core-6.1.12.jar (org.springframework:spring-core:6.1.12) with ExternalDependencyInstrumentingArtifactTransform
12:41:15.739 [INFO]   [Checking]    [gradle:out]        [com.diffblue.cover.buildsystem.config.a.a] out: Transforming slf4j-api-1.7.36.jar (org.slf4j:slf4j-api:1.7.36) with MergeInstrumentationAnalysisTransform
12:41:15.739 [INFO]   [Checking]    [gradle:out]        [com.diffblue.cover.buildsystem.config.a.a] out: Transforming spring-boot-loader-tools-3.3.3.jar (org.springframework.boot:spring-boot-loader-tools:3.3.3) with ExternalDependencyInstrumentingArtifactTransform
12:41:15.739 [INFO]   [Checking]    [gradle:out]        [com.diffblue.cover.buildsystem.config.a.a] out: Transforming antlr4-runtime-4.7.2.jar (org.antlr:antlr4-runtime:4.7.2) with InstrumentationAnalysisTransform
12:41:15.739 [INFO]   [Checking]    [gradle:out]        [com.diffblue.cover.buildsystem.config.a.a] out: Transforming antlr4-runtime-4.7.2.jar (org.antlr:antlr4-runtime:4.7.2) with MergeInstrumentationAnalysisTransform
12:41:15.739 [INFO]   [Checking]    [gradle:out]        [com.diffblue.cover.buildsystem.config.a.a] out: Transforming jsr305-3.0.2.jar (com.google.code.findbugs:jsr305:3.0.2) with InstrumentationAnalysisTransform
12:41:15.739 [INFO]   [Checking]    [gradle:out]        [com.diffblue.cover.buildsystem.config.a.a] out: Transforming jsr305-3.0.2.jar (com.google.code.findbugs:jsr305:3.0.2) with MergeInstrumentationAnalysisTransform
12:41:15.739 [INFO]   [Checking]    [gradle:out]        [com.diffblue.cover.buildsystem.config.a.a] out: Transforming jackson-annotations-2.14.2.jar (com.fasterxml.jackson.core:jackson-annotations:2.14.2) with ExternalDependencyInstrumentingArtifactTransform
12:41:15.739 [INFO]   [Checking]    [gradle:out]        [com.diffblue.cover.buildsystem.config.a.a] out: Transforming jackson-module-parameter-names-2.14.2.jar (com.fasterxml.jackson.module:jackson-module-parameter-names:2.14.2) with ExternalDependencyInstrumentingArtifactTransform
12:41:15.739 [INFO]   [Checking]    [gradle:out]        [com.diffblue.cover.buildsystem.config.a.a] out: Transforming jackson-core-2.14.2.jar (com.fasterxml.jackson.core:jackson-core:2.14.2) with ExternalDependencyInstrumentingArtifactTransform
12:41:15.739 [INFO]   [Checking]    [gradle:out]        [com.diffblue.cover.buildsystem.config.a.a] out: Transforming httpclient5-5.3.1.jar (org.apache.httpcomponents.client5:httpclient5:5.3.1) with ExternalDependencyInstrumentingArtifactTransform
12:41:15.740 [INFO]   [Checking]    [gradle:out]        [com.diffblue.cover.buildsystem.config.a.a] out: Transforming tomlj-1.0.0.jar (org.tomlj:tomlj:1.0.0) with ExternalDependencyInstrumentingArtifactTransform
12:41:15.740 [INFO]   [Checking]    [gradle:out]        [com.diffblue.cover.buildsystem.config.a.a] out: Transforming jackson-databind-2.14.2.jar (com.fasterxml.jackson.core:jackson-databind:2.14.2) with ExternalDependencyInstrumentingArtifactTransform
12:41:15.740 [INFO]   [Checking]    [gradle:out]        [com.diffblue.cover.buildsystem.config.a.a] out: Transforming jna-platform-5.13.0.jar (net.java.dev.jna:jna-platform:5.13.0) with ExternalDependencyInstrumentingArtifactTransform
12:41:15.740 [INFO]   [Checking]    [gradle:out]        [com.diffblue.cover.buildsystem.config.a.a] out: Transforming spring-jcl-6.1.12.jar (org.springframework:spring-jcl:6.1.12) with ExternalDependencyInstrumentingArtifactTransform
12:41:15.740 [INFO]   [Checking]    [gradle:out]        [com.diffblue.cover.buildsystem.config.a.a] out: Transforming httpcore5-h2-5.2.4.jar (org.apache.httpcomponents.core5:httpcore5-h2:5.2.4) with ExternalDependencyInstrumentingArtifactTransform
12:41:15.740 [INFO]   [Checking]    [gradle:out]        [com.diffblue.cover.buildsystem.config.a.a] out: Transforming httpcore5-5.2.4.jar (org.apache.httpcomponents.core5:httpcore5:5.2.4) with ExternalDependencyInstrumentingArtifactTransform
12:41:15.740 [INFO]   [Checking]    [gradle:out]        [com.diffblue.cover.buildsystem.config.a.a] out: Transforming jsr305-3.0.2.jar (com.google.code.findbugs:jsr305:3.0.2) with ExternalDependencyInstrumentingArtifactTransform
12:41:15.740 [INFO]   [Checking]    [gradle:out]        [com.diffblue.cover.buildsystem.config.a.a] out: Transforming jna-5.13.0.jar (net.java.dev.jna:jna:5.13.0) with ExternalDependencyInstrumentingArtifactTransform
12:41:15.740 [INFO]   [Checking]    [gradle:out]        [com.diffblue.cover.buildsystem.config.a.a] out: Transforming antlr4-runtime-4.7.2.jar (org.antlr:antlr4-runtime:4.7.2) with ExternalDependencyInstrumentingArtifactTransform
12:41:15.740 [INFO]   [Checking]    [gradle:out]        [com.diffblue.cover.buildsystem.config.a.a] out: Transforming slf4j-api-1.7.36.jar (org.slf4j:slf4j-api:1.7.36) with ExternalDependencyInstrumentingArtifactTransform
12:41:15.741 [INFO]   [Checking]    [gradle:out]        [com.diffblue.cover.buildsystem.config.a.a] out: Applying dependency management to configuration 'annotationProcessor' in project 'account-service'
12:41:15.741 [INFO]   [Checking]    [gradle:out]        [com.diffblue.cover.buildsystem.config.a.a] out: Applying dependency management to configuration 'apiElements' in project 'account-service'
12:41:15.741 [INFO]   [Checking]    [gradle:out]        [com.diffblue.cover.buildsystem.config.a.a] out: Applying dependency management to configuration 'archives' in project 'account-service'
12:41:15.741 [INFO]   [Checking]    [gradle:out]        [com.diffblue.cover.buildsystem.config.a.a] out: Applying dependency management to configuration 'bootArchives' in project 'account-service'
12:41:15.741 [INFO]   [Checking]    [gradle:out]        [com.diffblue.cover.buildsystem.config.a.a] out: Applying dependency management to configuration 'compileClasspath' in project 'account-service'
12:41:15.741 [INFO]   [Checking]    [gradle:out]        [com.diffblue.cover.buildsystem.config.a.a] out: Applying dependency management to configuration 'compileOnly' in project 'account-service'
12:41:15.741 [INFO]   [Checking]    [gradle:out]        [com.diffblue.cover.buildsystem.config.a.a] out: Applying dependency management to configuration 'default' in project 'account-service'
12:41:15.741 [INFO]   [Checking]    [gradle:out]        [com.diffblue.cover.buildsystem.config.a.a] out: Applying dependency management to configuration 'developmentOnly' in project 'account-service'
12:41:15.741 [INFO]   [Checking]    [gradle:out]        [com.diffblue.cover.buildsystem.config.a.a] out: Applying dependency management to configuration 'implementation' in project 'account-service'
12:41:15.741 [INFO]   [Checking]    [gradle:out]        [com.diffblue.cover.buildsystem.config.a.a] out: Applying dependency management to configuration 'mainSourceElements' in project 'account-service'
12:41:15.742 [INFO]   [Checking]    [gradle:out]        [com.diffblue.cover.buildsystem.config.a.a] out: Applying dependency management to configuration 'productionRuntimeClasspath' in project 'account-service'
12:41:15.742 [INFO]   [Checking]    [gradle:out]        [com.diffblue.cover.buildsystem.config.a.a] out: Applying dependency management to configuration 'runtimeClasspath' in project 'account-service'
12:41:15.742 [INFO]   [Checking]    [gradle:out]        [com.diffblue.cover.buildsystem.config.a.a] out: Applying dependency management to configuration 'runtimeElements' in project 'account-service'
12:41:15.742 [INFO]   [Checking]    [gradle:out]        [com.diffblue.cover.buildsystem.config.a.a] out: Applying dependency management to configuration 'runtimeOnly' in project 'account-service'
12:41:15.742 [INFO]   [Checking]    [gradle:out]        [com.diffblue.cover.buildsystem.config.a.a] out: Applying dependency management to configuration 'testAndDevelopmentOnly' in project 'account-service'
12:41:15.742 [INFO]   [Checking]    [gradle:out]        [com.diffblue.cover.buildsystem.config.a.a] out: Applying dependency management to configuration 'testAnnotationProcessor' in project 'account-service'
12:41:15.742 [INFO]   [Checking]    [gradle:out]        [com.diffblue.cover.buildsystem.config.a.a] out: Applying dependency management to configuration 'testCompileClasspath' in project 'account-service'
12:41:15.742 [INFO]   [Checking]    [gradle:out]        [com.diffblue.cover.buildsystem.config.a.a] out: Applying dependency management to configuration 'testCompileOnly' in project 'account-service'
12:41:15.742 [INFO]   [Checking]    [gradle:out]        [com.diffblue.cover.buildsystem.config.a.a] out: Applying dependency management to configuration 'testImplementation' in project 'account-service'
12:41:15.742 [INFO]   [Checking]    [gradle:out]        [com.diffblue.cover.buildsystem.config.a.a] out: Applying dependency management to configuration 'testResultsElementsForTest' in project 'account-service'
12:41:15.742 [INFO]   [Checking]    [gradle:out]        [com.diffblue.cover.buildsystem.config.a.a] out: Applying dependency management to configuration 'testRuntimeClasspath' in project 'account-service'
12:41:15.742 [INFO]   [Checking]    [gradle:out]        [com.diffblue.cover.buildsystem.config.a.a] out: Applying dependency management to configuration 'testRuntimeOnly' in project 'account-service'
12:41:15.742 [INFO]   [Checking]    [gradle:out]        [com.diffblue.cover.buildsystem.config.a.a] out: Configuring Jacoco Plugin for use with Diffblue Cover
12:41:15.743 [INFO]   [Checking]    [gradle:out]        [com.diffblue.cover.buildsystem.config.a.a] out: Applying dependency management to configuration 'jacocoAgent' in project 'account-service'
12:41:15.743 [INFO]   [Checking]    [gradle:out]        [com.diffblue.cover.buildsystem.config.a.a] out: Applying dependency management to configuration 'jacocoAnt' in project 'account-service'
12:41:15.743 [INFO]   [Checking]    [gradle:out]        [com.diffblue.cover.buildsystem.config.a.a] out: Applying dependency management to configuration 'coverageDataElementsForTest' in project 'account-service'
12:41:15.743 [INFO]   [Checking]    [gradle:out]        [com.diffblue.cover.buildsystem.config.a.a] out: Configuring task :account-service:test for use with Diffblue Cover
12:41:15.743 [INFO]   [Checking]    [gradle:out]        [com.diffblue.cover.buildsystem.config.a.a] out: ignoreFailures: false
12:41:15.743 [INFO]   [Checking]    [gradle:out]        [com.diffblue.cover.buildsystem.config.a.a] out: excludes: []
12:41:15.743 [INFO]   [Checking]    [gradle:out]        [com.diffblue.cover.buildsystem.config.a.a] out: includes: []
12:41:15.743 [INFO]   [Checking]    [gradle:out]        [com.diffblue.cover.buildsystem.config.a.a] out: No group filtering configured
12:41:15.743 [INFO]   [Checking]    [gradle:out]        [com.diffblue.cover.buildsystem.config.a.a] out: Saving execution data to: /home/jbergqvist/diffblue/finos-traderX/account-service/build/jacoco/test.exec
12:41:15.743 [INFO]   [Checking]    [gradle:out]        [com.diffblue.cover.buildsystem.config.a.a] out: testFramework: class org.gradle.api.internal.tasks.testing.junitplatform.JUnitPlatformTestFramework
12:41:15.743 [INFO]   [Checking]    [gradle:out]        [com.diffblue.cover.buildsystem.config.a.a] out: Getting testXMLPath
12:41:15.743 [INFO]   [Checking]    [gradle:out]        [com.diffblue.cover.buildsystem.config.a.a] out: testXMLPath exists: true
12:41:15.743 [INFO]   [Checking]    [gradle:out]        [com.diffblue.cover.buildsystem.config.a.a] out: diffblueTempPath: /home/jbergqvist/diffblue/finos-traderX/account-service/build/test-results/diffblueTemp
12:41:15.743 [INFO]   [Checking]    [gradle:out]        [com.diffblue.cover.buildsystem.config.a.a] out: diffblueTempPath exists after mkdir: true
12:41:15.743 [INFO]   [Checking]    [gradle:out]        [com.diffblue.cover.buildsystem.config.a.a] out: Configuring task :account-service:jacocoTestReport for use with Diffblue Cover
12:41:15.743 [INFO]   [Checking]    [gradle:out]        [com.diffblue.cover.buildsystem.config.a.a] out: executionData: file collection
12:41:15.743 [INFO]   [Checking]    [gradle:out]        [com.diffblue.cover.buildsystem.config.a.a] out: exec files to make report: [/home/jbergqvist/diffblue/finos-traderX/account-service/build/jacoco/test.exec]
12:41:15.743 [INFO]   [Checking]    [gradle:out]        [com.diffblue.cover.buildsystem.config.a.a] out: exec files to make report from: [org.gradle.testing.jacoco.tasks.JacocoReportBase$2@46b8cd9c]
12:41:15.743 [INFO]   [Checking]    [gradle:out]        [com.diffblue.cover.buildsystem.config.a.a] out: Configuring task :account-service:jacocoTestReportDeletePrevious for use with Diffblue Cover
12:41:15.744 [INFO]   [Checking]    [gradle:out]        [com.diffblue.cover.buildsystem.config.a.a] out: Adding /home/jbergqvist/diffblue/finos-traderX/account-service/build/reports/jacoco/test/jacocoTestReport.xml to be deleted
12:41:15.744 [INFO]   [Checking]    [gradle:out]        [com.diffblue.cover.buildsystem.config.a.a] out: Configuring task :account-service:jacocoTestReportPrepareEmptyExec for use with Diffblue Cover
12:41:15.744 [INFO]   [Checking]    [gradle:out]        [com.diffblue.cover.buildsystem.config.a.a] out: Configuring task :account-service:testMoveTestXMLBack for use with Diffblue Cover
12:41:15.744 [INFO]   [Checking]    [gradle:out]        [com.diffblue.cover.buildsystem.config.a.a] out: testXMLPath exists: true
12:41:15.744 [INFO]   [Checking]    [gradle:out]        [com.diffblue.cover.buildsystem.config.a.a] out: diffblueTempPath before: {}
12:41:15.744 [INFO]   [Checking]    [gradle:out]        [com.diffblue.cover.buildsystem.config.a.a] out: textXmlPAth files before: /home/jbergqvist/diffblue/finos-traderX/account-service/build/test-results/test/binary
12:41:15.744 [INFO]   [Checking]    [gradle:out]        [com.diffblue.cover.buildsystem.config.a.a] out: Configuring task :account-service:testMoveBackJacocoExec for use with Diffblue Cover
12:41:15.744 [INFO]   [Checking]    [gradle:out]        [com.diffblue.cover.buildsystem.config.a.a] out: Configuring task :account-service:testDeletePreviousExecFiles for use with Diffblue Cover
12:41:15.832 [INFO]   [Checking]    [gradle:out]        [com.diffblue.cover.buildsystem.config.a.a] out: 
12:41:15.832 [INFO]   [Checking]    [gradle:out]        [com.diffblue.cover.buildsystem.config.a.a] out: > Configure project :database
12:41:15.832 [INFO]   [Checking]    [gradle:out]        [com.diffblue.cover.buildsystem.config.a.a] out: Evaluating project ':database' using build file '/home/jbergqvist/diffblue/finos-traderX/database/build.gradle'.
12:41:15.832 [INFO]   [Checking]    [gradle:out]        [com.diffblue.cover.buildsystem.config.a.a] out: Configuring Jacoco Plugin for use with Diffblue Cover
12:41:15.832 [INFO]   [Checking]    [gradle:out]        [com.diffblue.cover.buildsystem.config.a.a] out: Configuring task :database:test for use with Diffblue Cover
12:41:15.832 [INFO]   [Checking]    [gradle:out]        [com.diffblue.cover.buildsystem.config.a.a] out: ignoreFailures: false
12:41:15.832 [INFO]   [Checking]    [gradle:out]        [com.diffblue.cover.buildsystem.config.a.a] out: excludes: []
12:41:15.833 [INFO]   [Checking]    [gradle:out]        [com.diffblue.cover.buildsystem.config.a.a] out: includes: []
12:41:15.833 [INFO]   [Checking]    [gradle:out]        [com.diffblue.cover.buildsystem.config.a.a] out: No group filtering configured
12:41:15.833 [INFO]   [Checking]    [gradle:out]        [com.diffblue.cover.buildsystem.config.a.a] out: Saving execution data to: /home/jbergqvist/diffblue/finos-traderX/database/build/jacoco/test.exec
12:41:15.833 [INFO]   [Checking]    [gradle:out]        [com.diffblue.cover.buildsystem.config.a.a] out: testFramework: class org.gradle.api.internal.tasks.testing.junitplatform.JUnitPlatformTestFramework
12:41:15.833 [INFO]   [Checking]    [gradle:out]        [com.diffblue.cover.buildsystem.config.a.a] out: Getting testXMLPath
12:41:15.833 [INFO]   [Checking]    [gradle:out]        [com.diffblue.cover.buildsystem.config.a.a] out: testXMLPath exists: false
12:41:15.833 [INFO]   [Checking]    [gradle:out]        [com.diffblue.cover.buildsystem.config.a.a] out: diffblueTempPath: /home/jbergqvist/diffblue/finos-traderX/database/build/test-results/diffblueTemp
12:41:15.833 [INFO]   [Checking]    [gradle:out]        [com.diffblue.cover.buildsystem.config.a.a] out: Creating diffblueTempPath
12:41:15.833 [INFO]   [Checking]    [gradle:out]        [com.diffblue.cover.buildsystem.config.a.a] out: diffblueTempPath exists after mkdir: false
12:41:15.833 [INFO]   [Checking]    [gradle:out]        [com.diffblue.cover.buildsystem.config.a.a] out: Configuring task :database:jacocoTestReport for use with Diffblue Cover
12:41:15.833 [INFO]   [Checking]    [gradle:out]        [com.diffblue.cover.buildsystem.config.a.a] out: executionData: file collection
12:41:15.834 [INFO]   [Checking]    [gradle:out]        [com.diffblue.cover.buildsystem.config.a.a] out: exec files to make report: [/home/jbergqvist/diffblue/finos-traderX/database/build/jacoco/test.exec]
12:41:15.834 [INFO]   [Checking]    [gradle:out]        [com.diffblue.cover.buildsystem.config.a.a] out: exec files to make report from: [org.gradle.testing.jacoco.tasks.JacocoReportBase$2@66cabdd8]
12:41:15.834 [INFO]   [Checking]    [gradle:out]        [com.diffblue.cover.buildsystem.config.a.a] out: Configuring task :database:jacocoTestReportDeletePrevious for use with Diffblue Cover
12:41:15.834 [INFO]   [Checking]    [gradle:out]        [com.diffblue.cover.buildsystem.config.a.a] out: Adding /home/jbergqvist/diffblue/finos-traderX/database/build/reports/jacoco/test/jacocoTestReport.xml to be deleted
12:41:15.834 [INFO]   [Checking]    [gradle:out]        [com.diffblue.cover.buildsystem.config.a.a] out: Configuring task :database:jacocoTestReportPrepareEmptyExec for use with Diffblue Cover
12:41:15.834 [INFO]   [Checking]    [gradle:out]        [com.diffblue.cover.buildsystem.config.a.a] out: Configuring task :database:testMoveTestXMLBack for use with Diffblue Cover
12:41:15.834 [INFO]   [Checking]    [gradle:out]        [com.diffblue.cover.buildsystem.config.a.a] out: Configuring task :database:testMoveBackJacocoExec for use with Diffblue Cover
12:41:15.834 [INFO]   [Checking]    [gradle:out]        [com.diffblue.cover.buildsystem.config.a.a] out: Configuring task :database:testDeletePreviousExecFiles for use with Diffblue Cover
12:41:15.834 [INFO]   [Checking]    [gradle:out]        [com.diffblue.cover.buildsystem.config.a.a] out: 
12:41:15.834 [INFO]   [Checking]    [gradle:out]        [com.diffblue.cover.buildsystem.config.a.a] out: > Configure project :position-service
12:41:15.834 [INFO]   [Checking]    [gradle:out]        [com.diffblue.cover.buildsystem.config.a.a] out: Evaluating project ':position-service' using build file '/home/jbergqvist/diffblue/finos-traderX/position-service/build.gradle'.
12:41:15.835 [INFO]   [Checking]    [gradle:out]        [com.diffblue.cover.buildsystem.config.a.a] out: Transforming spring-boot-gradle-plugin-3.3.3.jar (org.springframework.boot:spring-boot-gradle-plugin:3.3.3) with InstrumentationAnalysisTransform
12:41:15.835 [INFO]   [Checking]    [gradle:out]        [com.diffblue.cover.buildsystem.config.a.a] out: Transforming dependency-management-plugin-1.1.6.jar (io.spring.gradle:dependency-management-plugin:1.1.6) with InstrumentationAnalysisTransform
12:41:15.835 [INFO]   [Checking]    [gradle:out]        [com.diffblue.cover.buildsystem.config.a.a] out: Transforming spring-boot-buildpack-platform-3.3.3.jar (org.springframework.boot:spring-boot-buildpack-platform:3.3.3) with InstrumentationAnalysisTransform
12:41:15.835 [INFO]   [Checking]    [gradle:out]        [com.diffblue.cover.buildsystem.config.a.a] out: Transforming spring-boot-loader-tools-3.3.3.jar (org.springframework.boot:spring-boot-loader-tools:3.3.3) with InstrumentationAnalysisTransform
12:41:15.835 [INFO]   [Checking]    [gradle:out]        [com.diffblue.cover.buildsystem.config.a.a] out: Transforming commons-compress-1.25.0.jar (org.apache.commons:commons-compress:1.25.0) with InstrumentationAnalysisTransform
12:41:15.835 [INFO]   [Checking]    [gradle:out]        [com.diffblue.cover.buildsystem.config.a.a] out: Transforming spring-core-6.1.12.jar (org.springframework:spring-core:6.1.12) with InstrumentationAnalysisTransform
12:41:15.835 [INFO]   [Checking]    [gradle:out]        [com.diffblue.cover.buildsystem.config.a.a] out: Transforming jackson-annotations-2.14.2.jar (com.fasterxml.jackson.core:jackson-annotations:2.14.2) with InstrumentationAnalysisTransform
12:41:15.835 [INFO]   [Checking]    [gradle:out]        [com.diffblue.cover.buildsystem.config.a.a] out: Transforming jackson-core-2.14.2.jar (com.fasterxml.jackson.core:jackson-core:2.14.2) with InstrumentationAnalysisTransform
12:41:15.835 [INFO]   [Checking]    [gradle:out]        [com.diffblue.cover.buildsystem.config.a.a] out: Transforming jackson-module-parameter-names-2.14.2.jar (com.fasterxml.jackson.module:jackson-module-parameter-names:2.14.2) with InstrumentationAnalysisTransform
12:41:15.835 [INFO]   [Checking]    [gradle:out]        [com.diffblue.cover.buildsystem.config.a.a] out: Transforming jackson-databind-2.14.2.jar (com.fasterxml.jackson.core:jackson-databind:2.14.2) with InstrumentationAnalysisTransform
12:41:15.835 [INFO]   [Checking]    [gradle:out]        [com.diffblue.cover.buildsystem.config.a.a] out: Transforming jna-platform-5.13.0.jar (net.java.dev.jna:jna-platform:5.13.0) with InstrumentationAnalysisTransform
12:41:15.835 [INFO]   [Checking]    [gradle:out]        [com.diffblue.cover.buildsystem.config.a.a] out: Transforming httpclient5-5.3.1.jar (org.apache.httpcomponents.client5:httpclient5:5.3.1) with InstrumentationAnalysisTransform
12:41:15.835 [INFO]   [Checking]    [gradle:out]        [com.diffblue.cover.buildsystem.config.a.a] out: Transforming tomlj-1.0.0.jar (org.tomlj:tomlj:1.0.0) with InstrumentationAnalysisTransform
12:41:15.836 [INFO]   [Checking]    [gradle:out]        [com.diffblue.cover.buildsystem.config.a.a] out: Transforming spring-jcl-6.1.12.jar (org.springframework:spring-jcl:6.1.12) with InstrumentationAnalysisTransform
12:41:15.836 [INFO]   [Checking]    [gradle:out]        [com.diffblue.cover.buildsystem.config.a.a] out: Transforming jna-5.13.0.jar (net.java.dev.jna:jna:5.13.0) with InstrumentationAnalysisTransform
12:41:15.836 [INFO]   [Checking]    [gradle:out]        [com.diffblue.cover.buildsystem.config.a.a] out: Transforming httpcore5-h2-5.2.4.jar (org.apache.httpcomponents.core5:httpcore5-h2:5.2.4) with InstrumentationAnalysisTransform
12:41:15.836 [INFO]   [Checking]    [gradle:out]        [com.diffblue.cover.buildsystem.config.a.a] out: Transforming httpcore5-5.2.4.jar (org.apache.httpcomponents.core5:httpcore5:5.2.4) with InstrumentationAnalysisTransform
12:41:15.836 [INFO]   [Checking]    [gradle:out]        [com.diffblue.cover.buildsystem.config.a.a] out: Transforming slf4j-api-1.7.36.jar (org.slf4j:slf4j-api:1.7.36) with InstrumentationAnalysisTransform
12:41:15.836 [INFO]   [Checking]    [gradle:out]        [com.diffblue.cover.buildsystem.config.a.a] out: Transforming antlr4-runtime-4.7.2.jar (org.antlr:antlr4-runtime:4.7.2) with InstrumentationAnalysisTransform
12:41:15.836 [INFO]   [Checking]    [gradle:out]        [com.diffblue.cover.buildsystem.config.a.a] out: Transforming jsr305-3.0.2.jar (com.google.code.findbugs:jsr305:3.0.2) with InstrumentationAnalysisTransform
12:41:15.836 [INFO]   [Checking]    [gradle:out]        [com.diffblue.cover.buildsystem.config.a.a] out: Transforming spring-boot-gradle-plugin-3.3.3.jar (org.springframework.boot:spring-boot-gradle-plugin:3.3.3) with InstrumentationAnalysisTransform
12:41:15.836 [INFO]   [Checking]    [gradle:out]        [com.diffblue.cover.buildsystem.config.a.a] out: Transforming spring-boot-gradle-plugin-3.3.3.jar (org.springframework.boot:spring-boot-gradle-plugin:3.3.3) with MergeInstrumentationAnalysisTransform
12:41:15.836 [INFO]   [Checking]    [gradle:out]        [com.diffblue.cover.buildsystem.config.a.a] out: Transforming dependency-management-plugin-1.1.6.jar (io.spring.gradle:dependency-management-plugin:1.1.6) with InstrumentationAnalysisTransform
12:41:15.836 [INFO]   [Checking]    [gradle:out]        [com.diffblue.cover.buildsystem.config.a.a] out: Transforming dependency-management-plugin-1.1.6.jar (io.spring.gradle:dependency-management-plugin:1.1.6) with MergeInstrumentationAnalysisTransform
12:41:15.836 [INFO]   [Checking]    [gradle:out]        [com.diffblue.cover.buildsystem.config.a.a] out: Transforming spring-boot-gradle-plugin-3.3.3.jar (org.springframework.boot:spring-boot-gradle-plugin:3.3.3) with ExternalDependencyInstrumentingArtifactTransform
12:41:15.836 [INFO]   [Checking]    [gradle:out]        [com.diffblue.cover.buildsystem.config.a.a] out: Transforming spring-boot-buildpack-platform-3.3.3.jar (org.springframework.boot:spring-boot-buildpack-platform:3.3.3) with InstrumentationAnalysisTransform
12:41:15.836 [INFO]   [Checking]    [gradle:out]        [com.diffblue.cover.buildsystem.config.a.a] out: Transforming spring-boot-buildpack-platform-3.3.3.jar (org.springframework.boot:spring-boot-buildpack-platform:3.3.3) with MergeInstrumentationAnalysisTransform
12:41:15.836 [INFO]   [Checking]    [gradle:out]        [com.diffblue.cover.buildsystem.config.a.a] out: Transforming dependency-management-plugin-1.1.6.jar (io.spring.gradle:dependency-management-plugin:1.1.6) with ExternalDependencyInstrumentingArtifactTransform
12:41:15.836 [INFO]   [Checking]    [gradle:out]        [com.diffblue.cover.buildsystem.config.a.a] out: Transforming spring-boot-loader-tools-3.3.3.jar (org.springframework.boot:spring-boot-loader-tools:3.3.3) with InstrumentationAnalysisTransform
12:41:15.836 [INFO]   [Checking]    [gradle:out]        [com.diffblue.cover.buildsystem.config.a.a] out: Transforming spring-boot-loader-tools-3.3.3.jar (org.springframework.boot:spring-boot-loader-tools:3.3.3) with MergeInstrumentationAnalysisTransform
12:41:15.836 [INFO]   [Checking]    [gradle:out]        [com.diffblue.cover.buildsystem.config.a.a] out: Transforming spring-boot-buildpack-platform-3.3.3.jar (org.springframework.boot:spring-boot-buildpack-platform:3.3.3) with ExternalDependencyInstrumentingArtifactTransform
12:41:15.837 [INFO]   [Checking]    [gradle:out]        [com.diffblue.cover.buildsystem.config.a.a] out: Transforming commons-compress-1.25.0.jar (org.apache.commons:commons-compress:1.25.0) with InstrumentationAnalysisTransform
12:41:15.837 [INFO]   [Checking]    [gradle:out]        [com.diffblue.cover.buildsystem.config.a.a] out: Transforming commons-compress-1.25.0.jar (org.apache.commons:commons-compress:1.25.0) with MergeInstrumentationAnalysisTransform
12:41:15.837 [INFO]   [Checking]    [gradle:out]        [com.diffblue.cover.buildsystem.config.a.a] out: Transforming spring-core-6.1.12.jar (org.springframework:spring-core:6.1.12) with InstrumentationAnalysisTransform
12:41:15.837 [INFO]   [Checking]    [gradle:out]        [com.diffblue.cover.buildsystem.config.a.a] out: Transforming spring-core-6.1.12.jar (org.springframework:spring-core:6.1.12) with MergeInstrumentationAnalysisTransform
12:41:15.837 [INFO]   [Checking]    [gradle:out]        [com.diffblue.cover.buildsystem.config.a.a] out: Transforming spring-boot-loader-tools-3.3.3.jar (org.springframework.boot:spring-boot-loader-tools:3.3.3) with ExternalDependencyInstrumentingArtifactTransform
12:41:15.837 [INFO]   [Checking]    [gradle:out]        [com.diffblue.cover.buildsystem.config.a.a] out: Transforming jackson-annotations-2.14.2.jar (com.fasterxml.jackson.core:jackson-annotations:2.14.2) with InstrumentationAnalysisTransform
12:41:15.837 [INFO]   [Checking]    [gradle:out]        [com.diffblue.cover.buildsystem.config.a.a] out: Transforming commons-compress-1.25.0.jar (org.apache.commons:commons-compress:1.25.0) with ExternalDependencyInstrumentingArtifactTransform
12:41:15.837 [INFO]   [Checking]    [gradle:out]        [com.diffblue.cover.buildsystem.config.a.a] out: Transforming jackson-annotations-2.14.2.jar (com.fasterxml.jackson.core:jackson-annotations:2.14.2) with MergeInstrumentationAnalysisTransform
12:41:15.837 [INFO]   [Checking]    [gradle:out]        [com.diffblue.cover.buildsystem.config.a.a] out: Transforming spring-core-6.1.12.jar (org.springframework:spring-core:6.1.12) with ExternalDependencyInstrumentingArtifactTransform
12:41:15.837 [INFO]   [Checking]    [gradle:out]        [com.diffblue.cover.buildsystem.config.a.a] out: Transforming jackson-core-2.14.2.jar (com.fasterxml.jackson.core:jackson-core:2.14.2) with InstrumentationAnalysisTransform
12:41:15.837 [INFO]   [Checking]    [gradle:out]        [com.diffblue.cover.buildsystem.config.a.a] out: Transforming jackson-core-2.14.2.jar (com.fasterxml.jackson.core:jackson-core:2.14.2) with MergeInstrumentationAnalysisTransform
12:41:15.837 [INFO]   [Checking]    [gradle:out]        [com.diffblue.cover.buildsystem.config.a.a] out: Transforming jackson-module-parameter-names-2.14.2.jar (com.fasterxml.jackson.module:jackson-module-parameter-names:2.14.2) with InstrumentationAnalysisTransform
12:41:15.837 [INFO]   [Checking]    [gradle:out]        [com.diffblue.cover.buildsystem.config.a.a] out: Transforming jackson-annotations-2.14.2.jar (com.fasterxml.jackson.core:jackson-annotations:2.14.2) with ExternalDependencyInstrumentingArtifactTransform
12:41:15.837 [INFO]   [Checking]    [gradle:out]        [com.diffblue.cover.buildsystem.config.a.a] out: Transforming jackson-module-parameter-names-2.14.2.jar (com.fasterxml.jackson.module:jackson-module-parameter-names:2.14.2) with MergeInstrumentationAnalysisTransform
12:41:15.837 [INFO]   [Checking]    [gradle:out]        [com.diffblue.cover.buildsystem.config.a.a] out: Transforming jackson-core-2.14.2.jar (com.fasterxml.jackson.core:jackson-core:2.14.2) with ExternalDependencyInstrumentingArtifactTransform
12:41:15.837 [INFO]   [Checking]    [gradle:out]        [com.diffblue.cover.buildsystem.config.a.a] out: Transforming jackson-databind-2.14.2.jar (com.fasterxml.jackson.core:jackson-databind:2.14.2) with InstrumentationAnalysisTransform
12:41:15.837 [INFO]   [Checking]    [gradle:out]        [com.diffblue.cover.buildsystem.config.a.a] out: Transforming jackson-databind-2.14.2.jar (com.fasterxml.jackson.core:jackson-databind:2.14.2) with MergeInstrumentationAnalysisTransform
12:41:15.837 [INFO]   [Checking]    [gradle:out]        [com.diffblue.cover.buildsystem.config.a.a] out: Transforming jackson-module-parameter-names-2.14.2.jar (com.fasterxml.jackson.module:jackson-module-parameter-names:2.14.2) with ExternalDependencyInstrumentingArtifactTransform
12:41:15.837 [INFO]   [Checking]    [gradle:out]        [com.diffblue.cover.buildsystem.config.a.a] out: Transforming jna-platform-5.13.0.jar (net.java.dev.jna:jna-platform:5.13.0) with InstrumentationAnalysisTransform
12:41:15.837 [INFO]   [Checking]    [gradle:out]        [com.diffblue.cover.buildsystem.config.a.a] out: Transforming jna-platform-5.13.0.jar (net.java.dev.jna:jna-platform:5.13.0) with MergeInstrumentationAnalysisTransform
12:41:15.837 [INFO]   [Checking]    [gradle:out]        [com.diffblue.cover.buildsystem.config.a.a] out: Transforming jackson-databind-2.14.2.jar (com.fasterxml.jackson.core:jackson-databind:2.14.2) with ExternalDependencyInstrumentingArtifactTransform
12:41:15.837 [INFO]   [Checking]    [gradle:out]        [com.diffblue.cover.buildsystem.config.a.a] out: Transforming httpclient5-5.3.1.jar (org.apache.httpcomponents.client5:httpclient5:5.3.1) with InstrumentationAnalysisTransform
12:41:15.837 [INFO]   [Checking]    [gradle:out]        [com.diffblue.cover.buildsystem.config.a.a] out: Transforming httpclient5-5.3.1.jar (org.apache.httpcomponents.client5:httpclient5:5.3.1) with MergeInstrumentationAnalysisTransform
12:41:15.837 [INFO]   [Checking]    [gradle:out]        [com.diffblue.cover.buildsystem.config.a.a] out: Transforming jna-platform-5.13.0.jar (net.java.dev.jna:jna-platform:5.13.0) with ExternalDependencyInstrumentingArtifactTransform
12:41:15.838 [INFO]   [Checking]    [gradle:out]        [com.diffblue.cover.buildsystem.config.a.a] out: Transforming tomlj-1.0.0.jar (org.tomlj:tomlj:1.0.0) with InstrumentationAnalysisTransform
12:41:15.838 [INFO]   [Checking]    [gradle:out]        [com.diffblue.cover.buildsystem.config.a.a] out: Transforming tomlj-1.0.0.jar (org.tomlj:tomlj:1.0.0) with MergeInstrumentationAnalysisTransform
12:41:15.838 [INFO]   [Checking]    [gradle:out]        [com.diffblue.cover.buildsystem.config.a.a] out: Transforming httpclient5-5.3.1.jar (org.apache.httpcomponents.client5:httpclient5:5.3.1) with ExternalDependencyInstrumentingArtifactTransform
12:41:15.838 [INFO]   [Checking]    [gradle:out]        [com.diffblue.cover.buildsystem.config.a.a] out: Transforming spring-jcl-6.1.12.jar (org.springframework:spring-jcl:6.1.12) with InstrumentationAnalysisTransform
12:41:15.838 [INFO]   [Checking]    [gradle:out]        [com.diffblue.cover.buildsystem.config.a.a] out: Transforming spring-jcl-6.1.12.jar (org.springframework:spring-jcl:6.1.12) with MergeInstrumentationAnalysisTransform
12:41:15.838 [INFO]   [Checking]    [gradle:out]        [com.diffblue.cover.buildsystem.config.a.a] out: Transforming tomlj-1.0.0.jar (org.tomlj:tomlj:1.0.0) with ExternalDependencyInstrumentingArtifactTransform
12:41:15.838 [INFO]   [Checking]    [gradle:out]        [com.diffblue.cover.buildsystem.config.a.a] out: Transforming jna-5.13.0.jar (net.java.dev.jna:jna:5.13.0) with InstrumentationAnalysisTransform
12:41:15.838 [INFO]   [Checking]    [gradle:out]        [com.diffblue.cover.buildsystem.config.a.a] out: Transforming jna-5.13.0.jar (net.java.dev.jna:jna:5.13.0) with MergeInstrumentationAnalysisTransform
12:41:15.838 [INFO]   [Checking]    [gradle:out]        [com.diffblue.cover.buildsystem.config.a.a] out: Transforming httpcore5-h2-5.2.4.jar (org.apache.httpcomponents.core5:httpcore5-h2:5.2.4) with InstrumentationAnalysisTransform
12:41:15.838 [INFO]   [Checking]    [gradle:out]        [com.diffblue.cover.buildsystem.config.a.a] out: Transforming spring-jcl-6.1.12.jar (org.springframework:spring-jcl:6.1.12) with ExternalDependencyInstrumentingArtifactTransform
12:41:15.838 [INFO]   [Checking]    [gradle:out]        [com.diffblue.cover.buildsystem.config.a.a] out: Transforming httpcore5-h2-5.2.4.jar (org.apache.httpcomponents.core5:httpcore5-h2:5.2.4) with MergeInstrumentationAnalysisTransform
12:41:15.838 [INFO]   [Checking]    [gradle:out]        [com.diffblue.cover.buildsystem.config.a.a] out: Transforming jna-5.13.0.jar (net.java.dev.jna:jna:5.13.0) with ExternalDependencyInstrumentingArtifactTransform
12:41:15.838 [INFO]   [Checking]    [gradle:out]        [com.diffblue.cover.buildsystem.config.a.a] out: Transforming httpcore5-5.2.4.jar (org.apache.httpcomponents.core5:httpcore5:5.2.4) with InstrumentationAnalysisTransform
12:41:15.838 [INFO]   [Checking]    [gradle:out]        [com.diffblue.cover.buildsystem.config.a.a] out: Transforming httpcore5-5.2.4.jar (org.apache.httpcomponents.core5:httpcore5:5.2.4) with MergeInstrumentationAnalysisTransform
12:41:15.838 [INFO]   [Checking]    [gradle:out]        [com.diffblue.cover.buildsystem.config.a.a] out: Transforming httpcore5-h2-5.2.4.jar (org.apache.httpcomponents.core5:httpcore5-h2:5.2.4) with ExternalDependencyInstrumentingArtifactTransform
12:41:15.838 [INFO]   [Checking]    [gradle:out]        [com.diffblue.cover.buildsystem.config.a.a] out: Transforming slf4j-api-1.7.36.jar (org.slf4j:slf4j-api:1.7.36) with InstrumentationAnalysisTransform
12:41:15.838 [INFO]   [Checking]    [gradle:out]        [com.diffblue.cover.buildsystem.config.a.a] out: Transforming slf4j-api-1.7.36.jar (org.slf4j:slf4j-api:1.7.36) with MergeInstrumentationAnalysisTransform
12:41:15.838 [INFO]   [Checking]    [gradle:out]        [com.diffblue.cover.buildsystem.config.a.a] out: Transforming httpcore5-5.2.4.jar (org.apache.httpcomponents.core5:httpcore5:5.2.4) with ExternalDependencyInstrumentingArtifactTransform
12:41:15.838 [INFO]   [Checking]    [gradle:out]        [com.diffblue.cover.buildsystem.config.a.a] out: Transforming antlr4-runtime-4.7.2.jar (org.antlr:antlr4-runtime:4.7.2) with InstrumentationAnalysisTransform
12:41:15.838 [INFO]   [Checking]    [gradle:out]        [com.diffblue.cover.buildsystem.config.a.a] out: Transforming antlr4-runtime-4.7.2.jar (org.antlr:antlr4-runtime:4.7.2) with MergeInstrumentationAnalysisTransform
12:41:15.838 [INFO]   [Checking]    [gradle:out]        [com.diffblue.cover.buildsystem.config.a.a] out: Transforming slf4j-api-1.7.36.jar (org.slf4j:slf4j-api:1.7.36) with ExternalDependencyInstrumentingArtifactTransform
12:41:15.839 [INFO]   [Checking]    [gradle:out]        [com.diffblue.cover.buildsystem.config.a.a] out: Transforming jsr305-3.0.2.jar (com.google.code.findbugs:jsr305:3.0.2) with InstrumentationAnalysisTransform
12:41:15.839 [INFO]   [Checking]    [gradle:out]        [com.diffblue.cover.buildsystem.config.a.a] out: Transforming jsr305-3.0.2.jar (com.google.code.findbugs:jsr305:3.0.2) with MergeInstrumentationAnalysisTransform
12:41:15.839 [INFO]   [Checking]    [gradle:out]        [com.diffblue.cover.buildsystem.config.a.a] out: Transforming antlr4-runtime-4.7.2.jar (org.antlr:antlr4-runtime:4.7.2) with ExternalDependencyInstrumentingArtifactTransform
12:41:15.839 [INFO]   [Checking]    [gradle:out]        [com.diffblue.cover.buildsystem.config.a.a] out: Transforming jsr305-3.0.2.jar (com.google.code.findbugs:jsr305:3.0.2) with ExternalDependencyInstrumentingArtifactTransform
12:41:15.839 [INFO]   [Checking]    [gradle:out]        [com.diffblue.cover.buildsystem.config.a.a] out: Applying dependency management to configuration 'annotationProcessor' in project 'position-service'
12:41:15.839 [INFO]   [Checking]    [gradle:out]        [com.diffblue.cover.buildsystem.config.a.a] out: Applying dependency management to configuration 'apiElements' in project 'position-service'
12:41:15.839 [INFO]   [Checking]    [gradle:out]        [com.diffblue.cover.buildsystem.config.a.a] out: Applying dependency management to configuration 'archives' in project 'position-service'
12:41:15.839 [INFO]   [Checking]    [gradle:out]        [com.diffblue.cover.buildsystem.config.a.a] out: Applying dependency management to configuration 'bootArchives' in project 'position-service'
12:41:15.839 [INFO]   [Checking]    [gradle:out]        [com.diffblue.cover.buildsystem.config.a.a] out: Applying dependency management to configuration 'compileClasspath' in project 'position-service'
12:41:15.839 [INFO]   [Checking]    [gradle:out]        [com.diffblue.cover.buildsystem.config.a.a] out: Applying dependency management to configuration 'compileOnly' in project 'position-service'
12:41:15.839 [INFO]   [Checking]    [gradle:out]        [com.diffblue.cover.buildsystem.config.a.a] out: Applying dependency management to configuration 'default' in project 'position-service'
12:41:15.839 [INFO]   [Checking]    [gradle:out]        [com.diffblue.cover.buildsystem.config.a.a] out: Applying dependency management to configuration 'developmentOnly' in project 'position-service'
12:41:15.839 [INFO]   [Checking]    [gradle:out]        [com.diffblue.cover.buildsystem.config.a.a] out: Applying dependency management to configuration 'implementation' in project 'position-service'
12:41:15.839 [INFO]   [Checking]    [gradle:out]        [com.diffblue.cover.buildsystem.config.a.a] out: Applying dependency management to configuration 'mainSourceElements' in project 'position-service'
12:41:15.839 [INFO]   [Checking]    [gradle:out]        [com.diffblue.cover.buildsystem.config.a.a] out: Applying dependency management to configuration 'productionRuntimeClasspath' in project 'position-service'
12:41:15.839 [INFO]   [Checking]    [gradle:out]        [com.diffblue.cover.buildsystem.config.a.a] out: Applying dependency management to configuration 'runtimeClasspath' in project 'position-service'
12:41:15.839 [INFO]   [Checking]    [gradle:out]        [com.diffblue.cover.buildsystem.config.a.a] out: Applying dependency management to configuration 'runtimeElements' in project 'position-service'
12:41:15.839 [INFO]   [Checking]    [gradle:out]        [com.diffblue.cover.buildsystem.config.a.a] out: Applying dependency management to configuration 'runtimeOnly' in project 'position-service'
12:41:15.839 [INFO]   [Checking]    [gradle:out]        [com.diffblue.cover.buildsystem.config.a.a] out: Applying dependency management to configuration 'testAndDevelopmentOnly' in project 'position-service'
12:41:15.839 [INFO]   [Checking]    [gradle:out]        [com.diffblue.cover.buildsystem.config.a.a] out: Applying dependency management to configuration 'testAnnotationProcessor' in project 'position-service'
12:41:15.839 [INFO]   [Checking]    [gradle:out]        [com.diffblue.cover.buildsystem.config.a.a] out: Applying dependency management to configuration 'testCompileClasspath' in project 'position-service'
12:41:15.839 [INFO]   [Checking]    [gradle:out]        [com.diffblue.cover.buildsystem.config.a.a] out: Applying dependency management to configuration 'testCompileOnly' in project 'position-service'
12:41:15.839 [INFO]   [Checking]    [gradle:out]        [com.diffblue.cover.buildsystem.config.a.a] out: Applying dependency management to configuration 'testImplementation' in project 'position-service'
12:41:15.839 [INFO]   [Checking]    [gradle:out]        [com.diffblue.cover.buildsystem.config.a.a] out: Applying dependency management to configuration 'testResultsElementsForTest' in project 'position-service'
12:41:15.839 [INFO]   [Checking]    [gradle:out]        [com.diffblue.cover.buildsystem.config.a.a] out: Applying dependency management to configuration 'testRuntimeClasspath' in project 'position-service'
12:41:15.840 [INFO]   [Checking]    [gradle:out]        [com.diffblue.cover.buildsystem.config.a.a] out: Applying dependency management to configuration 'testRuntimeOnly' in project 'position-service'
12:41:15.840 [INFO]   [Checking]    [gradle:out]        [com.diffblue.cover.buildsystem.config.a.a] out: Configuring Jacoco Plugin for use with Diffblue Cover
12:41:15.840 [INFO]   [Checking]    [gradle:out]        [com.diffblue.cover.buildsystem.config.a.a] out: Applying dependency management to configuration 'jacocoAgent' in project 'position-service'
12:41:15.840 [INFO]   [Checking]    [gradle:out]        [com.diffblue.cover.buildsystem.config.a.a] out: Applying dependency management to configuration 'jacocoAnt' in project 'position-service'
12:41:15.840 [INFO]   [Checking]    [gradle:out]        [com.diffblue.cover.buildsystem.config.a.a] out: Applying dependency management to configuration 'coverageDataElementsForTest' in project 'position-service'
12:41:15.840 [INFO]   [Checking]    [gradle:out]        [com.diffblue.cover.buildsystem.config.a.a] out: Configuring task :position-service:test for use with Diffblue Cover
12:41:15.840 [INFO]   [Checking]    [gradle:out]        [com.diffblue.cover.buildsystem.config.a.a] out: ignoreFailures: false
12:41:15.840 [INFO]   [Checking]    [gradle:out]        [com.diffblue.cover.buildsystem.config.a.a] out: excludes: []
12:41:15.840 [INFO]   [Checking]    [gradle:out]        [com.diffblue.cover.buildsystem.config.a.a] out: includes: []
12:41:15.840 [INFO]   [Checking]    [gradle:out]        [com.diffblue.cover.buildsystem.config.a.a] out: No group filtering configured
12:41:15.840 [INFO]   [Checking]    [gradle:out]        [com.diffblue.cover.buildsystem.config.a.a] out: Saving execution data to: /home/jbergqvist/diffblue/finos-traderX/position-service/build/jacoco/test.exec
12:41:15.840 [INFO]   [Checking]    [gradle:out]        [com.diffblue.cover.buildsystem.config.a.a] out: testFramework: class org.gradle.api.internal.tasks.testing.junitplatform.JUnitPlatformTestFramework
12:41:15.840 [INFO]   [Checking]    [gradle:out]        [com.diffblue.cover.buildsystem.config.a.a] out: Getting testXMLPath
12:41:15.840 [INFO]   [Checking]    [gradle:out]        [com.diffblue.cover.buildsystem.config.a.a] out: testXMLPath exists: true
12:41:15.840 [INFO]   [Checking]    [gradle:out]        [com.diffblue.cover.buildsystem.config.a.a] out: diffblueTempPath: /home/jbergqvist/diffblue/finos-traderX/position-service/build/test-results/diffblueTemp
12:41:15.840 [INFO]   [Checking]    [gradle:out]        [com.diffblue.cover.buildsystem.config.a.a] out: diffblueTempPath exists after mkdir: true
12:41:15.840 [INFO]   [Checking]    [gradle:out]        [com.diffblue.cover.buildsystem.config.a.a] out: Configuring task :position-service:jacocoTestReport for use with Diffblue Cover
12:41:15.840 [INFO]   [Checking]    [gradle:out]        [com.diffblue.cover.buildsystem.config.a.a] out: executionData: file collection
12:41:15.840 [INFO]   [Checking]    [gradle:out]        [com.diffblue.cover.buildsystem.config.a.a] out: exec files to make report: [/home/jbergqvist/diffblue/finos-traderX/position-service/build/jacoco/test.exec]
12:41:15.840 [INFO]   [Checking]    [gradle:out]        [com.diffblue.cover.buildsystem.config.a.a] out: exec files to make report from: [org.gradle.testing.jacoco.tasks.JacocoReportBase$2@50d962d2]
12:41:15.840 [INFO]   [Checking]    [gradle:out]        [com.diffblue.cover.buildsystem.config.a.a] out: Configuring task :position-service:jacocoTestReportDeletePrevious for use with Diffblue Cover
12:41:15.840 [INFO]   [Checking]    [gradle:out]        [com.diffblue.cover.buildsystem.config.a.a] out: Adding /home/jbergqvist/diffblue/finos-traderX/position-service/build/reports/jacoco/test/jacocoTestReport.xml to be deleted
12:41:15.841 [INFO]   [Checking]    [gradle:out]        [com.diffblue.cover.buildsystem.config.a.a] out: Configuring task :position-service:jacocoTestReportPrepareEmptyExec for use with Diffblue Cover
12:41:15.841 [INFO]   [Checking]    [gradle:out]        [com.diffblue.cover.buildsystem.config.a.a] out: Configuring task :position-service:testMoveTestXMLBack for use with Diffblue Cover
12:41:15.841 [INFO]   [Checking]    [gradle:out]        [com.diffblue.cover.buildsystem.config.a.a] out: testXMLPath exists: true
12:41:15.841 [INFO]   [Checking]    [gradle:out]        [com.diffblue.cover.buildsystem.config.a.a] out: diffblueTempPath before: {}
12:41:15.841 [INFO]   [Checking]    [gradle:out]        [com.diffblue.cover.buildsystem.config.a.a] out: textXmlPAth files before: {}
12:41:15.841 [INFO]   [Checking]    [gradle:out]        [com.diffblue.cover.buildsystem.config.a.a] out: Configuring task :position-service:testMoveBackJacocoExec for use with Diffblue Cover
12:41:15.841 [INFO]   [Checking]    [gradle:out]        [com.diffblue.cover.buildsystem.config.a.a] out: Configuring task :position-service:testDeletePreviousExecFiles for use with Diffblue Cover
12:41:15.932 [INFO]   [Checking]    [gradle:out]        [com.diffblue.cover.buildsystem.config.a.a] out: 
12:41:15.932 [INFO]   [Checking]    [gradle:out]        [com.diffblue.cover.buildsystem.config.a.a] out: > Configure project :trade-processor
12:41:15.932 [INFO]   [Checking]    [gradle:out]        [com.diffblue.cover.buildsystem.config.a.a] out: Evaluating project ':trade-processor' using build file '/home/jbergqvist/diffblue/finos-traderX/trade-processor/build.gradle'.
12:41:15.932 [INFO]   [Checking]    [gradle:out]        [com.diffblue.cover.buildsystem.config.a.a] out: Transforming spring-boot-gradle-plugin-3.3.3.jar (org.springframework.boot:spring-boot-gradle-plugin:3.3.3) with InstrumentationAnalysisTransform
12:41:15.933 [INFO]   [Checking]    [gradle:out]        [com.diffblue.cover.buildsystem.config.a.a] out: Transforming dependency-management-plugin-1.1.6.jar (io.spring.gradle:dependency-management-plugin:1.1.6) with InstrumentationAnalysisTransform
12:41:15.933 [INFO]   [Checking]    [gradle:out]        [com.diffblue.cover.buildsystem.config.a.a] out: Transforming spring-boot-buildpack-platform-3.3.3.jar (org.springframework.boot:spring-boot-buildpack-platform:3.3.3) with InstrumentationAnalysisTransform
12:41:15.933 [INFO]   [Checking]    [gradle:out]        [com.diffblue.cover.buildsystem.config.a.a] out: Transforming spring-boot-loader-tools-3.3.3.jar (org.springframework.boot:spring-boot-loader-tools:3.3.3) with InstrumentationAnalysisTransform
12:41:15.933 [INFO]   [Checking]    [gradle:out]        [com.diffblue.cover.buildsystem.config.a.a] out: Transforming commons-compress-1.25.0.jar (org.apache.commons:commons-compress:1.25.0) with InstrumentationAnalysisTransform
12:41:15.933 [INFO]   [Checking]    [gradle:out]        [com.diffblue.cover.buildsystem.config.a.a] out: Transforming spring-core-6.1.12.jar (org.springframework:spring-core:6.1.12) with InstrumentationAnalysisTransform
12:41:15.933 [INFO]   [Checking]    [gradle:out]        [com.diffblue.cover.buildsystem.config.a.a] out: Transforming jackson-annotations-2.14.2.jar (com.fasterxml.jackson.core:jackson-annotations:2.14.2) with InstrumentationAnalysisTransform
12:41:15.933 [INFO]   [Checking]    [gradle:out]        [com.diffblue.cover.buildsystem.config.a.a] out: Transforming jackson-core-2.14.2.jar (com.fasterxml.jackson.core:jackson-core:2.14.2) with InstrumentationAnalysisTransform
12:41:15.933 [INFO]   [Checking]    [gradle:out]        [com.diffblue.cover.buildsystem.config.a.a] out: Transforming jackson-module-parameter-names-2.14.2.jar (com.fasterxml.jackson.module:jackson-module-parameter-names:2.14.2) with InstrumentationAnalysisTransform
12:41:15.933 [INFO]   [Checking]    [gradle:out]        [com.diffblue.cover.buildsystem.config.a.a] out: Transforming jackson-databind-2.14.2.jar (com.fasterxml.jackson.core:jackson-databind:2.14.2) with InstrumentationAnalysisTransform
12:41:15.933 [INFO]   [Checking]    [gradle:out]        [com.diffblue.cover.buildsystem.config.a.a] out: Transforming jna-platform-5.13.0.jar (net.java.dev.jna:jna-platform:5.13.0) with InstrumentationAnalysisTransform
12:41:15.933 [INFO]   [Checking]    [gradle:out]        [com.diffblue.cover.buildsystem.config.a.a] out: Transforming httpclient5-5.3.1.jar (org.apache.httpcomponents.client5:httpclient5:5.3.1) with InstrumentationAnalysisTransform
12:41:15.933 [INFO]   [Checking]    [gradle:out]        [com.diffblue.cover.buildsystem.config.a.a] out: Transforming tomlj-1.0.0.jar (org.tomlj:tomlj:1.0.0) with InstrumentationAnalysisTransform
12:41:15.933 [INFO]   [Checking]    [gradle:out]        [com.diffblue.cover.buildsystem.config.a.a] out: Transforming spring-jcl-6.1.12.jar (org.springframework:spring-jcl:6.1.12) with InstrumentationAnalysisTransform
12:41:15.933 [INFO]   [Checking]    [gradle:out]        [com.diffblue.cover.buildsystem.config.a.a] out: Transforming jna-5.13.0.jar (net.java.dev.jna:jna:5.13.0) with InstrumentationAnalysisTransform
12:41:15.933 [INFO]   [Checking]    [gradle:out]        [com.diffblue.cover.buildsystem.config.a.a] out: Transforming httpcore5-h2-5.2.4.jar (org.apache.httpcomponents.core5:httpcore5-h2:5.2.4) with InstrumentationAnalysisTransform
12:41:15.933 [INFO]   [Checking]    [gradle:out]        [com.diffblue.cover.buildsystem.config.a.a] out: Transforming httpcore5-5.2.4.jar (org.apache.httpcomponents.core5:httpcore5:5.2.4) with InstrumentationAnalysisTransform
12:41:15.934 [INFO]   [Checking]    [gradle:out]        [com.diffblue.cover.buildsystem.config.a.a] out: Transforming slf4j-api-1.7.36.jar (org.slf4j:slf4j-api:1.7.36) with InstrumentationAnalysisTransform
12:41:15.934 [INFO]   [Checking]    [gradle:out]        [com.diffblue.cover.buildsystem.config.a.a] out: Transforming antlr4-runtime-4.7.2.jar (org.antlr:antlr4-runtime:4.7.2) with InstrumentationAnalysisTransform
12:41:15.934 [INFO]   [Checking]    [gradle:out]        [com.diffblue.cover.buildsystem.config.a.a] out: Transforming jsr305-3.0.2.jar (com.google.code.findbugs:jsr305:3.0.2) with InstrumentationAnalysisTransform
12:41:15.934 [INFO]   [Checking]    [gradle:out]        [com.diffblue.cover.buildsystem.config.a.a] out: Transforming spring-boot-gradle-plugin-3.3.3.jar (org.springframework.boot:spring-boot-gradle-plugin:3.3.3) with InstrumentationAnalysisTransform
12:41:15.934 [INFO]   [Checking]    [gradle:out]        [com.diffblue.cover.buildsystem.config.a.a] out: Transforming spring-boot-gradle-plugin-3.3.3.jar (org.springframework.boot:spring-boot-gradle-plugin:3.3.3) with MergeInstrumentationAnalysisTransform
12:41:15.934 [INFO]   [Checking]    [gradle:out]        [com.diffblue.cover.buildsystem.config.a.a] out: Transforming dependency-management-plugin-1.1.6.jar (io.spring.gradle:dependency-management-plugin:1.1.6) with InstrumentationAnalysisTransform
12:41:15.934 [INFO]   [Checking]    [gradle:out]        [com.diffblue.cover.buildsystem.config.a.a] out: Transforming dependency-management-plugin-1.1.6.jar (io.spring.gradle:dependency-management-plugin:1.1.6) with MergeInstrumentationAnalysisTransform
12:41:15.934 [INFO]   [Checking]    [gradle:out]        [com.diffblue.cover.buildsystem.config.a.a] out: Transforming spring-boot-gradle-plugin-3.3.3.jar (org.springframework.boot:spring-boot-gradle-plugin:3.3.3) with ExternalDependencyInstrumentingArtifactTransform
12:41:15.934 [INFO]   [Checking]    [gradle:out]        [com.diffblue.cover.buildsystem.config.a.a] out: Transforming spring-boot-buildpack-platform-3.3.3.jar (org.springframework.boot:spring-boot-buildpack-platform:3.3.3) with InstrumentationAnalysisTransform
12:41:15.934 [INFO]   [Checking]    [gradle:out]        [com.diffblue.cover.buildsystem.config.a.a] out: Transforming spring-boot-buildpack-platform-3.3.3.jar (org.springframework.boot:spring-boot-buildpack-platform:3.3.3) with MergeInstrumentationAnalysisTransform
12:41:15.934 [INFO]   [Checking]    [gradle:out]        [com.diffblue.cover.buildsystem.config.a.a] out: Transforming spring-boot-loader-tools-3.3.3.jar (org.springframework.boot:spring-boot-loader-tools:3.3.3) with InstrumentationAnalysisTransform
12:41:15.934 [INFO]   [Checking]    [gradle:out]        [com.diffblue.cover.buildsystem.config.a.a] out: Transforming dependency-management-plugin-1.1.6.jar (io.spring.gradle:dependency-management-plugin:1.1.6) with ExternalDependencyInstrumentingArtifactTransform
12:41:15.934 [INFO]   [Checking]    [gradle:out]        [com.diffblue.cover.buildsystem.config.a.a] out: Transforming spring-boot-loader-tools-3.3.3.jar (org.springframework.boot:spring-boot-loader-tools:3.3.3) with MergeInstrumentationAnalysisTransform
12:41:15.934 [INFO]   [Checking]    [gradle:out]        [com.diffblue.cover.buildsystem.config.a.a] out: Transforming spring-boot-buildpack-platform-3.3.3.jar (org.springframework.boot:spring-boot-buildpack-platform:3.3.3) with ExternalDependencyInstrumentingArtifactTransform
12:41:15.934 [INFO]   [Checking]    [gradle:out]        [com.diffblue.cover.buildsystem.config.a.a] out: Transforming commons-compress-1.25.0.jar (org.apache.commons:commons-compress:1.25.0) with InstrumentationAnalysisTransform
12:41:15.934 [INFO]   [Checking]    [gradle:out]        [com.diffblue.cover.buildsystem.config.a.a] out: Transforming commons-compress-1.25.0.jar (org.apache.commons:commons-compress:1.25.0) with MergeInstrumentationAnalysisTransform
12:41:15.934 [INFO]   [Checking]    [gradle:out]        [com.diffblue.cover.buildsystem.config.a.a] out: Transforming spring-boot-loader-tools-3.3.3.jar (org.springframework.boot:spring-boot-loader-tools:3.3.3) with ExternalDependencyInstrumentingArtifactTransform
12:41:15.934 [INFO]   [Checking]    [gradle:out]        [com.diffblue.cover.buildsystem.config.a.a] out: Transforming spring-core-6.1.12.jar (org.springframework:spring-core:6.1.12) with InstrumentationAnalysisTransform
12:41:15.934 [INFO]   [Checking]    [gradle:out]        [com.diffblue.cover.buildsystem.config.a.a] out: Transforming spring-core-6.1.12.jar (org.springframework:spring-core:6.1.12) with MergeInstrumentationAnalysisTransform
12:41:15.935 [INFO]   [Checking]    [gradle:out]        [com.diffblue.cover.buildsystem.config.a.a] out: Transforming commons-compress-1.25.0.jar (org.apache.commons:commons-compress:1.25.0) with ExternalDependencyInstrumentingArtifactTransform
12:41:15.935 [INFO]   [Checking]    [gradle:out]        [com.diffblue.cover.buildsystem.config.a.a] out: Transforming jackson-annotations-2.14.2.jar (com.fasterxml.jackson.core:jackson-annotations:2.14.2) with InstrumentationAnalysisTransform
12:41:15.935 [INFO]   [Checking]    [gradle:out]        [com.diffblue.cover.buildsystem.config.a.a] out: Transforming jackson-annotations-2.14.2.jar (com.fasterxml.jackson.core:jackson-annotations:2.14.2) with MergeInstrumentationAnalysisTransform
12:41:15.935 [INFO]   [Checking]    [gradle:out]        [com.diffblue.cover.buildsystem.config.a.a] out: Transforming spring-core-6.1.12.jar (org.springframework:spring-core:6.1.12) with ExternalDependencyInstrumentingArtifactTransform
12:41:15.935 [INFO]   [Checking]    [gradle:out]        [com.diffblue.cover.buildsystem.config.a.a] out: Transforming jackson-core-2.14.2.jar (com.fasterxml.jackson.core:jackson-core:2.14.2) with InstrumentationAnalysisTransform
12:41:15.935 [INFO]   [Checking]    [gradle:out]        [com.diffblue.cover.buildsystem.config.a.a] out: Transforming jackson-core-2.14.2.jar (com.fasterxml.jackson.core:jackson-core:2.14.2) with MergeInstrumentationAnalysisTransform
12:41:15.935 [INFO]   [Checking]    [gradle:out]        [com.diffblue.cover.buildsystem.config.a.a] out: Transforming jackson-annotations-2.14.2.jar (com.fasterxml.jackson.core:jackson-annotations:2.14.2) with ExternalDependencyInstrumentingArtifactTransform
12:41:15.935 [INFO]   [Checking]    [gradle:out]        [com.diffblue.cover.buildsystem.config.a.a] out: Transforming jackson-module-parameter-names-2.14.2.jar (com.fasterxml.jackson.module:jackson-module-parameter-names:2.14.2) with InstrumentationAnalysisTransform
12:41:15.935 [INFO]   [Checking]    [gradle:out]        [com.diffblue.cover.buildsystem.config.a.a] out: Transforming jackson-module-parameter-names-2.14.2.jar (com.fasterxml.jackson.module:jackson-module-parameter-names:2.14.2) with MergeInstrumentationAnalysisTransform
12:41:15.935 [INFO]   [Checking]    [gradle:out]        [com.diffblue.cover.buildsystem.config.a.a] out: Transforming jackson-core-2.14.2.jar (com.fasterxml.jackson.core:jackson-core:2.14.2) with ExternalDependencyInstrumentingArtifactTransform
12:41:15.935 [INFO]   [Checking]    [gradle:out]        [com.diffblue.cover.buildsystem.config.a.a] out: Transforming jackson-databind-2.14.2.jar (com.fasterxml.jackson.core:jackson-databind:2.14.2) with InstrumentationAnalysisTransform
12:41:15.935 [INFO]   [Checking]    [gradle:out]        [com.diffblue.cover.buildsystem.config.a.a] out: Transforming jackson-databind-2.14.2.jar (com.fasterxml.jackson.core:jackson-databind:2.14.2) with MergeInstrumentationAnalysisTransform
12:41:15.935 [INFO]   [Checking]    [gradle:out]        [com.diffblue.cover.buildsystem.config.a.a] out: Transforming jackson-module-parameter-names-2.14.2.jar (com.fasterxml.jackson.module:jackson-module-parameter-names:2.14.2) with ExternalDependencyInstrumentingArtifactTransform
12:41:15.935 [INFO]   [Checking]    [gradle:out]        [com.diffblue.cover.buildsystem.config.a.a] out: Transforming jna-platform-5.13.0.jar (net.java.dev.jna:jna-platform:5.13.0) with InstrumentationAnalysisTransform
12:41:15.935 [INFO]   [Checking]    [gradle:out]        [com.diffblue.cover.buildsystem.config.a.a] out: Transforming jna-platform-5.13.0.jar (net.java.dev.jna:jna-platform:5.13.0) with MergeInstrumentationAnalysisTransform
12:41:15.935 [INFO]   [Checking]    [gradle:out]        [com.diffblue.cover.buildsystem.config.a.a] out: Transforming jackson-databind-2.14.2.jar (com.fasterxml.jackson.core:jackson-databind:2.14.2) with ExternalDependencyInstrumentingArtifactTransform
12:41:15.935 [INFO]   [Checking]    [gradle:out]        [com.diffblue.cover.buildsystem.config.a.a] out: Transforming httpclient5-5.3.1.jar (org.apache.httpcomponents.client5:httpclient5:5.3.1) with InstrumentationAnalysisTransform
12:41:15.935 [INFO]   [Checking]    [gradle:out]        [com.diffblue.cover.buildsystem.config.a.a] out: Transforming httpclient5-5.3.1.jar (org.apache.httpcomponents.client5:httpclient5:5.3.1) with MergeInstrumentationAnalysisTransform
12:41:15.935 [INFO]   [Checking]    [gradle:out]        [com.diffblue.cover.buildsystem.config.a.a] out: Transforming tomlj-1.0.0.jar (org.tomlj:tomlj:1.0.0) with InstrumentationAnalysisTransform
12:41:15.935 [INFO]   [Checking]    [gradle:out]        [com.diffblue.cover.buildsystem.config.a.a] out: Transforming jna-platform-5.13.0.jar (net.java.dev.jna:jna-platform:5.13.0) with ExternalDependencyInstrumentingArtifactTransform
12:41:15.935 [INFO]   [Checking]    [gradle:out]        [com.diffblue.cover.buildsystem.config.a.a] out: Transforming tomlj-1.0.0.jar (org.tomlj:tomlj:1.0.0) with MergeInstrumentationAnalysisTransform
12:41:15.936 [INFO]   [Checking]    [gradle:out]        [com.diffblue.cover.buildsystem.config.a.a] out: Transforming httpclient5-5.3.1.jar (org.apache.httpcomponents.client5:httpclient5:5.3.1) with ExternalDependencyInstrumentingArtifactTransform
12:41:15.936 [INFO]   [Checking]    [gradle:out]        [com.diffblue.cover.buildsystem.config.a.a] out: Transforming spring-jcl-6.1.12.jar (org.springframework:spring-jcl:6.1.12) with InstrumentationAnalysisTransform
12:41:15.936 [INFO]   [Checking]    [gradle:out]        [com.diffblue.cover.buildsystem.config.a.a] out: Transforming spring-jcl-6.1.12.jar (org.springframework:spring-jcl:6.1.12) with MergeInstrumentationAnalysisTransform
12:41:15.936 [INFO]   [Checking]    [gradle:out]        [com.diffblue.cover.buildsystem.config.a.a] out: Transforming tomlj-1.0.0.jar (org.tomlj:tomlj:1.0.0) with ExternalDependencyInstrumentingArtifactTransform
12:41:15.936 [INFO]   [Checking]    [gradle:out]        [com.diffblue.cover.buildsystem.config.a.a] out: Transforming jna-5.13.0.jar (net.java.dev.jna:jna:5.13.0) with InstrumentationAnalysisTransform
12:41:15.936 [INFO]   [Checking]    [gradle:out]        [com.diffblue.cover.buildsystem.config.a.a] out: Transforming jna-5.13.0.jar (net.java.dev.jna:jna:5.13.0) with MergeInstrumentationAnalysisTransform
12:41:15.936 [INFO]   [Checking]    [gradle:out]        [com.diffblue.cover.buildsystem.config.a.a] out: Transforming spring-jcl-6.1.12.jar (org.springframework:spring-jcl:6.1.12) with ExternalDependencyInstrumentingArtifactTransform
12:41:15.936 [INFO]   [Checking]    [gradle:out]        [com.diffblue.cover.buildsystem.config.a.a] out: Transforming httpcore5-h2-5.2.4.jar (org.apache.httpcomponents.core5:httpcore5-h2:5.2.4) with InstrumentationAnalysisTransform
12:41:15.936 [INFO]   [Checking]    [gradle:out]        [com.diffblue.cover.buildsystem.config.a.a] out: Transforming httpcore5-h2-5.2.4.jar (org.apache.httpcomponents.core5:httpcore5-h2:5.2.4) with MergeInstrumentationAnalysisTransform
12:41:15.936 [INFO]   [Checking]    [gradle:out]        [com.diffblue.cover.buildsystem.config.a.a] out: Transforming jna-5.13.0.jar (net.java.dev.jna:jna:5.13.0) with ExternalDependencyInstrumentingArtifactTransform
12:41:15.936 [INFO]   [Checking]    [gradle:out]        [com.diffblue.cover.buildsystem.config.a.a] out: Transforming httpcore5-5.2.4.jar (org.apache.httpcomponents.core5:httpcore5:5.2.4) with InstrumentationAnalysisTransform
12:41:15.936 [INFO]   [Checking]    [gradle:out]        [com.diffblue.cover.buildsystem.config.a.a] out: Transforming httpcore5-5.2.4.jar (org.apache.httpcomponents.core5:httpcore5:5.2.4) with MergeInstrumentationAnalysisTransform
12:41:15.936 [INFO]   [Checking]    [gradle:out]        [com.diffblue.cover.buildsystem.config.a.a] out: Transforming httpcore5-h2-5.2.4.jar (org.apache.httpcomponents.core5:httpcore5-h2:5.2.4) with ExternalDependencyInstrumentingArtifactTransform
12:41:15.936 [INFO]   [Checking]    [gradle:out]        [com.diffblue.cover.buildsystem.config.a.a] out: Transforming slf4j-api-1.7.36.jar (org.slf4j:slf4j-api:1.7.36) with InstrumentationAnalysisTransform
12:41:15.936 [INFO]   [Checking]    [gradle:out]        [com.diffblue.cover.buildsystem.config.a.a] out: Transforming slf4j-api-1.7.36.jar (org.slf4j:slf4j-api:1.7.36) with MergeInstrumentationAnalysisTransform
12:41:15.936 [INFO]   [Checking]    [gradle:out]        [com.diffblue.cover.buildsystem.config.a.a] out: Transforming httpcore5-5.2.4.jar (org.apache.httpcomponents.core5:httpcore5:5.2.4) with ExternalDependencyInstrumentingArtifactTransform
12:41:15.936 [INFO]   [Checking]    [gradle:out]        [com.diffblue.cover.buildsystem.config.a.a] out: Transforming antlr4-runtime-4.7.2.jar (org.antlr:antlr4-runtime:4.7.2) with InstrumentationAnalysisTransform
12:41:15.937 [INFO]   [Checking]    [gradle:out]        [com.diffblue.cover.buildsystem.config.a.a] out: Transforming antlr4-runtime-4.7.2.jar (org.antlr:antlr4-runtime:4.7.2) with MergeInstrumentationAnalysisTransform
12:41:15.937 [INFO]   [Checking]    [gradle:out]        [com.diffblue.cover.buildsystem.config.a.a] out: Transforming slf4j-api-1.7.36.jar (org.slf4j:slf4j-api:1.7.36) with ExternalDependencyInstrumentingArtifactTransform
12:41:15.937 [INFO]   [Checking]    [gradle:out]        [com.diffblue.cover.buildsystem.config.a.a] out: Transforming jsr305-3.0.2.jar (com.google.code.findbugs:jsr305:3.0.2) with InstrumentationAnalysisTransform
12:41:15.937 [INFO]   [Checking]    [gradle:out]        [com.diffblue.cover.buildsystem.config.a.a] out: Transforming jsr305-3.0.2.jar (com.google.code.findbugs:jsr305:3.0.2) with MergeInstrumentationAnalysisTransform
12:41:15.937 [INFO]   [Checking]    [gradle:out]        [com.diffblue.cover.buildsystem.config.a.a] out: Transforming antlr4-runtime-4.7.2.jar (org.antlr:antlr4-runtime:4.7.2) with ExternalDependencyInstrumentingArtifactTransform
12:41:15.937 [INFO]   [Checking]    [gradle:out]        [com.diffblue.cover.buildsystem.config.a.a] out: Transforming jsr305-3.0.2.jar (com.google.code.findbugs:jsr305:3.0.2) with ExternalDependencyInstrumentingArtifactTransform
12:41:15.937 [INFO]   [Checking]    [gradle:out]        [com.diffblue.cover.buildsystem.config.a.a] out: Applying dependency management to configuration 'annotationProcessor' in project 'trade-processor'
12:41:15.937 [INFO]   [Checking]    [gradle:out]        [com.diffblue.cover.buildsystem.config.a.a] out: Applying dependency management to configuration 'apiElements' in project 'trade-processor'
12:41:15.937 [INFO]   [Checking]    [gradle:out]        [com.diffblue.cover.buildsystem.config.a.a] out: Applying dependency management to configuration 'archives' in project 'trade-processor'
12:41:15.937 [INFO]   [Checking]    [gradle:out]        [com.diffblue.cover.buildsystem.config.a.a] out: Applying dependency management to configuration 'bootArchives' in project 'trade-processor'
12:41:15.937 [INFO]   [Checking]    [gradle:out]        [com.diffblue.cover.buildsystem.config.a.a] out: Applying dependency management to configuration 'compileClasspath' in project 'trade-processor'
12:41:15.937 [INFO]   [Checking]    [gradle:out]        [com.diffblue.cover.buildsystem.config.a.a] out: Applying dependency management to configuration 'compileOnly' in project 'trade-processor'
12:41:15.937 [INFO]   [Checking]    [gradle:out]        [com.diffblue.cover.buildsystem.config.a.a] out: Applying dependency management to configuration 'default' in project 'trade-processor'
12:41:15.937 [INFO]   [Checking]    [gradle:out]        [com.diffblue.cover.buildsystem.config.a.a] out: Applying dependency management to configuration 'developmentOnly' in project 'trade-processor'
12:41:15.937 [INFO]   [Checking]    [gradle:out]        [com.diffblue.cover.buildsystem.config.a.a] out: Applying dependency management to configuration 'implementation' in project 'trade-processor'
12:41:15.937 [INFO]   [Checking]    [gradle:out]        [com.diffblue.cover.buildsystem.config.a.a] out: Applying dependency management to configuration 'mainSourceElements' in project 'trade-processor'
12:41:15.937 [INFO]   [Checking]    [gradle:out]        [com.diffblue.cover.buildsystem.config.a.a] out: Applying dependency management to configuration 'productionRuntimeClasspath' in project 'trade-processor'
12:41:15.937 [INFO]   [Checking]    [gradle:out]        [com.diffblue.cover.buildsystem.config.a.a] out: Applying dependency management to configuration 'runtimeClasspath' in project 'trade-processor'
12:41:15.938 [INFO]   [Checking]    [gradle:out]        [com.diffblue.cover.buildsystem.config.a.a] out: Applying dependency management to configuration 'runtimeElements' in project 'trade-processor'
12:41:15.938 [INFO]   [Checking]    [gradle:out]        [com.diffblue.cover.buildsystem.config.a.a] out: Applying dependency management to configuration 'runtimeOnly' in project 'trade-processor'
12:41:15.938 [INFO]   [Checking]    [gradle:out]        [com.diffblue.cover.buildsystem.config.a.a] out: Applying dependency management to configuration 'testAndDevelopmentOnly' in project 'trade-processor'
12:41:15.938 [INFO]   [Checking]    [gradle:out]        [com.diffblue.cover.buildsystem.config.a.a] out: Applying dependency management to configuration 'testAnnotationProcessor' in project 'trade-processor'
12:41:15.938 [INFO]   [Checking]    [gradle:out]        [com.diffblue.cover.buildsystem.config.a.a] out: Applying dependency management to configuration 'testCompileClasspath' in project 'trade-processor'
12:41:15.938 [INFO]   [Checking]    [gradle:out]        [com.diffblue.cover.buildsystem.config.a.a] out: Applying dependency management to configuration 'testCompileOnly' in project 'trade-processor'
12:41:15.938 [INFO]   [Checking]    [gradle:out]        [com.diffblue.cover.buildsystem.config.a.a] out: Applying dependency management to configuration 'testImplementation' in project 'trade-processor'
12:41:15.938 [INFO]   [Checking]    [gradle:out]        [com.diffblue.cover.buildsystem.config.a.a] out: Applying dependency management to configuration 'testResultsElementsForTest' in project 'trade-processor'
12:41:15.938 [INFO]   [Checking]    [gradle:out]        [com.diffblue.cover.buildsystem.config.a.a] out: Applying dependency management to configuration 'testRuntimeClasspath' in project 'trade-processor'
12:41:15.938 [INFO]   [Checking]    [gradle:out]        [com.diffblue.cover.buildsystem.config.a.a] out: Applying dependency management to configuration 'testRuntimeOnly' in project 'trade-processor'
12:41:15.938 [INFO]   [Checking]    [gradle:out]        [com.diffblue.cover.buildsystem.config.a.a] out: Configuring Jacoco Plugin for use with Diffblue Cover
12:41:15.938 [INFO]   [Checking]    [gradle:out]        [com.diffblue.cover.buildsystem.config.a.a] out: Applying dependency management to configuration 'jacocoAgent' in project 'trade-processor'
12:41:15.938 [INFO]   [Checking]    [gradle:out]        [com.diffblue.cover.buildsystem.config.a.a] out: Applying dependency management to configuration 'jacocoAnt' in project 'trade-processor'
12:41:15.938 [INFO]   [Checking]    [gradle:out]        [com.diffblue.cover.buildsystem.config.a.a] out: Applying dependency management to configuration 'coverageDataElementsForTest' in project 'trade-processor'
12:41:15.938 [INFO]   [Checking]    [gradle:out]        [com.diffblue.cover.buildsystem.config.a.a] out: Configuring task :trade-processor:test for use with Diffblue Cover
12:41:15.938 [INFO]   [Checking]    [gradle:out]        [com.diffblue.cover.buildsystem.config.a.a] out: ignoreFailures: false
12:41:15.938 [INFO]   [Checking]    [gradle:out]        [com.diffblue.cover.buildsystem.config.a.a] out: excludes: []
12:41:15.938 [INFO]   [Checking]    [gradle:out]        [com.diffblue.cover.buildsystem.config.a.a] out: includes: []
12:41:15.939 [INFO]   [Checking]    [gradle:out]        [com.diffblue.cover.buildsystem.config.a.a] out: No group filtering configured
12:41:15.939 [INFO]   [Checking]    [gradle:out]        [com.diffblue.cover.buildsystem.config.a.a] out: Saving execution data to: /home/jbergqvist/diffblue/finos-traderX/trade-processor/build/jacoco/test.exec
12:41:15.939 [INFO]   [Checking]    [gradle:out]        [com.diffblue.cover.buildsystem.config.a.a] out: testFramework: class org.gradle.api.internal.tasks.testing.junitplatform.JUnitPlatformTestFramework
12:41:15.939 [INFO]   [Checking]    [gradle:out]        [com.diffblue.cover.buildsystem.config.a.a] out: Getting testXMLPath
12:41:15.939 [INFO]   [Checking]    [gradle:out]        [com.diffblue.cover.buildsystem.config.a.a] out: testXMLPath exists: true
12:41:15.939 [INFO]   [Checking]    [gradle:out]        [com.diffblue.cover.buildsystem.config.a.a] out: diffblueTempPath: /home/jbergqvist/diffblue/finos-traderX/trade-processor/build/test-results/diffblueTemp
12:41:15.939 [INFO]   [Checking]    [gradle:out]        [com.diffblue.cover.buildsystem.config.a.a] out: diffblueTempPath exists after mkdir: true
12:41:15.939 [INFO]   [Checking]    [gradle:out]        [com.diffblue.cover.buildsystem.config.a.a] out: Configuring task :trade-processor:jacocoTestReport for use with Diffblue Cover
12:41:15.939 [INFO]   [Checking]    [gradle:out]        [com.diffblue.cover.buildsystem.config.a.a] out: executionData: file collection
12:41:15.939 [INFO]   [Checking]    [gradle:out]        [com.diffblue.cover.buildsystem.config.a.a] out: exec files to make report: [/home/jbergqvist/diffblue/finos-traderX/trade-processor/build/jacoco/test.exec]
12:41:15.939 [INFO]   [Checking]    [gradle:out]        [com.diffblue.cover.buildsystem.config.a.a] out: exec files to make report from: [org.gradle.testing.jacoco.tasks.JacocoReportBase$2@3f97b0a]
12:41:15.939 [INFO]   [Checking]    [gradle:out]        [com.diffblue.cover.buildsystem.config.a.a] out: Configuring task :trade-processor:jacocoTestReportDeletePrevious for use with Diffblue Cover
12:41:15.939 [INFO]   [Checking]    [gradle:out]        [com.diffblue.cover.buildsystem.config.a.a] out: Adding /home/jbergqvist/diffblue/finos-traderX/trade-processor/build/reports/jacoco/test/jacocoTestReport.xml to be deleted
12:41:15.939 [INFO]   [Checking]    [gradle:out]        [com.diffblue.cover.buildsystem.config.a.a] out: Configuring task :trade-processor:jacocoTestReportPrepareEmptyExec for use with Diffblue Cover
12:41:15.939 [INFO]   [Checking]    [gradle:out]        [com.diffblue.cover.buildsystem.config.a.a] out: Configuring task :trade-processor:testMoveTestXMLBack for use with Diffblue Cover
12:41:15.939 [INFO]   [Checking]    [gradle:out]        [com.diffblue.cover.buildsystem.config.a.a] out: testXMLPath exists: true
12:41:15.939 [INFO]   [Checking]    [gradle:out]        [com.diffblue.cover.buildsystem.config.a.a] out: diffblueTempPath before: {}
12:41:15.939 [INFO]   [Checking]    [gradle:out]        [com.diffblue.cover.buildsystem.config.a.a] out: textXmlPAth files before: {}
12:41:15.939 [INFO]   [Checking]    [gradle:out]        [com.diffblue.cover.buildsystem.config.a.a] out: Configuring task :trade-processor:testMoveBackJacocoExec for use with Diffblue Cover
12:41:15.939 [INFO]   [Checking]    [gradle:out]        [com.diffblue.cover.buildsystem.config.a.a] out: Configuring task :trade-processor:testDeletePreviousExecFiles for use with Diffblue Cover
12:41:16.032 [INFO]   [Checking]    [gradle:out]        [com.diffblue.cover.buildsystem.config.a.a] out: 
12:41:16.032 [INFO]   [Checking]    [gradle:out]        [com.diffblue.cover.buildsystem.config.a.a] out: > Configure project :trade-service
12:41:16.032 [INFO]   [Checking]    [gradle:out]        [com.diffblue.cover.buildsystem.config.a.a] out: Evaluating project ':trade-service' using build file '/home/jbergqvist/diffblue/finos-traderX/trade-service/build.gradle'.
12:41:16.032 [INFO]   [Checking]    [gradle:out]        [com.diffblue.cover.buildsystem.config.a.a] out: Transforming spring-boot-gradle-plugin-3.3.3.jar (org.springframework.boot:spring-boot-gradle-plugin:3.3.3) with InstrumentationAnalysisTransform
12:41:16.032 [INFO]   [Checking]    [gradle:out]        [com.diffblue.cover.buildsystem.config.a.a] out: Transforming dependency-management-plugin-1.1.6.jar (io.spring.gradle:dependency-management-plugin:1.1.6) with InstrumentationAnalysisTransform
12:41:16.032 [INFO]   [Checking]    [gradle:out]        [com.diffblue.cover.buildsystem.config.a.a] out: Transforming spring-boot-buildpack-platform-3.3.3.jar (org.springframework.boot:spring-boot-buildpack-platform:3.3.3) with InstrumentationAnalysisTransform
12:41:16.032 [INFO]   [Checking]    [gradle:out]        [com.diffblue.cover.buildsystem.config.a.a] out: Transforming spring-boot-loader-tools-3.3.3.jar (org.springframework.boot:spring-boot-loader-tools:3.3.3) with InstrumentationAnalysisTransform
12:41:16.032 [INFO]   [Checking]    [gradle:out]        [com.diffblue.cover.buildsystem.config.a.a] out: Transforming commons-compress-1.25.0.jar (org.apache.commons:commons-compress:1.25.0) with InstrumentationAnalysisTransform
12:41:16.032 [INFO]   [Checking]    [gradle:out]        [com.diffblue.cover.buildsystem.config.a.a] out: Transforming spring-core-6.1.12.jar (org.springframework:spring-core:6.1.12) with InstrumentationAnalysisTransform
12:41:16.033 [INFO]   [Checking]    [gradle:out]        [com.diffblue.cover.buildsystem.config.a.a] out: Transforming jackson-annotations-2.14.2.jar (com.fasterxml.jackson.core:jackson-annotations:2.14.2) with InstrumentationAnalysisTransform
12:41:16.033 [INFO]   [Checking]    [gradle:out]        [com.diffblue.cover.buildsystem.config.a.a] out: Transforming jackson-core-2.14.2.jar (com.fasterxml.jackson.core:jackson-core:2.14.2) with InstrumentationAnalysisTransform
12:41:16.033 [INFO]   [Checking]    [gradle:out]        [com.diffblue.cover.buildsystem.config.a.a] out: Transforming jackson-module-parameter-names-2.14.2.jar (com.fasterxml.jackson.module:jackson-module-parameter-names:2.14.2) with InstrumentationAnalysisTransform
12:41:16.033 [INFO]   [Checking]    [gradle:out]        [com.diffblue.cover.buildsystem.config.a.a] out: Transforming jackson-databind-2.14.2.jar (com.fasterxml.jackson.core:jackson-databind:2.14.2) with InstrumentationAnalysisTransform
12:41:16.033 [INFO]   [Checking]    [gradle:out]        [com.diffblue.cover.buildsystem.config.a.a] out: Transforming jna-platform-5.13.0.jar (net.java.dev.jna:jna-platform:5.13.0) with InstrumentationAnalysisTransform
12:41:16.033 [INFO]   [Checking]    [gradle:out]        [com.diffblue.cover.buildsystem.config.a.a] out: Transforming httpclient5-5.3.1.jar (org.apache.httpcomponents.client5:httpclient5:5.3.1) with InstrumentationAnalysisTransform
12:41:16.033 [INFO]   [Checking]    [gradle:out]        [com.diffblue.cover.buildsystem.config.a.a] out: Transforming tomlj-1.0.0.jar (org.tomlj:tomlj:1.0.0) with InstrumentationAnalysisTransform
12:41:16.033 [INFO]   [Checking]    [gradle:out]        [com.diffblue.cover.buildsystem.config.a.a] out: Transforming spring-jcl-6.1.12.jar (org.springframework:spring-jcl:6.1.12) with InstrumentationAnalysisTransform
12:41:16.033 [INFO]   [Checking]    [gradle:out]        [com.diffblue.cover.buildsystem.config.a.a] out: Transforming jna-5.13.0.jar (net.java.dev.jna:jna:5.13.0) with InstrumentationAnalysisTransform
12:41:16.033 [INFO]   [Checking]    [gradle:out]        [com.diffblue.cover.buildsystem.config.a.a] out: Transforming httpcore5-h2-5.2.4.jar (org.apache.httpcomponents.core5:httpcore5-h2:5.2.4) with InstrumentationAnalysisTransform
12:41:16.033 [INFO]   [Checking]    [gradle:out]        [com.diffblue.cover.buildsystem.config.a.a] out: Transforming httpcore5-5.2.4.jar (org.apache.httpcomponents.core5:httpcore5:5.2.4) with InstrumentationAnalysisTransform
12:41:16.033 [INFO]   [Checking]    [gradle:out]        [com.diffblue.cover.buildsystem.config.a.a] out: Transforming slf4j-api-1.7.36.jar (org.slf4j:slf4j-api:1.7.36) with InstrumentationAnalysisTransform
12:41:16.033 [INFO]   [Checking]    [gradle:out]        [com.diffblue.cover.buildsystem.config.a.a] out: Transforming antlr4-runtime-4.7.2.jar (org.antlr:antlr4-runtime:4.7.2) with InstrumentationAnalysisTransform
12:41:16.033 [INFO]   [Checking]    [gradle:out]        [com.diffblue.cover.buildsystem.config.a.a] out: Transforming jsr305-3.0.2.jar (com.google.code.findbugs:jsr305:3.0.2) with InstrumentationAnalysisTransform
12:41:16.033 [INFO]   [Checking]    [gradle:out]        [com.diffblue.cover.buildsystem.config.a.a] out: Transforming spring-boot-gradle-plugin-3.3.3.jar (org.springframework.boot:spring-boot-gradle-plugin:3.3.3) with InstrumentationAnalysisTransform
12:41:16.033 [INFO]   [Checking]    [gradle:out]        [com.diffblue.cover.buildsystem.config.a.a] out: Transforming spring-boot-gradle-plugin-3.3.3.jar (org.springframework.boot:spring-boot-gradle-plugin:3.3.3) with MergeInstrumentationAnalysisTransform
12:41:16.033 [INFO]   [Checking]    [gradle:out]        [com.diffblue.cover.buildsystem.config.a.a] out: Transforming dependency-management-plugin-1.1.6.jar (io.spring.gradle:dependency-management-plugin:1.1.6) with InstrumentationAnalysisTransform
12:41:16.033 [INFO]   [Checking]    [gradle:out]        [com.diffblue.cover.buildsystem.config.a.a] out: Transforming dependency-management-plugin-1.1.6.jar (io.spring.gradle:dependency-management-plugin:1.1.6) with MergeInstrumentationAnalysisTransform
12:41:16.033 [INFO]   [Checking]    [gradle:out]        [com.diffblue.cover.buildsystem.config.a.a] out: Transforming spring-boot-gradle-plugin-3.3.3.jar (org.springframework.boot:spring-boot-gradle-plugin:3.3.3) with ExternalDependencyInstrumentingArtifactTransform
12:41:16.033 [INFO]   [Checking]    [gradle:out]        [com.diffblue.cover.buildsystem.config.a.a] out: Transforming spring-boot-buildpack-platform-3.3.3.jar (org.springframework.boot:spring-boot-buildpack-platform:3.3.3) with InstrumentationAnalysisTransform
12:41:16.033 [INFO]   [Checking]    [gradle:out]        [com.diffblue.cover.buildsystem.config.a.a] out: Transforming spring-boot-buildpack-platform-3.3.3.jar (org.springframework.boot:spring-boot-buildpack-platform:3.3.3) with MergeInstrumentationAnalysisTransform
12:41:16.033 [INFO]   [Checking]    [gradle:out]        [com.diffblue.cover.buildsystem.config.a.a] out: Transforming dependency-management-plugin-1.1.6.jar (io.spring.gradle:dependency-management-plugin:1.1.6) with ExternalDependencyInstrumentingArtifactTransform
12:41:16.033 [INFO]   [Checking]    [gradle:out]        [com.diffblue.cover.buildsystem.config.a.a] out: Transforming spring-boot-loader-tools-3.3.3.jar (org.springframework.boot:spring-boot-loader-tools:3.3.3) with InstrumentationAnalysisTransform
12:41:16.033 [INFO]   [Checking]    [gradle:out]        [com.diffblue.cover.buildsystem.config.a.a] out: Transforming spring-boot-loader-tools-3.3.3.jar (org.springframework.boot:spring-boot-loader-tools:3.3.3) with MergeInstrumentationAnalysisTransform
12:41:16.033 [INFO]   [Checking]    [gradle:out]        [com.diffblue.cover.buildsystem.config.a.a] out: Transforming spring-boot-buildpack-platform-3.3.3.jar (org.springframework.boot:spring-boot-buildpack-platform:3.3.3) with ExternalDependencyInstrumentingArtifactTransform
12:41:16.034 [INFO]   [Checking]    [gradle:out]        [com.diffblue.cover.buildsystem.config.a.a] out: Transforming commons-compress-1.25.0.jar (org.apache.commons:commons-compress:1.25.0) with InstrumentationAnalysisTransform
12:41:16.034 [INFO]   [Checking]    [gradle:out]        [com.diffblue.cover.buildsystem.config.a.a] out: Transforming commons-compress-1.25.0.jar (org.apache.commons:commons-compress:1.25.0) with MergeInstrumentationAnalysisTransform
12:41:16.034 [INFO]   [Checking]    [gradle:out]        [com.diffblue.cover.buildsystem.config.a.a] out: Transforming spring-boot-loader-tools-3.3.3.jar (org.springframework.boot:spring-boot-loader-tools:3.3.3) with ExternalDependencyInstrumentingArtifactTransform
12:41:16.034 [INFO]   [Checking]    [gradle:out]        [com.diffblue.cover.buildsystem.config.a.a] out: Transforming spring-core-6.1.12.jar (org.springframework:spring-core:6.1.12) with InstrumentationAnalysisTransform
12:41:16.034 [INFO]   [Checking]    [gradle:out]        [com.diffblue.cover.buildsystem.config.a.a] out: Transforming spring-core-6.1.12.jar (org.springframework:spring-core:6.1.12) with MergeInstrumentationAnalysisTransform
12:41:16.034 [INFO]   [Checking]    [gradle:out]        [com.diffblue.cover.buildsystem.config.a.a] out: Transforming commons-compress-1.25.0.jar (org.apache.commons:commons-compress:1.25.0) with ExternalDependencyInstrumentingArtifactTransform
12:41:16.034 [INFO]   [Checking]    [gradle:out]        [com.diffblue.cover.buildsystem.config.a.a] out: Transforming jackson-annotations-2.14.2.jar (com.fasterxml.jackson.core:jackson-annotations:2.14.2) with InstrumentationAnalysisTransform
12:41:16.034 [INFO]   [Checking]    [gradle:out]        [com.diffblue.cover.buildsystem.config.a.a] out: Transforming jackson-annotations-2.14.2.jar (com.fasterxml.jackson.core:jackson-annotations:2.14.2) with MergeInstrumentationAnalysisTransform
12:41:16.034 [INFO]   [Checking]    [gradle:out]        [com.diffblue.cover.buildsystem.config.a.a] out: Transforming spring-core-6.1.12.jar (org.springframework:spring-core:6.1.12) with ExternalDependencyInstrumentingArtifactTransform
12:41:16.034 [INFO]   [Checking]    [gradle:out]        [com.diffblue.cover.buildsystem.config.a.a] out: Transforming jackson-core-2.14.2.jar (com.fasterxml.jackson.core:jackson-core:2.14.2) with InstrumentationAnalysisTransform
12:41:16.034 [INFO]   [Checking]    [gradle:out]        [com.diffblue.cover.buildsystem.config.a.a] out: Transforming jackson-core-2.14.2.jar (com.fasterxml.jackson.core:jackson-core:2.14.2) with MergeInstrumentationAnalysisTransform
12:41:16.034 [INFO]   [Checking]    [gradle:out]        [com.diffblue.cover.buildsystem.config.a.a] out: Transforming jackson-annotations-2.14.2.jar (com.fasterxml.jackson.core:jackson-annotations:2.14.2) with ExternalDependencyInstrumentingArtifactTransform
12:41:16.034 [INFO]   [Checking]    [gradle:out]        [com.diffblue.cover.buildsystem.config.a.a] out: Transforming jackson-module-parameter-names-2.14.2.jar (com.fasterxml.jackson.module:jackson-module-parameter-names:2.14.2) with InstrumentationAnalysisTransform
12:41:16.034 [INFO]   [Checking]    [gradle:out]        [com.diffblue.cover.buildsystem.config.a.a] out: Transforming jackson-module-parameter-names-2.14.2.jar (com.fasterxml.jackson.module:jackson-module-parameter-names:2.14.2) with MergeInstrumentationAnalysisTransform
12:41:16.034 [INFO]   [Checking]    [gradle:out]        [com.diffblue.cover.buildsystem.config.a.a] out: Transforming jackson-core-2.14.2.jar (com.fasterxml.jackson.core:jackson-core:2.14.2) with ExternalDependencyInstrumentingArtifactTransform
12:41:16.034 [INFO]   [Checking]    [gradle:out]        [com.diffblue.cover.buildsystem.config.a.a] out: Transforming jackson-databind-2.14.2.jar (com.fasterxml.jackson.core:jackson-databind:2.14.2) with InstrumentationAnalysisTransform
12:41:16.034 [INFO]   [Checking]    [gradle:out]        [com.diffblue.cover.buildsystem.config.a.a] out: Transforming jackson-databind-2.14.2.jar (com.fasterxml.jackson.core:jackson-databind:2.14.2) with MergeInstrumentationAnalysisTransform
12:41:16.034 [INFO]   [Checking]    [gradle:out]        [com.diffblue.cover.buildsystem.config.a.a] out: Transforming jackson-module-parameter-names-2.14.2.jar (com.fasterxml.jackson.module:jackson-module-parameter-names:2.14.2) with ExternalDependencyInstrumentingArtifactTransform
12:41:16.034 [INFO]   [Checking]    [gradle:out]        [com.diffblue.cover.buildsystem.config.a.a] out: Transforming jna-platform-5.13.0.jar (net.java.dev.jna:jna-platform:5.13.0) with InstrumentationAnalysisTransform
12:41:16.034 [INFO]   [Checking]    [gradle:out]        [com.diffblue.cover.buildsystem.config.a.a] out: Transforming jna-platform-5.13.0.jar (net.java.dev.jna:jna-platform:5.13.0) with MergeInstrumentationAnalysisTransform
12:41:16.034 [INFO]   [Checking]    [gradle:out]        [com.diffblue.cover.buildsystem.config.a.a] out: Transforming jackson-databind-2.14.2.jar (com.fasterxml.jackson.core:jackson-databind:2.14.2) with ExternalDependencyInstrumentingArtifactTransform
12:41:16.034 [INFO]   [Checking]    [gradle:out]        [com.diffblue.cover.buildsystem.config.a.a] out: Transforming httpclient5-5.3.1.jar (org.apache.httpcomponents.client5:httpclient5:5.3.1) with InstrumentationAnalysisTransform
12:41:16.034 [INFO]   [Checking]    [gradle:out]        [com.diffblue.cover.buildsystem.config.a.a] out: Transforming httpclient5-5.3.1.jar (org.apache.httpcomponents.client5:httpclient5:5.3.1) with MergeInstrumentationAnalysisTransform
12:41:16.035 [INFO]   [Checking]    [gradle:out]        [com.diffblue.cover.buildsystem.config.a.a] out: Transforming jna-platform-5.13.0.jar (net.java.dev.jna:jna-platform:5.13.0) with ExternalDependencyInstrumentingArtifactTransform
12:41:16.035 [INFO]   [Checking]    [gradle:out]        [com.diffblue.cover.buildsystem.config.a.a] out: Transforming tomlj-1.0.0.jar (org.tomlj:tomlj:1.0.0) with InstrumentationAnalysisTransform
12:41:16.035 [INFO]   [Checking]    [gradle:out]        [com.diffblue.cover.buildsystem.config.a.a] out: Transforming tomlj-1.0.0.jar (org.tomlj:tomlj:1.0.0) with MergeInstrumentationAnalysisTransform
12:41:16.035 [INFO]   [Checking]    [gradle:out]        [com.diffblue.cover.buildsystem.config.a.a] out: Transforming httpclient5-5.3.1.jar (org.apache.httpcomponents.client5:httpclient5:5.3.1) with ExternalDependencyInstrumentingArtifactTransform
12:41:16.035 [INFO]   [Checking]    [gradle:out]        [com.diffblue.cover.buildsystem.config.a.a] out: Transforming spring-jcl-6.1.12.jar (org.springframework:spring-jcl:6.1.12) with InstrumentationAnalysisTransform
12:41:16.035 [INFO]   [Checking]    [gradle:out]        [com.diffblue.cover.buildsystem.config.a.a] out: Transforming spring-jcl-6.1.12.jar (org.springframework:spring-jcl:6.1.12) with MergeInstrumentationAnalysisTransform
12:41:16.035 [INFO]   [Checking]    [gradle:out]        [com.diffblue.cover.buildsystem.config.a.a] out: Transforming tomlj-1.0.0.jar (org.tomlj:tomlj:1.0.0) with ExternalDependencyInstrumentingArtifactTransform
12:41:16.035 [INFO]   [Checking]    [gradle:out]        [com.diffblue.cover.buildsystem.config.a.a] out: Transforming jna-5.13.0.jar (net.java.dev.jna:jna:5.13.0) with InstrumentationAnalysisTransform
12:41:16.035 [INFO]   [Checking]    [gradle:out]        [com.diffblue.cover.buildsystem.config.a.a] out: Transforming jna-5.13.0.jar (net.java.dev.jna:jna:5.13.0) with MergeInstrumentationAnalysisTransform
12:41:16.035 [INFO]   [Checking]    [gradle:out]        [com.diffblue.cover.buildsystem.config.a.a] out: Transforming spring-jcl-6.1.12.jar (org.springframework:spring-jcl:6.1.12) with ExternalDependencyInstrumentingArtifactTransform
12:41:16.035 [INFO]   [Checking]    [gradle:out]        [com.diffblue.cover.buildsystem.config.a.a] out: Transforming httpcore5-h2-5.2.4.jar (org.apache.httpcomponents.core5:httpcore5-h2:5.2.4) with InstrumentationAnalysisTransform
12:41:16.035 [INFO]   [Checking]    [gradle:out]        [com.diffblue.cover.buildsystem.config.a.a] out: Transforming httpcore5-h2-5.2.4.jar (org.apache.httpcomponents.core5:httpcore5-h2:5.2.4) with MergeInstrumentationAnalysisTransform
12:41:16.035 [INFO]   [Checking]    [gradle:out]        [com.diffblue.cover.buildsystem.config.a.a] out: Transforming jna-5.13.0.jar (net.java.dev.jna:jna:5.13.0) with ExternalDependencyInstrumentingArtifactTransform
12:41:16.035 [INFO]   [Checking]    [gradle:out]        [com.diffblue.cover.buildsystem.config.a.a] out: Transforming httpcore5-5.2.4.jar (org.apache.httpcomponents.core5:httpcore5:5.2.4) with InstrumentationAnalysisTransform
12:41:16.036 [INFO]   [Checking]    [gradle:out]        [com.diffblue.cover.buildsystem.config.a.a] out: Transforming httpcore5-5.2.4.jar (org.apache.httpcomponents.core5:httpcore5:5.2.4) with MergeInstrumentationAnalysisTransform
12:41:16.036 [INFO]   [Checking]    [gradle:out]        [com.diffblue.cover.buildsystem.config.a.a] out: Transforming httpcore5-h2-5.2.4.jar (org.apache.httpcomponents.core5:httpcore5-h2:5.2.4) with ExternalDependencyInstrumentingArtifactTransform
12:41:16.036 [INFO]   [Checking]    [gradle:out]        [com.diffblue.cover.buildsystem.config.a.a] out: Transforming slf4j-api-1.7.36.jar (org.slf4j:slf4j-api:1.7.36) with InstrumentationAnalysisTransform
12:41:16.036 [INFO]   [Checking]    [gradle:out]        [com.diffblue.cover.buildsystem.config.a.a] out: Transforming slf4j-api-1.7.36.jar (org.slf4j:slf4j-api:1.7.36) with MergeInstrumentationAnalysisTransform
12:41:16.036 [INFO]   [Checking]    [gradle:out]        [com.diffblue.cover.buildsystem.config.a.a] out: Transforming httpcore5-5.2.4.jar (org.apache.httpcomponents.core5:httpcore5:5.2.4) with ExternalDependencyInstrumentingArtifactTransform
12:41:16.036 [INFO]   [Checking]    [gradle:out]        [com.diffblue.cover.buildsystem.config.a.a] out: Transforming antlr4-runtime-4.7.2.jar (org.antlr:antlr4-runtime:4.7.2) with InstrumentationAnalysisTransform
12:41:16.036 [INFO]   [Checking]    [gradle:out]        [com.diffblue.cover.buildsystem.config.a.a] out: Transforming antlr4-runtime-4.7.2.jar (org.antlr:antlr4-runtime:4.7.2) with MergeInstrumentationAnalysisTransform
12:41:16.036 [INFO]   [Checking]    [gradle:out]        [com.diffblue.cover.buildsystem.config.a.a] out: Transforming slf4j-api-1.7.36.jar (org.slf4j:slf4j-api:1.7.36) with ExternalDependencyInstrumentingArtifactTransform
12:41:16.036 [INFO]   [Checking]    [gradle:out]        [com.diffblue.cover.buildsystem.config.a.a] out: Transforming jsr305-3.0.2.jar (com.google.code.findbugs:jsr305:3.0.2) with InstrumentationAnalysisTransform
12:41:16.036 [INFO]   [Checking]    [gradle:out]        [com.diffblue.cover.buildsystem.config.a.a] out: Transforming jsr305-3.0.2.jar (com.google.code.findbugs:jsr305:3.0.2) with MergeInstrumentationAnalysisTransform
12:41:16.036 [INFO]   [Checking]    [gradle:out]        [com.diffblue.cover.buildsystem.config.a.a] out: Transforming antlr4-runtime-4.7.2.jar (org.antlr:antlr4-runtime:4.7.2) with ExternalDependencyInstrumentingArtifactTransform
12:41:16.036 [INFO]   [Checking]    [gradle:out]        [com.diffblue.cover.buildsystem.config.a.a] out: Transforming jsr305-3.0.2.jar (com.google.code.findbugs:jsr305:3.0.2) with ExternalDependencyInstrumentingArtifactTransform
12:41:16.036 [INFO]   [Checking]    [gradle:out]        [com.diffblue.cover.buildsystem.config.a.a] out: Applying dependency management to configuration 'annotationProcessor' in project 'trade-service'
12:41:16.036 [INFO]   [Checking]    [gradle:out]        [com.diffblue.cover.buildsystem.config.a.a] out: Applying dependency management to configuration 'apiElements' in project 'trade-service'
12:41:16.036 [INFO]   [Checking]    [gradle:out]        [com.diffblue.cover.buildsystem.config.a.a] out: Applying dependency management to configuration 'archives' in project 'trade-service'
12:41:16.036 [INFO]   [Checking]    [gradle:out]        [com.diffblue.cover.buildsystem.config.a.a] out: Applying dependency management to configuration 'bootArchives' in project 'trade-service'
12:41:16.036 [INFO]   [Checking]    [gradle:out]        [com.diffblue.cover.buildsystem.config.a.a] out: Applying dependency management to configuration 'compileClasspath' in project 'trade-service'
12:41:16.036 [INFO]   [Checking]    [gradle:out]        [com.diffblue.cover.buildsystem.config.a.a] out: Applying dependency management to configuration 'compileOnly' in project 'trade-service'
12:41:16.036 [INFO]   [Checking]    [gradle:out]        [com.diffblue.cover.buildsystem.config.a.a] out: Applying dependency management to configuration 'default' in project 'trade-service'
12:41:16.036 [INFO]   [Checking]    [gradle:out]        [com.diffblue.cover.buildsystem.config.a.a] out: Applying dependency management to configuration 'developmentOnly' in project 'trade-service'
12:41:16.037 [INFO]   [Checking]    [gradle:out]        [com.diffblue.cover.buildsystem.config.a.a] out: Applying dependency management to configuration 'implementation' in project 'trade-service'
12:41:16.037 [INFO]   [Checking]    [gradle:out]        [com.diffblue.cover.buildsystem.config.a.a] out: Applying dependency management to configuration 'mainSourceElements' in project 'trade-service'
12:41:16.037 [INFO]   [Checking]    [gradle:out]        [com.diffblue.cover.buildsystem.config.a.a] out: Applying dependency management to configuration 'productionRuntimeClasspath' in project 'trade-service'
12:41:16.037 [INFO]   [Checking]    [gradle:out]        [com.diffblue.cover.buildsystem.config.a.a] out: Applying dependency management to configuration 'runtimeClasspath' in project 'trade-service'
12:41:16.037 [INFO]   [Checking]    [gradle:out]        [com.diffblue.cover.buildsystem.config.a.a] out: Applying dependency management to configuration 'runtimeElements' in project 'trade-service'
12:41:16.037 [INFO]   [Checking]    [gradle:out]        [com.diffblue.cover.buildsystem.config.a.a] out: Applying dependency management to configuration 'runtimeOnly' in project 'trade-service'
12:41:16.037 [INFO]   [Checking]    [gradle:out]        [com.diffblue.cover.buildsystem.config.a.a] out: Applying dependency management to configuration 'testAndDevelopmentOnly' in project 'trade-service'
12:41:16.037 [INFO]   [Checking]    [gradle:out]        [com.diffblue.cover.buildsystem.config.a.a] out: Applying dependency management to configuration 'testAnnotationProcessor' in project 'trade-service'
12:41:16.037 [INFO]   [Checking]    [gradle:out]        [com.diffblue.cover.buildsystem.config.a.a] out: Applying dependency management to configuration 'testCompileClasspath' in project 'trade-service'
12:41:16.037 [INFO]   [Checking]    [gradle:out]        [com.diffblue.cover.buildsystem.config.a.a] out: Applying dependency management to configuration 'testCompileOnly' in project 'trade-service'
12:41:16.037 [INFO]   [Checking]    [gradle:out]        [com.diffblue.cover.buildsystem.config.a.a] out: Applying dependency management to configuration 'testImplementation' in project 'trade-service'
12:41:16.037 [INFO]   [Checking]    [gradle:out]        [com.diffblue.cover.buildsystem.config.a.a] out: Applying dependency management to configuration 'testResultsElementsForTest' in project 'trade-service'
12:41:16.037 [INFO]   [Checking]    [gradle:out]        [com.diffblue.cover.buildsystem.config.a.a] out: Applying dependency management to configuration 'testRuntimeClasspath' in project 'trade-service'
12:41:16.037 [INFO]   [Checking]    [gradle:out]        [com.diffblue.cover.buildsystem.config.a.a] out: Applying dependency management to configuration 'testRuntimeOnly' in project 'trade-service'
12:41:16.037 [INFO]   [Checking]    [gradle:out]        [com.diffblue.cover.buildsystem.config.a.a] out: Configuring Jacoco Plugin for use with Diffblue Cover
12:41:16.037 [INFO]   [Checking]    [gradle:out]        [com.diffblue.cover.buildsystem.config.a.a] out: Applying dependency management to configuration 'jacocoAgent' in project 'trade-service'
12:41:16.037 [INFO]   [Checking]    [gradle:out]        [com.diffblue.cover.buildsystem.config.a.a] out: Applying dependency management to configuration 'jacocoAnt' in project 'trade-service'
12:41:16.037 [INFO]   [Checking]    [gradle:out]        [com.diffblue.cover.buildsystem.config.a.a] out: Applying dependency management to configuration 'coverageDataElementsForTest' in project 'trade-service'
12:41:16.037 [INFO]   [Checking]    [gradle:out]        [com.diffblue.cover.buildsystem.config.a.a] out: Configuring task :trade-service:test for use with Diffblue Cover
12:41:16.037 [INFO]   [Checking]    [gradle:out]        [com.diffblue.cover.buildsystem.config.a.a] out: ignoreFailures: false
12:41:16.037 [INFO]   [Checking]    [gradle:out]        [com.diffblue.cover.buildsystem.config.a.a] out: excludes: []
12:41:16.037 [INFO]   [Checking]    [gradle:out]        [com.diffblue.cover.buildsystem.config.a.a] out: includes: []
12:41:16.037 [INFO]   [Checking]    [gradle:out]        [com.diffblue.cover.buildsystem.config.a.a] out: No group filtering configured
12:41:16.037 [INFO]   [Checking]    [gradle:out]        [com.diffblue.cover.buildsystem.config.a.a] out: Saving execution data to: /home/jbergqvist/diffblue/finos-traderX/trade-service/build/jacoco/test.exec
12:41:16.037 [INFO]   [Checking]    [gradle:out]        [com.diffblue.cover.buildsystem.config.a.a] out: testFramework: class org.gradle.api.internal.tasks.testing.junitplatform.JUnitPlatformTestFramework
12:41:16.037 [INFO]   [Checking]    [gradle:out]        [com.diffblue.cover.buildsystem.config.a.a] out: Getting testXMLPath
12:41:16.037 [INFO]   [Checking]    [gradle:out]        [com.diffblue.cover.buildsystem.config.a.a] out: testXMLPath exists: true
12:41:16.038 [INFO]   [Checking]    [gradle:out]        [com.diffblue.cover.buildsystem.config.a.a] out: diffblueTempPath: /home/jbergqvist/diffblue/finos-traderX/trade-service/build/test-results/diffblueTemp
12:41:16.038 [INFO]   [Checking]    [gradle:out]        [com.diffblue.cover.buildsystem.config.a.a] out: diffblueTempPath exists after mkdir: true
12:41:16.038 [INFO]   [Checking]    [gradle:out]        [com.diffblue.cover.buildsystem.config.a.a] out: Configuring task :trade-service:jacocoTestReport for use with Diffblue Cover
12:41:16.038 [INFO]   [Checking]    [gradle:out]        [com.diffblue.cover.buildsystem.config.a.a] out: executionData: file collection
12:41:16.038 [INFO]   [Checking]    [gradle:out]        [com.diffblue.cover.buildsystem.config.a.a] out: exec files to make report: [/home/jbergqvist/diffblue/finos-traderX/trade-service/build/jacoco/test.exec]
12:41:16.038 [INFO]   [Checking]    [gradle:out]        [com.diffblue.cover.buildsystem.config.a.a] out: exec files to make report from: [org.gradle.testing.jacoco.tasks.JacocoReportBase$2@4c5fe7ad]
12:41:16.038 [INFO]   [Checking]    [gradle:out]        [com.diffblue.cover.buildsystem.config.a.a] out: Configuring task :trade-service:jacocoTestReportDeletePrevious for use with Diffblue Cover
12:41:16.038 [INFO]   [Checking]    [gradle:out]        [com.diffblue.cover.buildsystem.config.a.a] out: Adding /home/jbergqvist/diffblue/finos-traderX/trade-service/build/reports/jacoco/test/jacocoTestReport.xml to be deleted
12:41:16.038 [INFO]   [Checking]    [gradle:out]        [com.diffblue.cover.buildsystem.config.a.a] out: Configuring task :trade-service:jacocoTestReportPrepareEmptyExec for use with Diffblue Cover
12:41:16.038 [INFO]   [Checking]    [gradle:out]        [com.diffblue.cover.buildsystem.config.a.a] out: Configuring task :trade-service:testMoveTestXMLBack for use with Diffblue Cover
12:41:16.038 [INFO]   [Checking]    [gradle:out]        [com.diffblue.cover.buildsystem.config.a.a] out: testXMLPath exists: true
12:41:16.038 [INFO]   [Checking]    [gradle:out]        [com.diffblue.cover.buildsystem.config.a.a] out: diffblueTempPath before: {}
12:41:16.038 [INFO]   [Checking]    [gradle:out]        [com.diffblue.cover.buildsystem.config.a.a] out: textXmlPAth files before: {}
12:41:16.038 [INFO]   [Checking]    [gradle:out]        [com.diffblue.cover.buildsystem.config.a.a] out: Configuring task :trade-service:testMoveBackJacocoExec for use with Diffblue Cover
12:41:16.038 [INFO]   [Checking]    [gradle:out]        [com.diffblue.cover.buildsystem.config.a.a] out: Configuring task :trade-service:testDeletePreviousExecFiles for use with Diffblue Cover
12:41:16.038 [INFO]   [Checking]    [gradle:out]        [com.diffblue.cover.buildsystem.config.a.a] out: All projects evaluated.
12:41:16.132 [INFO]   [Checking]    [gradle:out]        [com.diffblue.cover.buildsystem.config.a.a] out: Resolving global dependency management for project 'trade-processor'
12:41:16.732 [INFO]   [Checking]    [gradle:out]        [com.diffblue.cover.buildsystem.config.a.a] out: Excluding []
12:41:16.732 [INFO]   [Checking]    [gradle:out]        [com.diffblue.cover.buildsystem.config.a.a] out: Excluding []
12:41:16.832 [INFO]   [Checking]    [gradle:out]        [com.diffblue.cover.buildsystem.config.a.a] out: Excluding []
12:41:16.832 [INFO]   [Checking]    [gradle:out]        [com.diffblue.cover.buildsystem.config.a.a] out: Resolving global dependency management for project 'trade-service'
12:41:17.132 [INFO]   [Checking]    [gradle:out]        [com.diffblue.cover.buildsystem.config.a.a] out: Excluding []
12:41:17.132 [INFO]   [Checking]    [gradle:out]        [com.diffblue.cover.buildsystem.config.a.a] out: Excluding []
12:41:17.132 [INFO]   [Checking]    [gradle:out]        [com.diffblue.cover.buildsystem.config.a.a] out: Excluding []
12:41:17.132 [INFO]   [Checking]    [gradle:out]        [com.diffblue.cover.buildsystem.config.a.a] out: Resolving global dependency management for project 'position-service'
12:41:17.332 [INFO]   [Checking]    [gradle:out]        [com.diffblue.cover.buildsystem.config.a.a] out: Excluding []
12:41:17.332 [INFO]   [Checking]    [gradle:out]        [com.diffblue.cover.buildsystem.config.a.a] out: Excluding []
12:41:17.432 [INFO]   [Checking]    [gradle:out]        [com.diffblue.cover.buildsystem.config.a.a] out: Excluding []
12:41:17.432 [INFO]   [Checking]    [gradle:out]        [com.diffblue.cover.buildsystem.config.a.a] out: Resolving global dependency management for project 'account-service'
12:41:17.632 [INFO]   [Checking]    [gradle:out]        [com.diffblue.cover.buildsystem.config.a.a] out: Excluding []
12:41:17.632 [INFO]   [Checking]    [gradle:out]        [com.diffblue.cover.buildsystem.config.a.a] out: Excluding []
12:41:17.632 [INFO]   [Checking]    [gradle:out]        [com.diffblue.cover.buildsystem.config.a.a] out: Excluding []
12:41:17.632 [INFO]   [Checking]    [gradle:out]        [com.diffblue.cover.buildsystem.config.a.a] out: Writing Diffblue message (project module type)
12:41:17.733 [INFO]   [Checking]    [gradle:out]        [com.diffblue.cover.buildsystem.internal.f.f] deserializing line [DIFFBLUE]{"__type":"com.diffblue.cover.buildsystem.model.DefaultProjectModuleMessage","project":{"__type":"DefaultProjectModule","junitReport":[],"jacocoReport":[],"jacocoDestFile":[],"jacocoFormats":null,"jacocoSkipped":false,"classpath":null,"complianceLevel":null,"productionSources":null,"testSources":null,"productionClasses":null,"testClasses":null,"sourceToBuildPathMap":{},"testSourceToBuildPathMap":{},"buildDirectory":null,"plugins":[{"__type":"DefaultPlugin","groupId":null,"artefactId":null,"version":null,"pluginClassName":"com.diffblue.cover.buildsystem.gradle.plugin.CoverPlugin"},{"__type":"DefaultPlugin","groupId":null,"artefactId":null,"version":"8.8","pluginClassName":"org.gradle.api.plugins.HelpTasksPlugin$Inject"},{"__type":"DefaultPlugin","groupId":null,"artefactId":null,"version":"8.8","pluginClassName":"org.gradle.buildinit.plugins.BuildInitPlugin$Inject"},{"__type":"DefaultPlugin","groupId":null,"artefactId":null,"version":"8.8","pluginClassName":"org.gradle.buildinit.plugins.WrapperPlugin$Inject"}],"version":"8.8","encoding":null,"name":"gradle","subModules":[{"__type":"DefaultProjectModule","junitReport":["/home/jbergqvist/diffblue/finos-traderX/database/build/test-results/test"],"jacocoReport":["/home/jbergqvist/diffblue/finos-traderX/database/build/reports/jacoco/test/jacocoTestReport.xml"],"jacocoDestFile":["/home/jbergqvist/diffblue/finos-traderX/database/build/jacoco/test.exec"],"jacocoFormats":null,"jacocoSkipped":false,"classpath":["/home/jbergqvist/diffblue/finos-traderX/database/build/classes/java/test","/home/jbergqvist/diffblue/finos-traderX/database/build/resources/test","/home/jbergqvist/diffblue/finos-traderX/database/build/classes/java/main","/home/jbergqvist/diffblue/finos-traderX/database/build/resources/main","/home/jbergqvist/.gradle/caches/modules-2/files-2.1/com.h2database/h2/2.2.224/7bdade27d8cd197d9b5ce9dc251f41d2edc5f7ad/h2-2.2.224.jar"],"complianceLevel":"21","productionSources":["/home/jbergqvist/diffblue/finos-traderX/database/src/main/java"],"testSources":["/home/jbergqvist/diffblue/finos-traderX/database/src/test/java"],"productionClasses":"/home/jbergqvist/diffblue/finos-traderX/database/build/classes/java/main","testClasses":"/home/jbergqvist/diffblue/finos-traderX/database/build/classes/java/test","sourceToBuildPathMap":{},"testSourceToBuildPathMap":{},"buildDirectory":null,"plugins":[{"__type":"DefaultPlugin","groupId":null,"artefactId":null,"version":null,"pluginClassName":"com.diffblue.cover.buildsystem.gradle.plugin.CoverPlugin"},{"__type":"DefaultPlugin","groupId":null,"artefactId":null,"version":"8.8","pluginClassName":"org.gradle.api.plugins.HelpTasksPlugin$Inject"},{"__type":"DefaultPlugin","groupId":null,"artefactId":null,"version":"8.8","pluginClassName":"org.gradle.buildinit.plugins.BuildInitPlugin$Inject"},{"__type":"DefaultPlugin","groupId":null,"artefactId":null,"version":"8.8","pluginClassName":"org.gradle.buildinit.plugins.WrapperPlugin$Inject"},{"__type":"DefaultPlugin","groupId":null,"artefactId":null,"version":"8.8","pluginClassName":"org.gradle.language.base.plugins.LifecycleBasePlugin$Inject"},{"__type":"DefaultPlugin","groupId":null,"artefactId":null,"version":"8.8","pluginClassName":"org.gradle.api.plugins.BasePlugin$Inject"},{"__type":"DefaultPlugin","groupId":null,"artefactId":null,"version":"8.8","pluginClassName":"org.gradle.api.plugins.JvmEcosystemPlugin$Inject"},{"__type":"DefaultPlugin","groupId":null,"artefactId":null,"version":"8.8","pluginClassName":"org.gradle.api.plugins.ReportingBasePlugin$Inject"},{"__type":"DefaultPlugin","groupId":null,"artefactId":null,"version":"8.8","pluginClassName":"org.gradle.api.plugins.JvmToolchainsPlugin$Inject"},{"__type":"DefaultPlugin","groupId":null,"artefactId":null,"version":"8.8","pluginClassName":"org.gradle.api.plugins.JavaBasePlugin$Inject"},{"__type":"DefaultPlugin","groupId":null,"artefactId":null,"version":"8.8","pluginClassName":"org.gradle.testing.base.plugins.TestSuiteBasePlugin$Inject"},{"__type":"DefaultPlugin","groupId":null,"artefactId":null,"version":"8.8","pluginClassName":"org.gradle.api.plugins.JvmTestSuitePlugin$Inject"},{"__type":"DefaultPlugin","groupId":null,"artefactId":null,"version":"8.8","pluginClassName":"org.gradle.api.plugins.JavaPlugin$Inject"},{"__type":"DefaultPlugin","groupId":null,"artefactId":null,"version":"8.8","pluginClassName":"org.gradle.api.distribution.plugins.DistributionPlugin$Inject"},{"__type":"DefaultPlugin","groupId":null,"artefactId":null,"version":"8.8","pluginClassName":"org.gradle.api.plugins.ApplicationPlugin$Inject"},{"__type":"DefaultPlugin","groupId":null,"artefactId":null,"version":"0.8.11","pluginClassName":"org.gradle.testing.jacoco.plugins.JacocoPlugin$Inject"}],"version":"8.8","encoding":null,"name":"gradle","subModules":[],"simpleModuleName":"database","parentModuleName":"","location":"/home/jbergqvist/diffblue/finos-traderX/database","fullModuleName":"database"},{"__type":"DefaultProjectModule","junitReport":["/home/jbergqvist/diffblue/finos-traderX/trade-processor/build/test-results/test"],"jacocoReport":["/home/jbergqvist/diffblue/finos-traderX/trade-processor/build/reports/jacoco/test/jacocoTestReport.xml"],"jacocoDestFile":["/home/jbergqvist/diffblue/finos-traderX/trade-processor/build/jacoco/test.exec"],"jacocoFormats":null,"jacocoSkipped":false,"classpath":["/home/jbergqvist/diffblue/finos-traderX/trade-processor/build/classes/java/test","/home/jbergqvist/diffblue/finos-traderX/trade-processor/build/resources/test","/home/jbergqvist/diffblue/finos-traderX/trade-processor/build/classes/java/main","/home/jbergqvist/diffblue/finos-traderX/trade-processor/build/resources/main","/home/jbergqvist/.gradle/caches/modules-2/files-2.1/org.springframework.boot/spring-boot-starter-data-jpa/3.3.3/7eeb176d6130f7aa83405fe2985fe7cadc11ebc5/spring-boot-starter-data-jpa-3.3.3.jar","/home/jbergqvist/.gradle/caches/modules-2/files-2.1/org.springframework.boot/spring-boot-starter-web/3.3.3/f19325fefd33dc920c0f68547a798ed731a8c70c/spring-boot-starter-web-3.3.3.jar","/home/jbergqvist/.gradle/caches/modules-2/files-2.1/com.h2database/h2/2.2.224/7bdade27d8cd197d9b5ce9dc251f41d2edc5f7ad/h2-2.2.224.jar","/home/jbergqvist/.gradle/caches/modules-2/files-2.1/org.springdoc/springdoc-openapi-starter-webmvc-ui/2.6.0/2dddebb56441dbaa1009c4de434a83c65596f6ad/springdoc-openapi-starter-webmvc-ui-2.6.0.jar","/home/jbergqvist/.gradle/caches/modules-2/files-2.1/org.json/json/20240303/ebb88e8fb5122b7506d5cf1d69f1ccdb790d22a/json-20240303.jar","/home/jbergqvist/.gradle/caches/modules-2/files-2.1/io.socket/socket.io-client/2.1.0/d49d37d8c62bddec4d7d0a65add9859fab666d0e/socket.io-client-2.1.0.jar","/home/jbergqvist/.gradle/caches/modules-2/files-2.1/com.diffblue.cover/cover-annotations/1.8.0/9eb3621b5f61d1dd8d7fa1af6b2c8c3fcf8ee857/cover-annotations-1.8.0.jar","/home/jbergqvist/.gradle/caches/modules-2/files-2.1/org.springframework.boot/spring-boot-starter-test/3.3.3/6774cadaa893fce1f18ff5e528e17f75d32f6670/spring-boot-starter-test-3.3.3.jar","/home/jbergqvist/.gradle/caches/modules-2/files-2.1/org.springframework.boot/spring-boot-starter-aop/3.3.3/f64c22484c1ab36ae70abc752509ec4c7b1abcfc/spring-boot-starter-aop-3.3.3.jar","/home/jbergqvist/.gradle/caches/modules-2/files-2.1/org.springframework.boot/spring-boot-starter-jdbc/3.3.3/c97a56c12c79d1ce419a306ddee4ccb89b7d3728/spring-boot-starter-jdbc-3.3.3.jar","/home/jbergqvist/.gradle/caches/modules-2/files-2.1/org.hibernate.orm/hibernate-core/6.5.2.Final/e9e0cc47f6cd2b2553968aee66bd9e55e7485221/hibernate-core-6.5.2.Final.jar","/home/jbergqvist/.gradle/caches/modules-2/files-2.1/org.springframework.data/spring-data-jpa/3.3.3/9b89dbd19eee24c4dc4df12564efc603c614aa91/spring-data-jpa-3.3.3.jar","/home/jbergqvist/.gradle/caches/modules-2/files-2.1/org.springframework/spring-aspects/6.1.12/b72435b5813755a894531e2cf1565eff1b313574/spring-aspects-6.1.12.jar","/home/jbergqvist/.gradle/caches/modules-2/files-2.1/org.springframework.boot/spring-boot-starter-json/3.3.3/3dde3b6089f772a77763020cc97a219307a8f39f/spring-boot-starter-json-3.3.3.jar","/home/jbergqvist/.gradle/caches/modules-2/files-2.1/org.springframework.boot/spring-boot-starter/3.3.3/174d6cb1c59036a01756d6bf4d8945325f94155f/spring-boot-starter-3.3.3.jar","/home/jbergqvist/.gradle/caches/modules-2/files-2.1/org.springframework.boot/spring-boot-starter-tomcat/3.3.3/8ca660b0ecba2f0ff8ce27603fe89953dc4ec18d/spring-boot-starter-tomcat-3.3.3.jar","/home/jbergqvist/.gradle/caches/modules-2/files-2.1/org.springdoc/springdoc-openapi-starter-webmvc-api/2.6.0/d235c2989247641e5dfe764d7add3a11e4d54a5f/springdoc-openapi-starter-webmvc-api-2.6.0.jar","/home/jbergqvist/.gradle/caches/modules-2/files-2.1/org.springframework/spring-webmvc/6.1.12/86bb0c203d68adb4b2675765f5a372f4c5254b2d/spring-webmvc-6.1.12.jar","/home/jbergqvist/.gradle/caches/modules-2/files-2.1/org.springframework/spring-web/6.1.12/b60e69b3ec87f8e001537a0fa7e3e2732dfafa7e/spring-web-6.1.12.jar","/home/jbergqvist/.gradle/caches/modules-2/files-2.1/org.webjars/swagger-ui/5.17.14/7c746d197424eb721b4e08fcaa9e85231662d81f/swagger-ui-5.17.14.jar","/home/jbergqvist/.gradle/caches/modules-2/files-2.1/io.socket/engine.io-client/2.1.0/fb421e5575e69e1181e5fed3eea351929017f08e/engine.io-client-2.1.0.jar","/home/jbergqvist/.gradle/caches/modules-2/files-2.1/org.springframework.boot/spring-boot-test-autoconfigure/3.3.3/ebce486202d965dc984ff8013a8f87fdb9b6fe46/spring-boot-test-autoconfigure-3.3.3.jar","/home/jbergqvist/.gradle/caches/modules-2/files-2.1/org.springframework.boot/spring-boot-test/3.3.3/42a314ffe171b6fb3932a86a884ef721467dc704/spring-boot-test-3.3.3.jar","/home/jbergqvist/.gradle/caches/modules-2/files-2.1/com.jayway.jsonpath/json-path/2.9.0/37fe2217f577b0b68b18e62c4d17a8858ecf9b69/json-path-2.9.0.jar","/home/jbergqvist/.gradle/caches/modules-2/files-2.1/org.glassfish.jaxb/jaxb-runtime/4.0.5/ca84c2a7169b5293e232b9d00d1e4e36d4c3914a/jaxb-runtime-4.0.5.jar","/home/jbergqvist/.gradle/caches/modules-2/files-2.1/org.glassfish.jaxb/jaxb-core/4.0.5/7b4b11ea5542eea4ad55e1080b23be436795b3/jaxb-core-4.0.5.jar","/home/jbergqvist/.gradle/caches/modules-2/files-2.1/org.springdoc/springdoc-openapi-starter-common/2.6.0/c8cf5fbd1f9e4c410d67f1de27dfc3529de13620/springdoc-openapi-starter-common-2.6.0.jar","/home/jbergqvist/.gradle/caches/modules-2/files-2.1/io.swagger.core.v3/swagger-core-jakarta/2.2.22/9ed5daaaa1c94c9a6b56c058c9d1b3190044a2e2/swagger-core-jakarta-2.2.22.jar","/home/jbergqvist/.gradle/caches/modules-2/files-2.1/jakarta.xml.bind/jakarta.xml.bind-api/4.0.2/6cd5a999b834b63238005b7144136379dc36cad2/jakarta.xml.bind-api-4.0.2.jar","/home/jbergqvist/.gradle/caches/modules-2/files-2.1/net.minidev/json-smart/2.5.1/4c11d2808d009132dfbbf947ebf37de6bf266c8e/json-smart-2.5.1.jar","/home/jbergqvist/.gradle/caches/modules-2/files-2.1/org.assertj/assertj-core/3.25.3/792b270e73aa1cfc28fa135be0b95e69ea451432/assertj-core-3.25.3.jar","/home/jbergqvist/.gradle/caches/modules-2/files-2.1/org.awaitility/awaitility/4.2.2/7336242073ebf83fe034e42b46a403c5501b63c9/awaitility-4.2.2.jar","/home/jbergqvist/.gradle/caches/modules-2/files-2.1/org.hamcrest/hamcrest/2.2/1820c0968dba3a11a1b30669bb1f01978a91dedc/hamcrest-2.2.jar","/home/jbergqvist/.gradle/caches/modules-2/files-2.1/org.mockito/mockito-junit-jupiter/5.11.0/8e658dd339f40305ed4293db25545b5df98b171b/mockito-junit-jupiter-5.11.0.jar","/home/jbergqvist/.gradle/caches/modules-2/files-2.1/org.junit.jupiter/junit-jupiter-params/5.10.3/4852f4e4af9074d9214213b199751f99efeab8b9/junit-jupiter-params-5.10.3.jar","/home/jbergqvist/.gradle/caches/modules-2/files-2.1/org.junit.jupiter/junit-jupiter-engine/5.10.3/48c14e866bb1a87ca35d24ff068463bb202ada24/junit-jupiter-engine-5.10.3.jar","/home/jbergqvist/.gradle/caches/modules-2/files-2.1/org.junit.jupiter/junit-jupiter-api/5.10.3/a22aa91d1d6c69b2020a9aeb6d095ea81132bfa5/junit-jupiter-api-5.10.3.jar","/home/jbergqvist/.gradle/caches/modules-2/files-2.1/org.junit.platform/junit-platform-engine/1.10.3/365a320c3cfd47f3346625e541e424e35dc75c42/junit-platform-engine-1.10.3.jar","/home/jbergqvist/.gradle/caches/modules-2/files-2.1/org.junit.platform/junit-platform-commons/1.10.3/a353d42a2f13343a7cb80c5228ae66ff64495481/junit-platform-commons-1.10.3.jar","/home/jbergqvist/.gradle/caches/modules-2/files-2.1/org.junit.jupiter/junit-jupiter/5.10.3/6686d8fbf251f9bf8ecba413cab57b9e00f9134d/junit-jupiter-5.10.3.jar","/home/jbergqvist/.gradle/caches/modules-2/files-2.1/org.mockito/mockito-core/5.11.0/e4069fa4f4ff2c94322cfec5f2e45341c6c70aff/mockito-core-5.11.0.jar","/home/jbergqvist/.gradle/caches/modules-2/files-2.1/org.skyscreamer/jsonassert/1.5.3/aaa43e0823d2a0e106e8754d6a9c4ab24e05e9bc/jsonassert-1.5.3.jar","/home/jbergqvist/.gradle/caches/modules-2/files-2.1/org.springframework/spring-test/6.1.12/ea59acc56a32e6a46f66c06e5d4c2b8e8c6a2869/spring-test-6.1.12.jar","/home/jbergqvist/.gradle/caches/modules-2/files-2.1/org.springframework.boot/spring-boot-autoconfigure/3.3.3/4445f0bbf838c1e3aeb5a83bf2367fbd1013237f/spring-boot-autoconfigure-3.3.3.jar","/home/jbergqvist/.gradle/caches/modules-2/files-2.1/org.springframework.boot/spring-boot/3.3.3/f34dba93611823e521800a47043267715184911b/spring-boot-3.3.3.jar","/home/jbergqvist/.gradle/caches/modules-2/files-2.1/org.springframework/spring-context/6.1.12/e69d476d1334935529a61f403749c6b8593e3272/spring-context-6.1.12.jar","/home/jbergqvist/.gradle/caches/modules-2/files-2.1/org.springframework/spring-aop/6.1.12/5fce5ff02455fad179fc0ea05435dfb79bbeaa66/spring-aop-6.1.12.jar","/home/jbergqvist/.gradle/caches/modules-2/files-2.1/org.springframework/spring-orm/6.1.12/9df98d9ebdfcf5359dbda945de515d8af2cabe89/spring-orm-6.1.12.jar","/home/jbergqvist/.gradle/caches/modules-2/files-2.1/org.springframework/spring-jdbc/6.1.12/feb177a07e109f633c3fb1892d22a2867d0b2284/spring-jdbc-6.1.12.jar","/home/jbergqvist/.gradle/caches/modules-2/files-2.1/org.springframework.data/spring-data-commons/3.3.3/89ab77494e1e56b058001354265e381a0a2868e6/spring-data-commons-3.3.3.jar","/home/jbergqvist/.gradle/caches/modules-2/files-2.1/org.springframework/spring-tx/6.1.12/c47885e494845584e08407b611031ea2bcef0ef7/spring-tx-6.1.12.jar","/home/jbergqvist/.gradle/caches/modules-2/files-2.1/org.springframework/spring-beans/6.1.12/f0344fa934f114a15f02c2b1a199189ec12b7eb5/spring-beans-6.1.12.jar","/home/jbergqvist/.gradle/caches/modules-2/files-2.1/org.springframework/spring-expression/6.1.12/644bbc2e65eb40feb7284b8570d7a7eb8b1fe8df/spring-expression-6.1.12.jar","/home/jbergqvist/.gradle/caches/modules-2/files-2.1/org.springframework/spring-core/6.1.12/5f4162fb645c4f72b57b21d721fce9f26edb9bb9/spring-core-6.1.12.jar","/home/jbergqvist/.gradle/caches/modules-2/files-2.1/org.xmlunit/xmlunit-core/2.9.1/e5833662d9a1279a37da3ef6f62a1da29fcd68c4/xmlunit-core-2.9.1.jar","/home/jbergqvist/.gradle/caches/modules-2/files-2.1/org.aspectj/aspectjweaver/1.9.22.1/bca243d0af0db4758fbae45c5f4995cb5dabb612/aspectjweaver-1.9.22.1.jar","/home/jbergqvist/.gradle/caches/modules-2/files-2.1/com.zaxxer/HikariCP/5.1.0/8c96e36c14461fc436bb02b264b96ef3ca5dca8c/HikariCP-5.1.0.jar","/home/jbergqvist/.gradle/caches/modules-2/files-2.1/jakarta.persistence/jakarta.persistence-api/3.1.0/66901fa1c373c6aff65c13791cc11da72060a8d6/jakarta.persistence-api-3.1.0.jar","/home/jbergqvist/.gradle/caches/modules-2/files-2.1/jakarta.transaction/jakarta.transaction-api/2.0.1/51a520e3fae406abb84e2e1148e6746ce3f80a1a/jakarta.transaction-api-2.0.1.jar","/home/jbergqvist/.gradle/caches/modules-2/files-2.1/org.jboss.logging/jboss-logging/3.5.3.Final/c88fc1d8a96d4c3491f55d4317458ccad53ca663/jboss-logging-3.5.3.Final.jar","/home/jbergqvist/.gradle/caches/modules-2/files-2.1/org.hibernate.common/hibernate-commons-annotations/6.0.6.Final/77a5f94b56d49508e0ee334751db5b78e5ccd50c/hibernate-commons-annotations-6.0.6.Final.jar","/home/jbergqvist/.gradle/caches/modules-2/files-2.1/io.smallrye/jandex/3.1.2/a6c1c89925c7df06242b03dddb353116ceb9584c/jandex-3.1.2.jar","/home/jbergqvist/.gradle/caches/modules-2/files-2.1/com.fasterxml/classmate/1.7.0/e98374da1f2143ac8e6e0a95036994bb19137a3/classmate-1.7.0.jar","/home/jbergqvist/.gradle/caches/modules-2/files-2.1/net.bytebuddy/byte-buddy/1.14.19/4c0c637b8f47dc08f89240e6f59900011752c97b/byte-buddy-1.14.19.jar","/home/jbergqvist/.gradle/caches/modules-2/files-2.1/jakarta.inject/jakarta.inject-api/2.0.1/4c28afe1991a941d7702fe1362c365f0a8641d1e/jakarta.inject-api-2.0.1.jar","/home/jbergqvist/.gradle/caches/modules-2/files-2.1/org.antlr/antlr4-runtime/4.13.0/5a02e48521624faaf5ff4d99afc88b01686af655/antlr4-runtime-4.13.0.jar","/home/jbergqvist/.gradle/caches/modules-2/files-2.1/jakarta.annotation/jakarta.annotation-api/2.1.1/48b9bda22b091b1f48b13af03fe36db3be6e1ae3/jakarta.annotation-api-2.1.1.jar","/home/jbergqvist/.gradle/caches/modules-2/files-2.1/org.springframework.boot/spring-boot-starter-logging/3.3.3/43d07b2e6bbb628c7fc5df103d35ee2eb091522/spring-boot-starter-logging-3.3.3.jar","/home/jbergqvist/.gradle/caches/modules-2/files-2.1/ch.qos.logback/logback-classic/1.5.7/ad4ff8ca015737ade8e8a9de07de565c423e5b7a/logback-classic-1.5.7.jar","/home/jbergqvist/.gradle/caches/modules-2/files-2.1/org.apache.logging.log4j/log4j-to-slf4j/2.23.1/425ad1eb8a39904d2830e907a324e956fb456520/log4j-to-slf4j-2.23.1.jar","/home/jbergqvist/.gradle/caches/modules-2/files-2.1/org.slf4j/jul-to-slf4j/2.0.16/6d57da3e961daac65bcca0dd3def6cd11e48a24a/jul-to-slf4j-2.0.16.jar","/home/jbergqvist/.gradle/caches/modules-2/files-2.1/org.slf4j/slf4j-api/2.0.16/172931663a09a1fa515567af5fbef00897d3c04/slf4j-api-2.0.16.jar","/home/jbergqvist/.gradle/caches/modules-2/files-2.1/com.fasterxml.jackson.datatype/jackson-datatype-jdk8/2.17.2/efd3dd0e1d0db8bc72abbe71c15e697bb83b4b45/jackson-datatype-jdk8-2.17.2.jar","/home/jbergqvist/.gradle/caches/modules-2/files-2.1/com.fasterxml.jackson.datatype/jackson-datatype-jsr310/2.17.2/267b85e9ba2892a37be6d80aa9ca1438a0d8c210/jackson-datatype-jsr310-2.17.2.jar","/home/jbergqvist/.gradle/caches/modules-2/files-2.1/com.fasterxml.jackson.module/jackson-module-parameter-names/2.17.2/d27b9f95ccce98984c1ba58d61c5a9c072b1ad95/jackson-module-parameter-names-2.17.2.jar","/home/jbergqvist/.gradle/caches/modules-2/files-2.1/com.fasterxml.jackson.core/jackson-databind/2.17.2/e6deb029e5901e027c129341fac39e515066b68c/jackson-databind-2.17.2.jar","/home/jbergqvist/.gradle/caches/modules-2/files-2.1/io.swagger.core.v3/swagger-models-jakarta/2.2.22/bc2809b2efa1f7b062bc9668304a84b198fececd/swagger-models-jakarta-2.2.22.jar","/home/jbergqvist/.gradle/caches/modules-2/files-2.1/com.fasterxml.jackson.core/jackson-annotations/2.17.2/147b7b9412ffff24339f8aba080b292448e08698/jackson-annotations-2.17.2.jar","/home/jbergqvist/.gradle/caches/modules-2/files-2.1/com.fasterxml.jackson.core/jackson-core/2.17.2/969a35cb35c86512acbadcdbbbfb044c877db814/jackson-core-2.17.2.jar","/home/jbergqvist/.gradle/caches/modules-2/files-2.1/com.fasterxml.jackson.dataformat/jackson-dataformat-yaml/2.17.2/78d2c73dbec62044d7cf3b544b2e0d24a1a093b0/jackson-dataformat-yaml-2.17.2.jar","/home/jbergqvist/.gradle/caches/modules-2/files-2.1/org.yaml/snakeyaml/2.2/3af797a25458550a16bf89acc8e4ab2b7f2bfce0/snakeyaml-2.2.jar","/home/jbergqvist/.gradle/caches/modules-2/files-2.1/org.apache.tomcat.embed/tomcat-embed-websocket/10.1.28/1a5ee88106795215e8a7b6cfea46e57cdfc96430/tomcat-embed-websocket-10.1.28.jar","/home/jbergqvist/.gradle/caches/modules-2/files-2.1/org.apache.tomcat.embed/tomcat-embed-core/10.1.28/624f53789b7ba96bc3c8e871fb5eed4cab5a7c89/tomcat-embed-core-10.1.28.jar","/home/jbergqvist/.gradle/caches/modules-2/files-2.1/org.apache.tomcat.embed/tomcat-embed-el/10.1.28/3220f687c5ffc8650559f08ecac5b149838627b3/tomcat-embed-el-10.1.28.jar","/home/jbergqvist/.gradle/caches/modules-2/files-2.1/io.micrometer/micrometer-observation/1.13.3/99840eb14ecf95d349f39123c867c2ca33808d/micrometer-observation-1.13.3.jar","/home/jbergqvist/.gradle/caches/modules-2/files-2.1/com.squareup.okhttp3/okhttp/4.12.0/2f4525d4a200e97e1b87449c2cd9bd2e25b7e8cd/okhttp-4.12.0.jar","/home/jbergqvist/.gradle/caches/modules-2/files-2.1/org.eclipse.angus/angus-activation/2.0.2/41f1e0ddd157c856926ed149ab837d110955a9fc/angus-activation-2.0.2.jar","/home/jbergqvist/.gradle/caches/modules-2/files-2.1/jakarta.activation/jakarta.activation-api/2.1.3/fa165bd70cda600368eee31555222776a46b881f/jakarta.activation-api-2.1.3.jar","/home/jbergqvist/.gradle/caches/modules-2/files-2.1/net.minidev/accessors-smart/2.5.1/19b820261eb2e7de7d5bde11d1c06e4501dd7e5f/accessors-smart-2.5.1.jar","/home/jbergqvist/.gradle/caches/modules-2/files-2.1/net.bytebuddy/byte-buddy-agent/1.14.19/154da3a65b4f4a909d3e5bdec55d1b2b4cbb6ce1/byte-buddy-agent-1.14.19.jar","/home/jbergqvist/.gradle/caches/modules-2/files-2.1/org.objenesis/objenesis/3.3/1049c09f1de4331e8193e579448d0916d75b7631/objenesis-3.3.jar","/home/jbergqvist/.gradle/caches/modules-2/files-2.1/com.vaadin.external.google/android-json/0.0.20131108.vaadin1/fa26d351fe62a6a17f5cda1287c1c6110dec413f/android-json-0.0.20131108.vaadin1.jar","/home/jbergqvist/.gradle/caches/modules-2/files-2.1/org.springframework/spring-jcl/6.1.12/f46d6016fd1dd3801a0e6fcd64789ac468254944/spring-jcl-6.1.12.jar","/home/jbergqvist/.gradle/caches/modules-2/files-2.1/io.micrometer/micrometer-commons/1.13.3/47b6b093cd6ba80c9da8d973ea79c7ef69a878d5/micrometer-commons-1.13.3.jar","/home/jbergqvist/.gradle/caches/modules-2/files-2.1/com.squareup.okio/okio-jvm/3.6.0/5600569133b7bdefe1daf9ec7f4abeb6d13e1786/okio-jvm-3.6.0.jar","/home/jbergqvist/.gradle/caches/modules-2/files-2.1/org.jetbrains.kotlin/kotlin-stdlib-jdk7/1.9.25/1c166692314a2639e5edfed0d23ed7eee4a5c7a5/kotlin-stdlib-jdk7-1.9.25.jar","/home/jbergqvist/.gradle/caches/modules-2/files-2.1/org.jetbrains.kotlin/kotlin-stdlib/1.9.25/f700a2f2b8f0d6d0fde48f56d894dc722fb029d7/kotlin-stdlib-1.9.25.jar","/home/jbergqvist/.gradle/caches/modules-2/files-2.1/org.jetbrains.kotlin/kotlin-stdlib-jdk8/1.9.25/20d44e880a284f7b5cd99dd69450b403073f49b2/kotlin-stdlib-jdk8-1.9.25.jar","/home/jbergqvist/.gradle/caches/modules-2/files-2.1/org.ow2.asm/asm/9.6/aa205cf0a06dbd8e04ece91c0b37c3f5d567546a/asm-9.6.jar","/home/jbergqvist/.gradle/caches/modules-2/files-2.1/org.opentest4j/opentest4j/1.3.0/152ea56b3a72f655d4fd677fc0ef2596c3dd5e6e/opentest4j-1.3.0.jar","/home/jbergqvist/.gradle/caches/modules-2/files-2.1/org.glassfish.jaxb/txw2/4.0.5/f36a4ef12120a9bb06d766d6a0e54b144fd7ed98/txw2-4.0.5.jar","/home/jbergqvist/.gradle/caches/modules-2/files-2.1/com.sun.istack/istack-commons-runtime/4.1.2/18ec117c85f3ba0ac65409136afa8e42bc74e739/istack-commons-runtime-4.1.2.jar","/home/jbergqvist/.gradle/caches/modules-2/files-2.1/ch.qos.logback/logback-core/1.5.7/ba0d0cbac3f21abd28faed3b4931d5b49cc5887e/logback-core-1.5.7.jar","/home/jbergqvist/.gradle/caches/modules-2/files-2.1/org.apache.logging.log4j/log4j-api/2.23.1/9c15c29c526d9c6783049c0a77722693c66706e1/log4j-api-2.23.1.jar","/home/jbergqvist/.gradle/caches/modules-2/files-2.1/org.apache.commons/commons-lang3/3.14.0/1ed471194b02f2c6cb734a0cd6f6f107c673afae/commons-lang3-3.14.0.jar","/home/jbergqvist/.gradle/caches/modules-2/files-2.1/io.swagger.core.v3/swagger-annotations-jakarta/2.2.22/1efc0b0af32fce629f0786062c89e8b117abe120/swagger-annotations-jakarta-2.2.22.jar","/home/jbergqvist/.gradle/caches/modules-2/files-2.1/jakarta.validation/jakarta.validation-api/3.0.2/92b6631659ba35ca09e44874d3eb936edfeee532/jakarta.validation-api-3.0.2.jar","/home/jbergqvist/.gradle/caches/modules-2/files-2.1/org.jetbrains/annotations/13.0/919f0dfe192fb4e063e7dacadee7f8bb9a2672a9/annotations-13.0.jar","/home/jbergqvist/.gradle/caches/modules-2/files-2.1/org.apiguardian/apiguardian-api/1.1.2/a231e0d844d2721b0fa1b238006d15c6ded6842a/apiguardian-api-1.1.2.jar"],"complianceLevel":"21","productionSources":["/home/jbergqvist/diffblue/finos-traderX/trade-processor/src/main/java"],"testSources":["/home/jbergqvist/diffblue/finos-traderX/trade-processor/src/test/java"],"productionClasses":"/home/jbergqvist/diffblue/finos-traderX/trade-processor/build/classes/java/main","testClasses":"/home/jbergqvist/diffblue/finos-traderX/trade-processor/build/classes/java/test","sourceToBuildPathMap":{"/home/jbergqvist/diffblue/finos-traderX/trade-processor/src/main/java":"/home/jbergqvist/diffblue/finos-traderX/trade-processor/build/classes/java/main"},"testSourceToBuildPathMap":{"/home/jbergqvist/diffblue/finos-traderX/trade-processor/src/test/java":"/home/jbergqvist/diffblue/finos-traderX/trade-processor/build/classes/java/test"},"buildDirectory":null,"plugins":[{"__type":"DefaultPlugin","groupId":null,"artefactId":null,"version":null,"pluginClassName":"com.diffblue.cover.buildsystem.gradle.plugin.CoverPlugin"},{"__type":"DefaultPlugin","groupId":null,"artefactId":null,"version":"8.8","pluginClassName":"org.gradle.api.plugins.HelpTasksPlugin$Inject"},{"__type":"DefaultPlugin","groupId":null,"artefactId":null,"version":"8.8","pluginClassName":"org.gradle.buildinit.plugins.BuildInitPlugin$Inject"},{"__type":"DefaultPlugin","groupId":null,"artefactId":null,"version":"8.8","pluginClassName":"org.gradle.buildinit.plugins.WrapperPlugin$Inject"},{"__type":"DefaultPlugin","groupId":null,"artefactId":null,"version":"8.8","pluginClassName":"org.gradle.language.base.plugins.LifecycleBasePlugin$Inject"},{"__type":"DefaultPlugin","groupId":null,"artefactId":null,"version":"8.8","pluginClassName":"org.gradle.api.plugins.BasePlugin$Inject"},{"__type":"DefaultPlugin","groupId":null,"artefactId":null,"version":"8.8","pluginClassName":"org.gradle.api.plugins.JvmEcosystemPlugin$Inject"},{"__type":"DefaultPlugin","groupId":null,"artefactId":null,"version":"8.8","pluginClassName":"org.gradle.api.plugins.ReportingBasePlugin$Inject"},{"__type":"DefaultPlugin","groupId":null,"artefactId":null,"version":"8.8","pluginClassName":"org.gradle.api.plugins.JvmToolchainsPlugin$Inject"},{"__type":"DefaultPlugin","groupId":null,"artefactId":null,"version":"8.8","pluginClassName":"org.gradle.api.plugins.JavaBasePlugin$Inject"},{"__type":"DefaultPlugin","groupId":null,"artefactId":null,"version":"8.8","pluginClassName":"org.gradle.testing.base.plugins.TestSuiteBasePlugin$Inject"},{"__type":"DefaultPlugin","groupId":null,"artefactId":null,"version":"8.8","pluginClassName":"org.gradle.api.plugins.JvmTestSuitePlugin$Inject"},{"__type":"DefaultPlugin","groupId":null,"artefactId":null,"version":"8.8","pluginClassName":"org.gradle.api.plugins.JavaPlugin$Inject"},{"__type":"DefaultPlugin","groupId":null,"artefactId":null,"version":"3.3.3","pluginClassName":"org.springframework.boot.gradle.plugin.SpringBootPlugin"},{"__type":"DefaultPlugin","groupId":null,"artefactId":null,"version":"1.1.6","pluginClassName":"io.spring.gradle.dependencymanagement.DependencyManagementPlugin"},{"__type":"DefaultPlugin","groupId":null,"artefactId":null,"version":"0.8.11","pluginClassName":"org.gradle.testing.jacoco.plugins.JacocoPlugin$Inject"}],"version":"8.8","encoding":"UTF-8","name":"gradle","subModules":[],"simpleModuleName":"trade-processor","parentModuleName":"","location":"/home/jbergqvist/diffblue/finos-traderX/trade-processor","fullModuleName":"trade-processor"},{"__type":"DefaultProjectModule","junitReport":["/home/jbergqvist/diffblue/finos-traderX/trade-service/build/test-results/test"],"jacocoReport":["/home/jbergqvist/diffblue/finos-traderX/trade-service/build/reports/jacoco/test/jacocoTestReport.xml"],"jacocoDestFile":["/home/jbergqvist/diffblue/finos-traderX/trade-service/build/jacoco/test.exec"],"jacocoFormats":null,"jacocoSkipped":false,"classpath":["/home/jbergqvist/diffblue/finos-traderX/trade-service/build/classes/java/test","/home/jbergqvist/diffblue/finos-traderX/trade-service/build/resources/test","/home/jbergqvist/diffblue/finos-traderX/trade-service/build/classes/java/main","/home/jbergqvist/diffblue/finos-traderX/trade-service/build/resources/main","/home/jbergqvist/.gradle/caches/modules-2/files-2.1/org.springframework.boot/spring-boot-starter-data-jpa/3.3.3/7eeb176d6130f7aa83405fe2985fe7cadc11ebc5/spring-boot-starter-data-jpa-3.3.3.jar","/home/jbergqvist/.gradle/caches/modules-2/files-2.1/org.springframework.boot/spring-boot-starter-web/3.3.3/f19325fefd33dc920c0f68547a798ed731a8c70c/spring-boot-starter-web-3.3.3.jar","/home/jbergqvist/.gradle/caches/modules-2/files-2.1/com.h2database/h2/2.2.224/7bdade27d8cd197d9b5ce9dc251f41d2edc5f7ad/h2-2.2.224.jar","/home/jbergqvist/.gradle/caches/modules-2/files-2.1/org.springdoc/springdoc-openapi-starter-webmvc-ui/2.6.0/2dddebb56441dbaa1009c4de434a83c65596f6ad/springdoc-openapi-starter-webmvc-ui-2.6.0.jar","/home/jbergqvist/.gradle/caches/modules-2/files-2.1/org.json/json/20240303/ebb88e8fb5122b7506d5cf1d69f1ccdb790d22a/json-20240303.jar","/home/jbergqvist/.gradle/caches/modules-2/files-2.1/io.socket/socket.io-client/2.1.0/d49d37d8c62bddec4d7d0a65add9859fab666d0e/socket.io-client-2.1.0.jar","/home/jbergqvist/.gradle/caches/modules-2/files-2.1/com.diffblue.cover/cover-annotations/1.8.0/9eb3621b5f61d1dd8d7fa1af6b2c8c3fcf8ee857/cover-annotations-1.8.0.jar","/home/jbergqvist/.gradle/caches/modules-2/files-2.1/org.springframework.boot/spring-boot-starter-test/3.3.3/6774cadaa893fce1f18ff5e528e17f75d32f6670/spring-boot-starter-test-3.3.3.jar","/home/jbergqvist/.gradle/caches/modules-2/files-2.1/org.springframework.boot/spring-boot-starter-aop/3.3.3/f64c22484c1ab36ae70abc752509ec4c7b1abcfc/spring-boot-starter-aop-3.3.3.jar","/home/jbergqvist/.gradle/caches/modules-2/files-2.1/org.springframework.boot/spring-boot-starter-jdbc/3.3.3/c97a56c12c79d1ce419a306ddee4ccb89b7d3728/spring-boot-starter-jdbc-3.3.3.jar","/home/jbergqvist/.gradle/caches/modules-2/files-2.1/org.hibernate.orm/hibernate-core/6.5.2.Final/e9e0cc47f6cd2b2553968aee66bd9e55e7485221/hibernate-core-6.5.2.Final.jar","/home/jbergqvist/.gradle/caches/modules-2/files-2.1/org.springframework.data/spring-data-jpa/3.3.3/9b89dbd19eee24c4dc4df12564efc603c614aa91/spring-data-jpa-3.3.3.jar","/home/jbergqvist/.gradle/caches/modules-2/files-2.1/org.springframework/spring-aspects/6.1.12/b72435b5813755a894531e2cf1565eff1b313574/spring-aspects-6.1.12.jar","/home/jbergqvist/.gradle/caches/modules-2/files-2.1/org.springframework.boot/spring-boot-starter-json/3.3.3/3dde3b6089f772a77763020cc97a219307a8f39f/spring-boot-starter-json-3.3.3.jar","/home/jbergqvist/.gradle/caches/modules-2/files-2.1/org.springframework.boot/spring-boot-starter/3.3.3/174d6cb1c59036a01756d6bf4d8945325f94155f/spring-boot-starter-3.3.3.jar","/home/jbergqvist/.gradle/caches/modules-2/files-2.1/org.springframework.boot/spring-boot-starter-tomcat/3.3.3/8ca660b0ecba2f0ff8ce27603fe89953dc4ec18d/spring-boot-starter-tomcat-3.3.3.jar","/home/jbergqvist/.gradle/caches/modules-2/files-2.1/org.springdoc/springdoc-openapi-starter-webmvc-api/2.6.0/d235c2989247641e5dfe764d7add3a11e4d54a5f/springdoc-openapi-starter-webmvc-api-2.6.0.jar","/home/jbergqvist/.gradle/caches/modules-2/files-2.1/org.springframework/spring-webmvc/6.1.12/86bb0c203d68adb4b2675765f5a372f4c5254b2d/spring-webmvc-6.1.12.jar","/home/jbergqvist/.gradle/caches/modules-2/files-2.1/org.springframework/spring-web/6.1.12/b60e69b3ec87f8e001537a0fa7e3e2732dfafa7e/spring-web-6.1.12.jar","/home/jbergqvist/.gradle/caches/modules-2/files-2.1/org.webjars/swagger-ui/5.17.14/7c746d197424eb721b4e08fcaa9e85231662d81f/swagger-ui-5.17.14.jar","/home/jbergqvist/.gradle/caches/modules-2/files-2.1/io.socket/engine.io-client/2.1.0/fb421e5575e69e1181e5fed3eea351929017f08e/engine.io-client-2.1.0.jar","/home/jbergqvist/.gradle/caches/modules-2/files-2.1/org.springframework.boot/spring-boot-test-autoconfigure/3.3.3/ebce486202d965dc984ff8013a8f87fdb9b6fe46/spring-boot-test-autoconfigure-3.3.3.jar","/home/jbergqvist/.gradle/caches/modules-2/files-2.1/org.springframework.boot/spring-boot-test/3.3.3/42a314ffe171b6fb3932a86a884ef721467dc704/spring-boot-test-3.3.3.jar","/home/jbergqvist/.gradle/caches/modules-2/files-2.1/com.jayway.jsonpath/json-path/2.9.0/37fe2217f577b0b68b18e62c4d17a8858ecf9b69/json-path-2.9.0.jar","/home/jbergqvist/.gradle/caches/modules-2/files-2.1/org.glassfish.jaxb/jaxb-runtime/4.0.5/ca84c2a7169b5293e232b9d00d1e4e36d4c3914a/jaxb-runtime-4.0.5.jar","/home/jbergqvist/.gradle/caches/modules-2/files-2.1/org.glassfish.jaxb/jaxb-core/4.0.5/7b4b11ea5542eea4ad55e1080b23be436795b3/jaxb-core-4.0.5.jar","/home/jbergqvist/.gradle/caches/modules-2/files-2.1/org.springdoc/springdoc-openapi-starter-common/2.6.0/c8cf5fbd1f9e4c410d67f1de27dfc3529de13620/springdoc-openapi-starter-common-2.6.0.jar","/home/jbergqvist/.gradle/caches/modules-2/files-2.1/io.swagger.core.v3/swagger-core-jakarta/2.2.22/9ed5daaaa1c94c9a6b56c058c9d1b3190044a2e2/swagger-core-jakarta-2.2.22.jar","/home/jbergqvist/.gradle/caches/modules-2/files-2.1/jakarta.xml.bind/jakarta.xml.bind-api/4.0.2/6cd5a999b834b63238005b7144136379dc36cad2/jakarta.xml.bind-api-4.0.2.jar","/home/jbergqvist/.gradle/caches/modules-2/files-2.1/net.minidev/json-smart/2.5.1/4c11d2808d009132dfbbf947ebf37de6bf266c8e/json-smart-2.5.1.jar","/home/jbergqvist/.gradle/caches/modules-2/files-2.1/org.assertj/assertj-core/3.25.3/792b270e73aa1cfc28fa135be0b95e69ea451432/assertj-core-3.25.3.jar","/home/jbergqvist/.gradle/caches/modules-2/files-2.1/org.awaitility/awaitility/4.2.2/7336242073ebf83fe034e42b46a403c5501b63c9/awaitility-4.2.2.jar","/home/jbergqvist/.gradle/caches/modules-2/files-2.1/org.hamcrest/hamcrest/2.2/1820c0968dba3a11a1b30669bb1f01978a91dedc/hamcrest-2.2.jar","/home/jbergqvist/.gradle/caches/modules-2/files-2.1/org.mockito/mockito-junit-jupiter/5.11.0/8e658dd339f40305ed4293db25545b5df98b171b/mockito-junit-jupiter-5.11.0.jar","/home/jbergqvist/.gradle/caches/modules-2/files-2.1/org.junit.jupiter/junit-jupiter-params/5.10.3/4852f4e4af9074d9214213b199751f99efeab8b9/junit-jupiter-params-5.10.3.jar","/home/jbergqvist/.gradle/caches/modules-2/files-2.1/org.junit.jupiter/junit-jupiter-engine/5.10.3/48c14e866bb1a87ca35d24ff068463bb202ada24/junit-jupiter-engine-5.10.3.jar","/home/jbergqvist/.gradle/caches/modules-2/files-2.1/org.junit.jupiter/junit-jupiter-api/5.10.3/a22aa91d1d6c69b2020a9aeb6d095ea81132bfa5/junit-jupiter-api-5.10.3.jar","/home/jbergqvist/.gradle/caches/modules-2/files-2.1/org.junit.platform/junit-platform-engine/1.10.3/365a320c3cfd47f3346625e541e424e35dc75c42/junit-platform-engine-1.10.3.jar","/home/jbergqvist/.gradle/caches/modules-2/files-2.1/org.junit.platform/junit-platform-commons/1.10.3/a353d42a2f13343a7cb80c5228ae66ff64495481/junit-platform-commons-1.10.3.jar","/home/jbergqvist/.gradle/caches/modules-2/files-2.1/org.junit.jupiter/junit-jupiter/5.10.3/6686d8fbf251f9bf8ecba413cab57b9e00f9134d/junit-jupiter-5.10.3.jar","/home/jbergqvist/.gradle/caches/modules-2/files-2.1/org.mockito/mockito-core/5.11.0/e4069fa4f4ff2c94322cfec5f2e45341c6c70aff/mockito-core-5.11.0.jar","/home/jbergqvist/.gradle/caches/modules-2/files-2.1/org.skyscreamer/jsonassert/1.5.3/aaa43e0823d2a0e106e8754d6a9c4ab24e05e9bc/jsonassert-1.5.3.jar","/home/jbergqvist/.gradle/caches/modules-2/files-2.1/org.springframework/spring-test/6.1.12/ea59acc56a32e6a46f66c06e5d4c2b8e8c6a2869/spring-test-6.1.12.jar","/home/jbergqvist/.gradle/caches/modules-2/files-2.1/org.springframework.boot/spring-boot-autoconfigure/3.3.3/4445f0bbf838c1e3aeb5a83bf2367fbd1013237f/spring-boot-autoconfigure-3.3.3.jar","/home/jbergqvist/.gradle/caches/modules-2/files-2.1/org.springframework.boot/spring-boot/3.3.3/f34dba93611823e521800a47043267715184911b/spring-boot-3.3.3.jar","/home/jbergqvist/.gradle/caches/modules-2/files-2.1/org.springframework/spring-context/6.1.12/e69d476d1334935529a61f403749c6b8593e3272/spring-context-6.1.12.jar","/home/jbergqvist/.gradle/caches/modules-2/files-2.1/org.springframework/spring-aop/6.1.12/5fce5ff02455fad179fc0ea05435dfb79bbeaa66/spring-aop-6.1.12.jar","/home/jbergqvist/.gradle/caches/modules-2/files-2.1/org.springframework/spring-orm/6.1.12/9df98d9ebdfcf5359dbda945de515d8af2cabe89/spring-orm-6.1.12.jar","/home/jbergqvist/.gradle/caches/modules-2/files-2.1/org.springframework/spring-jdbc/6.1.12/feb177a07e109f633c3fb1892d22a2867d0b2284/spring-jdbc-6.1.12.jar","/home/jbergqvist/.gradle/caches/modules-2/files-2.1/org.springframework.data/spring-data-commons/3.3.3/89ab77494e1e56b058001354265e381a0a2868e6/spring-data-commons-3.3.3.jar","/home/jbergqvist/.gradle/caches/modules-2/files-2.1/org.springframework/spring-tx/6.1.12/c47885e494845584e08407b611031ea2bcef0ef7/spring-tx-6.1.12.jar","/home/jbergqvist/.gradle/caches/modules-2/files-2.1/org.springframework/spring-beans/6.1.12/f0344fa934f114a15f02c2b1a199189ec12b7eb5/spring-beans-6.1.12.jar","/home/jbergqvist/.gradle/caches/modules-2/files-2.1/org.springframework/spring-expression/6.1.12/644bbc2e65eb40feb7284b8570d7a7eb8b1fe8df/spring-expression-6.1.12.jar","/home/jbergqvist/.gradle/caches/modules-2/files-2.1/org.springframework/spring-core/6.1.12/5f4162fb645c4f72b57b21d721fce9f26edb9bb9/spring-core-6.1.12.jar","/home/jbergqvist/.gradle/caches/modules-2/files-2.1/org.xmlunit/xmlunit-core/2.9.1/e5833662d9a1279a37da3ef6f62a1da29fcd68c4/xmlunit-core-2.9.1.jar","/home/jbergqvist/.gradle/caches/modules-2/files-2.1/org.aspectj/aspectjweaver/1.9.22.1/bca243d0af0db4758fbae45c5f4995cb5dabb612/aspectjweaver-1.9.22.1.jar","/home/jbergqvist/.gradle/caches/modules-2/files-2.1/com.zaxxer/HikariCP/5.1.0/8c96e36c14461fc436bb02b264b96ef3ca5dca8c/HikariCP-5.1.0.jar","/home/jbergqvist/.gradle/caches/modules-2/files-2.1/jakarta.persistence/jakarta.persistence-api/3.1.0/66901fa1c373c6aff65c13791cc11da72060a8d6/jakarta.persistence-api-3.1.0.jar","/home/jbergqvist/.gradle/caches/modules-2/files-2.1/jakarta.transaction/jakarta.transaction-api/2.0.1/51a520e3fae406abb84e2e1148e6746ce3f80a1a/jakarta.transaction-api-2.0.1.jar","/home/jbergqvist/.gradle/caches/modules-2/files-2.1/org.jboss.logging/jboss-logging/3.5.3.Final/c88fc1d8a96d4c3491f55d4317458ccad53ca663/jboss-logging-3.5.3.Final.jar","/home/jbergqvist/.gradle/caches/modules-2/files-2.1/org.hibernate.common/hibernate-commons-annotations/6.0.6.Final/77a5f94b56d49508e0ee334751db5b78e5ccd50c/hibernate-commons-annotations-6.0.6.Final.jar","/home/jbergqvist/.gradle/caches/modules-2/files-2.1/io.smallrye/jandex/3.1.2/a6c1c89925c7df06242b03dddb353116ceb9584c/jandex-3.1.2.jar","/home/jbergqvist/.gradle/caches/modules-2/files-2.1/com.fasterxml/classmate/1.7.0/e98374da1f2143ac8e6e0a95036994bb19137a3/classmate-1.7.0.jar","/home/jbergqvist/.gradle/caches/modules-2/files-2.1/net.bytebuddy/byte-buddy/1.14.19/4c0c637b8f47dc08f89240e6f59900011752c97b/byte-buddy-1.14.19.jar","/home/jbergqvist/.gradle/caches/modules-2/files-2.1/jakarta.inject/jakarta.inject-api/2.0.1/4c28afe1991a941d7702fe1362c365f0a8641d1e/jakarta.inject-api-2.0.1.jar","/home/jbergqvist/.gradle/caches/modules-2/files-2.1/org.antlr/antlr4-runtime/4.13.0/5a02e48521624faaf5ff4d99afc88b01686af655/antlr4-runtime-4.13.0.jar","/home/jbergqvist/.gradle/caches/modules-2/files-2.1/jakarta.annotation/jakarta.annotation-api/2.1.1/48b9bda22b091b1f48b13af03fe36db3be6e1ae3/jakarta.annotation-api-2.1.1.jar","/home/jbergqvist/.gradle/caches/modules-2/files-2.1/org.springframework.boot/spring-boot-starter-logging/3.3.3/43d07b2e6bbb628c7fc5df103d35ee2eb091522/spring-boot-starter-logging-3.3.3.jar","/home/jbergqvist/.gradle/caches/modules-2/files-2.1/ch.qos.logback/logback-classic/1.5.7/ad4ff8ca015737ade8e8a9de07de565c423e5b7a/logback-classic-1.5.7.jar","/home/jbergqvist/.gradle/caches/modules-2/files-2.1/org.apache.logging.log4j/log4j-to-slf4j/2.23.1/425ad1eb8a39904d2830e907a324e956fb456520/log4j-to-slf4j-2.23.1.jar","/home/jbergqvist/.gradle/caches/modules-2/files-2.1/org.slf4j/jul-to-slf4j/2.0.16/6d57da3e961daac65bcca0dd3def6cd11e48a24a/jul-to-slf4j-2.0.16.jar","/home/jbergqvist/.gradle/caches/modules-2/files-2.1/org.slf4j/slf4j-api/2.0.16/172931663a09a1fa515567af5fbef00897d3c04/slf4j-api-2.0.16.jar","/home/jbergqvist/.gradle/caches/modules-2/files-2.1/com.fasterxml.jackson.datatype/jackson-datatype-jsr310/2.17.2/267b85e9ba2892a37be6d80aa9ca1438a0d8c210/jackson-datatype-jsr310-2.17.2.jar","/home/jbergqvist/.gradle/caches/modules-2/files-2.1/com.fasterxml.jackson.module/jackson-module-parameter-names/2.17.2/d27b9f95ccce98984c1ba58d61c5a9c072b1ad95/jackson-module-parameter-names-2.17.2.jar","/home/jbergqvist/.gradle/caches/modules-2/files-2.1/io.swagger.core.v3/swagger-models-jakarta/2.2.22/bc2809b2efa1f7b062bc9668304a84b198fececd/swagger-models-jakarta-2.2.22.jar","/home/jbergqvist/.gradle/caches/modules-2/files-2.1/com.fasterxml.jackson.core/jackson-annotations/2.17.2/147b7b9412ffff24339f8aba080b292448e08698/jackson-annotations-2.17.2.jar","/home/jbergqvist/.gradle/caches/modules-2/files-2.1/com.fasterxml.jackson.dataformat/jackson-dataformat-yaml/2.17.2/78d2c73dbec62044d7cf3b544b2e0d24a1a093b0/jackson-dataformat-yaml-2.17.2.jar","/home/jbergqvist/.gradle/caches/modules-2/files-2.1/com.fasterxml.jackson.core/jackson-core/2.17.2/969a35cb35c86512acbadcdbbbfb044c877db814/jackson-core-2.17.2.jar","/home/jbergqvist/.gradle/caches/modules-2/files-2.1/com.fasterxml.jackson.datatype/jackson-datatype-jdk8/2.17.2/efd3dd0e1d0db8bc72abbe71c15e697bb83b4b45/jackson-datatype-jdk8-2.17.2.jar","/home/jbergqvist/.gradle/caches/modules-2/files-2.1/com.fasterxml.jackson.core/jackson-databind/2.17.2/e6deb029e5901e027c129341fac39e515066b68c/jackson-databind-2.17.2.jar","/home/jbergqvist/.gradle/caches/modules-2/files-2.1/org.apache.tomcat.embed/tomcat-embed-websocket/10.1.28/1a5ee88106795215e8a7b6cfea46e57cdfc96430/tomcat-embed-websocket-10.1.28.jar","/home/jbergqvist/.gradle/caches/modules-2/files-2.1/org.apache.tomcat.embed/tomcat-embed-core/10.1.28/624f53789b7ba96bc3c8e871fb5eed4cab5a7c89/tomcat-embed-core-10.1.28.jar","/home/jbergqvist/.gradle/caches/modules-2/files-2.1/org.apache.tomcat.embed/tomcat-embed-el/10.1.28/3220f687c5ffc8650559f08ecac5b149838627b3/tomcat-embed-el-10.1.28.jar","/home/jbergqvist/.gradle/caches/modules-2/files-2.1/io.micrometer/micrometer-observation/1.13.3/99840eb14ecf95d349f39123c867c2ca33808d/micrometer-observation-1.13.3.jar","/home/jbergqvist/.gradle/caches/modules-2/files-2.1/com.squareup.okhttp3/okhttp/4.12.0/2f4525d4a200e97e1b87449c2cd9bd2e25b7e8cd/okhttp-4.12.0.jar","/home/jbergqvist/.gradle/caches/modules-2/files-2.1/org.eclipse.angus/angus-activation/2.0.2/41f1e0ddd157c856926ed149ab837d110955a9fc/angus-activation-2.0.2.jar","/home/jbergqvist/.gradle/caches/modules-2/files-2.1/jakarta.activation/jakarta.activation-api/2.1.3/fa165bd70cda600368eee31555222776a46b881f/jakarta.activation-api-2.1.3.jar","/home/jbergqvist/.gradle/caches/modules-2/files-2.1/net.minidev/accessors-smart/2.5.1/19b820261eb2e7de7d5bde11d1c06e4501dd7e5f/accessors-smart-2.5.1.jar","/home/jbergqvist/.gradle/caches/modules-2/files-2.1/net.bytebuddy/byte-buddy-agent/1.14.19/154da3a65b4f4a909d3e5bdec55d1b2b4cbb6ce1/byte-buddy-agent-1.14.19.jar","/home/jbergqvist/.gradle/caches/modules-2/files-2.1/org.objenesis/objenesis/3.3/1049c09f1de4331e8193e579448d0916d75b7631/objenesis-3.3.jar","/home/jbergqvist/.gradle/caches/modules-2/files-2.1/com.vaadin.external.google/android-json/0.0.20131108.vaadin1/fa26d351fe62a6a17f5cda1287c1c6110dec413f/android-json-0.0.20131108.vaadin1.jar","/home/jbergqvist/.gradle/caches/modules-2/files-2.1/org.springframework/spring-jcl/6.1.12/f46d6016fd1dd3801a0e6fcd64789ac468254944/spring-jcl-6.1.12.jar","/home/jbergqvist/.gradle/caches/modules-2/files-2.1/io.micrometer/micrometer-commons/1.13.3/47b6b093cd6ba80c9da8d973ea79c7ef69a878d5/micrometer-commons-1.13.3.jar","/home/jbergqvist/.gradle/caches/modules-2/files-2.1/com.squareup.okio/okio-jvm/3.6.0/5600569133b7bdefe1daf9ec7f4abeb6d13e1786/okio-jvm-3.6.0.jar","/home/jbergqvist/.gradle/caches/modules-2/files-2.1/org.jetbrains.kotlin/kotlin-stdlib-jdk7/1.9.25/1c166692314a2639e5edfed0d23ed7eee4a5c7a5/kotlin-stdlib-jdk7-1.9.25.jar","/home/jbergqvist/.gradle/caches/modules-2/files-2.1/org.jetbrains.kotlin/kotlin-stdlib/1.9.25/f700a2f2b8f0d6d0fde48f56d894dc722fb029d7/kotlin-stdlib-1.9.25.jar","/home/jbergqvist/.gradle/caches/modules-2/files-2.1/org.jetbrains.kotlin/kotlin-stdlib-jdk8/1.9.25/20d44e880a284f7b5cd99dd69450b403073f49b2/kotlin-stdlib-jdk8-1.9.25.jar","/home/jbergqvist/.gradle/caches/modules-2/files-2.1/org.ow2.asm/asm/9.6/aa205cf0a06dbd8e04ece91c0b37c3f5d567546a/asm-9.6.jar","/home/jbergqvist/.gradle/caches/modules-2/files-2.1/org.opentest4j/opentest4j/1.3.0/152ea56b3a72f655d4fd677fc0ef2596c3dd5e6e/opentest4j-1.3.0.jar","/home/jbergqvist/.gradle/caches/modules-2/files-2.1/org.glassfish.jaxb/txw2/4.0.5/f36a4ef12120a9bb06d766d6a0e54b144fd7ed98/txw2-4.0.5.jar","/home/jbergqvist/.gradle/caches/modules-2/files-2.1/com.sun.istack/istack-commons-runtime/4.1.2/18ec117c85f3ba0ac65409136afa8e42bc74e739/istack-commons-runtime-4.1.2.jar","/home/jbergqvist/.gradle/caches/modules-2/files-2.1/ch.qos.logback/logback-core/1.5.7/ba0d0cbac3f21abd28faed3b4931d5b49cc5887e/logback-core-1.5.7.jar","/home/jbergqvist/.gradle/caches/modules-2/files-2.1/org.apache.logging.log4j/log4j-api/2.23.1/9c15c29c526d9c6783049c0a77722693c66706e1/log4j-api-2.23.1.jar","/home/jbergqvist/.gradle/caches/modules-2/files-2.1/org.apache.commons/commons-lang3/3.14.0/1ed471194b02f2c6cb734a0cd6f6f107c673afae/commons-lang3-3.14.0.jar","/home/jbergqvist/.gradle/caches/modules-2/files-2.1/io.swagger.core.v3/swagger-annotations-jakarta/2.2.22/1efc0b0af32fce629f0786062c89e8b117abe120/swagger-annotations-jakarta-2.2.22.jar","/home/jbergqvist/.gradle/caches/modules-2/files-2.1/jakarta.validation/jakarta.validation-api/3.0.2/92b6631659ba35ca09e44874d3eb936edfeee532/jakarta.validation-api-3.0.2.jar","/home/jbergqvist/.gradle/caches/modules-2/files-2.1/org.jetbrains/annotations/13.0/919f0dfe192fb4e063e7dacadee7f8bb9a2672a9/annotations-13.0.jar","/home/jbergqvist/.gradle/caches/modules-2/files-2.1/org.apiguardian/apiguardian-api/1.1.2/a231e0d844d2721b0fa1b238006d15c6ded6842a/apiguardian-api-1.1.2.jar"],"complianceLevel":"21","productionSources":["/home/jbergqvist/diffblue/finos-traderX/trade-service/src/main/java"],"testSources":["/home/jbergqvist/diffblue/finos-traderX/trade-service/src/test/java"],"productionClasses":"/home/jbergqvist/diffblue/finos-traderX/trade-service/build/classes/java/main","testClasses":"/home/jbergqvist/diffblue/finos-traderX/trade-service/build/classes/java/test","sourceToBuildPathMap":{"/home/jbergqvist/diffblue/finos-traderX/trade-service/src/main/java":"/home/jbergqvist/diffblue/finos-traderX/trade-service/build/classes/java/main"},"testSourceToBuildPathMap":{"/home/jbergqvist/diffblue/finos-traderX/trade-service/src/test/java":"/home/jbergqvist/diffblue/finos-traderX/trade-service/build/classes/java/test"},"buildDirectory":null,"plugins":[{"__type":"DefaultPlugin","groupId":null,"artefactId":null,"version":null,"pluginClassName":"com.diffblue.cover.buildsystem.gradle.plugin.CoverPlugin"},{"__type":"DefaultPlugin","groupId":null,"artefactId":null,"version":"8.8","pluginClassName":"org.gradle.api.plugins.HelpTasksPlugin$Inject"},{"__type":"DefaultPlugin","groupId":null,"artefactId":null,"version":"8.8","pluginClassName":"org.gradle.buildinit.plugins.BuildInitPlugin$Inject"},{"__type":"DefaultPlugin","groupId":null,"artefactId":null,"version":"8.8","pluginClassName":"org.gradle.buildinit.plugins.WrapperPlugin$Inject"},{"__type":"DefaultPlugin","groupId":null,"artefactId":null,"version":"8.8","pluginClassName":"org.gradle.language.base.plugins.LifecycleBasePlugin$Inject"},{"__type":"DefaultPlugin","groupId":null,"artefactId":null,"version":"8.8","pluginClassName":"org.gradle.api.plugins.BasePlugin$Inject"},{"__type":"DefaultPlugin","groupId":null,"artefactId":null,"version":"8.8","pluginClassName":"org.gradle.api.plugins.JvmEcosystemPlugin$Inject"},{"__type":"DefaultPlugin","groupId":null,"artefactId":null,"version":"8.8","pluginClassName":"org.gradle.api.plugins.ReportingBasePlugin$Inject"},{"__type":"DefaultPlugin","groupId":null,"artefactId":null,"version":"8.8","pluginClassName":"org.gradle.api.plugins.JvmToolchainsPlugin$Inject"},{"__type":"DefaultPlugin","groupId":null,"artefactId":null,"version":"8.8","pluginClassName":"org.gradle.api.plugins.JavaBasePlugin$Inject"},{"__type":"DefaultPlugin","groupId":null,"artefactId":null,"version":"8.8","pluginClassName":"org.gradle.testing.base.plugins.TestSuiteBasePlugin$Inject"},{"__type":"DefaultPlugin","groupId":null,"artefactId":null,"version":"8.8","pluginClassName":"org.gradle.api.plugins.JvmTestSuitePlugin$Inject"},{"__type":"DefaultPlugin","groupId":null,"artefactId":null,"version":"8.8","pluginClassName":"org.gradle.api.plugins.JavaPlugin$Inject"},{"__type":"DefaultPlugin","groupId":null,"artefactId":null,"version":"3.3.3","pluginClassName":"org.springframework.boot.gradle.plugin.SpringBootPlugin"},{"__type":"DefaultPlugin","groupId":null,"artefactId":null,"version":"1.1.6","pluginClassName":"io.spring.gradle.dependencymanagement.DependencyManagementPlugin"},{"__type":"DefaultPlugin","groupId":null,"artefactId":null,"version":"0.8.11","pluginClassName":"org.gradle.testing.jacoco.plugins.JacocoPlugin$Inject"}],"version":"8.8","encoding":"UTF-8","name":"gradle","subModules":[],"simpleModuleName":"trade-service","parentModuleName":"","location":"/home/jbergqvist/diffblue/finos-traderX/trade-service","fullModuleName":"trade-service"},{"__type":"DefaultProjectModule","junitReport":["/home/jbergqvist/diffblue/finos-traderX/position-service/build/test-results/test"],"jacocoReport":["/home/jbergqvist/diffblue/finos-traderX/position-service/build/reports/jacoco/test/jacocoTestReport.xml"],"jacocoDestFile":["/home/jbergqvist/diffblue/finos-traderX/position-service/build/jacoco/test.exec"],"jacocoFormats":null,"jacocoSkipped":false,"classpath":["/home/jbergqvist/diffblue/finos-traderX/position-service/build/classes/java/test","/home/jbergqvist/diffblue/finos-traderX/position-service/build/resources/test","/home/jbergqvist/diffblue/finos-traderX/position-service/build/classes/java/main","/home/jbergqvist/diffblue/finos-traderX/position-service/build/resources/main","/home/jbergqvist/.gradle/caches/modules-2/files-2.1/org.springframework.boot/spring-boot-starter-data-jpa/3.3.3/7eeb176d6130f7aa83405fe2985fe7cadc11ebc5/spring-boot-starter-data-jpa-3.3.3.jar","/home/jbergqvist/.gradle/caches/modules-2/files-2.1/org.springframework.boot/spring-boot-starter-web/3.3.3/f19325fefd33dc920c0f68547a798ed731a8c70c/spring-boot-starter-web-3.3.3.jar","/home/jbergqvist/.gradle/caches/modules-2/files-2.1/com.h2database/h2/2.2.224/7bdade27d8cd197d9b5ce9dc251f41d2edc5f7ad/h2-2.2.224.jar","/home/jbergqvist/.gradle/caches/modules-2/files-2.1/org.springdoc/springdoc-openapi-starter-webmvc-ui/2.6.0/2dddebb56441dbaa1009c4de434a83c65596f6ad/springdoc-openapi-starter-webmvc-ui-2.6.0.jar","/home/jbergqvist/.gradle/caches/modules-2/files-2.1/com.diffblue.cover/cover-annotations/1.8.0/9eb3621b5f61d1dd8d7fa1af6b2c8c3fcf8ee857/cover-annotations-1.8.0.jar","/home/jbergqvist/.gradle/caches/modules-2/files-2.1/org.springframework.boot/spring-boot-starter-test/3.3.3/6774cadaa893fce1f18ff5e528e17f75d32f6670/spring-boot-starter-test-3.3.3.jar","/home/jbergqvist/.gradle/caches/modules-2/files-2.1/org.springframework.boot/spring-boot-starter-aop/3.3.3/f64c22484c1ab36ae70abc752509ec4c7b1abcfc/spring-boot-starter-aop-3.3.3.jar","/home/jbergqvist/.gradle/caches/modules-2/files-2.1/org.springframework.boot/spring-boot-starter-jdbc/3.3.3/c97a56c12c79d1ce419a306ddee4ccb89b7d3728/spring-boot-starter-jdbc-3.3.3.jar","/home/jbergqvist/.gradle/caches/modules-2/files-2.1/org.hibernate.orm/hibernate-core/6.5.2.Final/e9e0cc47f6cd2b2553968aee66bd9e55e7485221/hibernate-core-6.5.2.Final.jar","/home/jbergqvist/.gradle/caches/modules-2/files-2.1/org.springframework.data/spring-data-jpa/3.3.3/9b89dbd19eee24c4dc4df12564efc603c614aa91/spring-data-jpa-3.3.3.jar","/home/jbergqvist/.gradle/caches/modules-2/files-2.1/org.springframework/spring-aspects/6.1.12/b72435b5813755a894531e2cf1565eff1b313574/spring-aspects-6.1.12.jar","/home/jbergqvist/.gradle/caches/modules-2/files-2.1/org.springframework.boot/spring-boot-starter-json/3.3.3/3dde3b6089f772a77763020cc97a219307a8f39f/spring-boot-starter-json-3.3.3.jar","/home/jbergqvist/.gradle/caches/modules-2/files-2.1/org.springframework.boot/spring-boot-starter/3.3.3/174d6cb1c59036a01756d6bf4d8945325f94155f/spring-boot-starter-3.3.3.jar","/home/jbergqvist/.gradle/caches/modules-2/files-2.1/org.springframework.boot/spring-boot-starter-tomcat/3.3.3/8ca660b0ecba2f0ff8ce27603fe89953dc4ec18d/spring-boot-starter-tomcat-3.3.3.jar","/home/jbergqvist/.gradle/caches/modules-2/files-2.1/org.springdoc/springdoc-openapi-starter-webmvc-api/2.6.0/d235c2989247641e5dfe764d7add3a11e4d54a5f/springdoc-openapi-starter-webmvc-api-2.6.0.jar","/home/jbergqvist/.gradle/caches/modules-2/files-2.1/org.springframework/spring-webmvc/6.1.12/86bb0c203d68adb4b2675765f5a372f4c5254b2d/spring-webmvc-6.1.12.jar","/home/jbergqvist/.gradle/caches/modules-2/files-2.1/org.springframework/spring-web/6.1.12/b60e69b3ec87f8e001537a0fa7e3e2732dfafa7e/spring-web-6.1.12.jar","/home/jbergqvist/.gradle/caches/modules-2/files-2.1/org.webjars/swagger-ui/5.17.14/7c746d197424eb721b4e08fcaa9e85231662d81f/swagger-ui-5.17.14.jar","/home/jbergqvist/.gradle/caches/modules-2/files-2.1/org.springframework.boot/spring-boot-test-autoconfigure/3.3.3/ebce486202d965dc984ff8013a8f87fdb9b6fe46/spring-boot-test-autoconfigure-3.3.3.jar","/home/jbergqvist/.gradle/caches/modules-2/files-2.1/org.springframework.boot/spring-boot-test/3.3.3/42a314ffe171b6fb3932a86a884ef721467dc704/spring-boot-test-3.3.3.jar","/home/jbergqvist/.gradle/caches/modules-2/files-2.1/com.jayway.jsonpath/json-path/2.9.0/37fe2217f577b0b68b18e62c4d17a8858ecf9b69/json-path-2.9.0.jar","/home/jbergqvist/.gradle/caches/modules-2/files-2.1/org.glassfish.jaxb/jaxb-runtime/4.0.5/ca84c2a7169b5293e232b9d00d1e4e36d4c3914a/jaxb-runtime-4.0.5.jar","/home/jbergqvist/.gradle/caches/modules-2/files-2.1/org.glassfish.jaxb/jaxb-core/4.0.5/7b4b11ea5542eea4ad55e1080b23be436795b3/jaxb-core-4.0.5.jar","/home/jbergqvist/.gradle/caches/modules-2/files-2.1/org.springdoc/springdoc-openapi-starter-common/2.6.0/c8cf5fbd1f9e4c410d67f1de27dfc3529de13620/springdoc-openapi-starter-common-2.6.0.jar","/home/jbergqvist/.gradle/caches/modules-2/files-2.1/io.swagger.core.v3/swagger-core-jakarta/2.2.22/9ed5daaaa1c94c9a6b56c058c9d1b3190044a2e2/swagger-core-jakarta-2.2.22.jar","/home/jbergqvist/.gradle/caches/modules-2/files-2.1/jakarta.xml.bind/jakarta.xml.bind-api/4.0.2/6cd5a999b834b63238005b7144136379dc36cad2/jakarta.xml.bind-api-4.0.2.jar","/home/jbergqvist/.gradle/caches/modules-2/files-2.1/net.minidev/json-smart/2.5.1/4c11d2808d009132dfbbf947ebf37de6bf266c8e/json-smart-2.5.1.jar","/home/jbergqvist/.gradle/caches/modules-2/files-2.1/org.assertj/assertj-core/3.25.3/792b270e73aa1cfc28fa135be0b95e69ea451432/assertj-core-3.25.3.jar","/home/jbergqvist/.gradle/caches/modules-2/files-2.1/org.awaitility/awaitility/4.2.2/7336242073ebf83fe034e42b46a403c5501b63c9/awaitility-4.2.2.jar","/home/jbergqvist/.gradle/caches/modules-2/files-2.1/org.hamcrest/hamcrest/2.2/1820c0968dba3a11a1b30669bb1f01978a91dedc/hamcrest-2.2.jar","/home/jbergqvist/.gradle/caches/modules-2/files-2.1/org.mockito/mockito-junit-jupiter/5.11.0/8e658dd339f40305ed4293db25545b5df98b171b/mockito-junit-jupiter-5.11.0.jar","/home/jbergqvist/.gradle/caches/modules-2/files-2.1/org.junit.jupiter/junit-jupiter-params/5.10.3/4852f4e4af9074d9214213b199751f99efeab8b9/junit-jupiter-params-5.10.3.jar","/home/jbergqvist/.gradle/caches/modules-2/files-2.1/org.junit.jupiter/junit-jupiter-engine/5.10.3/48c14e866bb1a87ca35d24ff068463bb202ada24/junit-jupiter-engine-5.10.3.jar","/home/jbergqvist/.gradle/caches/modules-2/files-2.1/org.junit.jupiter/junit-jupiter-api/5.10.3/a22aa91d1d6c69b2020a9aeb6d095ea81132bfa5/junit-jupiter-api-5.10.3.jar","/home/jbergqvist/.gradle/caches/modules-2/files-2.1/org.junit.platform/junit-platform-engine/1.10.3/365a320c3cfd47f3346625e541e424e35dc75c42/junit-platform-engine-1.10.3.jar","/home/jbergqvist/.gradle/caches/modules-2/files-2.1/org.junit.platform/junit-platform-commons/1.10.3/a353d42a2f13343a7cb80c5228ae66ff64495481/junit-platform-commons-1.10.3.jar","/home/jbergqvist/.gradle/caches/modules-2/files-2.1/org.junit.jupiter/junit-jupiter/5.10.3/6686d8fbf251f9bf8ecba413cab57b9e00f9134d/junit-jupiter-5.10.3.jar","/home/jbergqvist/.gradle/caches/modules-2/files-2.1/org.mockito/mockito-core/5.11.0/e4069fa4f4ff2c94322cfec5f2e45341c6c70aff/mockito-core-5.11.0.jar","/home/jbergqvist/.gradle/caches/modules-2/files-2.1/org.skyscreamer/jsonassert/1.5.3/aaa43e0823d2a0e106e8754d6a9c4ab24e05e9bc/jsonassert-1.5.3.jar","/home/jbergqvist/.gradle/caches/modules-2/files-2.1/org.springframework/spring-test/6.1.12/ea59acc56a32e6a46f66c06e5d4c2b8e8c6a2869/spring-test-6.1.12.jar","/home/jbergqvist/.gradle/caches/modules-2/files-2.1/org.springframework.boot/spring-boot-autoconfigure/3.3.3/4445f0bbf838c1e3aeb5a83bf2367fbd1013237f/spring-boot-autoconfigure-3.3.3.jar","/home/jbergqvist/.gradle/caches/modules-2/files-2.1/org.springframework.boot/spring-boot/3.3.3/f34dba93611823e521800a47043267715184911b/spring-boot-3.3.3.jar","/home/jbergqvist/.gradle/caches/modules-2/files-2.1/org.springframework/spring-context/6.1.12/e69d476d1334935529a61f403749c6b8593e3272/spring-context-6.1.12.jar","/home/jbergqvist/.gradle/caches/modules-2/files-2.1/org.springframework/spring-aop/6.1.12/5fce5ff02455fad179fc0ea05435dfb79bbeaa66/spring-aop-6.1.12.jar","/home/jbergqvist/.gradle/caches/modules-2/files-2.1/org.springframework/spring-orm/6.1.12/9df98d9ebdfcf5359dbda945de515d8af2cabe89/spring-orm-6.1.12.jar","/home/jbergqvist/.gradle/caches/modules-2/files-2.1/org.springframework/spring-jdbc/6.1.12/feb177a07e109f633c3fb1892d22a2867d0b2284/spring-jdbc-6.1.12.jar","/home/jbergqvist/.gradle/caches/modules-2/files-2.1/org.springframework.data/spring-data-commons/3.3.3/89ab77494e1e56b058001354265e381a0a2868e6/spring-data-commons-3.3.3.jar","/home/jbergqvist/.gradle/caches/modules-2/files-2.1/org.springframework/spring-tx/6.1.12/c47885e494845584e08407b611031ea2bcef0ef7/spring-tx-6.1.12.jar","/home/jbergqvist/.gradle/caches/modules-2/files-2.1/org.springframework/spring-beans/6.1.12/f0344fa934f114a15f02c2b1a199189ec12b7eb5/spring-beans-6.1.12.jar","/home/jbergqvist/.gradle/caches/modules-2/files-2.1/org.springframework/spring-expression/6.1.12/644bbc2e65eb40feb7284b8570d7a7eb8b1fe8df/spring-expression-6.1.12.jar","/home/jbergqvist/.gradle/caches/modules-2/files-2.1/org.springframework/spring-core/6.1.12/5f4162fb645c4f72b57b21d721fce9f26edb9bb9/spring-core-6.1.12.jar","/home/jbergqvist/.gradle/caches/modules-2/files-2.1/org.xmlunit/xmlunit-core/2.9.1/e5833662d9a1279a37da3ef6f62a1da29fcd68c4/xmlunit-core-2.9.1.jar","/home/jbergqvist/.gradle/caches/modules-2/files-2.1/org.aspectj/aspectjweaver/1.9.22.1/bca243d0af0db4758fbae45c5f4995cb5dabb612/aspectjweaver-1.9.22.1.jar","/home/jbergqvist/.gradle/caches/modules-2/files-2.1/com.zaxxer/HikariCP/5.1.0/8c96e36c14461fc436bb02b264b96ef3ca5dca8c/HikariCP-5.1.0.jar","/home/jbergqvist/.gradle/caches/modules-2/files-2.1/jakarta.persistence/jakarta.persistence-api/3.1.0/66901fa1c373c6aff65c13791cc11da72060a8d6/jakarta.persistence-api-3.1.0.jar","/home/jbergqvist/.gradle/caches/modules-2/files-2.1/jakarta.transaction/jakarta.transaction-api/2.0.1/51a520e3fae406abb84e2e1148e6746ce3f80a1a/jakarta.transaction-api-2.0.1.jar","/home/jbergqvist/.gradle/caches/modules-2/files-2.1/org.jboss.logging/jboss-logging/3.5.3.Final/c88fc1d8a96d4c3491f55d4317458ccad53ca663/jboss-logging-3.5.3.Final.jar","/home/jbergqvist/.gradle/caches/modules-2/files-2.1/org.hibernate.common/hibernate-commons-annotations/6.0.6.Final/77a5f94b56d49508e0ee334751db5b78e5ccd50c/hibernate-commons-annotations-6.0.6.Final.jar","/home/jbergqvist/.gradle/caches/modules-2/files-2.1/io.smallrye/jandex/3.1.2/a6c1c89925c7df06242b03dddb353116ceb9584c/jandex-3.1.2.jar","/home/jbergqvist/.gradle/caches/modules-2/files-2.1/com.fasterxml/classmate/1.7.0/e98374da1f2143ac8e6e0a95036994bb19137a3/classmate-1.7.0.jar","/home/jbergqvist/.gradle/caches/modules-2/files-2.1/net.bytebuddy/byte-buddy/1.14.19/4c0c637b8f47dc08f89240e6f59900011752c97b/byte-buddy-1.14.19.jar","/home/jbergqvist/.gradle/caches/modules-2/files-2.1/jakarta.inject/jakarta.inject-api/2.0.1/4c28afe1991a941d7702fe1362c365f0a8641d1e/jakarta.inject-api-2.0.1.jar","/home/jbergqvist/.gradle/caches/modules-2/files-2.1/org.antlr/antlr4-runtime/4.13.0/5a02e48521624faaf5ff4d99afc88b01686af655/antlr4-runtime-4.13.0.jar","/home/jbergqvist/.gradle/caches/modules-2/files-2.1/jakarta.annotation/jakarta.annotation-api/2.1.1/48b9bda22b091b1f48b13af03fe36db3be6e1ae3/jakarta.annotation-api-2.1.1.jar","/home/jbergqvist/.gradle/caches/modules-2/files-2.1/org.springframework.boot/spring-boot-starter-logging/3.3.3/43d07b2e6bbb628c7fc5df103d35ee2eb091522/spring-boot-starter-logging-3.3.3.jar","/home/jbergqvist/.gradle/caches/modules-2/files-2.1/ch.qos.logback/logback-classic/1.5.7/ad4ff8ca015737ade8e8a9de07de565c423e5b7a/logback-classic-1.5.7.jar","/home/jbergqvist/.gradle/caches/modules-2/files-2.1/org.apache.logging.log4j/log4j-to-slf4j/2.23.1/425ad1eb8a39904d2830e907a324e956fb456520/log4j-to-slf4j-2.23.1.jar","/home/jbergqvist/.gradle/caches/modules-2/files-2.1/org.slf4j/jul-to-slf4j/2.0.16/6d57da3e961daac65bcca0dd3def6cd11e48a24a/jul-to-slf4j-2.0.16.jar","/home/jbergqvist/.gradle/caches/modules-2/files-2.1/org.slf4j/slf4j-api/2.0.16/172931663a09a1fa515567af5fbef00897d3c04/slf4j-api-2.0.16.jar","/home/jbergqvist/.gradle/caches/modules-2/files-2.1/com.fasterxml.jackson.datatype/jackson-datatype-jdk8/2.17.2/efd3dd0e1d0db8bc72abbe71c15e697bb83b4b45/jackson-datatype-jdk8-2.17.2.jar","/home/jbergqvist/.gradle/caches/modules-2/files-2.1/com.fasterxml.jackson.datatype/jackson-datatype-jsr310/2.17.2/267b85e9ba2892a37be6d80aa9ca1438a0d8c210/jackson-datatype-jsr310-2.17.2.jar","/home/jbergqvist/.gradle/caches/modules-2/files-2.1/com.fasterxml.jackson.module/jackson-module-parameter-names/2.17.2/d27b9f95ccce98984c1ba58d61c5a9c072b1ad95/jackson-module-parameter-names-2.17.2.jar","/home/jbergqvist/.gradle/caches/modules-2/files-2.1/com.fasterxml.jackson.core/jackson-databind/2.17.2/e6deb029e5901e027c129341fac39e515066b68c/jackson-databind-2.17.2.jar","/home/jbergqvist/.gradle/caches/modules-2/files-2.1/io.swagger.core.v3/swagger-models-jakarta/2.2.22/bc2809b2efa1f7b062bc9668304a84b198fececd/swagger-models-jakarta-2.2.22.jar","/home/jbergqvist/.gradle/caches/modules-2/files-2.1/com.fasterxml.jackson.core/jackson-annotations/2.17.2/147b7b9412ffff24339f8aba080b292448e08698/jackson-annotations-2.17.2.jar","/home/jbergqvist/.gradle/caches/modules-2/files-2.1/com.fasterxml.jackson.core/jackson-core/2.17.2/969a35cb35c86512acbadcdbbbfb044c877db814/jackson-core-2.17.2.jar","/home/jbergqvist/.gradle/caches/modules-2/files-2.1/com.fasterxml.jackson.dataformat/jackson-dataformat-yaml/2.17.2/78d2c73dbec62044d7cf3b544b2e0d24a1a093b0/jackson-dataformat-yaml-2.17.2.jar","/home/jbergqvist/.gradle/caches/modules-2/files-2.1/org.yaml/snakeyaml/2.2/3af797a25458550a16bf89acc8e4ab2b7f2bfce0/snakeyaml-2.2.jar","/home/jbergqvist/.gradle/caches/modules-2/files-2.1/org.apache.tomcat.embed/tomcat-embed-websocket/10.1.28/1a5ee88106795215e8a7b6cfea46e57cdfc96430/tomcat-embed-websocket-10.1.28.jar","/home/jbergqvist/.gradle/caches/modules-2/files-2.1/org.apache.tomcat.embed/tomcat-embed-core/10.1.28/624f53789b7ba96bc3c8e871fb5eed4cab5a7c89/tomcat-embed-core-10.1.28.jar","/home/jbergqvist/.gradle/caches/modules-2/files-2.1/org.apache.tomcat.embed/tomcat-embed-el/10.1.28/3220f687c5ffc8650559f08ecac5b149838627b3/tomcat-embed-el-10.1.28.jar","/home/jbergqvist/.gradle/caches/modules-2/files-2.1/io.micrometer/micrometer-observation/1.13.3/99840eb14ecf95d349f39123c867c2ca33808d/micrometer-observation-1.13.3.jar","/home/jbergqvist/.gradle/caches/modules-2/files-2.1/org.eclipse.angus/angus-activation/2.0.2/41f1e0ddd157c856926ed149ab837d110955a9fc/angus-activation-2.0.2.jar","/home/jbergqvist/.gradle/caches/modules-2/files-2.1/jakarta.activation/jakarta.activation-api/2.1.3/fa165bd70cda600368eee31555222776a46b881f/jakarta.activation-api-2.1.3.jar","/home/jbergqvist/.gradle/caches/modules-2/files-2.1/net.minidev/accessors-smart/2.5.1/19b820261eb2e7de7d5bde11d1c06e4501dd7e5f/accessors-smart-2.5.1.jar","/home/jbergqvist/.gradle/caches/modules-2/files-2.1/net.bytebuddy/byte-buddy-agent/1.14.19/154da3a65b4f4a909d3e5bdec55d1b2b4cbb6ce1/byte-buddy-agent-1.14.19.jar","/home/jbergqvist/.gradle/caches/modules-2/files-2.1/org.objenesis/objenesis/3.3/1049c09f1de4331e8193e579448d0916d75b7631/objenesis-3.3.jar","/home/jbergqvist/.gradle/caches/modules-2/files-2.1/com.vaadin.external.google/android-json/0.0.20131108.vaadin1/fa26d351fe62a6a17f5cda1287c1c6110dec413f/android-json-0.0.20131108.vaadin1.jar","/home/jbergqvist/.gradle/caches/modules-2/files-2.1/org.springframework/spring-jcl/6.1.12/f46d6016fd1dd3801a0e6fcd64789ac468254944/spring-jcl-6.1.12.jar","/home/jbergqvist/.gradle/caches/modules-2/files-2.1/io.micrometer/micrometer-commons/1.13.3/47b6b093cd6ba80c9da8d973ea79c7ef69a878d5/micrometer-commons-1.13.3.jar","/home/jbergqvist/.gradle/caches/modules-2/files-2.1/org.ow2.asm/asm/9.6/aa205cf0a06dbd8e04ece91c0b37c3f5d567546a/asm-9.6.jar","/home/jbergqvist/.gradle/caches/modules-2/files-2.1/org.opentest4j/opentest4j/1.3.0/152ea56b3a72f655d4fd677fc0ef2596c3dd5e6e/opentest4j-1.3.0.jar","/home/jbergqvist/.gradle/caches/modules-2/files-2.1/org.glassfish.jaxb/txw2/4.0.5/f36a4ef12120a9bb06d766d6a0e54b144fd7ed98/txw2-4.0.5.jar","/home/jbergqvist/.gradle/caches/modules-2/files-2.1/com.sun.istack/istack-commons-runtime/4.1.2/18ec117c85f3ba0ac65409136afa8e42bc74e739/istack-commons-runtime-4.1.2.jar","/home/jbergqvist/.gradle/caches/modules-2/files-2.1/ch.qos.logback/logback-core/1.5.7/ba0d0cbac3f21abd28faed3b4931d5b49cc5887e/logback-core-1.5.7.jar","/home/jbergqvist/.gradle/caches/modules-2/files-2.1/org.apache.logging.log4j/log4j-api/2.23.1/9c15c29c526d9c6783049c0a77722693c66706e1/log4j-api-2.23.1.jar","/home/jbergqvist/.gradle/caches/modules-2/files-2.1/org.apache.commons/commons-lang3/3.14.0/1ed471194b02f2c6cb734a0cd6f6f107c673afae/commons-lang3-3.14.0.jar","/home/jbergqvist/.gradle/caches/modules-2/files-2.1/io.swagger.core.v3/swagger-annotations-jakarta/2.2.22/1efc0b0af32fce629f0786062c89e8b117abe120/swagger-annotations-jakarta-2.2.22.jar","/home/jbergqvist/.gradle/caches/modules-2/files-2.1/jakarta.validation/jakarta.validation-api/3.0.2/92b6631659ba35ca09e44874d3eb936edfeee532/jakarta.validation-api-3.0.2.jar","/home/jbergqvist/.gradle/caches/modules-2/files-2.1/org.apiguardian/apiguardian-api/1.1.2/a231e0d844d2721b0fa1b238006d15c6ded6842a/apiguardian-api-1.1.2.jar"],"complianceLevel":"21","productionSources":["/home/jbergqvist/diffblue/finos-traderX/position-service/src/main/java"],"testSources":["/home/jbergqvist/diffblue/finos-traderX/position-service/src/test/java"],"productionClasses":"/home/jbergqvist/diffblue/finos-traderX/position-service/build/classes/java/main","testClasses":"/home/jbergqvist/diffblue/finos-traderX/position-service/build/classes/java/test","sourceToBuildPathMap":{"/home/jbergqvist/diffblue/finos-traderX/position-service/src/main/java":"/home/jbergqvist/diffblue/finos-traderX/position-service/build/classes/java/main"},"testSourceToBuildPathMap":{"/home/jbergqvist/diffblue/finos-traderX/position-service/src/test/java":"/home/jbergqvist/diffblue/finos-traderX/position-service/build/classes/java/test"},"buildDirectory":null,"plugins":[{"__type":"DefaultPlugin","groupId":null,"artefactId":null,"version":null,"pluginClassName":"com.diffblue.cover.buildsystem.gradle.plugin.CoverPlugin"},{"__type":"DefaultPlugin","groupId":null,"artefactId":null,"version":"8.8","pluginClassName":"org.gradle.api.plugins.HelpTasksPlugin$Inject"},{"__type":"DefaultPlugin","groupId":null,"artefactId":null,"version":"8.8","pluginClassName":"org.gradle.buildinit.plugins.BuildInitPlugin$Inject"},{"__type":"DefaultPlugin","groupId":null,"artefactId":null,"version":"8.8","pluginClassName":"org.gradle.buildinit.plugins.WrapperPlugin$Inject"},{"__type":"DefaultPlugin","groupId":null,"artefactId":null,"version":"8.8","pluginClassName":"org.gradle.language.base.plugins.LifecycleBasePlugin$Inject"},{"__type":"DefaultPlugin","groupId":null,"artefactId":null,"version":"8.8","pluginClassName":"org.gradle.api.plugins.BasePlugin$Inject"},{"__type":"DefaultPlugin","groupId":null,"artefactId":null,"version":"8.8","pluginClassName":"org.gradle.api.plugins.JvmEcosystemPlugin$Inject"},{"__type":"DefaultPlugin","groupId":null,"artefactId":null,"version":"8.8","pluginClassName":"org.gradle.api.plugins.ReportingBasePlugin$Inject"},{"__type":"DefaultPlugin","groupId":null,"artefactId":null,"version":"8.8","pluginClassName":"org.gradle.api.plugins.JvmToolchainsPlugin$Inject"},{"__type":"DefaultPlugin","groupId":null,"artefactId":null,"version":"8.8","pluginClassName":"org.gradle.api.plugins.JavaBasePlugin$Inject"},{"__type":"DefaultPlugin","groupId":null,"artefactId":null,"version":"8.8","pluginClassName":"org.gradle.testing.base.plugins.TestSuiteBasePlugin$Inject"},{"__type":"DefaultPlugin","groupId":null,"artefactId":null,"version":"8.8","pluginClassName":"org.gradle.api.plugins.JvmTestSuitePlugin$Inject"},{"__type":"DefaultPlugin","groupId":null,"artefactId":null,"version":"8.8","pluginClassName":"org.gradle.api.plugins.JavaPlugin$Inject"},{"__type":"DefaultPlugin","groupId":null,"artefactId":null,"version":"3.3.3","pluginClassName":"org.springframework.boot.gradle.plugin.SpringBootPlugin"},{"__type":"DefaultPlugin","groupId":null,"artefactId":null,"version":"1.1.6","pluginClassName":"io.spring.gradle.dependencymanagement.DependencyManagementPlugin"},{"__type":"DefaultPlugin","groupId":null,"artefactId":null,"version":"0.8.11","pluginClassName":"org.gradle.testing.jacoco.plugins.JacocoPlugin$Inject"}],"version":"8.8","encoding":"UTF-8","name":"gradle","subModules":[],"simpleModuleName":"position-service","parentModuleName":"","location":"/home/jbergqvist/diffblue/finos-traderX/position-service","fullModuleName":"position-service"},{"__type":"DefaultProjectModule","junitReport":["/home/jbergqvist/diffblue/finos-traderX/account-service/build/test-results/test"],"jacocoReport":["/home/jbergqvist/diffblue/finos-traderX/account-service/build/reports/jacoco/test/jacocoTestReport.xml"],"jacocoDestFile":["/home/jbergqvist/diffblue/finos-traderX/account-service/build/jacoco/test.exec"],"jacocoFormats":null,"jacocoSkipped":false,"classpath":["/home/jbergqvist/diffblue/finos-traderX/account-service/build/classes/java/test","/home/jbergqvist/diffblue/finos-traderX/account-service/build/resources/test","/home/jbergqvist/diffblue/finos-traderX/account-service/build/classes/java/main","/home/jbergqvist/diffblue/finos-traderX/account-service/build/resources/main","/home/jbergqvist/.gradle/caches/modules-2/files-2.1/org.springframework.boot/spring-boot-starter-data-jpa/3.3.3/7eeb176d6130f7aa83405fe2985fe7cadc11ebc5/spring-boot-starter-data-jpa-3.3.3.jar","/home/jbergqvist/.gradle/caches/modules-2/files-2.1/org.springframework.boot/spring-boot-starter-web/3.3.3/f19325fefd33dc920c0f68547a798ed731a8c70c/spring-boot-starter-web-3.3.3.jar","/home/jbergqvist/.gradle/caches/modules-2/files-2.1/com.h2database/h2/2.2.224/7bdade27d8cd197d9b5ce9dc251f41d2edc5f7ad/h2-2.2.224.jar","/home/jbergqvist/.gradle/caches/modules-2/files-2.1/org.springdoc/springdoc-openapi-starter-webmvc-ui/2.6.0/2dddebb56441dbaa1009c4de434a83c65596f6ad/springdoc-openapi-starter-webmvc-ui-2.6.0.jar","/home/jbergqvist/.gradle/caches/modules-2/files-2.1/com.diffblue.cover/cover-annotations/1.8.0/9eb3621b5f61d1dd8d7fa1af6b2c8c3fcf8ee857/cover-annotations-1.8.0.jar","/home/jbergqvist/.gradle/caches/modules-2/files-2.1/org.springframework.boot/spring-boot-starter-test/3.3.3/6774cadaa893fce1f18ff5e528e17f75d32f6670/spring-boot-starter-test-3.3.3.jar","/home/jbergqvist/.gradle/caches/modules-2/files-2.1/org.springframework.boot/spring-boot-starter-aop/3.3.3/f64c22484c1ab36ae70abc752509ec4c7b1abcfc/spring-boot-starter-aop-3.3.3.jar","/home/jbergqvist/.gradle/caches/modules-2/files-2.1/org.springframework.boot/spring-boot-starter-jdbc/3.3.3/c97a56c12c79d1ce419a306ddee4ccb89b7d3728/spring-boot-starter-jdbc-3.3.3.jar","/home/jbergqvist/.gradle/caches/modules-2/files-2.1/org.hibernate.orm/hibernate-core/6.5.2.Final/e9e0cc47f6cd2b2553968aee66bd9e55e7485221/hibernate-core-6.5.2.Final.jar","/home/jbergqvist/.gradle/caches/modules-2/files-2.1/org.springframework.data/spring-data-jpa/3.3.3/9b89dbd19eee24c4dc4df12564efc603c614aa91/spring-data-jpa-3.3.3.jar","/home/jbergqvist/.gradle/caches/modules-2/files-2.1/org.springframework/spring-aspects/6.1.12/b72435b5813755a894531e2cf1565eff1b313574/spring-aspects-6.1.12.jar","/home/jbergqvist/.gradle/caches/modules-2/files-2.1/org.springframework.boot/spring-boot-starter-json/3.3.3/3dde3b6089f772a77763020cc97a219307a8f39f/spring-boot-starter-json-3.3.3.jar","/home/jbergqvist/.gradle/caches/modules-2/files-2.1/org.springframework.boot/spring-boot-starter/3.3.3/174d6cb1c59036a01756d6bf4d8945325f94155f/spring-boot-starter-3.3.3.jar","/home/jbergqvist/.gradle/caches/modules-2/files-2.1/org.springframework.boot/spring-boot-starter-tomcat/3.3.3/8ca660b0ecba2f0ff8ce27603fe89953dc4ec18d/spring-boot-starter-tomcat-3.3.3.jar","/home/jbergqvist/.gradle/caches/modules-2/files-2.1/org.springdoc/springdoc-openapi-starter-webmvc-api/2.6.0/d235c2989247641e5dfe764d7add3a11e4d54a5f/springdoc-openapi-starter-webmvc-api-2.6.0.jar","/home/jbergqvist/.gradle/caches/modules-2/files-2.1/org.springframework/spring-webmvc/6.1.12/86bb0c203d68adb4b2675765f5a372f4c5254b2d/spring-webmvc-6.1.12.jar","/home/jbergqvist/.gradle/caches/modules-2/files-2.1/org.springframework/spring-web/6.1.12/b60e69b3ec87f8e001537a0fa7e3e2732dfafa7e/spring-web-6.1.12.jar","/home/jbergqvist/.gradle/caches/modules-2/files-2.1/org.webjars/swagger-ui/5.17.14/7c746d197424eb721b4e08fcaa9e85231662d81f/swagger-ui-5.17.14.jar","/home/jbergqvist/.gradle/caches/modules-2/files-2.1/org.springframework.boot/spring-boot-test-autoconfigure/3.3.3/ebce486202d965dc984ff8013a8f87fdb9b6fe46/spring-boot-test-autoconfigure-3.3.3.jar","/home/jbergqvist/.gradle/caches/modules-2/files-2.1/org.springframework.boot/spring-boot-test/3.3.3/42a314ffe171b6fb3932a86a884ef721467dc704/spring-boot-test-3.3.3.jar","/home/jbergqvist/.gradle/caches/modules-2/files-2.1/com.jayway.jsonpath/json-path/2.9.0/37fe2217f577b0b68b18e62c4d17a8858ecf9b69/json-path-2.9.0.jar","/home/jbergqvist/.gradle/caches/modules-2/files-2.1/org.glassfish.jaxb/jaxb-runtime/4.0.5/ca84c2a7169b5293e232b9d00d1e4e36d4c3914a/jaxb-runtime-4.0.5.jar","/home/jbergqvist/.gradle/caches/modules-2/files-2.1/org.glassfish.jaxb/jaxb-core/4.0.5/7b4b11ea5542eea4ad55e1080b23be436795b3/jaxb-core-4.0.5.jar","/home/jbergqvist/.gradle/caches/modules-2/files-2.1/org.springdoc/springdoc-openapi-starter-common/2.6.0/c8cf5fbd1f9e4c410d67f1de27dfc3529de13620/springdoc-openapi-starter-common-2.6.0.jar","/home/jbergqvist/.gradle/caches/modules-2/files-2.1/io.swagger.core.v3/swagger-core-jakarta/2.2.22/9ed5daaaa1c94c9a6b56c058c9d1b3190044a2e2/swagger-core-jakarta-2.2.22.jar","/home/jbergqvist/.gradle/caches/modules-2/files-2.1/jakarta.xml.bind/jakarta.xml.bind-api/4.0.2/6cd5a999b834b63238005b7144136379dc36cad2/jakarta.xml.bind-api-4.0.2.jar","/home/jbergqvist/.gradle/caches/modules-2/files-2.1/net.minidev/json-smart/2.5.1/4c11d2808d009132dfbbf947ebf37de6bf266c8e/json-smart-2.5.1.jar","/home/jbergqvist/.gradle/caches/modules-2/files-2.1/org.assertj/assertj-core/3.25.3/792b270e73aa1cfc28fa135be0b95e69ea451432/assertj-core-3.25.3.jar","/home/jbergqvist/.gradle/caches/modules-2/files-2.1/org.awaitility/awaitility/4.2.2/7336242073ebf83fe034e42b46a403c5501b63c9/awaitility-4.2.2.jar","/home/jbergqvist/.gradle/caches/modules-2/files-2.1/org.hamcrest/hamcrest/2.2/1820c0968dba3a11a1b30669bb1f01978a91dedc/hamcrest-2.2.jar","/home/jbergqvist/.gradle/caches/modules-2/files-2.1/org.mockito/mockito-junit-jupiter/5.11.0/8e658dd339f40305ed4293db25545b5df98b171b/mockito-junit-jupiter-5.11.0.jar","/home/jbergqvist/.gradle/caches/modules-2/files-2.1/org.junit.jupiter/junit-jupiter-params/5.10.3/4852f4e4af9074d9214213b199751f99efeab8b9/junit-jupiter-params-5.10.3.jar","/home/jbergqvist/.gradle/caches/modules-2/files-2.1/org.junit.jupiter/junit-jupiter-engine/5.10.3/48c14e866bb1a87ca35d24ff068463bb202ada24/junit-jupiter-engine-5.10.3.jar","/home/jbergqvist/.gradle/caches/modules-2/files-2.1/org.junit.jupiter/junit-jupiter-api/5.10.3/a22aa91d1d6c69b2020a9aeb6d095ea81132bfa5/junit-jupiter-api-5.10.3.jar","/home/jbergqvist/.gradle/caches/modules-2/files-2.1/org.junit.platform/junit-platform-engine/1.10.3/365a320c3cfd47f3346625e541e424e35dc75c42/junit-platform-engine-1.10.3.jar","/home/jbergqvist/.gradle/caches/modules-2/files-2.1/org.junit.platform/junit-platform-commons/1.10.3/a353d42a2f13343a7cb80c5228ae66ff64495481/junit-platform-commons-1.10.3.jar","/home/jbergqvist/.gradle/caches/modules-2/files-2.1/org.junit.jupiter/junit-jupiter/5.10.3/6686d8fbf251f9bf8ecba413cab57b9e00f9134d/junit-jupiter-5.10.3.jar","/home/jbergqvist/.gradle/caches/modules-2/files-2.1/org.mockito/mockito-core/5.11.0/e4069fa4f4ff2c94322cfec5f2e45341c6c70aff/mockito-core-5.11.0.jar","/home/jbergqvist/.gradle/caches/modules-2/files-2.1/org.skyscreamer/jsonassert/1.5.3/aaa43e0823d2a0e106e8754d6a9c4ab24e05e9bc/jsonassert-1.5.3.jar","/home/jbergqvist/.gradle/caches/modules-2/files-2.1/org.springframework/spring-test/6.1.12/ea59acc56a32e6a46f66c06e5d4c2b8e8c6a2869/spring-test-6.1.12.jar","/home/jbergqvist/.gradle/caches/modules-2/files-2.1/org.springframework.boot/spring-boot-autoconfigure/3.3.3/4445f0bbf838c1e3aeb5a83bf2367fbd1013237f/spring-boot-autoconfigure-3.3.3.jar","/home/jbergqvist/.gradle/caches/modules-2/files-2.1/org.springframework.boot/spring-boot/3.3.3/f34dba93611823e521800a47043267715184911b/spring-boot-3.3.3.jar","/home/jbergqvist/.gradle/caches/modules-2/files-2.1/org.springframework/spring-context/6.1.12/e69d476d1334935529a61f403749c6b8593e3272/spring-context-6.1.12.jar","/home/jbergqvist/.gradle/caches/modules-2/files-2.1/org.springframework/spring-aop/6.1.12/5fce5ff02455fad179fc0ea05435dfb79bbeaa66/spring-aop-6.1.12.jar","/home/jbergqvist/.gradle/caches/modules-2/files-2.1/org.springframework/spring-orm/6.1.12/9df98d9ebdfcf5359dbda945de515d8af2cabe89/spring-orm-6.1.12.jar","/home/jbergqvist/.gradle/caches/modules-2/files-2.1/org.springframework/spring-jdbc/6.1.12/feb177a07e109f633c3fb1892d22a2867d0b2284/spring-jdbc-6.1.12.jar","/home/jbergqvist/.gradle/caches/modules-2/files-2.1/org.springframework.data/spring-data-commons/3.3.3/89ab77494e1e56b058001354265e381a0a2868e6/spring-data-commons-3.3.3.jar","/home/jbergqvist/.gradle/caches/modules-2/files-2.1/org.springframework/spring-tx/6.1.12/c47885e494845584e08407b611031ea2bcef0ef7/spring-tx-6.1.12.jar","/home/jbergqvist/.gradle/caches/modules-2/files-2.1/org.springframework/spring-beans/6.1.12/f0344fa934f114a15f02c2b1a199189ec12b7eb5/spring-beans-6.1.12.jar","/home/jbergqvist/.gradle/caches/modules-2/files-2.1/org.springframework/spring-expression/6.1.12/644bbc2e65eb40feb7284b8570d7a7eb8b1fe8df/spring-expression-6.1.12.jar","/home/jbergqvist/.gradle/caches/modules-2/files-2.1/org.springframework/spring-core/6.1.12/5f4162fb645c4f72b57b21d721fce9f26edb9bb9/spring-core-6.1.12.jar","/home/jbergqvist/.gradle/caches/modules-2/files-2.1/org.xmlunit/xmlunit-core/2.9.1/e5833662d9a1279a37da3ef6f62a1da29fcd68c4/xmlunit-core-2.9.1.jar","/home/jbergqvist/.gradle/caches/modules-2/files-2.1/org.aspectj/aspectjweaver/1.9.22.1/bca243d0af0db4758fbae45c5f4995cb5dabb612/aspectjweaver-1.9.22.1.jar","/home/jbergqvist/.gradle/caches/modules-2/files-2.1/com.zaxxer/HikariCP/5.1.0/8c96e36c14461fc436bb02b264b96ef3ca5dca8c/HikariCP-5.1.0.jar","/home/jbergqvist/.gradle/caches/modules-2/files-2.1/jakarta.persistence/jakarta.persistence-api/3.1.0/66901fa1c373c6aff65c13791cc11da72060a8d6/jakarta.persistence-api-3.1.0.jar","/home/jbergqvist/.gradle/caches/modules-2/files-2.1/jakarta.transaction/jakarta.transaction-api/2.0.1/51a520e3fae406abb84e2e1148e6746ce3f80a1a/jakarta.transaction-api-2.0.1.jar","/home/jbergqvist/.gradle/caches/modules-2/files-2.1/org.jboss.logging/jboss-logging/3.5.3.Final/c88fc1d8a96d4c3491f55d4317458ccad53ca663/jboss-logging-3.5.3.Final.jar","/home/jbergqvist/.gradle/caches/modules-2/files-2.1/org.hibernate.common/hibernate-commons-annotations/6.0.6.Final/77a5f94b56d49508e0ee334751db5b78e5ccd50c/hibernate-commons-annotations-6.0.6.Final.jar","/home/jbergqvist/.gradle/caches/modules-2/files-2.1/io.smallrye/jandex/3.1.2/a6c1c89925c7df06242b03dddb353116ceb9584c/jandex-3.1.2.jar","/home/jbergqvist/.gradle/caches/modules-2/files-2.1/com.fasterxml/classmate/1.7.0/e98374da1f2143ac8e6e0a95036994bb19137a3/classmate-1.7.0.jar","/home/jbergqvist/.gradle/caches/modules-2/files-2.1/net.bytebuddy/byte-buddy/1.14.19/4c0c637b8f47dc08f89240e6f59900011752c97b/byte-buddy-1.14.19.jar","/home/jbergqvist/.gradle/caches/modules-2/files-2.1/jakarta.inject/jakarta.inject-api/2.0.1/4c28afe1991a941d7702fe1362c365f0a8641d1e/jakarta.inject-api-2.0.1.jar","/home/jbergqvist/.gradle/caches/modules-2/files-2.1/org.antlr/antlr4-runtime/4.13.0/5a02e48521624faaf5ff4d99afc88b01686af655/antlr4-runtime-4.13.0.jar","/home/jbergqvist/.gradle/caches/modules-2/files-2.1/jakarta.annotation/jakarta.annotation-api/2.1.1/48b9bda22b091b1f48b13af03fe36db3be6e1ae3/jakarta.annotation-api-2.1.1.jar","/home/jbergqvist/.gradle/caches/modules-2/files-2.1/org.springframework.boot/spring-boot-starter-logging/3.3.3/43d07b2e6bbb628c7fc5df103d35ee2eb091522/spring-boot-starter-logging-3.3.3.jar","/home/jbergqvist/.gradle/caches/modules-2/files-2.1/ch.qos.logback/logback-classic/1.5.7/ad4ff8ca015737ade8e8a9de07de565c423e5b7a/logback-classic-1.5.7.jar","/home/jbergqvist/.gradle/caches/modules-2/files-2.1/org.apache.logging.log4j/log4j-to-slf4j/2.23.1/425ad1eb8a39904d2830e907a324e956fb456520/log4j-to-slf4j-2.23.1.jar","/home/jbergqvist/.gradle/caches/modules-2/files-2.1/org.slf4j/jul-to-slf4j/2.0.16/6d57da3e961daac65bcca0dd3def6cd11e48a24a/jul-to-slf4j-2.0.16.jar","/home/jbergqvist/.gradle/caches/modules-2/files-2.1/org.slf4j/slf4j-api/2.0.16/172931663a09a1fa515567af5fbef00897d3c04/slf4j-api-2.0.16.jar","/home/jbergqvist/.gradle/caches/modules-2/files-2.1/com.fasterxml.jackson.datatype/jackson-datatype-jdk8/2.17.2/efd3dd0e1d0db8bc72abbe71c15e697bb83b4b45/jackson-datatype-jdk8-2.17.2.jar","/home/jbergqvist/.gradle/caches/modules-2/files-2.1/com.fasterxml.jackson.datatype/jackson-datatype-jsr310/2.17.2/267b85e9ba2892a37be6d80aa9ca1438a0d8c210/jackson-datatype-jsr310-2.17.2.jar","/home/jbergqvist/.gradle/caches/modules-2/files-2.1/com.fasterxml.jackson.module/jackson-module-parameter-names/2.17.2/d27b9f95ccce98984c1ba58d61c5a9c072b1ad95/jackson-module-parameter-names-2.17.2.jar","/home/jbergqvist/.gradle/caches/modules-2/files-2.1/com.fasterxml.jackson.core/jackson-databind/2.17.2/e6deb029e5901e027c129341fac39e515066b68c/jackson-databind-2.17.2.jar","/home/jbergqvist/.gradle/caches/modules-2/files-2.1/io.swagger.core.v3/swagger-models-jakarta/2.2.22/bc2809b2efa1f7b062bc9668304a84b198fececd/swagger-models-jakarta-2.2.22.jar","/home/jbergqvist/.gradle/caches/modules-2/files-2.1/com.fasterxml.jackson.core/jackson-annotations/2.17.2/147b7b9412ffff24339f8aba080b292448e08698/jackson-annotations-2.17.2.jar","/home/jbergqvist/.gradle/caches/modules-2/files-2.1/com.fasterxml.jackson.core/jackson-core/2.17.2/969a35cb35c86512acbadcdbbbfb044c877db814/jackson-core-2.17.2.jar","/home/jbergqvist/.gradle/caches/modules-2/files-2.1/com.fasterxml.jackson.dataformat/jackson-dataformat-yaml/2.17.2/78d2c73dbec62044d7cf3b544b2e0d24a1a093b0/jackson-dataformat-yaml-2.17.2.jar","/home/jbergqvist/.gradle/caches/modules-2/files-2.1/org.yaml/snakeyaml/2.2/3af797a25458550a16bf89acc8e4ab2b7f2bfce0/snakeyaml-2.2.jar","/home/jbergqvist/.gradle/caches/modules-2/files-2.1/org.apache.tomcat.embed/tomcat-embed-websocket/10.1.28/1a5ee88106795215e8a7b6cfea46e57cdfc96430/tomcat-embed-websocket-10.1.28.jar","/home/jbergqvist/.gradle/caches/modules-2/files-2.1/org.apache.tomcat.embed/tomcat-embed-core/10.1.28/624f53789b7ba96bc3c8e871fb5eed4cab5a7c89/tomcat-embed-core-10.1.28.jar","/home/jbergqvist/.gradle/caches/modules-2/files-2.1/org.apache.tomcat.embed/tomcat-embed-el/10.1.28/3220f687c5ffc8650559f08ecac5b149838627b3/tomcat-embed-el-10.1.28.jar","/home/jbergqvist/.gradle/caches/modules-2/files-2.1/io.micrometer/micrometer-observation/1.13.3/99840eb14ecf95d349f39123c867c2ca33808d/micrometer-observation-1.13.3.jar","/home/jbergqvist/.gradle/caches/modules-2/files-2.1/org.eclipse.angus/angus-activation/2.0.2/41f1e0ddd157c856926ed149ab837d110955a9fc/angus-activation-2.0.2.jar","/home/jbergqvist/.gradle/caches/modules-2/files-2.1/jakarta.activation/jakarta.activation-api/2.1.3/fa165bd70cda600368eee31555222776a46b881f/jakarta.activation-api-2.1.3.jar","/home/jbergqvist/.gradle/caches/modules-2/files-2.1/net.minidev/accessors-smart/2.5.1/19b820261eb2e7de7d5bde11d1c06e4501dd7e5f/accessors-smart-2.5.1.jar","/home/jbergqvist/.gradle/caches/modules-2/files-2.1/net.bytebuddy/byte-buddy-agent/1.14.19/154da3a65b4f4a909d3e5bdec55d1b2b4cbb6ce1/byte-buddy-agent-1.14.19.jar","/home/jbergqvist/.gradle/caches/modules-2/files-2.1/org.objenesis/objenesis/3.3/1049c09f1de4331e8193e579448d0916d75b7631/objenesis-3.3.jar","/home/jbergqvist/.gradle/caches/modules-2/files-2.1/com.vaadin.external.google/android-json/0.0.20131108.vaadin1/fa26d351fe62a6a17f5cda1287c1c6110dec413f/android-json-0.0.20131108.vaadin1.jar","/home/jbergqvist/.gradle/caches/modules-2/files-2.1/org.springframework/spring-jcl/6.1.12/f46d6016fd1dd3801a0e6fcd64789ac468254944/spring-jcl-6.1.12.jar","/home/jbergqvist/.gradle/caches/modules-2/files-2.1/io.micrometer/micrometer-commons/1.13.3/47b6b093cd6ba80c9da8d973ea79c7ef69a878d5/micrometer-commons-1.13.3.jar","/home/jbergqvist/.gradle/caches/modules-2/files-2.1/org.ow2.asm/asm/9.6/aa205cf0a06dbd8e04ece91c0b37c3f5d567546a/asm-9.6.jar","/home/jbergqvist/.gradle/caches/modules-2/files-2.1/org.opentest4j/opentest4j/1.3.0/152ea56b3a72f655d4fd677fc0ef2596c3dd5e6e/opentest4j-1.3.0.jar","/home/jbergqvist/.gradle/caches/modules-2/files-2.1/org.glassfish.jaxb/txw2/4.0.5/f36a4ef12120a9bb06d766d6a0e54b144fd7ed98/txw2-4.0.5.jar","/home/jbergqvist/.gradle/caches/modules-2/files-2.1/com.sun.istack/istack-commons-runtime/4.1.2/18ec117c85f3ba0ac65409136afa8e42bc74e739/istack-commons-runtime-4.1.2.jar","/home/jbergqvist/.gradle/caches/modules-2/files-2.1/ch.qos.logback/logback-core/1.5.7/ba0d0cbac3f21abd28faed3b4931d5b49cc5887e/logback-core-1.5.7.jar","/home/jbergqvist/.gradle/caches/modules-2/files-2.1/org.apache.logging.log4j/log4j-api/2.23.1/9c15c29c526d9c6783049c0a77722693c66706e1/log4j-api-2.23.1.jar","/home/jbergqvist/.gradle/caches/modules-2/files-2.1/org.apache.commons/commons-lang3/3.14.0/1ed471194b02f2c6cb734a0cd6f6f107c673afae/commons-lang3-3.14.0.jar","/home/jbergqvist/.gradle/caches/modules-2/files-2.1/io.swagger.core.v3/swagger-annotations-jakarta/2.2.22/1efc0b0af32fce629f0786062c89e8b117abe120/swagger-annotations-jakarta-2.2.22.jar","/home/jbergqvist/.gradle/caches/modules-2/files-2.1/jakarta.validation/jakarta.validation-api/3.0.2/92b6631659ba35ca09e44874d3eb936edfeee532/jakarta.validation-api-3.0.2.jar","/home/jbergqvist/.gradle/caches/modules-2/files-2.1/org.apiguardian/apiguardian-api/1.1.2/a231e0d844d2721b0fa1b238006d15c6ded6842a/apiguardian-api-1.1.2.jar"],"complianceLevel":"21","productionSources":["/home/jbergqvist/diffblue/finos-traderX/account-service/src/main/java"],"testSources":["/home/jbergqvist/diffblue/finos-traderX/account-service/src/test/java"],"productionClasses":"/home/jbergqvist/diffblue/finos-traderX/account-service/build/classes/java/main","testClasses":"/home/jbergqvist/diffblue/finos-traderX/account-service/build/classes/java/test","sourceToBuildPathMap":{"/home/jbergqvist/diffblue/finos-traderX/account-service/src/main/java":"/home/jbergqvist/diffblue/finos-traderX/account-service/build/classes/java/main"},"testSourceToBuildPathMap":{"/home/jbergqvist/diffblue/finos-traderX/account-service/src/test/java":"/home/jbergqvist/diffblue/finos-traderX/account-service/build/classes/java/test"},"buildDirectory":null,"plugins":[{"__type":"DefaultPlugin","groupId":null,"artefactId":null,"version":null,"pluginClassName":"com.diffblue.cover.buildsystem.gradle.plugin.CoverPlugin"},{"__type":"DefaultPlugin","groupId":null,"artefactId":null,"version":"8.8","pluginClassName":"org.gradle.api.plugins.HelpTasksPlugin$Inject"},{"__type":"DefaultPlugin","groupId":null,"artefactId":null,"version":"8.8","pluginClassName":"org.gradle.buildinit.plugins.BuildInitPlugin$Inject"},{"__type":"DefaultPlugin","groupId":null,"artefactId":null,"version":"8.8","pluginClassName":"org.gradle.buildinit.plugins.WrapperPlugin$Inject"},{"__type":"DefaultPlugin","groupId":null,"artefactId":null,"version":"8.8","pluginClassName":"org.gradle.language.base.plugins.LifecycleBasePlugin$Inject"},{"__type":"DefaultPlugin","groupId":null,"artefactId":null,"version":"8.8","pluginClassName":"org.gradle.api.plugins.BasePlugin$Inject"},{"__type":"DefaultPlugin","groupId":null,"artefactId":null,"version":"8.8","pluginClassName":"org.gradle.api.plugins.JvmEcosystemPlugin$Inject"},{"__type":"DefaultPlugin","groupId":null,"artefactId":null,"version":"8.8","pluginClassName":"org.gradle.api.plugins.ReportingBasePlugin$Inject"},{"__type":"DefaultPlugin","groupId":null,"artefactId":null,"version":"8.8","pluginClassName":"org.gradle.api.plugins.JvmToolchainsPlugin$Inject"},{"__type":"DefaultPlugin","groupId":null,"artefactId":null,"version":"8.8","pluginClassName":"org.gradle.api.plugins.JavaBasePlugin$Inject"},{"__type":"DefaultPlugin","groupId":null,"artefactId":null,"version":"8.8","pluginClassName":"org.gradle.testing.base.plugins.TestSuiteBasePlugin$Inject"},{"__type":"DefaultPlugin","groupId":null,"artefactId":null,"version":"8.8","pluginClassName":"org.gradle.api.plugins.JvmTestSuitePlugin$Inject"},{"__type":"DefaultPlugin","groupId":null,"artefactId":null,"version":"8.8","pluginClassName":"org.gradle.api.plugins.JavaPlugin$Inject"},{"__type":"DefaultPlugin","groupId":null,"artefactId":null,"version":"3.3.3","pluginClassName":"org.springframework.boot.gradle.plugin.SpringBootPlugin"},{"__type":"DefaultPlugin","groupId":null,"artefactId":null,"version":"1.1.6","pluginClassName":"io.spring.gradle.dependencymanagement.DependencyManagementPlugin"},{"__type":"DefaultPlugin","groupId":null,"artefactId":null,"version":"0.8.11","pluginClassName":"org.gradle.testing.jacoco.plugins.JacocoPlugin$Inject"}],"version":"8.8","encoding":"UTF-8","name":"gradle","subModules":[],"simpleModuleName":"account-service","parentModuleName":"","location":"/home/jbergqvist/diffblue/finos-traderX/account-service","fullModuleName":"account-service"}],"simpleModuleName":"finos-traderX","parentModuleName":null,"location":"/home/jbergqvist/diffblue/finos-traderX","fullModuleName":"finos-traderX"}}
12:41:17.792 [INFO]   [Checking]    [gradle:out]        [com.diffblue.cover.buildsystem.config.a.a] out: No tasks specified. Using default task 'help'
12:41:17.832 [INFO]   [Checking]    [gradle:out]        [com.diffblue.cover.buildsystem.config.a.a] out: Task name matched 'help'
12:41:17.832 [INFO]   [Checking]    [gradle:out]        [com.diffblue.cover.buildsystem.config.a.a] out: Selected primary task 'help' from project :
12:41:17.832 [INFO]   [Checking]    [gradle:out]        [com.diffblue.cover.buildsystem.config.a.a] out: Tasks to be executed: [task ':help']
12:41:17.832 [INFO]   [Checking]    [gradle:out]        [com.diffblue.cover.buildsystem.config.a.a] out: Tasks that were excluded: []
12:41:17.832 [INFO]   [Checking]    [gradle:out]        [com.diffblue.cover.buildsystem.config.a.a] out: Resolve mutations for :help (Thread[#285,Execution worker,5,main]) started.
12:41:17.832 [INFO]   [Checking]    [gradle:out]        [com.diffblue.cover.buildsystem.config.a.a] out: :help (Thread[#285,Execution worker,5,main]) started.
12:41:17.832 [INFO]   [Checking]    [gradle:out]        [com.diffblue.cover.buildsystem.config.a.a] out: 
12:41:17.832 [INFO]   [Checking]    [gradle:out]        [com.diffblue.cover.buildsystem.config.a.a] out: > Task :help
12:41:17.832 [INFO]   [Checking]    [gradle:out]        [com.diffblue.cover.buildsystem.config.a.a] out: Writing Diffblue message (event type)
12:41:17.832 [INFO]   [Checking]    [gradle:out]        [com.diffblue.cover.buildsystem.internal.f.f] deserializing line [DIFFBLUE]{"__type":"com.diffblue.cover.buildsystem.model.DefaultEventMessage","project":"finos-traderX","goal":"help","cause":null,"state":"STARTED"}
12:41:17.840 [INFO]   [Checking]    [gradle:out]        [com.diffblue.cover.buildsystem.config.a.a] out: Caching disabled for task ':help' because:
12:41:17.840 [INFO]   [Checking]    [gradle:out]        [com.diffblue.cover.buildsystem.config.a.a] out:   Build cache is disabled
12:41:17.840 [INFO]   [Checking]    [gradle:out]        [com.diffblue.cover.buildsystem.config.a.a] out: Task ':help' is not up-to-date because:
12:41:17.840 [INFO]   [Checking]    [gradle:out]        [com.diffblue.cover.buildsystem.config.a.a] out:   Task has not declared any outputs despite executing actions.
12:41:17.840 [INFO]   [Checking]    [gradle:out]        [com.diffblue.cover.buildsystem.config.a.a] out: 
12:41:17.840 [INFO]   [Checking]    [gradle:out]        [com.diffblue.cover.buildsystem.config.a.a] out: Welcome to Gradle 8.8.
12:41:17.840 [INFO]   [Checking]    [gradle:out]        [com.diffblue.cover.buildsystem.config.a.a] out: 
12:41:17.840 [INFO]   [Checking]    [gradle:out]        [com.diffblue.cover.buildsystem.config.a.a] out: To run a build, run gradlew <task> ...
12:41:17.840 [INFO]   [Checking]    [gradle:out]        [com.diffblue.cover.buildsystem.config.a.a] out: 
12:41:17.840 [INFO]   [Checking]    [gradle:out]        [com.diffblue.cover.buildsystem.config.a.a] out: To see a list of available tasks, run gradlew tasks
12:41:17.840 [INFO]   [Checking]    [gradle:out]        [com.diffblue.cover.buildsystem.config.a.a] out: 
12:41:17.840 [INFO]   [Checking]    [gradle:out]        [com.diffblue.cover.buildsystem.config.a.a] out: To see more detail about a task, run gradlew help --task <task>
12:41:17.840 [INFO]   [Checking]    [gradle:out]        [com.diffblue.cover.buildsystem.config.a.a] out: 
12:41:17.840 [INFO]   [Checking]    [gradle:out]        [com.diffblue.cover.buildsystem.config.a.a] out: To see a list of command-line options, run gradlew --help
12:41:17.840 [INFO]   [Checking]    [gradle:out]        [com.diffblue.cover.buildsystem.config.a.a] out: 
12:41:17.840 [INFO]   [Checking]    [gradle:out]        [com.diffblue.cover.buildsystem.config.a.a] out: For more detail on using Gradle, see https://docs.gradle.org/8.8/userguide/command_line_interface.html
12:41:17.840 [INFO]   [Checking]    [gradle:out]        [com.diffblue.cover.buildsystem.config.a.a] out: 
12:41:17.840 [INFO]   [Checking]    [gradle:out]        [com.diffblue.cover.buildsystem.config.a.a] out: For troubleshooting, visit https://help.gradle.org
12:41:17.840 [INFO]   [Checking]    [gradle:out]        [com.diffblue.cover.buildsystem.config.a.a] out: Writing Diffblue message (event type)
12:41:17.840 [INFO]   [Checking]    [gradle:out]        [com.diffblue.cover.buildsystem.internal.f.f] deserializing line [DIFFBLUE]{"__type":"com.diffblue.cover.buildsystem.model.DefaultEventMessage","project":"finos-traderX","goal":"help","cause":null,"state":"SUCCESS"}
12:41:17.843 [INFO]   [Checking]    [gradle:out]        [com.diffblue.cover.buildsystem.config.a.a] out: 
12:41:17.843 [INFO]   [Checking]    [gradle:out]        [com.diffblue.cover.buildsystem.config.a.a] out: Deprecated Gradle features were used in this build, making it incompatible with Gradle 9.0.
12:41:17.843 [INFO]   [Checking]    [gradle:out]        [com.diffblue.cover.buildsystem.config.a.a] out: 
12:41:17.843 [INFO]   [Checking]    [gradle:out]        [com.diffblue.cover.buildsystem.config.a.a] out: You can use '--warning-mode all' to show the individual deprecation warnings and determine if they come from your own scripts or plugins.
12:41:17.843 [INFO]   [Checking]    [gradle:out]        [com.diffblue.cover.buildsystem.config.a.a] out: 
12:41:17.843 [INFO]   [Checking]    [gradle:out]        [com.diffblue.cover.buildsystem.config.a.a] out: For more on this, please refer to https://docs.gradle.org/8.8/userguide/command_line_interface.html#sec:command_line_warnings in the Gradle documentation.
12:41:17.843 [INFO]   [Checking]    [gradle:out]        [com.diffblue.cover.buildsystem.config.a.a] out: 
12:41:17.843 [INFO]   [Checking]    [gradle:out]        [com.diffblue.cover.buildsystem.config.a.a] out: BUILD SUCCESSFUL in 5s
12:41:17.843 [INFO]   [Checking]    [gradle:out]        [com.diffblue.cover.buildsystem.config.a.a] out: 1 actionable task: 1 executed
12:41:18.168 [INFO]   [Checking]    [main]              [com.diffblue.cover.buildsystem.internal.f.d] gradle:err process not stopped, joining thread
12:41:18.168 [INFO]   [Checking]    [main]              [com.diffblue.cover.buildsystem.internal.f.d] gradle:out process not stopped, joining thread
12:41:18.170 [DEBUG]  [Checking]    [main]              [com.diffblue.cover.buildsystem.config.a.a] Executor spent 5s on command "/home/jbergqvist/diffblue/finos-traderX/./gradlew --init-script=/home/jbergqvist/diffblue/finos-traderX/.diffblue/init.gradle --info --console=plain -PskipTestOptimizer=true -Dcom.diffblue.cover.buildsystem.gradle.model-jar=/opt/cover/com.diffblue.cover.buildsystem.gradle.plugin.jar --no-daemon"
12:41:18.170 [INFO]   [Checking]    [main]              [com.diffblue.cover.buildsystem.internal.f.f] Deserializing project module message
12:41:18.177 [INFO]   [Checking]    [main]              [com.diffblue.cover.buildsystem.internal.f.f] deserializing line [DIFFBLUE]{"__type":"com.diffblue.cover.buildsystem.model.DefaultProjectModuleMessage","project":{"__type":"DefaultProjectModule","junitReport":[],"jacocoReport":[],"jacocoDestFile":[],"jacocoFormats":null,"jacocoSkipped":false,"classpath":null,"complianceLevel":null,"productionSources":null,"testSources":null,"productionClasses":null,"testClasses":null,"sourceToBuildPathMap":{},"testSourceToBuildPathMap":{},"buildDirectory":null,"plugins":[{"__type":"DefaultPlugin","groupId":null,"artefactId":null,"version":null,"pluginClassName":"com.diffblue.cover.buildsystem.gradle.plugin.CoverPlugin"},{"__type":"DefaultPlugin","groupId":null,"artefactId":null,"version":"8.8","pluginClassName":"org.gradle.api.plugins.HelpTasksPlugin$Inject"},{"__type":"DefaultPlugin","groupId":null,"artefactId":null,"version":"8.8","pluginClassName":"org.gradle.buildinit.plugins.BuildInitPlugin$Inject"},{"__type":"DefaultPlugin","groupId":null,"artefactId":null,"version":"8.8","pluginClassName":"org.gradle.buildinit.plugins.WrapperPlugin$Inject"}],"version":"8.8","encoding":null,"name":"gradle","subModules":[{"__type":"DefaultProjectModule","junitReport":["/home/jbergqvist/diffblue/finos-traderX/database/build/test-results/test"],"jacocoReport":["/home/jbergqvist/diffblue/finos-traderX/database/build/reports/jacoco/test/jacocoTestReport.xml"],"jacocoDestFile":["/home/jbergqvist/diffblue/finos-traderX/database/build/jacoco/test.exec"],"jacocoFormats":null,"jacocoSkipped":false,"classpath":["/home/jbergqvist/diffblue/finos-traderX/database/build/classes/java/test","/home/jbergqvist/diffblue/finos-traderX/database/build/resources/test","/home/jbergqvist/diffblue/finos-traderX/database/build/classes/java/main","/home/jbergqvist/diffblue/finos-traderX/database/build/resources/main","/home/jbergqvist/.gradle/caches/modules-2/files-2.1/com.h2database/h2/2.2.224/7bdade27d8cd197d9b5ce9dc251f41d2edc5f7ad/h2-2.2.224.jar"],"complianceLevel":"21","productionSources":["/home/jbergqvist/diffblue/finos-traderX/database/src/main/java"],"testSources":["/home/jbergqvist/diffblue/finos-traderX/database/src/test/java"],"productionClasses":"/home/jbergqvist/diffblue/finos-traderX/database/build/classes/java/main","testClasses":"/home/jbergqvist/diffblue/finos-traderX/database/build/classes/java/test","sourceToBuildPathMap":{},"testSourceToBuildPathMap":{},"buildDirectory":null,"plugins":[{"__type":"DefaultPlugin","groupId":null,"artefactId":null,"version":null,"pluginClassName":"com.diffblue.cover.buildsystem.gradle.plugin.CoverPlugin"},{"__type":"DefaultPlugin","groupId":null,"artefactId":null,"version":"8.8","pluginClassName":"org.gradle.api.plugins.HelpTasksPlugin$Inject"},{"__type":"DefaultPlugin","groupId":null,"artefactId":null,"version":"8.8","pluginClassName":"org.gradle.buildinit.plugins.BuildInitPlugin$Inject"},{"__type":"DefaultPlugin","groupId":null,"artefactId":null,"version":"8.8","pluginClassName":"org.gradle.buildinit.plugins.WrapperPlugin$Inject"},{"__type":"DefaultPlugin","groupId":null,"artefactId":null,"version":"8.8","pluginClassName":"org.gradle.language.base.plugins.LifecycleBasePlugin$Inject"},{"__type":"DefaultPlugin","groupId":null,"artefactId":null,"version":"8.8","pluginClassName":"org.gradle.api.plugins.BasePlugin$Inject"},{"__type":"DefaultPlugin","groupId":null,"artefactId":null,"version":"8.8","pluginClassName":"org.gradle.api.plugins.JvmEcosystemPlugin$Inject"},{"__type":"DefaultPlugin","groupId":null,"artefactId":null,"version":"8.8","pluginClassName":"org.gradle.api.plugins.ReportingBasePlugin$Inject"},{"__type":"DefaultPlugin","groupId":null,"artefactId":null,"version":"8.8","pluginClassName":"org.gradle.api.plugins.JvmToolchainsPlugin$Inject"},{"__type":"DefaultPlugin","groupId":null,"artefactId":null,"version":"8.8","pluginClassName":"org.gradle.api.plugins.JavaBasePlugin$Inject"},{"__type":"DefaultPlugin","groupId":null,"artefactId":null,"version":"8.8","pluginClassName":"org.gradle.testing.base.plugins.TestSuiteBasePlugin$Inject"},{"__type":"DefaultPlugin","groupId":null,"artefactId":null,"version":"8.8","pluginClassName":"org.gradle.api.plugins.JvmTestSuitePlugin$Inject"},{"__type":"DefaultPlugin","groupId":null,"artefactId":null,"version":"8.8","pluginClassName":"org.gradle.api.plugins.JavaPlugin$Inject"},{"__type":"DefaultPlugin","groupId":null,"artefactId":null,"version":"8.8","pluginClassName":"org.gradle.api.distribution.plugins.DistributionPlugin$Inject"},{"__type":"DefaultPlugin","groupId":null,"artefactId":null,"version":"8.8","pluginClassName":"org.gradle.api.plugins.ApplicationPlugin$Inject"},{"__type":"DefaultPlugin","groupId":null,"artefactId":null,"version":"0.8.11","pluginClassName":"org.gradle.testing.jacoco.plugins.JacocoPlugin$Inject"}],"version":"8.8","encoding":null,"name":"gradle","subModules":[],"simpleModuleName":"database","parentModuleName":"","location":"/home/jbergqvist/diffblue/finos-traderX/database","fullModuleName":"database"},{"__type":"DefaultProjectModule","junitReport":["/home/jbergqvist/diffblue/finos-traderX/trade-processor/build/test-results/test"],"jacocoReport":["/home/jbergqvist/diffblue/finos-traderX/trade-processor/build/reports/jacoco/test/jacocoTestReport.xml"],"jacocoDestFile":["/home/jbergqvist/diffblue/finos-traderX/trade-processor/build/jacoco/test.exec"],"jacocoFormats":null,"jacocoSkipped":false,"classpath":["/home/jbergqvist/diffblue/finos-traderX/trade-processor/build/classes/java/test","/home/jbergqvist/diffblue/finos-traderX/trade-processor/build/resources/test","/home/jbergqvist/diffblue/finos-traderX/trade-processor/build/classes/java/main","/home/jbergqvist/diffblue/finos-traderX/trade-processor/build/resources/main","/home/jbergqvist/.gradle/caches/modules-2/files-2.1/org.springframework.boot/spring-boot-starter-data-jpa/3.3.3/7eeb176d6130f7aa83405fe2985fe7cadc11ebc5/spring-boot-starter-data-jpa-3.3.3.jar","/home/jbergqvist/.gradle/caches/modules-2/files-2.1/org.springframework.boot/spring-boot-starter-web/3.3.3/f19325fefd33dc920c0f68547a798ed731a8c70c/spring-boot-starter-web-3.3.3.jar","/home/jbergqvist/.gradle/caches/modules-2/files-2.1/com.h2database/h2/2.2.224/7bdade27d8cd197d9b5ce9dc251f41d2edc5f7ad/h2-2.2.224.jar","/home/jbergqvist/.gradle/caches/modules-2/files-2.1/org.springdoc/springdoc-openapi-starter-webmvc-ui/2.6.0/2dddebb56441dbaa1009c4de434a83c65596f6ad/springdoc-openapi-starter-webmvc-ui-2.6.0.jar","/home/jbergqvist/.gradle/caches/modules-2/files-2.1/org.json/json/20240303/ebb88e8fb5122b7506d5cf1d69f1ccdb790d22a/json-20240303.jar","/home/jbergqvist/.gradle/caches/modules-2/files-2.1/io.socket/socket.io-client/2.1.0/d49d37d8c62bddec4d7d0a65add9859fab666d0e/socket.io-client-2.1.0.jar","/home/jbergqvist/.gradle/caches/modules-2/files-2.1/com.diffblue.cover/cover-annotations/1.8.0/9eb3621b5f61d1dd8d7fa1af6b2c8c3fcf8ee857/cover-annotations-1.8.0.jar","/home/jbergqvist/.gradle/caches/modules-2/files-2.1/org.springframework.boot/spring-boot-starter-test/3.3.3/6774cadaa893fce1f18ff5e528e17f75d32f6670/spring-boot-starter-test-3.3.3.jar","/home/jbergqvist/.gradle/caches/modules-2/files-2.1/org.springframework.boot/spring-boot-starter-aop/3.3.3/f64c22484c1ab36ae70abc752509ec4c7b1abcfc/spring-boot-starter-aop-3.3.3.jar","/home/jbergqvist/.gradle/caches/modules-2/files-2.1/org.springframework.boot/spring-boot-starter-jdbc/3.3.3/c97a56c12c79d1ce419a306ddee4ccb89b7d3728/spring-boot-starter-jdbc-3.3.3.jar","/home/jbergqvist/.gradle/caches/modules-2/files-2.1/org.hibernate.orm/hibernate-core/6.5.2.Final/e9e0cc47f6cd2b2553968aee66bd9e55e7485221/hibernate-core-6.5.2.Final.jar","/home/jbergqvist/.gradle/caches/modules-2/files-2.1/org.springframework.data/spring-data-jpa/3.3.3/9b89dbd19eee24c4dc4df12564efc603c614aa91/spring-data-jpa-3.3.3.jar","/home/jbergqvist/.gradle/caches/modules-2/files-2.1/org.springframework/spring-aspects/6.1.12/b72435b5813755a894531e2cf1565eff1b313574/spring-aspects-6.1.12.jar","/home/jbergqvist/.gradle/caches/modules-2/files-2.1/org.springframework.boot/spring-boot-starter-json/3.3.3/3dde3b6089f772a77763020cc97a219307a8f39f/spring-boot-starter-json-3.3.3.jar","/home/jbergqvist/.gradle/caches/modules-2/files-2.1/org.springframework.boot/spring-boot-starter/3.3.3/174d6cb1c59036a01756d6bf4d8945325f94155f/spring-boot-starter-3.3.3.jar","/home/jbergqvist/.gradle/caches/modules-2/files-2.1/org.springframework.boot/spring-boot-starter-tomcat/3.3.3/8ca660b0ecba2f0ff8ce27603fe89953dc4ec18d/spring-boot-starter-tomcat-3.3.3.jar","/home/jbergqvist/.gradle/caches/modules-2/files-2.1/org.springdoc/springdoc-openapi-starter-webmvc-api/2.6.0/d235c2989247641e5dfe764d7add3a11e4d54a5f/springdoc-openapi-starter-webmvc-api-2.6.0.jar","/home/jbergqvist/.gradle/caches/modules-2/files-2.1/org.springframework/spring-webmvc/6.1.12/86bb0c203d68adb4b2675765f5a372f4c5254b2d/spring-webmvc-6.1.12.jar","/home/jbergqvist/.gradle/caches/modules-2/files-2.1/org.springframework/spring-web/6.1.12/b60e69b3ec87f8e001537a0fa7e3e2732dfafa7e/spring-web-6.1.12.jar","/home/jbergqvist/.gradle/caches/modules-2/files-2.1/org.webjars/swagger-ui/5.17.14/7c746d197424eb721b4e08fcaa9e85231662d81f/swagger-ui-5.17.14.jar","/home/jbergqvist/.gradle/caches/modules-2/files-2.1/io.socket/engine.io-client/2.1.0/fb421e5575e69e1181e5fed3eea351929017f08e/engine.io-client-2.1.0.jar","/home/jbergqvist/.gradle/caches/modules-2/files-2.1/org.springframework.boot/spring-boot-test-autoconfigure/3.3.3/ebce486202d965dc984ff8013a8f87fdb9b6fe46/spring-boot-test-autoconfigure-3.3.3.jar","/home/jbergqvist/.gradle/caches/modules-2/files-2.1/org.springframework.boot/spring-boot-test/3.3.3/42a314ffe171b6fb3932a86a884ef721467dc704/spring-boot-test-3.3.3.jar","/home/jbergqvist/.gradle/caches/modules-2/files-2.1/com.jayway.jsonpath/json-path/2.9.0/37fe2217f577b0b68b18e62c4d17a8858ecf9b69/json-path-2.9.0.jar","/home/jbergqvist/.gradle/caches/modules-2/files-2.1/org.glassfish.jaxb/jaxb-runtime/4.0.5/ca84c2a7169b5293e232b9d00d1e4e36d4c3914a/jaxb-runtime-4.0.5.jar","/home/jbergqvist/.gradle/caches/modules-2/files-2.1/org.glassfish.jaxb/jaxb-core/4.0.5/7b4b11ea5542eea4ad55e1080b23be436795b3/jaxb-core-4.0.5.jar","/home/jbergqvist/.gradle/caches/modules-2/files-2.1/org.springdoc/springdoc-openapi-starter-common/2.6.0/c8cf5fbd1f9e4c410d67f1de27dfc3529de13620/springdoc-openapi-starter-common-2.6.0.jar","/home/jbergqvist/.gradle/caches/modules-2/files-2.1/io.swagger.core.v3/swagger-core-jakarta/2.2.22/9ed5daaaa1c94c9a6b56c058c9d1b3190044a2e2/swagger-core-jakarta-2.2.22.jar","/home/jbergqvist/.gradle/caches/modules-2/files-2.1/jakarta.xml.bind/jakarta.xml.bind-api/4.0.2/6cd5a999b834b63238005b7144136379dc36cad2/jakarta.xml.bind-api-4.0.2.jar","/home/jbergqvist/.gradle/caches/modules-2/files-2.1/net.minidev/json-smart/2.5.1/4c11d2808d009132dfbbf947ebf37de6bf266c8e/json-smart-2.5.1.jar","/home/jbergqvist/.gradle/caches/modules-2/files-2.1/org.assertj/assertj-core/3.25.3/792b270e73aa1cfc28fa135be0b95e69ea451432/assertj-core-3.25.3.jar","/home/jbergqvist/.gradle/caches/modules-2/files-2.1/org.awaitility/awaitility/4.2.2/7336242073ebf83fe034e42b46a403c5501b63c9/awaitility-4.2.2.jar","/home/jbergqvist/.gradle/caches/modules-2/files-2.1/org.hamcrest/hamcrest/2.2/1820c0968dba3a11a1b30669bb1f01978a91dedc/hamcrest-2.2.jar","/home/jbergqvist/.gradle/caches/modules-2/files-2.1/org.mockito/mockito-junit-jupiter/5.11.0/8e658dd339f40305ed4293db25545b5df98b171b/mockito-junit-jupiter-5.11.0.jar","/home/jbergqvist/.gradle/caches/modules-2/files-2.1/org.junit.jupiter/junit-jupiter-params/5.10.3/4852f4e4af9074d9214213b199751f99efeab8b9/junit-jupiter-params-5.10.3.jar","/home/jbergqvist/.gradle/caches/modules-2/files-2.1/org.junit.jupiter/junit-jupiter-engine/5.10.3/48c14e866bb1a87ca35d24ff068463bb202ada24/junit-jupiter-engine-5.10.3.jar","/home/jbergqvist/.gradle/caches/modules-2/files-2.1/org.junit.jupiter/junit-jupiter-api/5.10.3/a22aa91d1d6c69b2020a9aeb6d095ea81132bfa5/junit-jupiter-api-5.10.3.jar","/home/jbergqvist/.gradle/caches/modules-2/files-2.1/org.junit.platform/junit-platform-engine/1.10.3/365a320c3cfd47f3346625e541e424e35dc75c42/junit-platform-engine-1.10.3.jar","/home/jbergqvist/.gradle/caches/modules-2/files-2.1/org.junit.platform/junit-platform-commons/1.10.3/a353d42a2f13343a7cb80c5228ae66ff64495481/junit-platform-commons-1.10.3.jar","/home/jbergqvist/.gradle/caches/modules-2/files-2.1/org.junit.jupiter/junit-jupiter/5.10.3/6686d8fbf251f9bf8ecba413cab57b9e00f9134d/junit-jupiter-5.10.3.jar","/home/jbergqvist/.gradle/caches/modules-2/files-2.1/org.mockito/mockito-core/5.11.0/e4069fa4f4ff2c94322cfec5f2e45341c6c70aff/mockito-core-5.11.0.jar","/home/jbergqvist/.gradle/caches/modules-2/files-2.1/org.skyscreamer/jsonassert/1.5.3/aaa43e0823d2a0e106e8754d6a9c4ab24e05e9bc/jsonassert-1.5.3.jar","/home/jbergqvist/.gradle/caches/modules-2/files-2.1/org.springframework/spring-test/6.1.12/ea59acc56a32e6a46f66c06e5d4c2b8e8c6a2869/spring-test-6.1.12.jar","/home/jbergqvist/.gradle/caches/modules-2/files-2.1/org.springframework.boot/spring-boot-autoconfigure/3.3.3/4445f0bbf838c1e3aeb5a83bf2367fbd1013237f/spring-boot-autoconfigure-3.3.3.jar","/home/jbergqvist/.gradle/caches/modules-2/files-2.1/org.springframework.boot/spring-boot/3.3.3/f34dba93611823e521800a47043267715184911b/spring-boot-3.3.3.jar","/home/jbergqvist/.gradle/caches/modules-2/files-2.1/org.springframework/spring-context/6.1.12/e69d476d1334935529a61f403749c6b8593e3272/spring-context-6.1.12.jar","/home/jbergqvist/.gradle/caches/modules-2/files-2.1/org.springframework/spring-aop/6.1.12/5fce5ff02455fad179fc0ea05435dfb79bbeaa66/spring-aop-6.1.12.jar","/home/jbergqvist/.gradle/caches/modules-2/files-2.1/org.springframework/spring-orm/6.1.12/9df98d9ebdfcf5359dbda945de515d8af2cabe89/spring-orm-6.1.12.jar","/home/jbergqvist/.gradle/caches/modules-2/files-2.1/org.springframework/spring-jdbc/6.1.12/feb177a07e109f633c3fb1892d22a2867d0b2284/spring-jdbc-6.1.12.jar","/home/jbergqvist/.gradle/caches/modules-2/files-2.1/org.springframework.data/spring-data-commons/3.3.3/89ab77494e1e56b058001354265e381a0a2868e6/spring-data-commons-3.3.3.jar","/home/jbergqvist/.gradle/caches/modules-2/files-2.1/org.springframework/spring-tx/6.1.12/c47885e494845584e08407b611031ea2bcef0ef7/spring-tx-6.1.12.jar","/home/jbergqvist/.gradle/caches/modules-2/files-2.1/org.springframework/spring-beans/6.1.12/f0344fa934f114a15f02c2b1a199189ec12b7eb5/spring-beans-6.1.12.jar","/home/jbergqvist/.gradle/caches/modules-2/files-2.1/org.springframework/spring-expression/6.1.12/644bbc2e65eb40feb7284b8570d7a7eb8b1fe8df/spring-expression-6.1.12.jar","/home/jbergqvist/.gradle/caches/modules-2/files-2.1/org.springframework/spring-core/6.1.12/5f4162fb645c4f72b57b21d721fce9f26edb9bb9/spring-core-6.1.12.jar","/home/jbergqvist/.gradle/caches/modules-2/files-2.1/org.xmlunit/xmlunit-core/2.9.1/e5833662d9a1279a37da3ef6f62a1da29fcd68c4/xmlunit-core-2.9.1.jar","/home/jbergqvist/.gradle/caches/modules-2/files-2.1/org.aspectj/aspectjweaver/1.9.22.1/bca243d0af0db4758fbae45c5f4995cb5dabb612/aspectjweaver-1.9.22.1.jar","/home/jbergqvist/.gradle/caches/modules-2/files-2.1/com.zaxxer/HikariCP/5.1.0/8c96e36c14461fc436bb02b264b96ef3ca5dca8c/HikariCP-5.1.0.jar","/home/jbergqvist/.gradle/caches/modules-2/files-2.1/jakarta.persistence/jakarta.persistence-api/3.1.0/66901fa1c373c6aff65c13791cc11da72060a8d6/jakarta.persistence-api-3.1.0.jar","/home/jbergqvist/.gradle/caches/modules-2/files-2.1/jakarta.transaction/jakarta.transaction-api/2.0.1/51a520e3fae406abb84e2e1148e6746ce3f80a1a/jakarta.transaction-api-2.0.1.jar","/home/jbergqvist/.gradle/caches/modules-2/files-2.1/org.jboss.logging/jboss-logging/3.5.3.Final/c88fc1d8a96d4c3491f55d4317458ccad53ca663/jboss-logging-3.5.3.Final.jar","/home/jbergqvist/.gradle/caches/modules-2/files-2.1/org.hibernate.common/hibernate-commons-annotations/6.0.6.Final/77a5f94b56d49508e0ee334751db5b78e5ccd50c/hibernate-commons-annotations-6.0.6.Final.jar","/home/jbergqvist/.gradle/caches/modules-2/files-2.1/io.smallrye/jandex/3.1.2/a6c1c89925c7df06242b03dddb353116ceb9584c/jandex-3.1.2.jar","/home/jbergqvist/.gradle/caches/modules-2/files-2.1/com.fasterxml/classmate/1.7.0/e98374da1f2143ac8e6e0a95036994bb19137a3/classmate-1.7.0.jar","/home/jbergqvist/.gradle/caches/modules-2/files-2.1/net.bytebuddy/byte-buddy/1.14.19/4c0c637b8f47dc08f89240e6f59900011752c97b/byte-buddy-1.14.19.jar","/home/jbergqvist/.gradle/caches/modules-2/files-2.1/jakarta.inject/jakarta.inject-api/2.0.1/4c28afe1991a941d7702fe1362c365f0a8641d1e/jakarta.inject-api-2.0.1.jar","/home/jbergqvist/.gradle/caches/modules-2/files-2.1/org.antlr/antlr4-runtime/4.13.0/5a02e48521624faaf5ff4d99afc88b01686af655/antlr4-runtime-4.13.0.jar","/home/jbergqvist/.gradle/caches/modules-2/files-2.1/jakarta.annotation/jakarta.annotation-api/2.1.1/48b9bda22b091b1f48b13af03fe36db3be6e1ae3/jakarta.annotation-api-2.1.1.jar","/home/jbergqvist/.gradle/caches/modules-2/files-2.1/org.springframework.boot/spring-boot-starter-logging/3.3.3/43d07b2e6bbb628c7fc5df103d35ee2eb091522/spring-boot-starter-logging-3.3.3.jar","/home/jbergqvist/.gradle/caches/modules-2/files-2.1/ch.qos.logback/logback-classic/1.5.7/ad4ff8ca015737ade8e8a9de07de565c423e5b7a/logback-classic-1.5.7.jar","/home/jbergqvist/.gradle/caches/modules-2/files-2.1/org.apache.logging.log4j/log4j-to-slf4j/2.23.1/425ad1eb8a39904d2830e907a324e956fb456520/log4j-to-slf4j-2.23.1.jar","/home/jbergqvist/.gradle/caches/modules-2/files-2.1/org.slf4j/jul-to-slf4j/2.0.16/6d57da3e961daac65bcca0dd3def6cd11e48a24a/jul-to-slf4j-2.0.16.jar","/home/jbergqvist/.gradle/caches/modules-2/files-2.1/org.slf4j/slf4j-api/2.0.16/172931663a09a1fa515567af5fbef00897d3c04/slf4j-api-2.0.16.jar","/home/jbergqvist/.gradle/caches/modules-2/files-2.1/com.fasterxml.jackson.datatype/jackson-datatype-jdk8/2.17.2/efd3dd0e1d0db8bc72abbe71c15e697bb83b4b45/jackson-datatype-jdk8-2.17.2.jar","/home/jbergqvist/.gradle/caches/modules-2/files-2.1/com.fasterxml.jackson.datatype/jackson-datatype-jsr310/2.17.2/267b85e9ba2892a37be6d80aa9ca1438a0d8c210/jackson-datatype-jsr310-2.17.2.jar","/home/jbergqvist/.gradle/caches/modules-2/files-2.1/com.fasterxml.jackson.module/jackson-module-parameter-names/2.17.2/d27b9f95ccce98984c1ba58d61c5a9c072b1ad95/jackson-module-parameter-names-2.17.2.jar","/home/jbergqvist/.gradle/caches/modules-2/files-2.1/com.fasterxml.jackson.core/jackson-databind/2.17.2/e6deb029e5901e027c129341fac39e515066b68c/jackson-databind-2.17.2.jar","/home/jbergqvist/.gradle/caches/modules-2/files-2.1/io.swagger.core.v3/swagger-models-jakarta/2.2.22/bc2809b2efa1f7b062bc9668304a84b198fececd/swagger-models-jakarta-2.2.22.jar","/home/jbergqvist/.gradle/caches/modules-2/files-2.1/com.fasterxml.jackson.core/jackson-annotations/2.17.2/147b7b9412ffff24339f8aba080b292448e08698/jackson-annotations-2.17.2.jar","/home/jbergqvist/.gradle/caches/modules-2/files-2.1/com.fasterxml.jackson.core/jackson-core/2.17.2/969a35cb35c86512acbadcdbbbfb044c877db814/jackson-core-2.17.2.jar","/home/jbergqvist/.gradle/caches/modules-2/files-2.1/com.fasterxml.jackson.dataformat/jackson-dataformat-yaml/2.17.2/78d2c73dbec62044d7cf3b544b2e0d24a1a093b0/jackson-dataformat-yaml-2.17.2.jar","/home/jbergqvist/.gradle/caches/modules-2/files-2.1/org.yaml/snakeyaml/2.2/3af797a25458550a16bf89acc8e4ab2b7f2bfce0/snakeyaml-2.2.jar","/home/jbergqvist/.gradle/caches/modules-2/files-2.1/org.apache.tomcat.embed/tomcat-embed-websocket/10.1.28/1a5ee88106795215e8a7b6cfea46e57cdfc96430/tomcat-embed-websocket-10.1.28.jar","/home/jbergqvist/.gradle/caches/modules-2/files-2.1/org.apache.tomcat.embed/tomcat-embed-core/10.1.28/624f53789b7ba96bc3c8e871fb5eed4cab5a7c89/tomcat-embed-core-10.1.28.jar","/home/jbergqvist/.gradle/caches/modules-2/files-2.1/org.apache.tomcat.embed/tomcat-embed-el/10.1.28/3220f687c5ffc8650559f08ecac5b149838627b3/tomcat-embed-el-10.1.28.jar","/home/jbergqvist/.gradle/caches/modules-2/files-2.1/io.micrometer/micrometer-observation/1.13.3/99840eb14ecf95d349f39123c867c2ca33808d/micrometer-observation-1.13.3.jar","/home/jbergqvist/.gradle/caches/modules-2/files-2.1/com.squareup.okhttp3/okhttp/4.12.0/2f4525d4a200e97e1b87449c2cd9bd2e25b7e8cd/okhttp-4.12.0.jar","/home/jbergqvist/.gradle/caches/modules-2/files-2.1/org.eclipse.angus/angus-activation/2.0.2/41f1e0ddd157c856926ed149ab837d110955a9fc/angus-activation-2.0.2.jar","/home/jbergqvist/.gradle/caches/modules-2/files-2.1/jakarta.activation/jakarta.activation-api/2.1.3/fa165bd70cda600368eee31555222776a46b881f/jakarta.activation-api-2.1.3.jar","/home/jbergqvist/.gradle/caches/modules-2/files-2.1/net.minidev/accessors-smart/2.5.1/19b820261eb2e7de7d5bde11d1c06e4501dd7e5f/accessors-smart-2.5.1.jar","/home/jbergqvist/.gradle/caches/modules-2/files-2.1/net.bytebuddy/byte-buddy-agent/1.14.19/154da3a65b4f4a909d3e5bdec55d1b2b4cbb6ce1/byte-buddy-agent-1.14.19.jar","/home/jbergqvist/.gradle/caches/modules-2/files-2.1/org.objenesis/objenesis/3.3/1049c09f1de4331e8193e579448d0916d75b7631/objenesis-3.3.jar","/home/jbergqvist/.gradle/caches/modules-2/files-2.1/com.vaadin.external.google/android-json/0.0.20131108.vaadin1/fa26d351fe62a6a17f5cda1287c1c6110dec413f/android-json-0.0.20131108.vaadin1.jar","/home/jbergqvist/.gradle/caches/modules-2/files-2.1/org.springframework/spring-jcl/6.1.12/f46d6016fd1dd3801a0e6fcd64789ac468254944/spring-jcl-6.1.12.jar","/home/jbergqvist/.gradle/caches/modules-2/files-2.1/io.micrometer/micrometer-commons/1.13.3/47b6b093cd6ba80c9da8d973ea79c7ef69a878d5/micrometer-commons-1.13.3.jar","/home/jbergqvist/.gradle/caches/modules-2/files-2.1/com.squareup.okio/okio-jvm/3.6.0/5600569133b7bdefe1daf9ec7f4abeb6d13e1786/okio-jvm-3.6.0.jar","/home/jbergqvist/.gradle/caches/modules-2/files-2.1/org.jetbrains.kotlin/kotlin-stdlib-jdk7/1.9.25/1c166692314a2639e5edfed0d23ed7eee4a5c7a5/kotlin-stdlib-jdk7-1.9.25.jar","/home/jbergqvist/.gradle/caches/modules-2/files-2.1/org.jetbrains.kotlin/kotlin-stdlib/1.9.25/f700a2f2b8f0d6d0fde48f56d894dc722fb029d7/kotlin-stdlib-1.9.25.jar","/home/jbergqvist/.gradle/caches/modules-2/files-2.1/org.jetbrains.kotlin/kotlin-stdlib-jdk8/1.9.25/20d44e880a284f7b5cd99dd69450b403073f49b2/kotlin-stdlib-jdk8-1.9.25.jar","/home/jbergqvist/.gradle/caches/modules-2/files-2.1/org.ow2.asm/asm/9.6/aa205cf0a06dbd8e04ece91c0b37c3f5d567546a/asm-9.6.jar","/home/jbergqvist/.gradle/caches/modules-2/files-2.1/org.opentest4j/opentest4j/1.3.0/152ea56b3a72f655d4fd677fc0ef2596c3dd5e6e/opentest4j-1.3.0.jar","/home/jbergqvist/.gradle/caches/modules-2/files-2.1/org.glassfish.jaxb/txw2/4.0.5/f36a4ef12120a9bb06d766d6a0e54b144fd7ed98/txw2-4.0.5.jar","/home/jbergqvist/.gradle/caches/modules-2/files-2.1/com.sun.istack/istack-commons-runtime/4.1.2/18ec117c85f3ba0ac65409136afa8e42bc74e739/istack-commons-runtime-4.1.2.jar","/home/jbergqvist/.gradle/caches/modules-2/files-2.1/ch.qos.logback/logback-core/1.5.7/ba0d0cbac3f21abd28faed3b4931d5b49cc5887e/logback-core-1.5.7.jar","/home/jbergqvist/.gradle/caches/modules-2/files-2.1/org.apache.logging.log4j/log4j-api/2.23.1/9c15c29c526d9c6783049c0a77722693c66706e1/log4j-api-2.23.1.jar","/home/jbergqvist/.gradle/caches/modules-2/files-2.1/org.apache.commons/commons-lang3/3.14.0/1ed471194b02f2c6cb734a0cd6f6f107c673afae/commons-lang3-3.14.0.jar","/home/jbergqvist/.gradle/caches/modules-2/files-2.1/io.swagger.core.v3/swagger-annotations-jakarta/2.2.22/1efc0b0af32fce629f0786062c89e8b117abe120/swagger-annotations-jakarta-2.2.22.jar","/home/jbergqvist/.gradle/caches/modules-2/files-2.1/jakarta.validation/jakarta.validation-api/3.0.2/92b6631659ba35ca09e44874d3eb936edfeee532/jakarta.validation-api-3.0.2.jar","/home/jbergqvist/.gradle/caches/modules-2/files-2.1/org.jetbrains/annotations/13.0/919f0dfe192fb4e063e7dacadee7f8bb9a2672a9/annotations-13.0.jar","/home/jbergqvist/.gradle/caches/modules-2/files-2.1/org.apiguardian/apiguardian-api/1.1.2/a231e0d844d2721b0fa1b238006d15c6ded6842a/apiguardian-api-1.1.2.jar"],"complianceLevel":"21","productionSources":["/home/jbergqvist/diffblue/finos-traderX/trade-processor/src/main/java"],"testSources":["/home/jbergqvist/diffblue/finos-traderX/trade-processor/src/test/java"],"productionClasses":"/home/jbergqvist/diffblue/finos-traderX/trade-processor/build/classes/java/main","testClasses":"/home/jbergqvist/diffblue/finos-traderX/trade-processor/build/classes/java/test","sourceToBuildPathMap":{"/home/jbergqvist/diffblue/finos-traderX/trade-processor/src/main/java":"/home/jbergqvist/diffblue/finos-traderX/trade-processor/build/classes/java/main"},"testSourceToBuildPathMap":{"/home/jbergqvist/diffblue/finos-traderX/trade-processor/src/test/java":"/home/jbergqvist/diffblue/finos-traderX/trade-processor/build/classes/java/test"},"buildDirectory":null,"plugins":[{"__type":"DefaultPlugin","groupId":null,"artefactId":null,"version":null,"pluginClassName":"com.diffblue.cover.buildsystem.gradle.plugin.CoverPlugin"},{"__type":"DefaultPlugin","groupId":null,"artefactId":null,"version":"8.8","pluginClassName":"org.gradle.api.plugins.HelpTasksPlugin$Inject"},{"__type":"DefaultPlugin","groupId":null,"artefactId":null,"version":"8.8","pluginClassName":"org.gradle.buildinit.plugins.BuildInitPlugin$Inject"},{"__type":"DefaultPlugin","groupId":null,"artefactId":null,"version":"8.8","pluginClassName":"org.gradle.buildinit.plugins.WrapperPlugin$Inject"},{"__type":"DefaultPlugin","groupId":null,"artefactId":null,"version":"8.8","pluginClassName":"org.gradle.language.base.plugins.LifecycleBasePlugin$Inject"},{"__type":"DefaultPlugin","groupId":null,"artefactId":null,"version":"8.8","pluginClassName":"org.gradle.api.plugins.BasePlugin$Inject"},{"__type":"DefaultPlugin","groupId":null,"artefactId":null,"version":"8.8","pluginClassName":"org.gradle.api.plugins.JvmEcosystemPlugin$Inject"},{"__type":"DefaultPlugin","groupId":null,"artefactId":null,"version":"8.8","pluginClassName":"org.gradle.api.plugins.ReportingBasePlugin$Inject"},{"__type":"DefaultPlugin","groupId":null,"artefactId":null,"version":"8.8","pluginClassName":"org.gradle.api.plugins.JvmToolchainsPlugin$Inject"},{"__type":"DefaultPlugin","groupId":null,"artefactId":null,"version":"8.8","pluginClassName":"org.gradle.api.plugins.JavaBasePlugin$Inject"},{"__type":"DefaultPlugin","groupId":null,"artefactId":null,"version":"8.8","pluginClassName":"org.gradle.testing.base.plugins.TestSuiteBasePlugin$Inject"},{"__type":"DefaultPlugin","groupId":null,"artefactId":null,"version":"8.8","pluginClassName":"org.gradle.api.plugins.JvmTestSuitePlugin$Inject"},{"__type":"DefaultPlugin","groupId":null,"artefactId":null,"version":"8.8","pluginClassName":"org.gradle.api.plugins.JavaPlugin$Inject"},{"__type":"DefaultPlugin","groupId":null,"artefactId":null,"version":"3.3.3","pluginClassName":"org.springframework.boot.gradle.plugin.SpringBootPlugin"},{"__type":"DefaultPlugin","groupId":null,"artefactId":null,"version":"1.1.6","pluginClassName":"io.spring.gradle.dependencymanagement.DependencyManagementPlugin"},{"__type":"DefaultPlugin","groupId":null,"artefactId":null,"version":"0.8.11","pluginClassName":"org.gradle.testing.jacoco.plugins.JacocoPlugin$Inject"}],"version":"8.8","encoding":"UTF-8","name":"gradle","subModules":[],"simpleModuleName":"trade-processor","parentModuleName":"","location":"/home/jbergqvist/diffblue/finos-traderX/trade-processor","fullModuleName":"trade-processor"},{"__type":"DefaultProjectModule","junitReport":["/home/jbergqvist/diffblue/finos-traderX/trade-service/build/test-results/test"],"jacocoReport":["/home/jbergqvist/diffblue/finos-traderX/trade-service/build/reports/jacoco/test/jacocoTestReport.xml"],"jacocoDestFile":["/home/jbergqvist/diffblue/finos-traderX/trade-service/build/jacoco/test.exec"],"jacocoFormats":null,"jacocoSkipped":false,"classpath":["/home/jbergqvist/diffblue/finos-traderX/trade-service/build/classes/java/test","/home/jbergqvist/diffblue/finos-traderX/trade-service/build/resources/test","/home/jbergqvist/diffblue/finos-traderX/trade-service/build/classes/java/main","/home/jbergqvist/diffblue/finos-traderX/trade-service/build/resources/main","/home/jbergqvist/.gradle/caches/modules-2/files-2.1/org.springframework.boot/spring-boot-starter-data-jpa/3.3.3/7eeb176d6130f7aa83405fe2985fe7cadc11ebc5/spring-boot-starter-data-jpa-3.3.3.jar","/home/jbergqvist/.gradle/caches/modules-2/files-2.1/org.springframework.boot/spring-boot-starter-web/3.3.3/f19325fefd33dc920c0f68547a798ed731a8c70c/spring-boot-starter-web-3.3.3.jar","/home/jbergqvist/.gradle/caches/modules-2/files-2.1/com.h2database/h2/2.2.224/7bdade27d8cd197d9b5ce9dc251f41d2edc5f7ad/h2-2.2.224.jar","/home/jbergqvist/.gradle/caches/modules-2/files-2.1/org.springdoc/springdoc-openapi-starter-webmvc-ui/2.6.0/2dddebb56441dbaa1009c4de434a83c65596f6ad/springdoc-openapi-starter-webmvc-ui-2.6.0.jar","/home/jbergqvist/.gradle/caches/modules-2/files-2.1/org.json/json/20240303/ebb88e8fb5122b7506d5cf1d69f1ccdb790d22a/json-20240303.jar","/home/jbergqvist/.gradle/caches/modules-2/files-2.1/io.socket/socket.io-client/2.1.0/d49d37d8c62bddec4d7d0a65add9859fab666d0e/socket.io-client-2.1.0.jar","/home/jbergqvist/.gradle/caches/modules-2/files-2.1/com.diffblue.cover/cover-annotations/1.8.0/9eb3621b5f61d1dd8d7fa1af6b2c8c3fcf8ee857/cover-annotations-1.8.0.jar","/home/jbergqvist/.gradle/caches/modules-2/files-2.1/org.springframework.boot/spring-boot-starter-test/3.3.3/6774cadaa893fce1f18ff5e528e17f75d32f6670/spring-boot-starter-test-3.3.3.jar","/home/jbergqvist/.gradle/caches/modules-2/files-2.1/org.springframework.boot/spring-boot-starter-aop/3.3.3/f64c22484c1ab36ae70abc752509ec4c7b1abcfc/spring-boot-starter-aop-3.3.3.jar","/home/jbergqvist/.gradle/caches/modules-2/files-2.1/org.springframework.boot/spring-boot-starter-jdbc/3.3.3/c97a56c12c79d1ce419a306ddee4ccb89b7d3728/spring-boot-starter-jdbc-3.3.3.jar","/home/jbergqvist/.gradle/caches/modules-2/files-2.1/org.hibernate.orm/hibernate-core/6.5.2.Final/e9e0cc47f6cd2b2553968aee66bd9e55e7485221/hibernate-core-6.5.2.Final.jar","/home/jbergqvist/.gradle/caches/modules-2/files-2.1/org.springframework.data/spring-data-jpa/3.3.3/9b89dbd19eee24c4dc4df12564efc603c614aa91/spring-data-jpa-3.3.3.jar","/home/jbergqvist/.gradle/caches/modules-2/files-2.1/org.springframework/spring-aspects/6.1.12/b72435b5813755a894531e2cf1565eff1b313574/spring-aspects-6.1.12.jar","/home/jbergqvist/.gradle/caches/modules-2/files-2.1/org.springframework.boot/spring-boot-starter-json/3.3.3/3dde3b6089f772a77763020cc97a219307a8f39f/spring-boot-starter-json-3.3.3.jar","/home/jbergqvist/.gradle/caches/modules-2/files-2.1/org.springframework.boot/spring-boot-starter/3.3.3/174d6cb1c59036a01756d6bf4d8945325f94155f/spring-boot-starter-3.3.3.jar","/home/jbergqvist/.gradle/caches/modules-2/files-2.1/org.springframework.boot/spring-boot-starter-tomcat/3.3.3/8ca660b0ecba2f0ff8ce27603fe89953dc4ec18d/spring-boot-starter-tomcat-3.3.3.jar","/home/jbergqvist/.gradle/caches/modules-2/files-2.1/org.springdoc/springdoc-openapi-starter-webmvc-api/2.6.0/d235c2989247641e5dfe764d7add3a11e4d54a5f/springdoc-openapi-starter-webmvc-api-2.6.0.jar","/home/jbergqvist/.gradle/caches/modules-2/files-2.1/org.springframework/spring-webmvc/6.1.12/86bb0c203d68adb4b2675765f5a372f4c5254b2d/spring-webmvc-6.1.12.jar","/home/jbergqvist/.gradle/caches/modules-2/files-2.1/org.springframework/spring-web/6.1.12/b60e69b3ec87f8e001537a0fa7e3e2732dfafa7e/spring-web-6.1.12.jar","/home/jbergqvist/.gradle/caches/modules-2/files-2.1/org.webjars/swagger-ui/5.17.14/7c746d197424eb721b4e08fcaa9e85231662d81f/swagger-ui-5.17.14.jar","/home/jbergqvist/.gradle/caches/modules-2/files-2.1/io.socket/engine.io-client/2.1.0/fb421e5575e69e1181e5fed3eea351929017f08e/engine.io-client-2.1.0.jar","/home/jbergqvist/.gradle/caches/modules-2/files-2.1/org.springframework.boot/spring-boot-test-autoconfigure/3.3.3/ebce486202d965dc984ff8013a8f87fdb9b6fe46/spring-boot-test-autoconfigure-3.3.3.jar","/home/jbergqvist/.gradle/caches/modules-2/files-2.1/org.springframework.boot/spring-boot-test/3.3.3/42a314ffe171b6fb3932a86a884ef721467dc704/spring-boot-test-3.3.3.jar","/home/jbergqvist/.gradle/caches/modules-2/files-2.1/com.jayway.jsonpath/json-path/2.9.0/37fe2217f577b0b68b18e62c4d17a8858ecf9b69/json-path-2.9.0.jar","/home/jbergqvist/.gradle/caches/modules-2/files-2.1/org.glassfish.jaxb/jaxb-runtime/4.0.5/ca84c2a7169b5293e232b9d00d1e4e36d4c3914a/jaxb-runtime-4.0.5.jar","/home/jbergqvist/.gradle/caches/modules-2/files-2.1/org.glassfish.jaxb/jaxb-core/4.0.5/7b4b11ea5542eea4ad55e1080b23be436795b3/jaxb-core-4.0.5.jar","/home/jbergqvist/.gradle/caches/modules-2/files-2.1/org.springdoc/springdoc-openapi-starter-common/2.6.0/c8cf5fbd1f9e4c410d67f1de27dfc3529de13620/springdoc-openapi-starter-common-2.6.0.jar","/home/jbergqvist/.gradle/caches/modules-2/files-2.1/io.swagger.core.v3/swagger-core-jakarta/2.2.22/9ed5daaaa1c94c9a6b56c058c9d1b3190044a2e2/swagger-core-jakarta-2.2.22.jar","/home/jbergqvist/.gradle/caches/modules-2/files-2.1/jakarta.xml.bind/jakarta.xml.bind-api/4.0.2/6cd5a999b834b63238005b7144136379dc36cad2/jakarta.xml.bind-api-4.0.2.jar","/home/jbergqvist/.gradle/caches/modules-2/files-2.1/net.minidev/json-smart/2.5.1/4c11d2808d009132dfbbf947ebf37de6bf266c8e/json-smart-2.5.1.jar","/home/jbergqvist/.gradle/caches/modules-2/files-2.1/org.assertj/assertj-core/3.25.3/792b270e73aa1cfc28fa135be0b95e69ea451432/assertj-core-3.25.3.jar","/home/jbergqvist/.gradle/caches/modules-2/files-2.1/org.awaitility/awaitility/4.2.2/7336242073ebf83fe034e42b46a403c5501b63c9/awaitility-4.2.2.jar","/home/jbergqvist/.gradle/caches/modules-2/files-2.1/org.hamcrest/hamcrest/2.2/1820c0968dba3a11a1b30669bb1f01978a91dedc/hamcrest-2.2.jar","/home/jbergqvist/.gradle/caches/modules-2/files-2.1/org.mockito/mockito-junit-jupiter/5.11.0/8e658dd339f40305ed4293db25545b5df98b171b/mockito-junit-jupiter-5.11.0.jar","/home/jbergqvist/.gradle/caches/modules-2/files-2.1/org.junit.jupiter/junit-jupiter-params/5.10.3/4852f4e4af9074d9214213b199751f99efeab8b9/junit-jupiter-params-5.10.3.jar","/home/jbergqvist/.gradle/caches/modules-2/files-2.1/org.junit.jupiter/junit-jupiter-engine/5.10.3/48c14e866bb1a87ca35d24ff068463bb202ada24/junit-jupiter-engine-5.10.3.jar","/home/jbergqvist/.gradle/caches/modules-2/files-2.1/org.junit.jupiter/junit-jupiter-api/5.10.3/a22aa91d1d6c69b2020a9aeb6d095ea81132bfa5/junit-jupiter-api-5.10.3.jar","/home/jbergqvist/.gradle/caches/modules-2/files-2.1/org.junit.platform/junit-platform-engine/1.10.3/365a320c3cfd47f3346625e541e424e35dc75c42/junit-platform-engine-1.10.3.jar","/home/jbergqvist/.gradle/caches/modules-2/files-2.1/org.junit.platform/junit-platform-commons/1.10.3/a353d42a2f13343a7cb80c5228ae66ff64495481/junit-platform-commons-1.10.3.jar","/home/jbergqvist/.gradle/caches/modules-2/files-2.1/org.junit.jupiter/junit-jupiter/5.10.3/6686d8fbf251f9bf8ecba413cab57b9e00f9134d/junit-jupiter-5.10.3.jar","/home/jbergqvist/.gradle/caches/modules-2/files-2.1/org.mockito/mockito-core/5.11.0/e4069fa4f4ff2c94322cfec5f2e45341c6c70aff/mockito-core-5.11.0.jar","/home/jbergqvist/.gradle/caches/modules-2/files-2.1/org.skyscreamer/jsonassert/1.5.3/aaa43e0823d2a0e106e8754d6a9c4ab24e05e9bc/jsonassert-1.5.3.jar","/home/jbergqvist/.gradle/caches/modules-2/files-2.1/org.springframework/spring-test/6.1.12/ea59acc56a32e6a46f66c06e5d4c2b8e8c6a2869/spring-test-6.1.12.jar","/home/jbergqvist/.gradle/caches/modules-2/files-2.1/org.springframework.boot/spring-boot-autoconfigure/3.3.3/4445f0bbf838c1e3aeb5a83bf2367fbd1013237f/spring-boot-autoconfigure-3.3.3.jar","/home/jbergqvist/.gradle/caches/modules-2/files-2.1/org.springframework.boot/spring-boot/3.3.3/f34dba93611823e521800a47043267715184911b/spring-boot-3.3.3.jar","/home/jbergqvist/.gradle/caches/modules-2/files-2.1/org.springframework/spring-context/6.1.12/e69d476d1334935529a61f403749c6b8593e3272/spring-context-6.1.12.jar","/home/jbergqvist/.gradle/caches/modules-2/files-2.1/org.springframework/spring-aop/6.1.12/5fce5ff02455fad179fc0ea05435dfb79bbeaa66/spring-aop-6.1.12.jar","/home/jbergqvist/.gradle/caches/modules-2/files-2.1/org.springframework/spring-orm/6.1.12/9df98d9ebdfcf5359dbda945de515d8af2cabe89/spring-orm-6.1.12.jar","/home/jbergqvist/.gradle/caches/modules-2/files-2.1/org.springframework/spring-jdbc/6.1.12/feb177a07e109f633c3fb1892d22a2867d0b2284/spring-jdbc-6.1.12.jar","/home/jbergqvist/.gradle/caches/modules-2/files-2.1/org.springframework.data/spring-data-commons/3.3.3/89ab77494e1e56b058001354265e381a0a2868e6/spring-data-commons-3.3.3.jar","/home/jbergqvist/.gradle/caches/modules-2/files-2.1/org.springframework/spring-tx/6.1.12/c47885e494845584e08407b611031ea2bcef0ef7/spring-tx-6.1.12.jar","/home/jbergqvist/.gradle/caches/modules-2/files-2.1/org.springframework/spring-beans/6.1.12/f0344fa934f114a15f02c2b1a199189ec12b7eb5/spring-beans-6.1.12.jar","/home/jbergqvist/.gradle/caches/modules-2/files-2.1/org.springframework/spring-expression/6.1.12/644bbc2e65eb40feb7284b8570d7a7eb8b1fe8df/spring-expression-6.1.12.jar","/home/jbergqvist/.gradle/caches/modules-2/files-2.1/org.springframework/spring-core/6.1.12/5f4162fb645c4f72b57b21d721fce9f26edb9bb9/spring-core-6.1.12.jar","/home/jbergqvist/.gradle/caches/modules-2/files-2.1/org.xmlunit/xmlunit-core/2.9.1/e5833662d9a1279a37da3ef6f62a1da29fcd68c4/xmlunit-core-2.9.1.jar","/home/jbergqvist/.gradle/caches/modules-2/files-2.1/org.aspectj/aspectjweaver/1.9.22.1/bca243d0af0db4758fbae45c5f4995cb5dabb612/aspectjweaver-1.9.22.1.jar","/home/jbergqvist/.gradle/caches/modules-2/files-2.1/com.zaxxer/HikariCP/5.1.0/8c96e36c14461fc436bb02b264b96ef3ca5dca8c/HikariCP-5.1.0.jar","/home/jbergqvist/.gradle/caches/modules-2/files-2.1/jakarta.persistence/jakarta.persistence-api/3.1.0/66901fa1c373c6aff65c13791cc11da72060a8d6/jakarta.persistence-api-3.1.0.jar","/home/jbergqvist/.gradle/caches/modules-2/files-2.1/jakarta.transaction/jakarta.transaction-api/2.0.1/51a520e3fae406abb84e2e1148e6746ce3f80a1a/jakarta.transaction-api-2.0.1.jar","/home/jbergqvist/.gradle/caches/modules-2/files-2.1/org.jboss.logging/jboss-logging/3.5.3.Final/c88fc1d8a96d4c3491f55d4317458ccad53ca663/jboss-logging-3.5.3.Final.jar","/home/jbergqvist/.gradle/caches/modules-2/files-2.1/org.hibernate.common/hibernate-commons-annotations/6.0.6.Final/77a5f94b56d49508e0ee334751db5b78e5ccd50c/hibernate-commons-annotations-6.0.6.Final.jar","/home/jbergqvist/.gradle/caches/modules-2/files-2.1/io.smallrye/jandex/3.1.2/a6c1c89925c7df06242b03dddb353116ceb9584c/jandex-3.1.2.jar","/home/jbergqvist/.gradle/caches/modules-2/files-2.1/com.fasterxml/classmate/1.7.0/e98374da1f2143ac8e6e0a95036994bb19137a3/classmate-1.7.0.jar","/home/jbergqvist/.gradle/caches/modules-2/files-2.1/net.bytebuddy/byte-buddy/1.14.19/4c0c637b8f47dc08f89240e6f59900011752c97b/byte-buddy-1.14.19.jar","/home/jbergqvist/.gradle/caches/modules-2/files-2.1/jakarta.inject/jakarta.inject-api/2.0.1/4c28afe1991a941d7702fe1362c365f0a8641d1e/jakarta.inject-api-2.0.1.jar","/home/jbergqvist/.gradle/caches/modules-2/files-2.1/org.antlr/antlr4-runtime/4.13.0/5a02e48521624faaf5ff4d99afc88b01686af655/antlr4-runtime-4.13.0.jar","/home/jbergqvist/.gradle/caches/modules-2/files-2.1/jakarta.annotation/jakarta.annotation-api/2.1.1/48b9bda22b091b1f48b13af03fe36db3be6e1ae3/jakarta.annotation-api-2.1.1.jar","/home/jbergqvist/.gradle/caches/modules-2/files-2.1/org.springframework.boot/spring-boot-starter-logging/3.3.3/43d07b2e6bbb628c7fc5df103d35ee2eb091522/spring-boot-starter-logging-3.3.3.jar","/home/jbergqvist/.gradle/caches/modules-2/files-2.1/ch.qos.logback/logback-classic/1.5.7/ad4ff8ca015737ade8e8a9de07de565c423e5b7a/logback-classic-1.5.7.jar","/home/jbergqvist/.gradle/caches/modules-2/files-2.1/org.apache.logging.log4j/log4j-to-slf4j/2.23.1/425ad1eb8a39904d2830e907a324e956fb456520/log4j-to-slf4j-2.23.1.jar","/home/jbergqvist/.gradle/caches/modules-2/files-2.1/org.slf4j/jul-to-slf4j/2.0.16/6d57da3e961daac65bcca0dd3def6cd11e48a24a/jul-to-slf4j-2.0.16.jar","/home/jbergqvist/.gradle/caches/modules-2/files-2.1/org.slf4j/slf4j-api/2.0.16/172931663a09a1fa515567af5fbef00897d3c04/slf4j-api-2.0.16.jar","/home/jbergqvist/.gradle/caches/modules-2/files-2.1/com.fasterxml.jackson.datatype/jackson-datatype-jsr310/2.17.2/267b85e9ba2892a37be6d80aa9ca1438a0d8c210/jackson-datatype-jsr310-2.17.2.jar","/home/jbergqvist/.gradle/caches/modules-2/files-2.1/com.fasterxml.jackson.module/jackson-module-parameter-names/2.17.2/d27b9f95ccce98984c1ba58d61c5a9c072b1ad95/jackson-module-parameter-names-2.17.2.jar","/home/jbergqvist/.gradle/caches/modules-2/files-2.1/io.swagger.core.v3/swagger-models-jakarta/2.2.22/bc2809b2efa1f7b062bc9668304a84b198fececd/swagger-models-jakarta-2.2.22.jar","/home/jbergqvist/.gradle/caches/modules-2/files-2.1/com.fasterxml.jackson.core/jackson-annotations/2.17.2/147b7b9412ffff24339f8aba080b292448e08698/jackson-annotations-2.17.2.jar","/home/jbergqvist/.gradle/caches/modules-2/files-2.1/com.fasterxml.jackson.dataformat/jackson-dataformat-yaml/2.17.2/78d2c73dbec62044d7cf3b544b2e0d24a1a093b0/jackson-dataformat-yaml-2.17.2.jar","/home/jbergqvist/.gradle/caches/modules-2/files-2.1/com.fasterxml.jackson.core/jackson-core/2.17.2/969a35cb35c86512acbadcdbbbfb044c877db814/jackson-core-2.17.2.jar","/home/jbergqvist/.gradle/caches/modules-2/files-2.1/com.fasterxml.jackson.datatype/jackson-datatype-jdk8/2.17.2/efd3dd0e1d0db8bc72abbe71c15e697bb83b4b45/jackson-datatype-jdk8-2.17.2.jar","/home/jbergqvist/.gradle/caches/modules-2/files-2.1/com.fasterxml.jackson.core/jackson-databind/2.17.2/e6deb029e5901e027c129341fac39e515066b68c/jackson-databind-2.17.2.jar","/home/jbergqvist/.gradle/caches/modules-2/files-2.1/org.apache.tomcat.embed/tomcat-embed-websocket/10.1.28/1a5ee88106795215e8a7b6cfea46e57cdfc96430/tomcat-embed-websocket-10.1.28.jar","/home/jbergqvist/.gradle/caches/modules-2/files-2.1/org.apache.tomcat.embed/tomcat-embed-core/10.1.28/624f53789b7ba96bc3c8e871fb5eed4cab5a7c89/tomcat-embed-core-10.1.28.jar","/home/jbergqvist/.gradle/caches/modules-2/files-2.1/org.apache.tomcat.embed/tomcat-embed-el/10.1.28/3220f687c5ffc8650559f08ecac5b149838627b3/tomcat-embed-el-10.1.28.jar","/home/jbergqvist/.gradle/caches/modules-2/files-2.1/io.micrometer/micrometer-observation/1.13.3/99840eb14ecf95d349f39123c867c2ca33808d/micrometer-observation-1.13.3.jar","/home/jbergqvist/.gradle/caches/modules-2/files-2.1/com.squareup.okhttp3/okhttp/4.12.0/2f4525d4a200e97e1b87449c2cd9bd2e25b7e8cd/okhttp-4.12.0.jar","/home/jbergqvist/.gradle/caches/modules-2/files-2.1/org.eclipse.angus/angus-activation/2.0.2/41f1e0ddd157c856926ed149ab837d110955a9fc/angus-activation-2.0.2.jar","/home/jbergqvist/.gradle/caches/modules-2/files-2.1/jakarta.activation/jakarta.activation-api/2.1.3/fa165bd70cda600368eee31555222776a46b881f/jakarta.activation-api-2.1.3.jar","/home/jbergqvist/.gradle/caches/modules-2/files-2.1/net.minidev/accessors-smart/2.5.1/19b820261eb2e7de7d5bde11d1c06e4501dd7e5f/accessors-smart-2.5.1.jar","/home/jbergqvist/.gradle/caches/modules-2/files-2.1/net.bytebuddy/byte-buddy-agent/1.14.19/154da3a65b4f4a909d3e5bdec55d1b2b4cbb6ce1/byte-buddy-agent-1.14.19.jar","/home/jbergqvist/.gradle/caches/modules-2/files-2.1/org.objenesis/objenesis/3.3/1049c09f1de4331e8193e579448d0916d75b7631/objenesis-3.3.jar","/home/jbergqvist/.gradle/caches/modules-2/files-2.1/com.vaadin.external.google/android-json/0.0.20131108.vaadin1/fa26d351fe62a6a17f5cda1287c1c6110dec413f/android-json-0.0.20131108.vaadin1.jar","/home/jbergqvist/.gradle/caches/modules-2/files-2.1/org.springframework/spring-jcl/6.1.12/f46d6016fd1dd3801a0e6fcd64789ac468254944/spring-jcl-6.1.12.jar","/home/jbergqvist/.gradle/caches/modules-2/files-2.1/io.micrometer/micrometer-commons/1.13.3/47b6b093cd6ba80c9da8d973ea79c7ef69a878d5/micrometer-commons-1.13.3.jar","/home/jbergqvist/.gradle/caches/modules-2/files-2.1/com.squareup.okio/okio-jvm/3.6.0/5600569133b7bdefe1daf9ec7f4abeb6d13e1786/okio-jvm-3.6.0.jar","/home/jbergqvist/.gradle/caches/modules-2/files-2.1/org.jetbrains.kotlin/kotlin-stdlib-jdk7/1.9.25/1c166692314a2639e5edfed0d23ed7eee4a5c7a5/kotlin-stdlib-jdk7-1.9.25.jar","/home/jbergqvist/.gradle/caches/modules-2/files-2.1/org.jetbrains.kotlin/kotlin-stdlib/1.9.25/f700a2f2b8f0d6d0fde48f56d894dc722fb029d7/kotlin-stdlib-1.9.25.jar","/home/jbergqvist/.gradle/caches/modules-2/files-2.1/org.jetbrains.kotlin/kotlin-stdlib-jdk8/1.9.25/20d44e880a284f7b5cd99dd69450b403073f49b2/kotlin-stdlib-jdk8-1.9.25.jar","/home/jbergqvist/.gradle/caches/modules-2/files-2.1/org.ow2.asm/asm/9.6/aa205cf0a06dbd8e04ece91c0b37c3f5d567546a/asm-9.6.jar","/home/jbergqvist/.gradle/caches/modules-2/files-2.1/org.opentest4j/opentest4j/1.3.0/152ea56b3a72f655d4fd677fc0ef2596c3dd5e6e/opentest4j-1.3.0.jar","/home/jbergqvist/.gradle/caches/modules-2/files-2.1/org.glassfish.jaxb/txw2/4.0.5/f36a4ef12120a9bb06d766d6a0e54b144fd7ed98/txw2-4.0.5.jar","/home/jbergqvist/.gradle/caches/modules-2/files-2.1/com.sun.istack/istack-commons-runtime/4.1.2/18ec117c85f3ba0ac65409136afa8e42bc74e739/istack-commons-runtime-4.1.2.jar","/home/jbergqvist/.gradle/caches/modules-2/files-2.1/ch.qos.logback/logback-core/1.5.7/ba0d0cbac3f21abd28faed3b4931d5b49cc5887e/logback-core-1.5.7.jar","/home/jbergqvist/.gradle/caches/modules-2/files-2.1/org.apache.logging.log4j/log4j-api/2.23.1/9c15c29c526d9c6783049c0a77722693c66706e1/log4j-api-2.23.1.jar","/home/jbergqvist/.gradle/caches/modules-2/files-2.1/org.apache.commons/commons-lang3/3.14.0/1ed471194b02f2c6cb734a0cd6f6f107c673afae/commons-lang3-3.14.0.jar","/home/jbergqvist/.gradle/caches/modules-2/files-2.1/io.swagger.core.v3/swagger-annotations-jakarta/2.2.22/1efc0b0af32fce629f0786062c89e8b117abe120/swagger-annotations-jakarta-2.2.22.jar","/home/jbergqvist/.gradle/caches/modules-2/files-2.1/jakarta.validation/jakarta.validation-api/3.0.2/92b6631659ba35ca09e44874d3eb936edfeee532/jakarta.validation-api-3.0.2.jar","/home/jbergqvist/.gradle/caches/modules-2/files-2.1/org.jetbrains/annotations/13.0/919f0dfe192fb4e063e7dacadee7f8bb9a2672a9/annotations-13.0.jar","/home/jbergqvist/.gradle/caches/modules-2/files-2.1/org.apiguardian/apiguardian-api/1.1.2/a231e0d844d2721b0fa1b238006d15c6ded6842a/apiguardian-api-1.1.2.jar"],"complianceLevel":"21","productionSources":["/home/jbergqvist/diffblue/finos-traderX/trade-service/src/main/java"],"testSources":["/home/jbergqvist/diffblue/finos-traderX/trade-service/src/test/java"],"productionClasses":"/home/jbergqvist/diffblue/finos-traderX/trade-service/build/classes/java/main","testClasses":"/home/jbergqvist/diffblue/finos-traderX/trade-service/build/classes/java/test","sourceToBuildPathMap":{"/home/jbergqvist/diffblue/finos-traderX/trade-service/src/main/java":"/home/jbergqvist/diffblue/finos-traderX/trade-service/build/classes/java/main"},"testSourceToBuildPathMap":{"/home/jbergqvist/diffblue/finos-traderX/trade-service/src/test/java":"/home/jbergqvist/diffblue/finos-traderX/trade-service/build/classes/java/test"},"buildDirectory":null,"plugins":[{"__type":"DefaultPlugin","groupId":null,"artefactId":null,"version":null,"pluginClassName":"com.diffblue.cover.buildsystem.gradle.plugin.CoverPlugin"},{"__type":"DefaultPlugin","groupId":null,"artefactId":null,"version":"8.8","pluginClassName":"org.gradle.api.plugins.HelpTasksPlugin$Inject"},{"__type":"DefaultPlugin","groupId":null,"artefactId":null,"version":"8.8","pluginClassName":"org.gradle.buildinit.plugins.BuildInitPlugin$Inject"},{"__type":"DefaultPlugin","groupId":null,"artefactId":null,"version":"8.8","pluginClassName":"org.gradle.buildinit.plugins.WrapperPlugin$Inject"},{"__type":"DefaultPlugin","groupId":null,"artefactId":null,"version":"8.8","pluginClassName":"org.gradle.language.base.plugins.LifecycleBasePlugin$Inject"},{"__type":"DefaultPlugin","groupId":null,"artefactId":null,"version":"8.8","pluginClassName":"org.gradle.api.plugins.BasePlugin$Inject"},{"__type":"DefaultPlugin","groupId":null,"artefactId":null,"version":"8.8","pluginClassName":"org.gradle.api.plugins.JvmEcosystemPlugin$Inject"},{"__type":"DefaultPlugin","groupId":null,"artefactId":null,"version":"8.8","pluginClassName":"org.gradle.api.plugins.ReportingBasePlugin$Inject"},{"__type":"DefaultPlugin","groupId":null,"artefactId":null,"version":"8.8","pluginClassName":"org.gradle.api.plugins.JvmToolchainsPlugin$Inject"},{"__type":"DefaultPlugin","groupId":null,"artefactId":null,"version":"8.8","pluginClassName":"org.gradle.api.plugins.JavaBasePlugin$Inject"},{"__type":"DefaultPlugin","groupId":null,"artefactId":null,"version":"8.8","pluginClassName":"org.gradle.testing.base.plugins.TestSuiteBasePlugin$Inject"},{"__type":"DefaultPlugin","groupId":null,"artefactId":null,"version":"8.8","pluginClassName":"org.gradle.api.plugins.JvmTestSuitePlugin$Inject"},{"__type":"DefaultPlugin","groupId":null,"artefactId":null,"version":"8.8","pluginClassName":"org.gradle.api.plugins.JavaPlugin$Inject"},{"__type":"DefaultPlugin","groupId":null,"artefactId":null,"version":"3.3.3","pluginClassName":"org.springframework.boot.gradle.plugin.SpringBootPlugin"},{"__type":"DefaultPlugin","groupId":null,"artefactId":null,"version":"1.1.6","pluginClassName":"io.spring.gradle.dependencymanagement.DependencyManagementPlugin"},{"__type":"DefaultPlugin","groupId":null,"artefactId":null,"version":"0.8.11","pluginClassName":"org.gradle.testing.jacoco.plugins.JacocoPlugin$Inject"}],"version":"8.8","encoding":"UTF-8","name":"gradle","subModules":[],"simpleModuleName":"trade-service","parentModuleName":"","location":"/home/jbergqvist/diffblue/finos-traderX/trade-service","fullModuleName":"trade-service"},{"__type":"DefaultProjectModule","junitReport":["/home/jbergqvist/diffblue/finos-traderX/position-service/build/test-results/test"],"jacocoReport":["/home/jbergqvist/diffblue/finos-traderX/position-service/build/reports/jacoco/test/jacocoTestReport.xml"],"jacocoDestFile":["/home/jbergqvist/diffblue/finos-traderX/position-service/build/jacoco/test.exec"],"jacocoFormats":null,"jacocoSkipped":false,"classpath":["/home/jbergqvist/diffblue/finos-traderX/position-service/build/classes/java/test","/home/jbergqvist/diffblue/finos-traderX/position-service/build/resources/test","/home/jbergqvist/diffblue/finos-traderX/position-service/build/classes/java/main","/home/jbergqvist/diffblue/finos-traderX/position-service/build/resources/main","/home/jbergqvist/.gradle/caches/modules-2/files-2.1/org.springframework.boot/spring-boot-starter-data-jpa/3.3.3/7eeb176d6130f7aa83405fe2985fe7cadc11ebc5/spring-boot-starter-data-jpa-3.3.3.jar","/home/jbergqvist/.gradle/caches/modules-2/files-2.1/org.springframework.boot/spring-boot-starter-web/3.3.3/f19325fefd33dc920c0f68547a798ed731a8c70c/spring-boot-starter-web-3.3.3.jar","/home/jbergqvist/.gradle/caches/modules-2/files-2.1/com.h2database/h2/2.2.224/7bdade27d8cd197d9b5ce9dc251f41d2edc5f7ad/h2-2.2.224.jar","/home/jbergqvist/.gradle/caches/modules-2/files-2.1/org.springdoc/springdoc-openapi-starter-webmvc-ui/2.6.0/2dddebb56441dbaa1009c4de434a83c65596f6ad/springdoc-openapi-starter-webmvc-ui-2.6.0.jar","/home/jbergqvist/.gradle/caches/modules-2/files-2.1/com.diffblue.cover/cover-annotations/1.8.0/9eb3621b5f61d1dd8d7fa1af6b2c8c3fcf8ee857/cover-annotations-1.8.0.jar","/home/jbergqvist/.gradle/caches/modules-2/files-2.1/org.springframework.boot/spring-boot-starter-test/3.3.3/6774cadaa893fce1f18ff5e528e17f75d32f6670/spring-boot-starter-test-3.3.3.jar","/home/jbergqvist/.gradle/caches/modules-2/files-2.1/org.springframework.boot/spring-boot-starter-aop/3.3.3/f64c22484c1ab36ae70abc752509ec4c7b1abcfc/spring-boot-starter-aop-3.3.3.jar","/home/jbergqvist/.gradle/caches/modules-2/files-2.1/org.springframework.boot/spring-boot-starter-jdbc/3.3.3/c97a56c12c79d1ce419a306ddee4ccb89b7d3728/spring-boot-starter-jdbc-3.3.3.jar","/home/jbergqvist/.gradle/caches/modules-2/files-2.1/org.hibernate.orm/hibernate-core/6.5.2.Final/e9e0cc47f6cd2b2553968aee66bd9e55e7485221/hibernate-core-6.5.2.Final.jar","/home/jbergqvist/.gradle/caches/modules-2/files-2.1/org.springframework.data/spring-data-jpa/3.3.3/9b89dbd19eee24c4dc4df12564efc603c614aa91/spring-data-jpa-3.3.3.jar","/home/jbergqvist/.gradle/caches/modules-2/files-2.1/org.springframework/spring-aspects/6.1.12/b72435b5813755a894531e2cf1565eff1b313574/spring-aspects-6.1.12.jar","/home/jbergqvist/.gradle/caches/modules-2/files-2.1/org.springframework.boot/spring-boot-starter-json/3.3.3/3dde3b6089f772a77763020cc97a219307a8f39f/spring-boot-starter-json-3.3.3.jar","/home/jbergqvist/.gradle/caches/modules-2/files-2.1/org.springframework.boot/spring-boot-starter/3.3.3/174d6cb1c59036a01756d6bf4d8945325f94155f/spring-boot-starter-3.3.3.jar","/home/jbergqvist/.gradle/caches/modules-2/files-2.1/org.springframework.boot/spring-boot-starter-tomcat/3.3.3/8ca660b0ecba2f0ff8ce27603fe89953dc4ec18d/spring-boot-starter-tomcat-3.3.3.jar","/home/jbergqvist/.gradle/caches/modules-2/files-2.1/org.springdoc/springdoc-openapi-starter-webmvc-api/2.6.0/d235c2989247641e5dfe764d7add3a11e4d54a5f/springdoc-openapi-starter-webmvc-api-2.6.0.jar","/home/jbergqvist/.gradle/caches/modules-2/files-2.1/org.springframework/spring-webmvc/6.1.12/86bb0c203d68adb4b2675765f5a372f4c5254b2d/spring-webmvc-6.1.12.jar","/home/jbergqvist/.gradle/caches/modules-2/files-2.1/org.springframework/spring-web/6.1.12/b60e69b3ec87f8e001537a0fa7e3e2732dfafa7e/spring-web-6.1.12.jar","/home/jbergqvist/.gradle/caches/modules-2/files-2.1/org.webjars/swagger-ui/5.17.14/7c746d197424eb721b4e08fcaa9e85231662d81f/swagger-ui-5.17.14.jar","/home/jbergqvist/.gradle/caches/modules-2/files-2.1/org.springframework.boot/spring-boot-test-autoconfigure/3.3.3/ebce486202d965dc984ff8013a8f87fdb9b6fe46/spring-boot-test-autoconfigure-3.3.3.jar","/home/jbergqvist/.gradle/caches/modules-2/files-2.1/org.springframework.boot/spring-boot-test/3.3.3/42a314ffe171b6fb3932a86a884ef721467dc704/spring-boot-test-3.3.3.jar","/home/jbergqvist/.gradle/caches/modules-2/files-2.1/com.jayway.jsonpath/json-path/2.9.0/37fe2217f577b0b68b18e62c4d17a8858ecf9b69/json-path-2.9.0.jar","/home/jbergqvist/.gradle/caches/modules-2/files-2.1/org.glassfish.jaxb/jaxb-runtime/4.0.5/ca84c2a7169b5293e232b9d00d1e4e36d4c3914a/jaxb-runtime-4.0.5.jar","/home/jbergqvist/.gradle/caches/modules-2/files-2.1/org.glassfish.jaxb/jaxb-core/4.0.5/7b4b11ea5542eea4ad55e1080b23be436795b3/jaxb-core-4.0.5.jar","/home/jbergqvist/.gradle/caches/modules-2/files-2.1/org.springdoc/springdoc-openapi-starter-common/2.6.0/c8cf5fbd1f9e4c410d67f1de27dfc3529de13620/springdoc-openapi-starter-common-2.6.0.jar","/home/jbergqvist/.gradle/caches/modules-2/files-2.1/io.swagger.core.v3/swagger-core-jakarta/2.2.22/9ed5daaaa1c94c9a6b56c058c9d1b3190044a2e2/swagger-core-jakarta-2.2.22.jar","/home/jbergqvist/.gradle/caches/modules-2/files-2.1/jakarta.xml.bind/jakarta.xml.bind-api/4.0.2/6cd5a999b834b63238005b7144136379dc36cad2/jakarta.xml.bind-api-4.0.2.jar","/home/jbergqvist/.gradle/caches/modules-2/files-2.1/net.minidev/json-smart/2.5.1/4c11d2808d009132dfbbf947ebf37de6bf266c8e/json-smart-2.5.1.jar","/home/jbergqvist/.gradle/caches/modules-2/files-2.1/org.assertj/assertj-core/3.25.3/792b270e73aa1cfc28fa135be0b95e69ea451432/assertj-core-3.25.3.jar","/home/jbergqvist/.gradle/caches/modules-2/files-2.1/org.awaitility/awaitility/4.2.2/7336242073ebf83fe034e42b46a403c5501b63c9/awaitility-4.2.2.jar","/home/jbergqvist/.gradle/caches/modules-2/files-2.1/org.hamcrest/hamcrest/2.2/1820c0968dba3a11a1b30669bb1f01978a91dedc/hamcrest-2.2.jar","/home/jbergqvist/.gradle/caches/modules-2/files-2.1/org.mockito/mockito-junit-jupiter/5.11.0/8e658dd339f40305ed4293db25545b5df98b171b/mockito-junit-jupiter-5.11.0.jar","/home/jbergqvist/.gradle/caches/modules-2/files-2.1/org.junit.jupiter/junit-jupiter-params/5.10.3/4852f4e4af9074d9214213b199751f99efeab8b9/junit-jupiter-params-5.10.3.jar","/home/jbergqvist/.gradle/caches/modules-2/files-2.1/org.junit.jupiter/junit-jupiter-engine/5.10.3/48c14e866bb1a87ca35d24ff068463bb202ada24/junit-jupiter-engine-5.10.3.jar","/home/jbergqvist/.gradle/caches/modules-2/files-2.1/org.junit.jupiter/junit-jupiter-api/5.10.3/a22aa91d1d6c69b2020a9aeb6d095ea81132bfa5/junit-jupiter-api-5.10.3.jar","/home/jbergqvist/.gradle/caches/modules-2/files-2.1/org.junit.platform/junit-platform-engine/1.10.3/365a320c3cfd47f3346625e541e424e35dc75c42/junit-platform-engine-1.10.3.jar","/home/jbergqvist/.gradle/caches/modules-2/files-2.1/org.junit.platform/junit-platform-commons/1.10.3/a353d42a2f13343a7cb80c5228ae66ff64495481/junit-platform-commons-1.10.3.jar","/home/jbergqvist/.gradle/caches/modules-2/files-2.1/org.junit.jupiter/junit-jupiter/5.10.3/6686d8fbf251f9bf8ecba413cab57b9e00f9134d/junit-jupiter-5.10.3.jar","/home/jbergqvist/.gradle/caches/modules-2/files-2.1/org.mockito/mockito-core/5.11.0/e4069fa4f4ff2c94322cfec5f2e45341c6c70aff/mockito-core-5.11.0.jar","/home/jbergqvist/.gradle/caches/modules-2/files-2.1/org.skyscreamer/jsonassert/1.5.3/aaa43e0823d2a0e106e8754d6a9c4ab24e05e9bc/jsonassert-1.5.3.jar","/home/jbergqvist/.gradle/caches/modules-2/files-2.1/org.springframework/spring-test/6.1.12/ea59acc56a32e6a46f66c06e5d4c2b8e8c6a2869/spring-test-6.1.12.jar","/home/jbergqvist/.gradle/caches/modules-2/files-2.1/org.springframework.boot/spring-boot-autoconfigure/3.3.3/4445f0bbf838c1e3aeb5a83bf2367fbd1013237f/spring-boot-autoconfigure-3.3.3.jar","/home/jbergqvist/.gradle/caches/modules-2/files-2.1/org.springframework.boot/spring-boot/3.3.3/f34dba93611823e521800a47043267715184911b/spring-boot-3.3.3.jar","/home/jbergqvist/.gradle/caches/modules-2/files-2.1/org.springframework/spring-context/6.1.12/e69d476d1334935529a61f403749c6b8593e3272/spring-context-6.1.12.jar","/home/jbergqvist/.gradle/caches/modules-2/files-2.1/org.springframework/spring-aop/6.1.12/5fce5ff02455fad179fc0ea05435dfb79bbeaa66/spring-aop-6.1.12.jar","/home/jbergqvist/.gradle/caches/modules-2/files-2.1/org.springframework/spring-orm/6.1.12/9df98d9ebdfcf5359dbda945de515d8af2cabe89/spring-orm-6.1.12.jar","/home/jbergqvist/.gradle/caches/modules-2/files-2.1/org.springframework/spring-jdbc/6.1.12/feb177a07e109f633c3fb1892d22a2867d0b2284/spring-jdbc-6.1.12.jar","/home/jbergqvist/.gradle/caches/modules-2/files-2.1/org.springframework.data/spring-data-commons/3.3.3/89ab77494e1e56b058001354265e381a0a2868e6/spring-data-commons-3.3.3.jar","/home/jbergqvist/.gradle/caches/modules-2/files-2.1/org.springframework/spring-tx/6.1.12/c47885e494845584e08407b611031ea2bcef0ef7/spring-tx-6.1.12.jar","/home/jbergqvist/.gradle/caches/modules-2/files-2.1/org.springframework/spring-beans/6.1.12/f0344fa934f114a15f02c2b1a199189ec12b7eb5/spring-beans-6.1.12.jar","/home/jbergqvist/.gradle/caches/modules-2/files-2.1/org.springframework/spring-expression/6.1.12/644bbc2e65eb40feb7284b8570d7a7eb8b1fe8df/spring-expression-6.1.12.jar","/home/jbergqvist/.gradle/caches/modules-2/files-2.1/org.springframework/spring-core/6.1.12/5f4162fb645c4f72b57b21d721fce9f26edb9bb9/spring-core-6.1.12.jar","/home/jbergqvist/.gradle/caches/modules-2/files-2.1/org.xmlunit/xmlunit-core/2.9.1/e5833662d9a1279a37da3ef6f62a1da29fcd68c4/xmlunit-core-2.9.1.jar","/home/jbergqvist/.gradle/caches/modules-2/files-2.1/org.aspectj/aspectjweaver/1.9.22.1/bca243d0af0db4758fbae45c5f4995cb5dabb612/aspectjweaver-1.9.22.1.jar","/home/jbergqvist/.gradle/caches/modules-2/files-2.1/com.zaxxer/HikariCP/5.1.0/8c96e36c14461fc436bb02b264b96ef3ca5dca8c/HikariCP-5.1.0.jar","/home/jbergqvist/.gradle/caches/modules-2/files-2.1/jakarta.persistence/jakarta.persistence-api/3.1.0/66901fa1c373c6aff65c13791cc11da72060a8d6/jakarta.persistence-api-3.1.0.jar","/home/jbergqvist/.gradle/caches/modules-2/files-2.1/jakarta.transaction/jakarta.transaction-api/2.0.1/51a520e3fae406abb84e2e1148e6746ce3f80a1a/jakarta.transaction-api-2.0.1.jar","/home/jbergqvist/.gradle/caches/modules-2/files-2.1/org.jboss.logging/jboss-logging/3.5.3.Final/c88fc1d8a96d4c3491f55d4317458ccad53ca663/jboss-logging-3.5.3.Final.jar","/home/jbergqvist/.gradle/caches/modules-2/files-2.1/org.hibernate.common/hibernate-commons-annotations/6.0.6.Final/77a5f94b56d49508e0ee334751db5b78e5ccd50c/hibernate-commons-annotations-6.0.6.Final.jar","/home/jbergqvist/.gradle/caches/modules-2/files-2.1/io.smallrye/jandex/3.1.2/a6c1c89925c7df06242b03dddb353116ceb9584c/jandex-3.1.2.jar","/home/jbergqvist/.gradle/caches/modules-2/files-2.1/com.fasterxml/classmate/1.7.0/e98374da1f2143ac8e6e0a95036994bb19137a3/classmate-1.7.0.jar","/home/jbergqvist/.gradle/caches/modules-2/files-2.1/net.bytebuddy/byte-buddy/1.14.19/4c0c637b8f47dc08f89240e6f59900011752c97b/byte-buddy-1.14.19.jar","/home/jbergqvist/.gradle/caches/modules-2/files-2.1/jakarta.inject/jakarta.inject-api/2.0.1/4c28afe1991a941d7702fe1362c365f0a8641d1e/jakarta.inject-api-2.0.1.jar","/home/jbergqvist/.gradle/caches/modules-2/files-2.1/org.antlr/antlr4-runtime/4.13.0/5a02e48521624faaf5ff4d99afc88b01686af655/antlr4-runtime-4.13.0.jar","/home/jbergqvist/.gradle/caches/modules-2/files-2.1/jakarta.annotation/jakarta.annotation-api/2.1.1/48b9bda22b091b1f48b13af03fe36db3be6e1ae3/jakarta.annotation-api-2.1.1.jar","/home/jbergqvist/.gradle/caches/modules-2/files-2.1/org.springframework.boot/spring-boot-starter-logging/3.3.3/43d07b2e6bbb628c7fc5df103d35ee2eb091522/spring-boot-starter-logging-3.3.3.jar","/home/jbergqvist/.gradle/caches/modules-2/files-2.1/ch.qos.logback/logback-classic/1.5.7/ad4ff8ca015737ade8e8a9de07de565c423e5b7a/logback-classic-1.5.7.jar","/home/jbergqvist/.gradle/caches/modules-2/files-2.1/org.apache.logging.log4j/log4j-to-slf4j/2.23.1/425ad1eb8a39904d2830e907a324e956fb456520/log4j-to-slf4j-2.23.1.jar","/home/jbergqvist/.gradle/caches/modules-2/files-2.1/org.slf4j/jul-to-slf4j/2.0.16/6d57da3e961daac65bcca0dd3def6cd11e48a24a/jul-to-slf4j-2.0.16.jar","/home/jbergqvist/.gradle/caches/modules-2/files-2.1/org.slf4j/slf4j-api/2.0.16/172931663a09a1fa515567af5fbef00897d3c04/slf4j-api-2.0.16.jar","/home/jbergqvist/.gradle/caches/modules-2/files-2.1/com.fasterxml.jackson.datatype/jackson-datatype-jdk8/2.17.2/efd3dd0e1d0db8bc72abbe71c15e697bb83b4b45/jackson-datatype-jdk8-2.17.2.jar","/home/jbergqvist/.gradle/caches/modules-2/files-2.1/com.fasterxml.jackson.datatype/jackson-datatype-jsr310/2.17.2/267b85e9ba2892a37be6d80aa9ca1438a0d8c210/jackson-datatype-jsr310-2.17.2.jar","/home/jbergqvist/.gradle/caches/modules-2/files-2.1/com.fasterxml.jackson.module/jackson-module-parameter-names/2.17.2/d27b9f95ccce98984c1ba58d61c5a9c072b1ad95/jackson-module-parameter-names-2.17.2.jar","/home/jbergqvist/.gradle/caches/modules-2/files-2.1/com.fasterxml.jackson.core/jackson-databind/2.17.2/e6deb029e5901e027c129341fac39e515066b68c/jackson-databind-2.17.2.jar","/home/jbergqvist/.gradle/caches/modules-2/files-2.1/io.swagger.core.v3/swagger-models-jakarta/2.2.22/bc2809b2efa1f7b062bc9668304a84b198fececd/swagger-models-jakarta-2.2.22.jar","/home/jbergqvist/.gradle/caches/modules-2/files-2.1/com.fasterxml.jackson.core/jackson-annotations/2.17.2/147b7b9412ffff24339f8aba080b292448e08698/jackson-annotations-2.17.2.jar","/home/jbergqvist/.gradle/caches/modules-2/files-2.1/com.fasterxml.jackson.core/jackson-core/2.17.2/969a35cb35c86512acbadcdbbbfb044c877db814/jackson-core-2.17.2.jar","/home/jbergqvist/.gradle/caches/modules-2/files-2.1/com.fasterxml.jackson.dataformat/jackson-dataformat-yaml/2.17.2/78d2c73dbec62044d7cf3b544b2e0d24a1a093b0/jackson-dataformat-yaml-2.17.2.jar","/home/jbergqvist/.gradle/caches/modules-2/files-2.1/org.yaml/snakeyaml/2.2/3af797a25458550a16bf89acc8e4ab2b7f2bfce0/snakeyaml-2.2.jar","/home/jbergqvist/.gradle/caches/modules-2/files-2.1/org.apache.tomcat.embed/tomcat-embed-websocket/10.1.28/1a5ee88106795215e8a7b6cfea46e57cdfc96430/tomcat-embed-websocket-10.1.28.jar","/home/jbergqvist/.gradle/caches/modules-2/files-2.1/org.apache.tomcat.embed/tomcat-embed-core/10.1.28/624f53789b7ba96bc3c8e871fb5eed4cab5a7c89/tomcat-embed-core-10.1.28.jar","/home/jbergqvist/.gradle/caches/modules-2/files-2.1/org.apache.tomcat.embed/tomcat-embed-el/10.1.28/3220f687c5ffc8650559f08ecac5b149838627b3/tomcat-embed-el-10.1.28.jar","/home/jbergqvist/.gradle/caches/modules-2/files-2.1/io.micrometer/micrometer-observation/1.13.3/99840eb14ecf95d349f39123c867c2ca33808d/micrometer-observation-1.13.3.jar","/home/jbergqvist/.gradle/caches/modules-2/files-2.1/org.eclipse.angus/angus-activation/2.0.2/41f1e0ddd157c856926ed149ab837d110955a9fc/angus-activation-2.0.2.jar","/home/jbergqvist/.gradle/caches/modules-2/files-2.1/jakarta.activation/jakarta.activation-api/2.1.3/fa165bd70cda600368eee31555222776a46b881f/jakarta.activation-api-2.1.3.jar","/home/jbergqvist/.gradle/caches/modules-2/files-2.1/net.minidev/accessors-smart/2.5.1/19b820261eb2e7de7d5bde11d1c06e4501dd7e5f/accessors-smart-2.5.1.jar","/home/jbergqvist/.gradle/caches/modules-2/files-2.1/net.bytebuddy/byte-buddy-agent/1.14.19/154da3a65b4f4a909d3e5bdec55d1b2b4cbb6ce1/byte-buddy-agent-1.14.19.jar","/home/jbergqvist/.gradle/caches/modules-2/files-2.1/org.objenesis/objenesis/3.3/1049c09f1de4331e8193e579448d0916d75b7631/objenesis-3.3.jar","/home/jbergqvist/.gradle/caches/modules-2/files-2.1/com.vaadin.external.google/android-json/0.0.20131108.vaadin1/fa26d351fe62a6a17f5cda1287c1c6110dec413f/android-json-0.0.20131108.vaadin1.jar","/home/jbergqvist/.gradle/caches/modules-2/files-2.1/org.springframework/spring-jcl/6.1.12/f46d6016fd1dd3801a0e6fcd64789ac468254944/spring-jcl-6.1.12.jar","/home/jbergqvist/.gradle/caches/modules-2/files-2.1/io.micrometer/micrometer-commons/1.13.3/47b6b093cd6ba80c9da8d973ea79c7ef69a878d5/micrometer-commons-1.13.3.jar","/home/jbergqvist/.gradle/caches/modules-2/files-2.1/org.ow2.asm/asm/9.6/aa205cf0a06dbd8e04ece91c0b37c3f5d567546a/asm-9.6.jar","/home/jbergqvist/.gradle/caches/modules-2/files-2.1/org.opentest4j/opentest4j/1.3.0/152ea56b3a72f655d4fd677fc0ef2596c3dd5e6e/opentest4j-1.3.0.jar","/home/jbergqvist/.gradle/caches/modules-2/files-2.1/org.glassfish.jaxb/txw2/4.0.5/f36a4ef12120a9bb06d766d6a0e54b144fd7ed98/txw2-4.0.5.jar","/home/jbergqvist/.gradle/caches/modules-2/files-2.1/com.sun.istack/istack-commons-runtime/4.1.2/18ec117c85f3ba0ac65409136afa8e42bc74e739/istack-commons-runtime-4.1.2.jar","/home/jbergqvist/.gradle/caches/modules-2/files-2.1/ch.qos.logback/logback-core/1.5.7/ba0d0cbac3f21abd28faed3b4931d5b49cc5887e/logback-core-1.5.7.jar","/home/jbergqvist/.gradle/caches/modules-2/files-2.1/org.apache.logging.log4j/log4j-api/2.23.1/9c15c29c526d9c6783049c0a77722693c66706e1/log4j-api-2.23.1.jar","/home/jbergqvist/.gradle/caches/modules-2/files-2.1/org.apache.commons/commons-lang3/3.14.0/1ed471194b02f2c6cb734a0cd6f6f107c673afae/commons-lang3-3.14.0.jar","/home/jbergqvist/.gradle/caches/modules-2/files-2.1/io.swagger.core.v3/swagger-annotations-jakarta/2.2.22/1efc0b0af32fce629f0786062c89e8b117abe120/swagger-annotations-jakarta-2.2.22.jar","/home/jbergqvist/.gradle/caches/modules-2/files-2.1/jakarta.validation/jakarta.validation-api/3.0.2/92b6631659ba35ca09e44874d3eb936edfeee532/jakarta.validation-api-3.0.2.jar","/home/jbergqvist/.gradle/caches/modules-2/files-2.1/org.apiguardian/apiguardian-api/1.1.2/a231e0d844d2721b0fa1b238006d15c6ded6842a/apiguardian-api-1.1.2.jar"],"complianceLevel":"21","productionSources":["/home/jbergqvist/diffblue/finos-traderX/position-service/src/main/java"],"testSources":["/home/jbergqvist/diffblue/finos-traderX/position-service/src/test/java"],"productionClasses":"/home/jbergqvist/diffblue/finos-traderX/position-service/build/classes/java/main","testClasses":"/home/jbergqvist/diffblue/finos-traderX/position-service/build/classes/java/test","sourceToBuildPathMap":{"/home/jbergqvist/diffblue/finos-traderX/position-service/src/main/java":"/home/jbergqvist/diffblue/finos-traderX/position-service/build/classes/java/main"},"testSourceToBuildPathMap":{"/home/jbergqvist/diffblue/finos-traderX/position-service/src/test/java":"/home/jbergqvist/diffblue/finos-traderX/position-service/build/classes/java/test"},"buildDirectory":null,"plugins":[{"__type":"DefaultPlugin","groupId":null,"artefactId":null,"version":null,"pluginClassName":"com.diffblue.cover.buildsystem.gradle.plugin.CoverPlugin"},{"__type":"DefaultPlugin","groupId":null,"artefactId":null,"version":"8.8","pluginClassName":"org.gradle.api.plugins.HelpTasksPlugin$Inject"},{"__type":"DefaultPlugin","groupId":null,"artefactId":null,"version":"8.8","pluginClassName":"org.gradle.buildinit.plugins.BuildInitPlugin$Inject"},{"__type":"DefaultPlugin","groupId":null,"artefactId":null,"version":"8.8","pluginClassName":"org.gradle.buildinit.plugins.WrapperPlugin$Inject"},{"__type":"DefaultPlugin","groupId":null,"artefactId":null,"version":"8.8","pluginClassName":"org.gradle.language.base.plugins.LifecycleBasePlugin$Inject"},{"__type":"DefaultPlugin","groupId":null,"artefactId":null,"version":"8.8","pluginClassName":"org.gradle.api.plugins.BasePlugin$Inject"},{"__type":"DefaultPlugin","groupId":null,"artefactId":null,"version":"8.8","pluginClassName":"org.gradle.api.plugins.JvmEcosystemPlugin$Inject"},{"__type":"DefaultPlugin","groupId":null,"artefactId":null,"version":"8.8","pluginClassName":"org.gradle.api.plugins.ReportingBasePlugin$Inject"},{"__type":"DefaultPlugin","groupId":null,"artefactId":null,"version":"8.8","pluginClassName":"org.gradle.api.plugins.JvmToolchainsPlugin$Inject"},{"__type":"DefaultPlugin","groupId":null,"artefactId":null,"version":"8.8","pluginClassName":"org.gradle.api.plugins.JavaBasePlugin$Inject"},{"__type":"DefaultPlugin","groupId":null,"artefactId":null,"version":"8.8","pluginClassName":"org.gradle.testing.base.plugins.TestSuiteBasePlugin$Inject"},{"__type":"DefaultPlugin","groupId":null,"artefactId":null,"version":"8.8","pluginClassName":"org.gradle.api.plugins.JvmTestSuitePlugin$Inject"},{"__type":"DefaultPlugin","groupId":null,"artefactId":null,"version":"8.8","pluginClassName":"org.gradle.api.plugins.JavaPlugin$Inject"},{"__type":"DefaultPlugin","groupId":null,"artefactId":null,"version":"3.3.3","pluginClassName":"org.springframework.boot.gradle.plugin.SpringBootPlugin"},{"__type":"DefaultPlugin","groupId":null,"artefactId":null,"version":"1.1.6","pluginClassName":"io.spring.gradle.dependencymanagement.DependencyManagementPlugin"},{"__type":"DefaultPlugin","groupId":null,"artefactId":null,"version":"0.8.11","pluginClassName":"org.gradle.testing.jacoco.plugins.JacocoPlugin$Inject"}],"version":"8.8","encoding":"UTF-8","name":"gradle","subModules":[],"simpleModuleName":"position-service","parentModuleName":"","location":"/home/jbergqvist/diffblue/finos-traderX/position-service","fullModuleName":"position-service"},{"__type":"DefaultProjectModule","junitReport":["/home/jbergqvist/diffblue/finos-traderX/account-service/build/test-results/test"],"jacocoReport":["/home/jbergqvist/diffblue/finos-traderX/account-service/build/reports/jacoco/test/jacocoTestReport.xml"],"jacocoDestFile":["/home/jbergqvist/diffblue/finos-traderX/account-service/build/jacoco/test.exec"],"jacocoFormats":null,"jacocoSkipped":false,"classpath":["/home/jbergqvist/diffblue/finos-traderX/account-service/build/classes/java/test","/home/jbergqvist/diffblue/finos-traderX/account-service/build/resources/test","/home/jbergqvist/diffblue/finos-traderX/account-service/build/classes/java/main","/home/jbergqvist/diffblue/finos-traderX/account-service/build/resources/main","/home/jbergqvist/.gradle/caches/modules-2/files-2.1/org.springframework.boot/spring-boot-starter-data-jpa/3.3.3/7eeb176d6130f7aa83405fe2985fe7cadc11ebc5/spring-boot-starter-data-jpa-3.3.3.jar","/home/jbergqvist/.gradle/caches/modules-2/files-2.1/org.springframework.boot/spring-boot-starter-web/3.3.3/f19325fefd33dc920c0f68547a798ed731a8c70c/spring-boot-starter-web-3.3.3.jar","/home/jbergqvist/.gradle/caches/modules-2/files-2.1/com.h2database/h2/2.2.224/7bdade27d8cd197d9b5ce9dc251f41d2edc5f7ad/h2-2.2.224.jar","/home/jbergqvist/.gradle/caches/modules-2/files-2.1/org.springdoc/springdoc-openapi-starter-webmvc-ui/2.6.0/2dddebb56441dbaa1009c4de434a83c65596f6ad/springdoc-openapi-starter-webmvc-ui-2.6.0.jar","/home/jbergqvist/.gradle/caches/modules-2/files-2.1/com.diffblue.cover/cover-annotations/1.8.0/9eb3621b5f61d1dd8d7fa1af6b2c8c3fcf8ee857/cover-annotations-1.8.0.jar","/home/jbergqvist/.gradle/caches/modules-2/files-2.1/org.springframework.boot/spring-boot-starter-test/3.3.3/6774cadaa893fce1f18ff5e528e17f75d32f6670/spring-boot-starter-test-3.3.3.jar","/home/jbergqvist/.gradle/caches/modules-2/files-2.1/org.springframework.boot/spring-boot-starter-aop/3.3.3/f64c22484c1ab36ae70abc752509ec4c7b1abcfc/spring-boot-starter-aop-3.3.3.jar","/home/jbergqvist/.gradle/caches/modules-2/files-2.1/org.springframework.boot/spring-boot-starter-jdbc/3.3.3/c97a56c12c79d1ce419a306ddee4ccb89b7d3728/spring-boot-starter-jdbc-3.3.3.jar","/home/jbergqvist/.gradle/caches/modules-2/files-2.1/org.hibernate.orm/hibernate-core/6.5.2.Final/e9e0cc47f6cd2b2553968aee66bd9e55e7485221/hibernate-core-6.5.2.Final.jar","/home/jbergqvist/.gradle/caches/modules-2/files-2.1/org.springframework.data/spring-data-jpa/3.3.3/9b89dbd19eee24c4dc4df12564efc603c614aa91/spring-data-jpa-3.3.3.jar","/home/jbergqvist/.gradle/caches/modules-2/files-2.1/org.springframework/spring-aspects/6.1.12/b72435b5813755a894531e2cf1565eff1b313574/spring-aspects-6.1.12.jar","/home/jbergqvist/.gradle/caches/modules-2/files-2.1/org.springframework.boot/spring-boot-starter-json/3.3.3/3dde3b6089f772a77763020cc97a219307a8f39f/spring-boot-starter-json-3.3.3.jar","/home/jbergqvist/.gradle/caches/modules-2/files-2.1/org.springframework.boot/spring-boot-starter/3.3.3/174d6cb1c59036a01756d6bf4d8945325f94155f/spring-boot-starter-3.3.3.jar","/home/jbergqvist/.gradle/caches/modules-2/files-2.1/org.springframework.boot/spring-boot-starter-tomcat/3.3.3/8ca660b0ecba2f0ff8ce27603fe89953dc4ec18d/spring-boot-starter-tomcat-3.3.3.jar","/home/jbergqvist/.gradle/caches/modules-2/files-2.1/org.springdoc/springdoc-openapi-starter-webmvc-api/2.6.0/d235c2989247641e5dfe764d7add3a11e4d54a5f/springdoc-openapi-starter-webmvc-api-2.6.0.jar","/home/jbergqvist/.gradle/caches/modules-2/files-2.1/org.springframework/spring-webmvc/6.1.12/86bb0c203d68adb4b2675765f5a372f4c5254b2d/spring-webmvc-6.1.12.jar","/home/jbergqvist/.gradle/caches/modules-2/files-2.1/org.springframework/spring-web/6.1.12/b60e69b3ec87f8e001537a0fa7e3e2732dfafa7e/spring-web-6.1.12.jar","/home/jbergqvist/.gradle/caches/modules-2/files-2.1/org.webjars/swagger-ui/5.17.14/7c746d197424eb721b4e08fcaa9e85231662d81f/swagger-ui-5.17.14.jar","/home/jbergqvist/.gradle/caches/modules-2/files-2.1/org.springframework.boot/spring-boot-test-autoconfigure/3.3.3/ebce486202d965dc984ff8013a8f87fdb9b6fe46/spring-boot-test-autoconfigure-3.3.3.jar","/home/jbergqvist/.gradle/caches/modules-2/files-2.1/org.springframework.boot/spring-boot-test/3.3.3/42a314ffe171b6fb3932a86a884ef721467dc704/spring-boot-test-3.3.3.jar","/home/jbergqvist/.gradle/caches/modules-2/files-2.1/com.jayway.jsonpath/json-path/2.9.0/37fe2217f577b0b68b18e62c4d17a8858ecf9b69/json-path-2.9.0.jar","/home/jbergqvist/.gradle/caches/modules-2/files-2.1/org.glassfish.jaxb/jaxb-runtime/4.0.5/ca84c2a7169b5293e232b9d00d1e4e36d4c3914a/jaxb-runtime-4.0.5.jar","/home/jbergqvist/.gradle/caches/modules-2/files-2.1/org.glassfish.jaxb/jaxb-core/4.0.5/7b4b11ea5542eea4ad55e1080b23be436795b3/jaxb-core-4.0.5.jar","/home/jbergqvist/.gradle/caches/modules-2/files-2.1/org.springdoc/springdoc-openapi-starter-common/2.6.0/c8cf5fbd1f9e4c410d67f1de27dfc3529de13620/springdoc-openapi-starter-common-2.6.0.jar","/home/jbergqvist/.gradle/caches/modules-2/files-2.1/io.swagger.core.v3/swagger-core-jakarta/2.2.22/9ed5daaaa1c94c9a6b56c058c9d1b3190044a2e2/swagger-core-jakarta-2.2.22.jar","/home/jbergqvist/.gradle/caches/modules-2/files-2.1/jakarta.xml.bind/jakarta.xml.bind-api/4.0.2/6cd5a999b834b63238005b7144136379dc36cad2/jakarta.xml.bind-api-4.0.2.jar","/home/jbergqvist/.gradle/caches/modules-2/files-2.1/net.minidev/json-smart/2.5.1/4c11d2808d009132dfbbf947ebf37de6bf266c8e/json-smart-2.5.1.jar","/home/jbergqvist/.gradle/caches/modules-2/files-2.1/org.assertj/assertj-core/3.25.3/792b270e73aa1cfc28fa135be0b95e69ea451432/assertj-core-3.25.3.jar","/home/jbergqvist/.gradle/caches/modules-2/files-2.1/org.awaitility/awaitility/4.2.2/7336242073ebf83fe034e42b46a403c5501b63c9/awaitility-4.2.2.jar","/home/jbergqvist/.gradle/caches/modules-2/files-2.1/org.hamcrest/hamcrest/2.2/1820c0968dba3a11a1b30669bb1f01978a91dedc/hamcrest-2.2.jar","/home/jbergqvist/.gradle/caches/modules-2/files-2.1/org.mockito/mockito-junit-jupiter/5.11.0/8e658dd339f40305ed4293db25545b5df98b171b/mockito-junit-jupiter-5.11.0.jar","/home/jbergqvist/.gradle/caches/modules-2/files-2.1/org.junit.jupiter/junit-jupiter-params/5.10.3/4852f4e4af9074d9214213b199751f99efeab8b9/junit-jupiter-params-5.10.3.jar","/home/jbergqvist/.gradle/caches/modules-2/files-2.1/org.junit.jupiter/junit-jupiter-engine/5.10.3/48c14e866bb1a87ca35d24ff068463bb202ada24/junit-jupiter-engine-5.10.3.jar","/home/jbergqvist/.gradle/caches/modules-2/files-2.1/org.junit.jupiter/junit-jupiter-api/5.10.3/a22aa91d1d6c69b2020a9aeb6d095ea81132bfa5/junit-jupiter-api-5.10.3.jar","/home/jbergqvist/.gradle/caches/modules-2/files-2.1/org.junit.platform/junit-platform-engine/1.10.3/365a320c3cfd47f3346625e541e424e35dc75c42/junit-platform-engine-1.10.3.jar","/home/jbergqvist/.gradle/caches/modules-2/files-2.1/org.junit.platform/junit-platform-commons/1.10.3/a353d42a2f13343a7cb80c5228ae66ff64495481/junit-platform-commons-1.10.3.jar","/home/jbergqvist/.gradle/caches/modules-2/files-2.1/org.junit.jupiter/junit-jupiter/5.10.3/6686d8fbf251f9bf8ecba413cab57b9e00f9134d/junit-jupiter-5.10.3.jar","/home/jbergqvist/.gradle/caches/modules-2/files-2.1/org.mockito/mockito-core/5.11.0/e4069fa4f4ff2c94322cfec5f2e45341c6c70aff/mockito-core-5.11.0.jar","/home/jbergqvist/.gradle/caches/modules-2/files-2.1/org.skyscreamer/jsonassert/1.5.3/aaa43e0823d2a0e106e8754d6a9c4ab24e05e9bc/jsonassert-1.5.3.jar","/home/jbergqvist/.gradle/caches/modules-2/files-2.1/org.springframework/spring-test/6.1.12/ea59acc56a32e6a46f66c06e5d4c2b8e8c6a2869/spring-test-6.1.12.jar","/home/jbergqvist/.gradle/caches/modules-2/files-2.1/org.springframework.boot/spring-boot-autoconfigure/3.3.3/4445f0bbf838c1e3aeb5a83bf2367fbd1013237f/spring-boot-autoconfigure-3.3.3.jar","/home/jbergqvist/.gradle/caches/modules-2/files-2.1/org.springframework.boot/spring-boot/3.3.3/f34dba93611823e521800a47043267715184911b/spring-boot-3.3.3.jar","/home/jbergqvist/.gradle/caches/modules-2/files-2.1/org.springframework/spring-context/6.1.12/e69d476d1334935529a61f403749c6b8593e3272/spring-context-6.1.12.jar","/home/jbergqvist/.gradle/caches/modules-2/files-2.1/org.springframework/spring-aop/6.1.12/5fce5ff02455fad179fc0ea05435dfb79bbeaa66/spring-aop-6.1.12.jar","/home/jbergqvist/.gradle/caches/modules-2/files-2.1/org.springframework/spring-orm/6.1.12/9df98d9ebdfcf5359dbda945de515d8af2cabe89/spring-orm-6.1.12.jar","/home/jbergqvist/.gradle/caches/modules-2/files-2.1/org.springframework/spring-jdbc/6.1.12/feb177a07e109f633c3fb1892d22a2867d0b2284/spring-jdbc-6.1.12.jar","/home/jbergqvist/.gradle/caches/modules-2/files-2.1/org.springframework.data/spring-data-commons/3.3.3/89ab77494e1e56b058001354265e381a0a2868e6/spring-data-commons-3.3.3.jar","/home/jbergqvist/.gradle/caches/modules-2/files-2.1/org.springframework/spring-tx/6.1.12/c47885e494845584e08407b611031ea2bcef0ef7/spring-tx-6.1.12.jar","/home/jbergqvist/.gradle/caches/modules-2/files-2.1/org.springframework/spring-beans/6.1.12/f0344fa934f114a15f02c2b1a199189ec12b7eb5/spring-beans-6.1.12.jar","/home/jbergqvist/.gradle/caches/modules-2/files-2.1/org.springframework/spring-expression/6.1.12/644bbc2e65eb40feb7284b8570d7a7eb8b1fe8df/spring-expression-6.1.12.jar","/home/jbergqvist/.gradle/caches/modules-2/files-2.1/org.springframework/spring-core/6.1.12/5f4162fb645c4f72b57b21d721fce9f26edb9bb9/spring-core-6.1.12.jar","/home/jbergqvist/.gradle/caches/modules-2/files-2.1/org.xmlunit/xmlunit-core/2.9.1/e5833662d9a1279a37da3ef6f62a1da29fcd68c4/xmlunit-core-2.9.1.jar","/home/jbergqvist/.gradle/caches/modules-2/files-2.1/org.aspectj/aspectjweaver/1.9.22.1/bca243d0af0db4758fbae45c5f4995cb5dabb612/aspectjweaver-1.9.22.1.jar","/home/jbergqvist/.gradle/caches/modules-2/files-2.1/com.zaxxer/HikariCP/5.1.0/8c96e36c14461fc436bb02b264b96ef3ca5dca8c/HikariCP-5.1.0.jar","/home/jbergqvist/.gradle/caches/modules-2/files-2.1/jakarta.persistence/jakarta.persistence-api/3.1.0/66901fa1c373c6aff65c13791cc11da72060a8d6/jakarta.persistence-api-3.1.0.jar","/home/jbergqvist/.gradle/caches/modules-2/files-2.1/jakarta.transaction/jakarta.transaction-api/2.0.1/51a520e3fae406abb84e2e1148e6746ce3f80a1a/jakarta.transaction-api-2.0.1.jar","/home/jbergqvist/.gradle/caches/modules-2/files-2.1/org.jboss.logging/jboss-logging/3.5.3.Final/c88fc1d8a96d4c3491f55d4317458ccad53ca663/jboss-logging-3.5.3.Final.jar","/home/jbergqvist/.gradle/caches/modules-2/files-2.1/org.hibernate.common/hibernate-commons-annotations/6.0.6.Final/77a5f94b56d49508e0ee334751db5b78e5ccd50c/hibernate-commons-annotations-6.0.6.Final.jar","/home/jbergqvist/.gradle/caches/modules-2/files-2.1/io.smallrye/jandex/3.1.2/a6c1c89925c7df06242b03dddb353116ceb9584c/jandex-3.1.2.jar","/home/jbergqvist/.gradle/caches/modules-2/files-2.1/com.fasterxml/classmate/1.7.0/e98374da1f2143ac8e6e0a95036994bb19137a3/classmate-1.7.0.jar","/home/jbergqvist/.gradle/caches/modules-2/files-2.1/net.bytebuddy/byte-buddy/1.14.19/4c0c637b8f47dc08f89240e6f59900011752c97b/byte-buddy-1.14.19.jar","/home/jbergqvist/.gradle/caches/modules-2/files-2.1/jakarta.inject/jakarta.inject-api/2.0.1/4c28afe1991a941d7702fe1362c365f0a8641d1e/jakarta.inject-api-2.0.1.jar","/home/jbergqvist/.gradle/caches/modules-2/files-2.1/org.antlr/antlr4-runtime/4.13.0/5a02e48521624faaf5ff4d99afc88b01686af655/antlr4-runtime-4.13.0.jar","/home/jbergqvist/.gradle/caches/modules-2/files-2.1/jakarta.annotation/jakarta.annotation-api/2.1.1/48b9bda22b091b1f48b13af03fe36db3be6e1ae3/jakarta.annotation-api-2.1.1.jar","/home/jbergqvist/.gradle/caches/modules-2/files-2.1/org.springframework.boot/spring-boot-starter-logging/3.3.3/43d07b2e6bbb628c7fc5df103d35ee2eb091522/spring-boot-starter-logging-3.3.3.jar","/home/jbergqvist/.gradle/caches/modules-2/files-2.1/ch.qos.logback/logback-classic/1.5.7/ad4ff8ca015737ade8e8a9de07de565c423e5b7a/logback-classic-1.5.7.jar","/home/jbergqvist/.gradle/caches/modules-2/files-2.1/org.apache.logging.log4j/log4j-to-slf4j/2.23.1/425ad1eb8a39904d2830e907a324e956fb456520/log4j-to-slf4j-2.23.1.jar","/home/jbergqvist/.gradle/caches/modules-2/files-2.1/org.slf4j/jul-to-slf4j/2.0.16/6d57da3e961daac65bcca0dd3def6cd11e48a24a/jul-to-slf4j-2.0.16.jar","/home/jbergqvist/.gradle/caches/modules-2/files-2.1/org.slf4j/slf4j-api/2.0.16/172931663a09a1fa515567af5fbef00897d3c04/slf4j-api-2.0.16.jar","/home/jbergqvist/.gradle/caches/modules-2/files-2.1/com.fasterxml.jackson.datatype/jackson-datatype-jdk8/2.17.2/efd3dd0e1d0db8bc72abbe71c15e697bb83b4b45/jackson-datatype-jdk8-2.17.2.jar","/home/jbergqvist/.gradle/caches/modules-2/files-2.1/com.fasterxml.jackson.datatype/jackson-datatype-jsr310/2.17.2/267b85e9ba2892a37be6d80aa9ca1438a0d8c210/jackson-datatype-jsr310-2.17.2.jar","/home/jbergqvist/.gradle/caches/modules-2/files-2.1/com.fasterxml.jackson.module/jackson-module-parameter-names/2.17.2/d27b9f95ccce98984c1ba58d61c5a9c072b1ad95/jackson-module-parameter-names-2.17.2.jar","/home/jbergqvist/.gradle/caches/modules-2/files-2.1/com.fasterxml.jackson.core/jackson-databind/2.17.2/e6deb029e5901e027c129341fac39e515066b68c/jackson-databind-2.17.2.jar","/home/jbergqvist/.gradle/caches/modules-2/files-2.1/io.swagger.core.v3/swagger-models-jakarta/2.2.22/bc2809b2efa1f7b062bc9668304a84b198fececd/swagger-models-jakarta-2.2.22.jar","/home/jbergqvist/.gradle/caches/modules-2/files-2.1/com.fasterxml.jackson.core/jackson-annotations/2.17.2/147b7b9412ffff24339f8aba080b292448e08698/jackson-annotations-2.17.2.jar","/home/jbergqvist/.gradle/caches/modules-2/files-2.1/com.fasterxml.jackson.core/jackson-core/2.17.2/969a35cb35c86512acbadcdbbbfb044c877db814/jackson-core-2.17.2.jar","/home/jbergqvist/.gradle/caches/modules-2/files-2.1/com.fasterxml.jackson.dataformat/jackson-dataformat-yaml/2.17.2/78d2c73dbec62044d7cf3b544b2e0d24a1a093b0/jackson-dataformat-yaml-2.17.2.jar","/home/jbergqvist/.gradle/caches/modules-2/files-2.1/org.yaml/snakeyaml/2.2/3af797a25458550a16bf89acc8e4ab2b7f2bfce0/snakeyaml-2.2.jar","/home/jbergqvist/.gradle/caches/modules-2/files-2.1/org.apache.tomcat.embed/tomcat-embed-websocket/10.1.28/1a5ee88106795215e8a7b6cfea46e57cdfc96430/tomcat-embed-websocket-10.1.28.jar","/home/jbergqvist/.gradle/caches/modules-2/files-2.1/org.apache.tomcat.embed/tomcat-embed-core/10.1.28/624f53789b7ba96bc3c8e871fb5eed4cab5a7c89/tomcat-embed-core-10.1.28.jar","/home/jbergqvist/.gradle/caches/modules-2/files-2.1/org.apache.tomcat.embed/tomcat-embed-el/10.1.28/3220f687c5ffc8650559f08ecac5b149838627b3/tomcat-embed-el-10.1.28.jar","/home/jbergqvist/.gradle/caches/modules-2/files-2.1/io.micrometer/micrometer-observation/1.13.3/99840eb14ecf95d349f39123c867c2ca33808d/micrometer-observation-1.13.3.jar","/home/jbergqvist/.gradle/caches/modules-2/files-2.1/org.eclipse.angus/angus-activation/2.0.2/41f1e0ddd157c856926ed149ab837d110955a9fc/angus-activation-2.0.2.jar","/home/jbergqvist/.gradle/caches/modules-2/files-2.1/jakarta.activation/jakarta.activation-api/2.1.3/fa165bd70cda600368eee31555222776a46b881f/jakarta.activation-api-2.1.3.jar","/home/jbergqvist/.gradle/caches/modules-2/files-2.1/net.minidev/accessors-smart/2.5.1/19b820261eb2e7de7d5bde11d1c06e4501dd7e5f/accessors-smart-2.5.1.jar","/home/jbergqvist/.gradle/caches/modules-2/files-2.1/net.bytebuddy/byte-buddy-agent/1.14.19/154da3a65b4f4a909d3e5bdec55d1b2b4cbb6ce1/byte-buddy-agent-1.14.19.jar","/home/jbergqvist/.gradle/caches/modules-2/files-2.1/org.objenesis/objenesis/3.3/1049c09f1de4331e8193e579448d0916d75b7631/objenesis-3.3.jar","/home/jbergqvist/.gradle/caches/modules-2/files-2.1/com.vaadin.external.google/android-json/0.0.20131108.vaadin1/fa26d351fe62a6a17f5cda1287c1c6110dec413f/android-json-0.0.20131108.vaadin1.jar","/home/jbergqvist/.gradle/caches/modules-2/files-2.1/org.springframework/spring-jcl/6.1.12/f46d6016fd1dd3801a0e6fcd64789ac468254944/spring-jcl-6.1.12.jar","/home/jbergqvist/.gradle/caches/modules-2/files-2.1/io.micrometer/micrometer-commons/1.13.3/47b6b093cd6ba80c9da8d973ea79c7ef69a878d5/micrometer-commons-1.13.3.jar","/home/jbergqvist/.gradle/caches/modules-2/files-2.1/org.ow2.asm/asm/9.6/aa205cf0a06dbd8e04ece91c0b37c3f5d567546a/asm-9.6.jar","/home/jbergqvist/.gradle/caches/modules-2/files-2.1/org.opentest4j/opentest4j/1.3.0/152ea56b3a72f655d4fd677fc0ef2596c3dd5e6e/opentest4j-1.3.0.jar","/home/jbergqvist/.gradle/caches/modules-2/files-2.1/org.glassfish.jaxb/txw2/4.0.5/f36a4ef12120a9bb06d766d6a0e54b144fd7ed98/txw2-4.0.5.jar","/home/jbergqvist/.gradle/caches/modules-2/files-2.1/com.sun.istack/istack-commons-runtime/4.1.2/18ec117c85f3ba0ac65409136afa8e42bc74e739/istack-commons-runtime-4.1.2.jar","/home/jbergqvist/.gradle/caches/modules-2/files-2.1/ch.qos.logback/logback-core/1.5.7/ba0d0cbac3f21abd28faed3b4931d5b49cc5887e/logback-core-1.5.7.jar","/home/jbergqvist/.gradle/caches/modules-2/files-2.1/org.apache.logging.log4j/log4j-api/2.23.1/9c15c29c526d9c6783049c0a77722693c66706e1/log4j-api-2.23.1.jar","/home/jbergqvist/.gradle/caches/modules-2/files-2.1/org.apache.commons/commons-lang3/3.14.0/1ed471194b02f2c6cb734a0cd6f6f107c673afae/commons-lang3-3.14.0.jar","/home/jbergqvist/.gradle/caches/modules-2/files-2.1/io.swagger.core.v3/swagger-annotations-jakarta/2.2.22/1efc0b0af32fce629f0786062c89e8b117abe120/swagger-annotations-jakarta-2.2.22.jar","/home/jbergqvist/.gradle/caches/modules-2/files-2.1/jakarta.validation/jakarta.validation-api/3.0.2/92b6631659ba35ca09e44874d3eb936edfeee532/jakarta.validation-api-3.0.2.jar","/home/jbergqvist/.gradle/caches/modules-2/files-2.1/org.apiguardian/apiguardian-api/1.1.2/a231e0d844d2721b0fa1b238006d15c6ded6842a/apiguardian-api-1.1.2.jar"],"complianceLevel":"21","productionSources":["/home/jbergqvist/diffblue/finos-traderX/account-service/src/main/java"],"testSources":["/home/jbergqvist/diffblue/finos-traderX/account-service/src/test/java"],"productionClasses":"/home/jbergqvist/diffblue/finos-traderX/account-service/build/classes/java/main","testClasses":"/home/jbergqvist/diffblue/finos-traderX/account-service/build/classes/java/test","sourceToBuildPathMap":{"/home/jbergqvist/diffblue/finos-traderX/account-service/src/main/java":"/home/jbergqvist/diffblue/finos-traderX/account-service/build/classes/java/main"},"testSourceToBuildPathMap":{"/home/jbergqvist/diffblue/finos-traderX/account-service/src/test/java":"/home/jbergqvist/diffblue/finos-traderX/account-service/build/classes/java/test"},"buildDirectory":null,"plugins":[{"__type":"DefaultPlugin","groupId":null,"artefactId":null,"version":null,"pluginClassName":"com.diffblue.cover.buildsystem.gradle.plugin.CoverPlugin"},{"__type":"DefaultPlugin","groupId":null,"artefactId":null,"version":"8.8","pluginClassName":"org.gradle.api.plugins.HelpTasksPlugin$Inject"},{"__type":"DefaultPlugin","groupId":null,"artefactId":null,"version":"8.8","pluginClassName":"org.gradle.buildinit.plugins.BuildInitPlugin$Inject"},{"__type":"DefaultPlugin","groupId":null,"artefactId":null,"version":"8.8","pluginClassName":"org.gradle.buildinit.plugins.WrapperPlugin$Inject"},{"__type":"DefaultPlugin","groupId":null,"artefactId":null,"version":"8.8","pluginClassName":"org.gradle.language.base.plugins.LifecycleBasePlugin$Inject"},{"__type":"DefaultPlugin","groupId":null,"artefactId":null,"version":"8.8","pluginClassName":"org.gradle.api.plugins.BasePlugin$Inject"},{"__type":"DefaultPlugin","groupId":null,"artefactId":null,"version":"8.8","pluginClassName":"org.gradle.api.plugins.JvmEcosystemPlugin$Inject"},{"__type":"DefaultPlugin","groupId":null,"artefactId":null,"version":"8.8","pluginClassName":"org.gradle.api.plugins.ReportingBasePlugin$Inject"},{"__type":"DefaultPlugin","groupId":null,"artefactId":null,"version":"8.8","pluginClassName":"org.gradle.api.plugins.JvmToolchainsPlugin$Inject"},{"__type":"DefaultPlugin","groupId":null,"artefactId":null,"version":"8.8","pluginClassName":"org.gradle.api.plugins.JavaBasePlugin$Inject"},{"__type":"DefaultPlugin","groupId":null,"artefactId":null,"version":"8.8","pluginClassName":"org.gradle.testing.base.plugins.TestSuiteBasePlugin$Inject"},{"__type":"DefaultPlugin","groupId":null,"artefactId":null,"version":"8.8","pluginClassName":"org.gradle.api.plugins.JvmTestSuitePlugin$Inject"},{"__type":"DefaultPlugin","groupId":null,"artefactId":null,"version":"8.8","pluginClassName":"org.gradle.api.plugins.JavaPlugin$Inject"},{"__type":"DefaultPlugin","groupId":null,"artefactId":null,"version":"3.3.3","pluginClassName":"org.springframework.boot.gradle.plugin.SpringBootPlugin"},{"__type":"DefaultPlugin","groupId":null,"artefactId":null,"version":"1.1.6","pluginClassName":"io.spring.gradle.dependencymanagement.DependencyManagementPlugin"},{"__type":"DefaultPlugin","groupId":null,"artefactId":null,"version":"0.8.11","pluginClassName":"org.gradle.testing.jacoco.plugins.JacocoPlugin$Inject"}],"version":"8.8","encoding":"UTF-8","name":"gradle","subModules":[],"simpleModuleName":"account-service","parentModuleName":"","location":"/home/jbergqvist/diffblue/finos-traderX/account-service","fullModuleName":"account-service"}],"simpleModuleName":"finos-traderX","parentModuleName":null,"location":"/home/jbergqvist/diffblue/finos-traderX","fullModuleName":"finos-traderX"}}
12:41:18.195 [INFO]   [Checking]    [main]              [com.diffblue.cover.buildsystem.internal.f.f] deserializing line [DIFFBLUE]{"__type":"com.diffblue.cover.buildsystem.model.DefaultEventMessage","project":"finos-traderX","goal":"help","cause":null,"state":"STARTED"}
12:41:18.197 [INFO]   [Checking]    [main]              [com.diffblue.cover.buildsystem.internal.f.f] deserializing line [DIFFBLUE]{"__type":"com.diffblue.cover.buildsystem.model.DefaultEventMessage","project":"finos-traderX","goal":"help","cause":null,"state":"SUCCESS"}
12:41:18.199 [INFO]   [Checking]    [main]              [com.diffblue.cover.buildsystem.internal.f.f] Found 1 ProjectModuleMessages (ignoring buildSrc projects)
12:41:18.200 [INFO]   [Checking]    [main]              [com.diffblue.cover.buildsystem.internal.f.f] Found module finos-traderX in the working directory /home/jbergqvist/diffblue/finos-traderX
12:41:18.200 [INFO]   [Checking]    [main]              [com.diffblue.cover.buildsystem.e] deserialized project module is present? true
12:41:18.201 [DEBUG]  [Checking]    [main]              [com.diffblue.cover.configuration.a.e] DetectorCache miss DETECTED_BUILD_SYSTEM_GRADLE
12:41:18.202 [DEBUG]  [Checking]    [main]              [com.diffblue.cover.configuration.cache.a] Writing cache to /home/jbergqvist/diffblue/finos-traderX/.diffblue/cache/env.json containing 3 items
12:41:18.231 [DEBUG]  [Checking]    [main]              [com.diffblue.cover.commons.l.d] Processing rule com.diffblue.cover.configuration.a.c took 6539ms
12:41:18.231 [DEBUG]  [Checking]    [main]              [com.diffblue.cover.configuration.a.e] DetectorCache miss DETECTED_BUILD_SYSTEM_MAVEN
12:41:18.231 [DEBUG]  [Checking]    [main]              [com.diffblue.cover.configuration.cache.a] Writing cache to /home/jbergqvist/diffblue/finos-traderX/.diffblue/cache/env.json containing 3 items
12:41:18.245 [DEBUG]  [Checking]    [main]              [com.diffblue.cover.configuration.a.e] DetectorCache miss DETECTED_BUILD_SYSTEM_CONFIGURABLE
12:41:18.245 [DEBUG]  [Checking]    [main]              [com.diffblue.cover.configuration.cache.a] Writing cache to /home/jbergqvist/diffblue/finos-traderX/.diffblue/cache/env.json containing 3 items
12:41:18.252 [INFO]   [Checking]    [main]              [com.diffblue.cover.configuration.a.bb] Operating System: Linux amd64 6.8.0-90-generic
12:41:18.252 [INFO]   [Checking]    [main]              [com.diffblue.cover.configuration.a.bb] Default charset: UTF-8
12:41:18.252 [INFO]   [Checking]    [main]              [com.diffblue.cover.configuration.a.bb] Default locale: en_GB
12:41:18.254 [INFO]   [Checking]    [main]              [com.diffblue.cover.configuration.a.bb] Default time zone: Europe/London
12:41:18.258 [DEBUG]  [Checking]    [main]              [com.diffblue.cover.configuration.a.z] Java home guessed from System property: /home/jbergqvist/.sdkman/candidates/java/21.0.9-amzn
12:41:18.261 [DEBUG]  [Checking]    [main]              [com.diffblue.cover.commons.l.d] Inference engine finished in 6677ms
12:41:18.262 [INFO]   [Checking]    [main]              [com.diffblue.cover.ui.controller.ad] Selected modules:
12:41:18.263 [INFO]   [Checking]    [main]              [com.diffblue.cover.ui.controller.ad] - account-service
12:41:18.263 [INFO]   [Checking]    [main]              [com.diffblue.cover.ui.controller.ad] 
12:41:18.265 [INFO]   [Checking]    [main]              [com.diffblue.cover.ui.controller.ad] 
12:41:18.266 [INFO]   [Checking]    [main]              [com.diffblue.cover.ui.controller.ad] [1/1] Diagnosing issues for module: account-service
12:41:18.266 [INFO]   [Checking]    [main]              [com.diffblue.cover.ui.controller.ad] ===================================================
12:41:18.266 [INFO]   [Checking]    [main]              [com.diffblue.cover.ui.controller.ad] 
12:41:18.266 [DEBUG]  [Checking]    [main]              [com.diffblue.cover.configuration.b] Using JSON detector cache at /home/jbergqvist/diffblue/finos-traderX/account-service/.diffblue/cache/env.json
12:41:18.274 [DEBUG]  [Checking]    [main]              [com.diffblue.cover.configuration.a.g] checking if /home/jbergqvist/diffblue/finos-traderX/account-service/DiffblueBuild.yaml exists...
12:41:18.275 [DEBUG]  [Checking]    [main]              [com.diffblue.cover.configuration.a.g] checking if /home/jbergqvist/diffblue/finos-traderX/account-service/DiffblueBuild.yml exists...
12:41:18.275 [DEBUG]  [Checking]    [main]              [com.diffblue.cover.configuration.a.g] checking if /home/jbergqvist/diffblue/finos-traderX/DiffblueBuild.yaml exists...
12:41:18.275 [DEBUG]  [Checking]    [main]              [com.diffblue.cover.configuration.a.g] checking if /home/jbergqvist/diffblue/finos-traderX/DiffblueBuild.yml exists...
12:41:18.276 [INFO]   [Checking]    [main]              [com.diffblue.cover.ui.controller.aa] Detected Java version 21.0.9
12:41:18.276 [DEBUG]  [Checking]    [main]              [com.diffblue.cover.configuration.a.c] Gradle wrapper found: /home/jbergqvist/diffblue/finos-traderX/gradlew
12:41:18.279 [INFO]   [Checking]    [main]              [com.diffblue.cover.ui.controller.aa] Detected build system: Gradle 8.8
12:41:18.280 [DEBUG]  [Checking]    [main]              [com.diffblue.cover.configuration.a.e] DetectorCache miss DETECTED_BUILD_SYSTEM_GRADLE
12:41:18.280 [DEBUG]  [Checking]    [main]              [com.diffblue.cover.configuration.cache.a] Writing cache to /home/jbergqvist/diffblue/finos-traderX/account-service/.diffblue/cache/env.json containing 12 items
12:41:18.289 [DEBUG]  [Checking]    [main]              [com.diffblue.cover.configuration.a.e] DetectorCache miss DETECTED_BUILD_SYSTEM_MAVEN
12:41:18.289 [DEBUG]  [Checking]    [main]              [com.diffblue.cover.configuration.cache.a] Writing cache to /home/jbergqvist/diffblue/finos-traderX/account-service/.diffblue/cache/env.json containing 12 items
12:41:18.296 [DEBUG]  [Checking]    [main]              [com.diffblue.cover.configuration.a.e] DetectorCache miss DETECTED_BUILD_SYSTEM_CONFIGURABLE
12:41:18.296 [DEBUG]  [Checking]    [main]              [com.diffblue.cover.configuration.cache.a] Writing cache to /home/jbergqvist/diffblue/finos-traderX/account-service/.diffblue/cache/env.json containing 12 items
12:41:18.303 [INFO]   [Checking]    [main]              [com.diffblue.cover.configuration.a.bb] Operating System: Linux amd64 6.8.0-90-generic
12:41:18.303 [INFO]   [Checking]    [main]              [com.diffblue.cover.configuration.a.bb] Default charset: UTF-8
12:41:18.303 [INFO]   [Checking]    [main]              [com.diffblue.cover.configuration.a.bb] Default locale: en_GB
12:41:18.303 [INFO]   [Checking]    [main]              [com.diffblue.cover.configuration.a.bb] Default time zone: Europe/London
12:41:18.305 [INFO]   [Checking]    [main]              [com.diffblue.cover.ui.controller.aa] Selected build system: Gradle
12:41:18.306 [DEBUG]  [Checking]    [main]              [com.diffblue.cover.configuration.a.z] Java home guessed from System property: /home/jbergqvist/.sdkman/candidates/java/21.0.9-amzn
12:41:18.306 [INFO]   [Checking]    [main]              [com.diffblue.cover.ui.controller.aa] Detected JVM architecture: 64-Bit
12:41:18.307 [DEBUG]  [Checking]    [main]              [com.diffblue.cover.commons.l.d] Inference engine finished in 32ms
12:41:18.311 [INFO]   [Checking]    [main]              [com.diffblue.cover.ui.e] 
12:41:18.311 [INFO]   [Checking]    [main]              [com.diffblue.cover.ui.e] Environment summary for module: account-service
12:41:18.312 [INFO]   [Checking]    [main]              [com.diffblue.cover.ui.e] -----------------------------------------------
12:41:18.312 [INFO]   [Checking]    [main]              [com.diffblue.cover.ui.e] Java version                   21.0.9                        SUCCESS        
12:41:18.312 [INFO]   [Checking]    [main]              [com.diffblue.cover.ui.e] Build system                   Gradle                        SUCCESS        
12:41:18.312 [INFO]   [Checking]    [main]              [com.diffblue.cover.ui.e] 
12:41:18.312 [INFO]   [Checking]    [main]              [com.diffblue.cover.ui.e] Environment check status: SUCCESS
12:41:18.312 [INFO]   [Reporting]   [main]              [com.diffblue.cover.ui.controller.aa] Reading report file '/home/jbergqvist/diffblue/finos-traderX/account-service/.diffblue/reports/report.json'
12:41:18.372 [INFO]   [Reporting]   [main]              [com.diffblue.cover.ui.controller.aa] Copied report file to '/home/jbergqvist/diffblue/finos-traderX/account-service/.diffblue/reports/report-20260109T120915.json'
12:41:18.418 [INFO]   [Reporting]   [main]              [com.diffblue.cover.ui.controller.aa] 
12:41:18.420 [INFO]   [Reporting]   [main]              [com.diffblue.cover.ui.controller.aa] R013: No inputs found that don't throw a trivial exception
Diffblue Cover tried to run the arrange/act section, but the test threw
org.springframework.dao.InvalidDataAccessApiUsageException: Example must not be null
    at org.springframework.orm.jpa.EntityManagerFactoryUtils.convertJpaAccessExceptionIfPossible(EntityManagerFactoryUtils.java:371)
    at org.springframework.orm.jpa.vendor.HibernateJpaDialect.translateExceptionIfPossible(HibernateJpaDialect.java:246)
    at org.springframework.orm.jpa.AbstractEntityManagerFactoryBean.translateExceptionIfPossible(AbstractEntityManagerFactoryBean.java:550)
    at org.springframework.dao.support.ChainedPersistenceExceptionTranslator.translateExceptionIfPossible(ChainedPersistenceExceptionTranslator.java:61)
    at org.springframework.dao.support.DataAccessUtils.translateIfNecessary(DataAccessUtils.java:335)
    at org.springframework.dao.support.PersistenceExceptionTranslationInterceptor.invoke(PersistenceExceptionTranslationInterceptor.java:160)
    at org.springframework.aop.framework.ReflectiveMethodInvocation.proceed(ReflectiveMethodInvocation.java:184)
    at org.springframework.data.jpa.repository.support.CrudMethodMetadataPostProcessor$CrudMethodMetadataPopulatingMethodInterceptor.invoke(CrudMethodMetadataPostProcessor.java:165)
    at org.springframework.aop.framework.ReflectiveMethodInvocation.proceed(ReflectiveMethodInvocation.java:184)
    at org.springframework.aop.interceptor.ExposeInvocationInterceptor.invoke(ExposeInvocationInterceptor.java:97)
    at org.springframework.aop.framework.ReflectiveMethodInvocation.proceed(ReflectiveMethodInvocation.java:184)
    at org.springframework.aop.framework.JdkDynamicAopProxy.invoke(JdkDynamicAopProxy.java:223)
In order to prevent the method under test
from throwing InvalidDataAccessApiUsageException, add constructors or factory
methods that make it easier to construct fully initialized objects used in
the method under test.
See https://diff.blue/R013 to resolve this issue.

12:41:18.422 [INFO]   [Reporting]   [main]              [com.diffblue.cover.ui.controller.aa] Affected methods:
finos.traderx.tradeprocessor.repository.PositionRepository.findBy:(Lorg/springframework/data/domain/Example;Ljava/util/function/Function;)Ljava/lang/Object;

12:41:18.423 [INFO]   [Reporting]   [main]              [com.diffblue.cover.ui.controller.aa] To resolve the issue, use the following prompt with your AI assistant:

We are unit testing `finos.traderx.tradeprocessor.repository.PositionRepository.findBy:(Lorg/springframework/data/domain/Example;Ljava/util/function/Function;)Ljava/lang/Object;`.

Create a parameterless factory method for the problematic
parameter/this object, determining which by reading the error message below.
The new factory method should be in the test classpath, not production.
Create a new factory class if there isn't already one for the class under test.
Do not create a test yourself, only a factory (don't test the factory either).
The factory must be annotated with `@com.diffblue.cover.annotations.InterestingTestFactory`.
Avoid using mocks, these tend to produce unused stubbing errors or a
`java.lang.NullPointerException`.
If your environment has internet access then further documentation on
factory methods for Cover can be found here:
https://docs.diffblue.com/features/tutorials/increase-code-coverage#test-factory-pattern

The factory should produce a parameter/this object such that
the following exception does not occur:

```
org.springframework.dao.InvalidDataAccessApiUsageException: Example must not be null
  at org.springframework.orm.jpa.EntityManagerFactoryUtils.convertJpaAccessExceptionIfPossible(EntityManagerFactoryUtils.java:371)
  at org.springframework.orm.jpa.vendor.HibernateJpaDialect.translateExceptionIfPossible(HibernateJpaDialect.java:246)
  at org.springframework.orm.jpa.AbstractEntityManagerFactoryBean.translateExceptionIfPossible(AbstractEntityManagerFactoryBean.java:550)
  at org.springframework.dao.support.ChainedPersistenceExceptionTranslator.translateExceptionIfPossible(ChainedPersistenceExceptionTranslator.java:61)
  at org.springframework.dao.support.DataAccessUtils.translateIfNecessary(DataAccessUtils.java:335)
  at org.springframework.dao.support.PersistenceExceptionTranslationInterceptor.invoke(PersistenceExceptionTranslationInterceptor.java:160)
  at org.springframework.aop.framework.ReflectiveMethodInvocation.proceed(ReflectiveMethodInvocation.java:184)
  at org.springframework.data.jpa.repository.support.CrudMethodMetadataPostProcessor$CrudMethodMetadataPopulatingMethodInterceptor.invoke(CrudMethodMetadataPostProcessor.java:165)
  at org.springframework.aop.framework.ReflectiveMethodInvocation.proceed(ReflectiveMethodInvocation.java:184)
  at org.springframework.aop.interceptor.ExposeInvocationInterceptor.invoke(ExposeInvocationInterceptor.java:97)
  at org.springframework.aop.framework.ReflectiveMethodInvocation.proceed(ReflectiveMethodInvocation.java:184)
  at org.springframework.aop.framework.JdkDynamicAopProxy.invoke(JdkDynamicAopProxy.java:223)
java.lang.IllegalArgumentException: Example must not be null
  at org.springframework.util.Assert.notNull(Assert.java:172)
  at org.springframework.data.jpa.repository.support.SimpleJpaRepository.findBy(SimpleJpaRepository.java:594)
  at org.springframework.aop.support.AopUtils.invokeJoinpointUsingReflection(AopUtils.java:355)
  at org.springframework.data.repository.core.support.RepositoryMethodInvoker$RepositoryFragmentMethodInvoker.lambda$new$0(RepositoryMethodInvoker.java:277)
  at org.springframework.data.repository.core.support.RepositoryMethodInvoker.doInvoke(RepositoryMethodInvoker.java:170)
  at org.springframework.data.repository.core.support.RepositoryMethodInvoker.invoke(RepositoryMethodInvoker.java:158)
  at org.springframework.data.repository.core.support.RepositoryComposition$RepositoryFragments.invoke(RepositoryComposition.java:516)
  at org.springframework.data.repository.core.support.RepositoryComposition.invoke(RepositoryComposition.java:285)
  at org.springframework.data.repository.core.support.RepositoryFactorySupport$ImplementationMethodExecutionInterceptor.invoke(RepositoryFactorySupport.java:628)
  at org.springframework.aop.framework.ReflectiveMethodInvocation.proceed(ReflectiveMethodInvocation.java:184)
  at org.springframework.data.repository.core.support.QueryExecutorMethodInterceptor.doInvoke(QueryExecutorMethodInterceptor.java:173)
  at org.springframework.data.repository.core.support.QueryExecutorMethodInterceptor.invoke(QueryExecutorMethodInterceptor.java:148)
  at org.springframework.aop.framework.ReflectiveMethodInvocation.proceed(ReflectiveMethodInvocation.java:184)
  at org.springframework.data.projection.DefaultMethodInvokingMethodInterceptor.invoke(DefaultMethodInvokingMethodInterceptor.java:70)
  at org.springframework.aop.framework.ReflectiveMethodInvocation.proceed(ReflectiveMethodInvocation.java:184)
  at org.springframework.transaction.interceptor.TransactionAspectSupport.invokeWithinTransaction(TransactionAspectSupport.java:379)
  at org.springframework.transaction.interceptor.TransactionInterceptor.invoke(TransactionInterceptor.java:119)
  at org.springframework.aop.framework.ReflectiveMethodInvocation.proceed(ReflectiveMethodInvocation.java:184)
  at org.springframework.dao.support.PersistenceExceptionTranslationInterceptor.invoke(PersistenceExceptionTranslationInterceptor.java:138)
  at org.springframework.aop.framework.ReflectiveMethodInvocation.proceed(ReflectiveMethodInvocation.java:184)
  at org.springframework.data.jpa.repository.support.CrudMethodMetadataPostProcessor$CrudMethodMetadataPopulatingMethodInterceptor.invoke(CrudMethodMetadataPostProcessor.java:165)
  at org.springframework.aop.framework.ReflectiveMethodInvocation.proceed(ReflectiveMethodInvocation.java:184)
  at org.springframework.aop.interceptor.ExposeInvocationInterceptor.invoke(ExposeInvocationInterceptor.java:97)
  at org.springframework.aop.framework.ReflectiveMethodInvocation.proceed(ReflectiveMethodInvocation.java:184)
  at org.springframework.aop.framework.JdkDynamicAopProxy.invoke(JdkDynamicAopProxy.java:223)
```

Recompile the project to make sure the new factory is available to Cover.
For example run `mvn install -DskipTests` or `gradle install -x test`.

12:41:18.424 [INFO]   [Reporting]   [main]              [com.diffblue.cover.ui.controller.aa] 
12:41:18.425 [INFO]   [Reporting]   [main]              [com.diffblue.cover.ui.controller.aa] R013: No inputs found that don't throw a trivial exception
Diffblue Cover tried to run the arrange/act section, but the test threw
org.springframework.dao.InvalidDataAccessApiUsageException: Example must not be null
    at org.springframework.orm.jpa.EntityManagerFactoryUtils.convertJpaAccessExceptionIfPossible(EntityManagerFactoryUtils.java:371)
    at org.springframework.orm.jpa.vendor.HibernateJpaDialect.translateExceptionIfPossible(HibernateJpaDialect.java:246)
    at org.springframework.orm.jpa.AbstractEntityManagerFactoryBean.translateExceptionIfPossible(AbstractEntityManagerFactoryBean.java:550)
    at org.springframework.dao.support.ChainedPersistenceExceptionTranslator.translateExceptionIfPossible(ChainedPersistenceExceptionTranslator.java:61)
    at org.springframework.dao.support.DataAccessUtils.translateIfNecessary(DataAccessUtils.java:335)
    at org.springframework.dao.support.PersistenceExceptionTranslationInterceptor.invoke(PersistenceExceptionTranslationInterceptor.java:160)
    at org.springframework.aop.framework.ReflectiveMethodInvocation.proceed(ReflectiveMethodInvocation.java:184)
    at org.springframework.data.jpa.repository.support.CrudMethodMetadataPostProcessor$CrudMethodMetadataPopulatingMethodInterceptor.invoke(CrudMethodMetadataPostProcessor.java:165)
    at org.springframework.aop.framework.ReflectiveMethodInvocation.proceed(ReflectiveMethodInvocation.java:184)
    at org.springframework.aop.interceptor.ExposeInvocationInterceptor.invoke(ExposeInvocationInterceptor.java:97)
    at org.springframework.aop.framework.ReflectiveMethodInvocation.proceed(ReflectiveMethodInvocation.java:184)
    at org.springframework.aop.framework.JdkDynamicAopProxy.invoke(JdkDynamicAopProxy.java:223)
In order to prevent the method under test
from throwing InvalidDataAccessApiUsageException, add constructors or factory
methods that make it easier to construct fully initialized objects used in
the method under test.
See https://diff.blue/R013 to resolve this issue.

12:41:18.425 [INFO]   [Reporting]   [main]              [com.diffblue.cover.ui.controller.aa] Affected methods:
finos.traderx.positionservice.repository.PositionRepository.findBy:(Lorg/springframework/data/domain/Example;Ljava/util/function/Function;)Ljava/lang/Object;

12:41:18.426 [INFO]   [Reporting]   [main]              [com.diffblue.cover.ui.controller.aa] To resolve the issue, use the following prompt with your AI assistant:

We are unit testing `finos.traderx.positionservice.repository.PositionRepository.findBy:(Lorg/springframework/data/domain/Example;Ljava/util/function/Function;)Ljava/lang/Object;`.

Create a parameterless factory method for the problematic
parameter/this object, determining which by reading the error message below.
The new factory method should be in the test classpath, not production.
Create a new factory class if there isn't already one for the class under test.
Do not create a test yourself, only a factory (don't test the factory either).
The factory must be annotated with `@com.diffblue.cover.annotations.InterestingTestFactory`.
Avoid using mocks, these tend to produce unused stubbing errors or a
`java.lang.NullPointerException`.
If your environment has internet access then further documentation on
factory methods for Cover can be found here:
https://docs.diffblue.com/features/tutorials/increase-code-coverage#test-factory-pattern

The factory should produce a parameter/this object such that
the following exception does not occur:

```
org.springframework.dao.InvalidDataAccessApiUsageException: Example must not be null
  at org.springframework.orm.jpa.EntityManagerFactoryUtils.convertJpaAccessExceptionIfPossible(EntityManagerFactoryUtils.java:371)
  at org.springframework.orm.jpa.vendor.HibernateJpaDialect.translateExceptionIfPossible(HibernateJpaDialect.java:246)
  at org.springframework.orm.jpa.AbstractEntityManagerFactoryBean.translateExceptionIfPossible(AbstractEntityManagerFactoryBean.java:550)
  at org.springframework.dao.support.ChainedPersistenceExceptionTranslator.translateExceptionIfPossible(ChainedPersistenceExceptionTranslator.java:61)
  at org.springframework.dao.support.DataAccessUtils.translateIfNecessary(DataAccessUtils.java:335)
  at org.springframework.dao.support.PersistenceExceptionTranslationInterceptor.invoke(PersistenceExceptionTranslationInterceptor.java:160)
  at org.springframework.aop.framework.ReflectiveMethodInvocation.proceed(ReflectiveMethodInvocation.java:184)
  at org.springframework.data.jpa.repository.support.CrudMethodMetadataPostProcessor$CrudMethodMetadataPopulatingMethodInterceptor.invoke(CrudMethodMetadataPostProcessor.java:165)
  at org.springframework.aop.framework.ReflectiveMethodInvocation.proceed(ReflectiveMethodInvocation.java:184)
  at org.springframework.aop.interceptor.ExposeInvocationInterceptor.invoke(ExposeInvocationInterceptor.java:97)
  at org.springframework.aop.framework.ReflectiveMethodInvocation.proceed(ReflectiveMethodInvocation.java:184)
  at org.springframework.aop.framework.JdkDynamicAopProxy.invoke(JdkDynamicAopProxy.java:223)
java.lang.IllegalArgumentException: Example must not be null
  at org.springframework.util.Assert.notNull(Assert.java:172)
  at org.springframework.data.jpa.repository.support.SimpleJpaRepository.findBy(SimpleJpaRepository.java:594)
  at org.springframework.aop.support.AopUtils.invokeJoinpointUsingReflection(AopUtils.java:355)
  at org.springframework.data.repository.core.support.RepositoryMethodInvoker$RepositoryFragmentMethodInvoker.lambda$new$0(RepositoryMethodInvoker.java:277)
  at org.springframework.data.repository.core.support.RepositoryMethodInvoker.doInvoke(RepositoryMethodInvoker.java:170)
  at org.springframework.data.repository.core.support.RepositoryMethodInvoker.invoke(RepositoryMethodInvoker.java:158)
  at org.springframework.data.repository.core.support.RepositoryComposition$RepositoryFragments.invoke(RepositoryComposition.java:516)
  at org.springframework.data.repository.core.support.RepositoryComposition.invoke(RepositoryComposition.java:285)
  at org.springframework.data.repository.core.support.RepositoryFactorySupport$ImplementationMethodExecutionInterceptor.invoke(RepositoryFactorySupport.java:628)
  at org.springframework.aop.framework.ReflectiveMethodInvocation.proceed(ReflectiveMethodInvocation.java:184)
  at org.springframework.data.repository.core.support.QueryExecutorMethodInterceptor.doInvoke(QueryExecutorMethodInterceptor.java:173)
  at org.springframework.data.repository.core.support.QueryExecutorMethodInterceptor.invoke(QueryExecutorMethodInterceptor.java:148)
  at org.springframework.aop.framework.ReflectiveMethodInvocation.proceed(ReflectiveMethodInvocation.java:184)
  at org.springframework.data.projection.DefaultMethodInvokingMethodInterceptor.invoke(DefaultMethodInvokingMethodInterceptor.java:70)
  at org.springframework.aop.framework.ReflectiveMethodInvocation.proceed(ReflectiveMethodInvocation.java:184)
  at org.springframework.transaction.interceptor.TransactionAspectSupport.invokeWithinTransaction(TransactionAspectSupport.java:379)
  at org.springframework.transaction.interceptor.TransactionInterceptor.invoke(TransactionInterceptor.java:119)
  at org.springframework.aop.framework.ReflectiveMethodInvocation.proceed(ReflectiveMethodInvocation.java:184)
  at org.springframework.dao.support.PersistenceExceptionTranslationInterceptor.invoke(PersistenceExceptionTranslationInterceptor.java:138)
  at org.springframework.aop.framework.ReflectiveMethodInvocation.proceed(ReflectiveMethodInvocation.java:184)
  at org.springframework.data.jpa.repository.support.CrudMethodMetadataPostProcessor$CrudMethodMetadataPopulatingMethodInterceptor.invoke(CrudMethodMetadataPostProcessor.java:165)
  at org.springframework.aop.framework.ReflectiveMethodInvocation.proceed(ReflectiveMethodInvocation.java:184)
  at org.springframework.aop.interceptor.ExposeInvocationInterceptor.invoke(ExposeInvocationInterceptor.java:97)
  at org.springframework.aop.framework.ReflectiveMethodInvocation.proceed(ReflectiveMethodInvocation.java:184)
  at org.springframework.aop.framework.JdkDynamicAopProxy.invoke(JdkDynamicAopProxy.java:223)
```

Recompile the project to make sure the new factory is available to Cover.
For example run `mvn install -DskipTests` or `gradle install -x test`.

12:41:18.427 [INFO]   [Reporting]   [main]              [com.diffblue.cover.ui.controller.aa] 
12:41:18.427 [INFO]   [Reporting]   [main]              [com.diffblue.cover.ui.controller.aa] R013: No inputs found that don't throw a trivial exception
Diffblue Cover tried to run the arrange/act section, but the test threw
org.springframework.dao.InvalidDataAccessApiUsageException: Supplied id had wrong type: entity 'finos.traderx.accountservice.model.AccountUser' has id type 'class finos.traderx.accountservice.model.AccountUserID' but supplied id was of type 'class java.lang.Integer'
    at org.springframework.orm.jpa.EntityManagerFactoryUtils.convertJpaAccessExceptionIfPossible(EntityManagerFactoryUtils.java:371)
    at org.springframework.orm.jpa.vendor.HibernateJpaDialect.translateExceptionIfPossible(HibernateJpaDialect.java:246)
    at org.springframework.orm.jpa.AbstractEntityManagerFactoryBean.translateExceptionIfPossible(AbstractEntityManagerFactoryBean.java:550)
    at org.springframework.dao.support.ChainedPersistenceExceptionTranslator.translateExceptionIfPossible(ChainedPersistenceExceptionTranslator.java:61)
    at org.springframework.dao.support.DataAccessUtils.translateIfNecessary(DataAccessUtils.java:335)
    at org.springframework.dao.support.PersistenceExceptionTranslationInterceptor.invoke(PersistenceExceptionTranslationInterceptor.java:160)
    at org.springframework.aop.framework.ReflectiveMethodInvocation.proceed(ReflectiveMethodInvocation.java:184)
    at org.springframework.data.jpa.repository.support.CrudMethodMetadataPostProcessor$CrudMethodMetadataPopulatingMethodInterceptor.invoke(CrudMethodMetadataPostProcessor.java:165)
    at org.springframework.aop.framework.ReflectiveMethodInvocation.proceed(ReflectiveMethodInvocation.java:184)
    at org.springframework.aop.interceptor.ExposeInvocationInterceptor.invoke(ExposeInvocationInterceptor.java:97)
    at org.springframework.aop.framework.ReflectiveMethodInvocation.proceed(ReflectiveMethodInvocation.java:184)
    at org.springframework.aop.framework.JdkDynamicAopProxy.invoke(JdkDynamicAopProxy.java:223)
In order to prevent the method under test
from throwing InvalidDataAccessApiUsageException, add constructors or factory
methods that make it easier to construct fully initialized objects used in
the method under test.
See https://diff.blue/R013 to resolve this issue.

12:41:18.428 [INFO]   [Reporting]   [main]              [com.diffblue.cover.ui.controller.aa] Affected methods:
finos.traderx.accountservice.repository.AccountUserRepository.deleteAllById:(Ljava/lang/Iterable;)V

12:41:18.428 [INFO]   [Reporting]   [main]              [com.diffblue.cover.ui.controller.aa] To resolve the issue, use the following prompt with your AI assistant:

We are unit testing `finos.traderx.accountservice.repository.AccountUserRepository.deleteAllById:(Ljava/lang/Iterable;)V`.

Create a parameterless factory method for the problematic
parameter/this object, determining which by reading the error message below.
The new factory method should be in the test classpath, not production.
Create a new factory class if there isn't already one for the class under test.
Do not create a test yourself, only a factory (don't test the factory either).
The factory must be annotated with `@com.diffblue.cover.annotations.InterestingTestFactory`.
Avoid using mocks, these tend to produce unused stubbing errors or a
`java.lang.NullPointerException`.
If your environment has internet access then further documentation on
factory methods for Cover can be found here:
https://docs.diffblue.com/features/tutorials/increase-code-coverage#test-factory-pattern

The factory should produce a parameter/this object such that
the following exception does not occur:

```
org.springframework.dao.InvalidDataAccessApiUsageException: Supplied id had wrong type: entity 'finos.traderx.accountservice.model.AccountUser' has id type 'class finos.traderx.accountservice.model.AccountUserID' but supplied id was of type 'class java.lang.Integer'
  at org.springframework.orm.jpa.EntityManagerFactoryUtils.convertJpaAccessExceptionIfPossible(EntityManagerFactoryUtils.java:371)
  at org.springframework.orm.jpa.vendor.HibernateJpaDialect.translateExceptionIfPossible(HibernateJpaDialect.java:246)
  at org.springframework.orm.jpa.AbstractEntityManagerFactoryBean.translateExceptionIfPossible(AbstractEntityManagerFactoryBean.java:550)
  at org.springframework.dao.support.ChainedPersistenceExceptionTranslator.translateExceptionIfPossible(ChainedPersistenceExceptionTranslator.java:61)
  at org.springframework.dao.support.DataAccessUtils.translateIfNecessary(DataAccessUtils.java:335)
  at org.springframework.dao.support.PersistenceExceptionTranslationInterceptor.invoke(PersistenceExceptionTranslationInterceptor.java:160)
  at org.springframework.aop.framework.ReflectiveMethodInvocation.proceed(ReflectiveMethodInvocation.java:184)
  at org.springframework.data.jpa.repository.support.CrudMethodMetadataPostProcessor$CrudMethodMetadataPopulatingMethodInterceptor.invoke(CrudMethodMetadataPostProcessor.java:165)
  at org.springframework.aop.framework.ReflectiveMethodInvocation.proceed(ReflectiveMethodInvocation.java:184)
  at org.springframework.aop.interceptor.ExposeInvocationInterceptor.invoke(ExposeInvocationInterceptor.java:97)
  at org.springframework.aop.framework.ReflectiveMethodInvocation.proceed(ReflectiveMethodInvocation.java:184)
  at org.springframework.aop.framework.JdkDynamicAopProxy.invoke(JdkDynamicAopProxy.java:223)
java.lang.IllegalArgumentException: Supplied id had wrong type: entity 'finos.traderx.accountservice.model.AccountUser' has id type 'class finos.traderx.accountservice.model.AccountUserID' but supplied id was of type 'class java.lang.Integer'
  at org.hibernate.internal.SessionImpl.find(SessionImpl.java:2457)
  at org.hibernate.internal.SessionImpl.find(SessionImpl.java:2400)
  at org.springframework.orm.jpa.SharedEntityManagerCreator$SharedEntityManagerInvocationHandler.invoke(SharedEntityManagerCreator.java:319)
  at org.springframework.data.jpa.repository.support.SimpleJpaRepository.findById(SimpleJpaRepository.java:316)
  at org.springframework.data.jpa.repository.support.SimpleJpaRepository.deleteById(SimpleJpaRepository.java:182)
  at org.springframework.data.jpa.repository.support.SimpleJpaRepository.deleteAllById(SimpleJpaRepository.java:217)
  at org.springframework.aop.support.AopUtils.invokeJoinpointUsingReflection(AopUtils.java:355)
  at org.springframework.data.repository.core.support.RepositoryMethodInvoker$RepositoryFragmentMethodInvoker.lambda$new$0(RepositoryMethodInvoker.java:277)
  at org.springframework.data.repository.core.support.RepositoryMethodInvoker.doInvoke(RepositoryMethodInvoker.java:170)
  at org.springframework.data.repository.core.support.RepositoryMethodInvoker.invoke(RepositoryMethodInvoker.java:158)
  at org.springframework.data.repository.core.support.RepositoryComposition$RepositoryFragments.invoke(RepositoryComposition.java:516)
  at org.springframework.data.repository.core.support.RepositoryComposition.invoke(RepositoryComposition.java:285)
  at org.springframework.data.repository.core.support.RepositoryFactorySupport$ImplementationMethodExecutionInterceptor.invoke(RepositoryFactorySupport.java:628)
  at org.springframework.aop.framework.ReflectiveMethodInvocation.proceed(ReflectiveMethodInvocation.java:184)
  at org.springframework.data.repository.core.support.QueryExecutorMethodInterceptor.doInvoke(QueryExecutorMethodInterceptor.java:173)
  at org.springframework.data.repository.core.support.QueryExecutorMethodInterceptor.invoke(QueryExecutorMethodInterceptor.java:148)
  at org.springframework.aop.framework.ReflectiveMethodInvocation.proceed(ReflectiveMethodInvocation.java:184)
  at org.springframework.transaction.interceptor.TransactionAspectSupport.invokeWithinTransaction(TransactionAspectSupport.java:379)
  at org.springframework.transaction.interceptor.TransactionInterceptor.invoke(TransactionInterceptor.java:119)
  at org.springframework.aop.framework.ReflectiveMethodInvocation.proceed(ReflectiveMethodInvocation.java:184)
  at org.springframework.dao.support.PersistenceExceptionTranslationInterceptor.invoke(PersistenceExceptionTranslationInterceptor.java:138)
  at org.springframework.aop.framework.ReflectiveMethodInvocation.proceed(ReflectiveMethodInvocation.java:184)
  at org.springframework.data.jpa.repository.support.CrudMethodMetadataPostProcessor$CrudMethodMetadataPopulatingMethodInterceptor.invoke(CrudMethodMetadataPostProcessor.java:165)
  at org.springframework.aop.framework.ReflectiveMethodInvocation.proceed(ReflectiveMethodInvocation.java:184)
  at org.springframework.aop.interceptor.ExposeInvocationInterceptor.invoke(ExposeInvocationInterceptor.java:97)
  at org.springframework.aop.framework.ReflectiveMethodInvocation.proceed(ReflectiveMethodInvocation.java:184)
  at org.springframework.aop.framework.JdkDynamicAopProxy.invoke(JdkDynamicAopProxy.java:223)
org.hibernate.TypeMismatchException: Supplied id had wrong type: entity 'finos.traderx.accountservice.model.AccountUser' has id type 'class finos.traderx.accountservice.model.AccountUserID' but supplied id was of type 'class java.lang.Integer'
  at org.hibernate.event.internal.DefaultLoadEventListener.checkId(DefaultLoadEventListener.java:80)
  at org.hibernate.event.internal.DefaultLoadEventListener.onLoad(DefaultLoadEventListener.java:67)
  at org.hibernate.event.service.internal.EventListenerGroupImpl.fireEventOnEachListener(EventListenerGroupImpl.java:138)
  at org.hibernate.internal.SessionImpl.fireLoadNoChecks(SessionImpl.java:1225)
  at org.hibernate.internal.SessionImpl.fireLoad(SessionImpl.java:1213)
  at org.hibernate.loader.internal.IdentifierLoadAccessImpl.load(IdentifierLoadAccessImpl.java:209)
  at org.hibernate.loader.internal.IdentifierLoadAccessImpl.doLoad(IdentifierLoadAccessImpl.java:160)
  at org.hibernate.loader.internal.IdentifierLoadAccessImpl.lambda$load$1(IdentifierLoadAccessImpl.java:149)
  at org.hibernate.loader.internal.IdentifierLoadAccessImpl.perform(IdentifierLoadAccessImpl.java:112)
  at org.hibernate.loader.internal.IdentifierLoadAccessImpl.load(IdentifierLoadAccessImpl.java:149)
  at org.hibernate.internal.SessionImpl.find(SessionImpl.java:2429)
  at org.hibernate.internal.SessionImpl.find(SessionImpl.java:2400)
  at org.springframework.orm.jpa.SharedEntityManagerCreator$SharedEntityManagerInvocationHandler.invoke(SharedEntityManagerCreator.java:319)
  at org.springframework.data.jpa.repository.support.SimpleJpaRepository.findById(SimpleJpaRepository.java:316)
  at org.springframework.data.jpa.repository.support.SimpleJpaRepository.deleteById(SimpleJpaRepository.java:182)
  at org.springframework.data.jpa.repository.support.SimpleJpaRepository.deleteAllById(SimpleJpaRepository.java:217)
  at org.springframework.aop.support.AopUtils.invokeJoinpointUsingReflection(AopUtils.java:355)
  at org.springframework.data.repository.core.support.RepositoryMethodInvoker$RepositoryFragmentMethodInvoker.lambda$new$0(RepositoryMethodInvoker.java:277)
  at org.springframework.data.repository.core.support.RepositoryMethodInvoker.doInvoke(RepositoryMethodInvoker.java:170)
  at org.springframework.data.repository.core.support.RepositoryMethodInvoker.invoke(RepositoryMethodInvoker.java:158)
  at org.springframework.data.repository.core.support.RepositoryComposition$RepositoryFragments.invoke(RepositoryComposition.java:516)
  at org.springframework.data.repository.core.support.RepositoryComposition.invoke(RepositoryComposition.java:285)
  at org.springframework.data.repository.core.support.RepositoryFactorySupport$ImplementationMethodExecutionInterceptor.invoke(RepositoryFactorySupport.java:628)
  at org.springframework.aop.framework.ReflectiveMethodInvocation.proceed(ReflectiveMethodInvocation.java:184)
  at org.springframework.data.repository.core.support.QueryExecutorMethodInterceptor.doInvoke(QueryExecutorMethodInterceptor.java:173)
  at org.springframework.data.repository.core.support.QueryExecutorMethodInterceptor.invoke(QueryExecutorMethodInterceptor.java:148)
  at org.springframework.aop.framework.ReflectiveMethodInvocation.proceed(ReflectiveMethodInvocation.java:184)
  at org.springframework.transaction.interceptor.TransactionAspectSupport.invokeWithinTransaction(TransactionAspectSupport.java:379)
  at org.springframework.transaction.interceptor.TransactionInterceptor.invoke(TransactionInterceptor.java:119)
  at org.springframework.aop.framework.ReflectiveMethodInvocation.proceed(ReflectiveMethodInvocation.java:184)
  at org.springframework.dao.support.PersistenceExceptionTranslationInterceptor.invoke(PersistenceExceptionTranslationInterceptor.java:138)
  at org.springframework.aop.framework.ReflectiveMethodInvocation.proceed(ReflectiveMethodInvocation.java:184)
  at org.springframework.data.jpa.repository.support.CrudMethodMetadataPostProcessor$CrudMethodMetadataPopulatingMethodInterceptor.invoke(CrudMethodMetadataPostProcessor.java:165)
  at org.springframework.aop.framework.ReflectiveMethodInvocation.proceed(ReflectiveMethodInvocation.java:184)
  at org.springframework.aop.interceptor.ExposeInvocationInterceptor.invoke(ExposeInvocationInterceptor.java:97)
  at org.springframework.aop.framework.ReflectiveMethodInvocation.proceed(ReflectiveMethodInvocation.java:184)
  at org.springframework.aop.framework.JdkDynamicAopProxy.invoke(JdkDynamicAopProxy.java:223)
```

Recompile the project to make sure the new factory is available to Cover.
For example run `mvn install -DskipTests` or `gradle install -x test`.

12:41:18.430 [INFO]   [Reporting]   [main]              [com.diffblue.cover.ui.controller.aa] 
12:41:18.431 [INFO]   [Reporting]   [main]              [com.diffblue.cover.ui.controller.aa] R013: No inputs found that don't throw a trivial exception
Diffblue Cover tried to run the arrange/act section, but the test threw
org.springframework.dao.InvalidDataAccessApiUsageException: Supplied id had wrong type: entity 'finos.traderx.accountservice.model.AccountUser' has id type 'class finos.traderx.accountservice.model.AccountUserID' but supplied id was of type 'class java.lang.Integer'
    at org.springframework.orm.jpa.EntityManagerFactoryUtils.convertJpaAccessExceptionIfPossible(EntityManagerFactoryUtils.java:371)
    at org.springframework.orm.jpa.vendor.HibernateJpaDialect.translateExceptionIfPossible(HibernateJpaDialect.java:246)
    at org.springframework.orm.jpa.AbstractEntityManagerFactoryBean.translateExceptionIfPossible(AbstractEntityManagerFactoryBean.java:550)
    at org.springframework.dao.support.ChainedPersistenceExceptionTranslator.translateExceptionIfPossible(ChainedPersistenceExceptionTranslator.java:61)
    at org.springframework.dao.support.DataAccessUtils.translateIfNecessary(DataAccessUtils.java:335)
    at org.springframework.dao.support.PersistenceExceptionTranslationInterceptor.invoke(PersistenceExceptionTranslationInterceptor.java:160)
    at org.springframework.aop.framework.ReflectiveMethodInvocation.proceed(ReflectiveMethodInvocation.java:184)
    at org.springframework.data.jpa.repository.support.CrudMethodMetadataPostProcessor$CrudMethodMetadataPopulatingMethodInterceptor.invoke(CrudMethodMetadataPostProcessor.java:165)
    at org.springframework.aop.framework.ReflectiveMethodInvocation.proceed(ReflectiveMethodInvocation.java:184)
    at org.springframework.aop.interceptor.ExposeInvocationInterceptor.invoke(ExposeInvocationInterceptor.java:97)
    at org.springframework.aop.framework.ReflectiveMethodInvocation.proceed(ReflectiveMethodInvocation.java:184)
    at org.springframework.aop.framework.JdkDynamicAopProxy.invoke(JdkDynamicAopProxy.java:223)
In order to prevent the method under test
from throwing InvalidDataAccessApiUsageException, add constructors or factory
methods that make it easier to construct fully initialized objects used in
the method under test.
See https://diff.blue/R013 to resolve this issue.

12:41:18.432 [INFO]   [Reporting]   [main]              [com.diffblue.cover.ui.controller.aa] Affected methods:
finos.traderx.accountservice.repository.AccountUserRepository.deleteById:(Ljava/lang/Object;)V

12:41:18.432 [INFO]   [Reporting]   [main]              [com.diffblue.cover.ui.controller.aa] To resolve the issue, use the following prompt with your AI assistant:

We are unit testing `finos.traderx.accountservice.repository.AccountUserRepository.deleteById:(Ljava/lang/Object;)V`.

Create a parameterless factory method for the problematic
parameter/this object, determining which by reading the error message below.
The new factory method should be in the test classpath, not production.
Create a new factory class if there isn't already one for the class under test.
Do not create a test yourself, only a factory (don't test the factory either).
The factory must be annotated with `@com.diffblue.cover.annotations.InterestingTestFactory`.
Avoid using mocks, these tend to produce unused stubbing errors or a
`java.lang.NullPointerException`.
If your environment has internet access then further documentation on
factory methods for Cover can be found here:
https://docs.diffblue.com/features/tutorials/increase-code-coverage#test-factory-pattern

The factory should produce a parameter/this object such that
the following exception does not occur:

```
org.springframework.dao.InvalidDataAccessApiUsageException: Supplied id had wrong type: entity 'finos.traderx.accountservice.model.AccountUser' has id type 'class finos.traderx.accountservice.model.AccountUserID' but supplied id was of type 'class java.lang.Integer'
  at org.springframework.orm.jpa.EntityManagerFactoryUtils.convertJpaAccessExceptionIfPossible(EntityManagerFactoryUtils.java:371)
  at org.springframework.orm.jpa.vendor.HibernateJpaDialect.translateExceptionIfPossible(HibernateJpaDialect.java:246)
  at org.springframework.orm.jpa.AbstractEntityManagerFactoryBean.translateExceptionIfPossible(AbstractEntityManagerFactoryBean.java:550)
  at org.springframework.dao.support.ChainedPersistenceExceptionTranslator.translateExceptionIfPossible(ChainedPersistenceExceptionTranslator.java:61)
  at org.springframework.dao.support.DataAccessUtils.translateIfNecessary(DataAccessUtils.java:335)
  at org.springframework.dao.support.PersistenceExceptionTranslationInterceptor.invoke(PersistenceExceptionTranslationInterceptor.java:160)
  at org.springframework.aop.framework.ReflectiveMethodInvocation.proceed(ReflectiveMethodInvocation.java:184)
  at org.springframework.data.jpa.repository.support.CrudMethodMetadataPostProcessor$CrudMethodMetadataPopulatingMethodInterceptor.invoke(CrudMethodMetadataPostProcessor.java:165)
  at org.springframework.aop.framework.ReflectiveMethodInvocation.proceed(ReflectiveMethodInvocation.java:184)
  at org.springframework.aop.interceptor.ExposeInvocationInterceptor.invoke(ExposeInvocationInterceptor.java:97)
  at org.springframework.aop.framework.ReflectiveMethodInvocation.proceed(ReflectiveMethodInvocation.java:184)
  at org.springframework.aop.framework.JdkDynamicAopProxy.invoke(JdkDynamicAopProxy.java:223)
java.lang.IllegalArgumentException: Supplied id had wrong type: entity 'finos.traderx.accountservice.model.AccountUser' has id type 'class finos.traderx.accountservice.model.AccountUserID' but supplied id was of type 'class java.lang.Integer'
  at org.hibernate.internal.SessionImpl.find(SessionImpl.java:2457)
  at org.hibernate.internal.SessionImpl.find(SessionImpl.java:2400)
  at org.springframework.orm.jpa.SharedEntityManagerCreator$SharedEntityManagerInvocationHandler.invoke(SharedEntityManagerCreator.java:319)
  at org.springframework.data.jpa.repository.support.SimpleJpaRepository.findById(SimpleJpaRepository.java:316)
  at org.springframework.data.jpa.repository.support.SimpleJpaRepository.deleteById(SimpleJpaRepository.java:182)
  at org.springframework.aop.support.AopUtils.invokeJoinpointUsingReflection(AopUtils.java:355)
  at org.springframework.data.repository.core.support.RepositoryMethodInvoker$RepositoryFragmentMethodInvoker.lambda$new$0(RepositoryMethodInvoker.java:277)
  at org.springframework.data.repository.core.support.RepositoryMethodInvoker.doInvoke(RepositoryMethodInvoker.java:170)
  at org.springframework.data.repository.core.support.RepositoryMethodInvoker.invoke(RepositoryMethodInvoker.java:158)
  at org.springframework.data.repository.core.support.RepositoryComposition$RepositoryFragments.invoke(RepositoryComposition.java:516)
  at org.springframework.data.repository.core.support.RepositoryComposition.invoke(RepositoryComposition.java:285)
  at org.springframework.data.repository.core.support.RepositoryFactorySupport$ImplementationMethodExecutionInterceptor.invoke(RepositoryFactorySupport.java:628)
  at org.springframework.aop.framework.ReflectiveMethodInvocation.proceed(ReflectiveMethodInvocation.java:184)
  at org.springframework.data.repository.core.support.QueryExecutorMethodInterceptor.doInvoke(QueryExecutorMethodInterceptor.java:173)
  at org.springframework.data.repository.core.support.QueryExecutorMethodInterceptor.invoke(QueryExecutorMethodInterceptor.java:148)
  at org.springframework.aop.framework.ReflectiveMethodInvocation.proceed(ReflectiveMethodInvocation.java:184)
  at org.springframework.transaction.interceptor.TransactionAspectSupport.invokeWithinTransaction(TransactionAspectSupport.java:379)
  at org.springframework.transaction.interceptor.TransactionInterceptor.invoke(TransactionInterceptor.java:119)
  at org.springframework.aop.framework.ReflectiveMethodInvocation.proceed(ReflectiveMethodInvocation.java:184)
  at org.springframework.dao.support.PersistenceExceptionTranslationInterceptor.invoke(PersistenceExceptionTranslationInterceptor.java:138)
  at org.springframework.aop.framework.ReflectiveMethodInvocation.proceed(ReflectiveMethodInvocation.java:184)
  at org.springframework.data.jpa.repository.support.CrudMethodMetadataPostProcessor$CrudMethodMetadataPopulatingMethodInterceptor.invoke(CrudMethodMetadataPostProcessor.java:165)
  at org.springframework.aop.framework.ReflectiveMethodInvocation.proceed(ReflectiveMethodInvocation.java:184)
  at org.springframework.aop.interceptor.ExposeInvocationInterceptor.invoke(ExposeInvocationInterceptor.java:97)
  at org.springframework.aop.framework.ReflectiveMethodInvocation.proceed(ReflectiveMethodInvocation.java:184)
  at org.springframework.aop.framework.JdkDynamicAopProxy.invoke(JdkDynamicAopProxy.java:223)
org.hibernate.TypeMismatchException: Supplied id had wrong type: entity 'finos.traderx.accountservice.model.AccountUser' has id type 'class finos.traderx.accountservice.model.AccountUserID' but supplied id was of type 'class java.lang.Integer'
  at org.hibernate.event.internal.DefaultLoadEventListener.checkId(DefaultLoadEventListener.java:80)
  at org.hibernate.event.internal.DefaultLoadEventListener.onLoad(DefaultLoadEventListener.java:67)
  at org.hibernate.event.service.internal.EventListenerGroupImpl.fireEventOnEachListener(EventListenerGroupImpl.java:138)
  at org.hibernate.internal.SessionImpl.fireLoadNoChecks(SessionImpl.java:1225)
  at org.hibernate.internal.SessionImpl.fireLoad(SessionImpl.java:1213)
  at org.hibernate.loader.internal.IdentifierLoadAccessImpl.load(IdentifierLoadAccessImpl.java:209)
  at org.hibernate.loader.internal.IdentifierLoadAccessImpl.doLoad(IdentifierLoadAccessImpl.java:160)
  at org.hibernate.loader.internal.IdentifierLoadAccessImpl.lambda$load$1(IdentifierLoadAccessImpl.java:149)
  at org.hibernate.loader.internal.IdentifierLoadAccessImpl.perform(IdentifierLoadAccessImpl.java:112)
  at org.hibernate.loader.internal.IdentifierLoadAccessImpl.load(IdentifierLoadAccessImpl.java:149)
  at org.hibernate.internal.SessionImpl.find(SessionImpl.java:2429)
  at org.hibernate.internal.SessionImpl.find(SessionImpl.java:2400)
  at org.springframework.orm.jpa.SharedEntityManagerCreator$SharedEntityManagerInvocationHandler.invoke(SharedEntityManagerCreator.java:319)
  at org.springframework.data.jpa.repository.support.SimpleJpaRepository.findById(SimpleJpaRepository.java:316)
  at org.springframework.data.jpa.repository.support.SimpleJpaRepository.deleteById(SimpleJpaRepository.java:182)
  at org.springframework.aop.support.AopUtils.invokeJoinpointUsingReflection(AopUtils.java:355)
  at org.springframework.data.repository.core.support.RepositoryMethodInvoker$RepositoryFragmentMethodInvoker.lambda$new$0(RepositoryMethodInvoker.java:277)
  at org.springframework.data.repository.core.support.RepositoryMethodInvoker.doInvoke(RepositoryMethodInvoker.java:170)
  at org.springframework.data.repository.core.support.RepositoryMethodInvoker.invoke(RepositoryMethodInvoker.java:158)
  at org.springframework.data.repository.core.support.RepositoryComposition$RepositoryFragments.invoke(RepositoryComposition.java:516)
  at org.springframework.data.repository.core.support.RepositoryComposition.invoke(RepositoryComposition.java:285)
  at org.springframework.data.repository.core.support.RepositoryFactorySupport$ImplementationMethodExecutionInterceptor.invoke(RepositoryFactorySupport.java:628)
  at org.springframework.aop.framework.ReflectiveMethodInvocation.proceed(ReflectiveMethodInvocation.java:184)
  at org.springframework.data.repository.core.support.QueryExecutorMethodInterceptor.doInvoke(QueryExecutorMethodInterceptor.java:173)
  at org.springframework.data.repository.core.support.QueryExecutorMethodInterceptor.invoke(QueryExecutorMethodInterceptor.java:148)
  at org.springframework.aop.framework.ReflectiveMethodInvocation.proceed(ReflectiveMethodInvocation.java:184)
  at org.springframework.transaction.interceptor.TransactionAspectSupport.invokeWithinTransaction(TransactionAspectSupport.java:379)
  at org.springframework.transaction.interceptor.TransactionInterceptor.invoke(TransactionInterceptor.java:119)
  at org.springframework.aop.framework.ReflectiveMethodInvocation.proceed(ReflectiveMethodInvocation.java:184)
  at org.springframework.dao.support.PersistenceExceptionTranslationInterceptor.invoke(PersistenceExceptionTranslationInterceptor.java:138)
  at org.springframework.aop.framework.ReflectiveMethodInvocation.proceed(ReflectiveMethodInvocation.java:184)
  at org.springframework.data.jpa.repository.support.CrudMethodMetadataPostProcessor$CrudMethodMetadataPopulatingMethodInterceptor.invoke(CrudMethodMetadataPostProcessor.java:165)
  at org.springframework.aop.framework.ReflectiveMethodInvocation.proceed(ReflectiveMethodInvocation.java:184)
  at org.springframework.aop.interceptor.ExposeInvocationInterceptor.invoke(ExposeInvocationInterceptor.java:97)
  at org.springframework.aop.framework.ReflectiveMethodInvocation.proceed(ReflectiveMethodInvocation.java:184)
  at org.springframework.aop.framework.JdkDynamicAopProxy.invoke(JdkDynamicAopProxy.java:223)
```

Recompile the project to make sure the new factory is available to Cover.
For example run `mvn install -DskipTests` or `gradle install -x test`.

12:41:18.433 [INFO]   [Reporting]   [main]              [com.diffblue.cover.ui.controller.aa] 
12:41:18.434 [INFO]   [Reporting]   [main]              [com.diffblue.cover.ui.controller.aa] R013: No inputs found that don't throw a trivial exception
Diffblue Cover tried to run the arrange/act section, but the test threw
org.springframework.beans.NotReadablePropertyException: Invalid property 'username' of bean class [java.lang.Integer]: Could not find field for property during fallback access
    at org.springframework.data.util.DirectFieldAccessFallbackBeanWrapper.getPropertyValue(DirectFieldAccessFallbackBeanWrapper.java:55)
    at org.springframework.data.jpa.repository.support.JpaMetamodelEntityInformation.getCompositeIdAttributeValue(JpaMetamodelEntityInformation.java:216)
    at org.springframework.data.jpa.repository.support.SimpleJpaRepository.existsById(SimpleJpaRepository.java:367)
    at org.springframework.aop.support.AopUtils.invokeJoinpointUsingReflection(AopUtils.java:355)
    at org.springframework.data.repository.core.support.RepositoryMethodInvoker$RepositoryFragmentMethodInvoker.lambda$new$0(RepositoryMethodInvoker.java:277)
    at org.springframework.data.repository.core.support.RepositoryMethodInvoker.doInvoke(RepositoryMethodInvoker.java:170)
    at org.springframework.data.repository.core.support.RepositoryMethodInvoker.invoke(RepositoryMethodInvoker.java:158)
    at org.springframework.data.repository.core.support.RepositoryComposition$RepositoryFragments.invoke(RepositoryComposition.java:516)
    at org.springframework.data.repository.core.support.RepositoryComposition.invoke(RepositoryComposition.java:285)
    at org.springframework.data.repository.core.support.RepositoryFactorySupport$ImplementationMethodExecutionInterceptor.invoke(RepositoryFactorySupport.java:628)
    at org.springframework.aop.framework.ReflectiveMethodInvocation.proceed(ReflectiveMethodInvocation.java:184)
    at org.springframework.data.repository.core.support.QueryExecutorMethodInterceptor.doInvoke(QueryExecutorMethodInterceptor.java:173)
    at org.springframework.data.repository.core.support.QueryExecutorMethodInterceptor.invoke(QueryExecutorMethodInterceptor.java:148)
    at org.springframework.aop.framework.ReflectiveMethodInvocation.proceed(ReflectiveMethodInvocation.java:184)
    at org.springframework.transaction.interceptor.TransactionAspectSupport.invokeWithinTransaction(TransactionAspectSupport.java:379)
    at org.springframework.transaction.interceptor.TransactionInterceptor.invoke(TransactionInterceptor.java:119)
    at org.springframework.aop.framework.ReflectiveMethodInvocation.proceed(ReflectiveMethodInvocation.java:184)
    at org.springframework.dao.support.PersistenceExceptionTranslationInterceptor.invoke(PersistenceExceptionTranslationInterceptor.java:138)
    at org.springframework.aop.framework.ReflectiveMethodInvocation.proceed(ReflectiveMethodInvocation.java:184)
    at org.springframework.data.jpa.repository.support.CrudMethodMetadataPostProcessor$CrudMethodMetadataPopulatingMethodInterceptor.invoke(CrudMethodMetadataPostProcessor.java:165)
    at org.springframework.aop.framework.ReflectiveMethodInvocation.proceed(ReflectiveMethodInvocation.java:184)
    at org.springframework.aop.interceptor.ExposeInvocationInterceptor.invoke(ExposeInvocationInterceptor.java:97)
    at org.springframework.aop.framework.ReflectiveMethodInvocation.proceed(ReflectiveMethodInvocation.java:184)
    at org.springframework.aop.framework.JdkDynamicAopProxy.invoke(JdkDynamicAopProxy.java:223)
In order to prevent the method under test
from throwing NotReadablePropertyException, add constructors or factory
methods that make it easier to construct fully initialized objects used in
the method under test.
See https://diff.blue/R013 to resolve this issue.

12:41:18.435 [INFO]   [Reporting]   [main]              [com.diffblue.cover.ui.controller.aa] Affected methods:
finos.traderx.accountservice.repository.AccountUserRepository.existsById:(Ljava/lang/Object;)Z

12:41:18.435 [INFO]   [Reporting]   [main]              [com.diffblue.cover.ui.controller.aa] To resolve the issue, use the following prompt with your AI assistant:

We are unit testing `finos.traderx.accountservice.repository.AccountUserRepository.existsById:(Ljava/lang/Object;)Z`.

Create a parameterless factory method for the problematic
parameter/this object, determining which by reading the error message below.
The new factory method should be in the test classpath, not production.
Create a new factory class if there isn't already one for the class under test.
Do not create a test yourself, only a factory (don't test the factory either).
The factory must be annotated with `@com.diffblue.cover.annotations.InterestingTestFactory`.
Avoid using mocks, these tend to produce unused stubbing errors or a
`java.lang.NullPointerException`.
If your environment has internet access then further documentation on
factory methods for Cover can be found here:
https://docs.diffblue.com/features/tutorials/increase-code-coverage#test-factory-pattern

The factory should produce a parameter/this object such that
the following exception does not occur:

```
org.springframework.beans.NotReadablePropertyException: Invalid property 'username' of bean class [java.lang.Integer]: Could not find field for property during fallback access
  at org.springframework.data.util.DirectFieldAccessFallbackBeanWrapper.getPropertyValue(DirectFieldAccessFallbackBeanWrapper.java:55)
  at org.springframework.data.jpa.repository.support.JpaMetamodelEntityInformation.getCompositeIdAttributeValue(JpaMetamodelEntityInformation.java:216)
  at org.springframework.data.jpa.repository.support.SimpleJpaRepository.existsById(SimpleJpaRepository.java:367)
  at org.springframework.aop.support.AopUtils.invokeJoinpointUsingReflection(AopUtils.java:355)
  at org.springframework.data.repository.core.support.RepositoryMethodInvoker$RepositoryFragmentMethodInvoker.lambda$new$0(RepositoryMethodInvoker.java:277)
  at org.springframework.data.repository.core.support.RepositoryMethodInvoker.doInvoke(RepositoryMethodInvoker.java:170)
  at org.springframework.data.repository.core.support.RepositoryMethodInvoker.invoke(RepositoryMethodInvoker.java:158)
  at org.springframework.data.repository.core.support.RepositoryComposition$RepositoryFragments.invoke(RepositoryComposition.java:516)
  at org.springframework.data.repository.core.support.RepositoryComposition.invoke(RepositoryComposition.java:285)
  at org.springframework.data.repository.core.support.RepositoryFactorySupport$ImplementationMethodExecutionInterceptor.invoke(RepositoryFactorySupport.java:628)
  at org.springframework.aop.framework.ReflectiveMethodInvocation.proceed(ReflectiveMethodInvocation.java:184)
  at org.springframework.data.repository.core.support.QueryExecutorMethodInterceptor.doInvoke(QueryExecutorMethodInterceptor.java:173)
  at org.springframework.data.repository.core.support.QueryExecutorMethodInterceptor.invoke(QueryExecutorMethodInterceptor.java:148)
  at org.springframework.aop.framework.ReflectiveMethodInvocation.proceed(ReflectiveMethodInvocation.java:184)
  at org.springframework.transaction.interceptor.TransactionAspectSupport.invokeWithinTransaction(TransactionAspectSupport.java:379)
  at org.springframework.transaction.interceptor.TransactionInterceptor.invoke(TransactionInterceptor.java:119)
  at org.springframework.aop.framework.ReflectiveMethodInvocation.proceed(ReflectiveMethodInvocation.java:184)
  at org.springframework.dao.support.PersistenceExceptionTranslationInterceptor.invoke(PersistenceExceptionTranslationInterceptor.java:138)
  at org.springframework.aop.framework.ReflectiveMethodInvocation.proceed(ReflectiveMethodInvocation.java:184)
  at org.springframework.data.jpa.repository.support.CrudMethodMetadataPostProcessor$CrudMethodMetadataPopulatingMethodInterceptor.invoke(CrudMethodMetadataPostProcessor.java:165)
  at org.springframework.aop.framework.ReflectiveMethodInvocation.proceed(ReflectiveMethodInvocation.java:184)
  at org.springframework.aop.interceptor.ExposeInvocationInterceptor.invoke(ExposeInvocationInterceptor.java:97)
  at org.springframework.aop.framework.ReflectiveMethodInvocation.proceed(ReflectiveMethodInvocation.java:184)
  at org.springframework.aop.framework.JdkDynamicAopProxy.invoke(JdkDynamicAopProxy.java:223)
```

Recompile the project to make sure the new factory is available to Cover.
For example run `mvn install -DskipTests` or `gradle install -x test`.

12:41:18.436 [INFO]   [Reporting]   [main]              [com.diffblue.cover.ui.controller.aa] 
12:41:18.436 [INFO]   [Reporting]   [main]              [com.diffblue.cover.ui.controller.aa] 16 issues were found, numbers 1-5 were displayed
12:41:18.436 [INFO]   [Reporting]   [main]              [com.diffblue.cover.ui.controller.aa] Rerun with --prompts --skip 5 to see the next set of issues
12:41:18.436 [INFO]   [Reporting]   [main]              [com.diffblue.cover.ui.controller.aa] Rerun without --prompts to summarise all the issues
12:41:18.438 [INFO]   [Reporting]   [main]              [com.diffblue.cover.ui.controller.ak] 
12:41:18.438 [INFO]   [Reporting]   [main]              [com.diffblue.cover.ui.controller.ak] Log file: /home/jbergqvist/diffblue/finos-traderX/.diffblue/log/user-20260109T124110.log
12:41:18.439 [INFO]   [Reporting]   [main]              [com.diffblue.cover.ui.controller.ak] Finished in 8s
