14:22:18.112 [INFO]   [Preparing]   Diffblue Cover 2025.12.02-74144f0-licensed
14:22:18.112 [INFO]   [Preparing]   Running: dcover issues --include-modules account-service
14:22:18.112 [INFO]   [Preparing]   
14:22:18.113 [INFO]   [Preparing]   Command: issues
14:22:18.113 [INFO]   [Preparing]   Output a prioritized list of issues.
14:22:18.113 [INFO]   [Preparing]   
14:22:19.103 [INFO]   [Checking]    Using default build rules as no custom rules found in any of [/home/jbergqvist/diffblue/finos-traderX]
14:22:19.104 [INFO]   [Checking]    The file /home/jbergqvist/diffblue/finos-traderX/.diffblue/init.gradle already exists and will be overwritten.
14:22:19.111 [INFO]   [Checking]    Attempting to invoke /home/jbergqvist/diffblue/finos-traderX/./gradlew in working directory: /home/jbergqvist/diffblue/finos-traderX
14:22:19.112 [INFO]   [Checking]    Started "/home/jbergqvist/diffblue/finos-traderX/./gradlew --init-script=/home/jbergqvist/diffblue/finos-traderX/.diffblue/init.gradle --info --console=plain -PskipTestOptimizer=true -Dcom.diffblue.cover.buildsystem.gradle.model-jar=/opt/cover/com.diffblue.cover.buildsystem.gradle.plugin.jar --no-daemon"
14:22:19.364 [INFO]   [Checking]    out: Initialized native services in: /home/jbergqvist/.gradle/native
14:22:19.451 [INFO]   [Checking]    out: Initialized jansi services in: /home/jbergqvist/.gradle/native
14:22:19.474 [INFO]   [Checking]    out: Received JVM installation metadata from '/home/jbergqvist/.sdkman/candidates/java/21.0.9-amzn': {JAVA_HOME=/home/jbergqvist/.sdkman/candidates/java/21.0.9-amzn, JAVA_VERSION=21.0.9, JAVA_VENDOR=Amazon.com Inc., RUNTIME_NAME=OpenJDK Runtime Environment, RUNTIME_VERSION=21.0.9+10-LTS, VM_NAME=OpenJDK 64-Bit Server VM, VM_VERSION=21.0.9+10-LTS, VM_VENDOR=Amazon.com Inc., OS_ARCH=amd64}
14:22:19.573 [INFO]   [Checking]    out: To honour the JVM settings for this build a single-use Daemon process will be forked. For more on this, please refer to https://docs.gradle.org/8.8/userguide/gradle_daemon.html#sec:disabling_the_daemon in the Gradle documentation.
14:22:19.574 [INFO]   [Checking]    out: Starting process 'Gradle build daemon'. Working directory: /home/jbergqvist/.gradle/daemon/8.8 Command: /home/jbergqvist/.sdkman/candidates/java/21.0.9-amzn/bin/java --add-opens=java.base/java.util=ALL-UNNAMED --add-opens=java.base/java.lang=ALL-UNNAMED --add-opens=java.base/java.lang.invoke=ALL-UNNAMED --add-opens=java.prefs/java.util.prefs=ALL-UNNAMED --add-opens=java.base/java.nio.charset=ALL-UNNAMED --add-opens=java.base/java.net=ALL-UNNAMED --add-opens=java.base/java.util.concurrent.atomic=ALL-UNNAMED -XX:MaxMetaspaceSize=384m -XX:+HeapDumpOnOutOfMemoryError -Xms256m -Xmx512m -Dfile.encoding=UTF-8 -Duser.country=GB -Duser.language=en -Duser.variant -cp /home/jbergqvist/.gradle/wrapper/dists/gradle-8.8-bin/dl7vupf4psengwqhwktix4v1/gradle-8.8/lib/gradle-launcher-8.8.jar -javaagent:/home/jbergqvist/.gradle/wrapper/dists/gradle-8.8-bin/dl7vupf4psengwqhwktix4v1/gradle-8.8/lib/agents/gradle-instrumentation-agent-8.8.jar org.gradle.launcher.daemon.bootstrap.GradleDaemon 8.8
14:22:19.574 [INFO]   [Checking]    out: Successfully started process 'Gradle build daemon'
14:22:20.173 [INFO]   [Checking]    out: An attempt to start the daemon took 0.565 secs.
14:22:20.174 [INFO]   [Checking]    out: The client will now receive all logging from the daemon (pid: 382004). The daemon log file: /home/jbergqvist/.gradle/daemon/8.8/daemon-382004.out.log
14:22:20.174 [INFO]   [Checking]    out: Daemon will be stopped at the end of the build 
14:22:20.473 [INFO]   [Checking]    out: Using 20 worker leases.
14:22:20.573 [INFO]   [Checking]    out: Received JVM installation metadata from '/home/jbergqvist/.sdkman/candidates/java/21.0.9-amzn': {JAVA_HOME=/home/jbergqvist/.sdkman/candidates/java/21.0.9-amzn, JAVA_VERSION=21.0.9, JAVA_VENDOR=Amazon.com Inc., RUNTIME_NAME=OpenJDK Runtime Environment, RUNTIME_VERSION=21.0.9+10-LTS, VM_NAME=OpenJDK 64-Bit Server VM, VM_VERSION=21.0.9+10-LTS, VM_VENDOR=Amazon.com Inc., OS_ARCH=amd64}
14:22:20.773 [INFO]   [Checking]    out: Watching the file system is configured to be enabled if available
14:22:20.773 [INFO]   [Checking]    out: Now considering [/home/jbergqvist/diffblue/finos-traderX] as hierarchies to watch
14:22:20.774 [INFO]   [Checking]    out: File system watching is active
14:22:21.673 [INFO]   [Checking]    out: Transforming com.diffblue.cover.buildsystem.gradle.plugin.jar with InstrumentationAnalysisTransform
14:22:21.674 [INFO]   [Checking]    out: Transforming com.diffblue.cover.buildsystem.gradle.plugin.jar with InstrumentationAnalysisTransform
14:22:21.674 [INFO]   [Checking]    out: Transforming com.diffblue.cover.buildsystem.gradle.plugin.jar with MergeInstrumentationAnalysisTransform
14:22:21.674 [INFO]   [Checking]    out: Transforming com.diffblue.cover.buildsystem.gradle.plugin.jar with ExternalDependencyInstrumentingArtifactTransform
14:22:21.674 [INFO]   [Checking]    out: Starting Build
14:22:21.773 [INFO]   [Checking]    out: Settings evaluated using settings file '/home/jbergqvist/diffblue/finos-traderX/settings.gradle'.
14:22:21.774 [INFO]   [Checking]    out: Projects loaded. Root project using build file '/home/jbergqvist/diffblue/finos-traderX/build.gradle'.
14:22:21.774 [INFO]   [Checking]    out: Included projects: [root project 'finos-traderX', project ':account-service', project ':database', project ':position-service', project ':trade-processor', project ':trade-service']
14:22:21.873 [INFO]   [Checking]    out: Started Diffblue Gradle Event Listener
14:22:21.973 [INFO]   [Checking]    out: 
14:22:21.975 [INFO]   [Checking]    out: > Configure project :
14:22:21.975 [INFO]   [Checking]    out: Evaluating root project 'finos-traderX' using build file '/home/jbergqvist/diffblue/finos-traderX/build.gradle'.
14:22:22.473 [INFO]   [Checking]    out: 
14:22:22.474 [INFO]   [Checking]    out: > Configure project :account-service
14:22:22.474 [INFO]   [Checking]    out: Evaluating project ':account-service' using build file '/home/jbergqvist/diffblue/finos-traderX/account-service/build.gradle'.
14:22:22.474 [INFO]   [Checking]    out: Transforming spring-boot-gradle-plugin-3.3.3.jar (org.springframework.boot:spring-boot-gradle-plugin:3.3.3) with InstrumentationAnalysisTransform
14:22:22.474 [INFO]   [Checking]    out: Transforming dependency-management-plugin-1.1.6.jar (io.spring.gradle:dependency-management-plugin:1.1.6) with InstrumentationAnalysisTransform
14:22:22.474 [INFO]   [Checking]    out: Transforming spring-boot-buildpack-platform-3.3.3.jar (org.springframework.boot:spring-boot-buildpack-platform:3.3.3) with InstrumentationAnalysisTransform
14:22:22.474 [INFO]   [Checking]    out: Transforming spring-boot-loader-tools-3.3.3.jar (org.springframework.boot:spring-boot-loader-tools:3.3.3) with InstrumentationAnalysisTransform
14:22:22.474 [INFO]   [Checking]    out: Transforming commons-compress-1.25.0.jar (org.apache.commons:commons-compress:1.25.0) with InstrumentationAnalysisTransform
14:22:22.474 [INFO]   [Checking]    out: Transforming spring-core-6.1.12.jar (org.springframework:spring-core:6.1.12) with InstrumentationAnalysisTransform
14:22:22.474 [INFO]   [Checking]    out: Transforming jackson-annotations-2.14.2.jar (com.fasterxml.jackson.core:jackson-annotations:2.14.2) with InstrumentationAnalysisTransform
14:22:22.475 [INFO]   [Checking]    out: Transforming jackson-core-2.14.2.jar (com.fasterxml.jackson.core:jackson-core:2.14.2) with InstrumentationAnalysisTransform
14:22:22.475 [INFO]   [Checking]    out: Transforming jackson-module-parameter-names-2.14.2.jar (com.fasterxml.jackson.module:jackson-module-parameter-names:2.14.2) with InstrumentationAnalysisTransform
14:22:22.475 [INFO]   [Checking]    out: Transforming jackson-databind-2.14.2.jar (com.fasterxml.jackson.core:jackson-databind:2.14.2) with InstrumentationAnalysisTransform
14:22:22.475 [INFO]   [Checking]    out: Transforming jna-platform-5.13.0.jar (net.java.dev.jna:jna-platform:5.13.0) with InstrumentationAnalysisTransform
14:22:22.475 [INFO]   [Checking]    out: Transforming httpclient5-5.3.1.jar (org.apache.httpcomponents.client5:httpclient5:5.3.1) with InstrumentationAnalysisTransform
14:22:22.475 [INFO]   [Checking]    out: Transforming tomlj-1.0.0.jar (org.tomlj:tomlj:1.0.0) with InstrumentationAnalysisTransform
14:22:22.475 [INFO]   [Checking]    out: Transforming spring-jcl-6.1.12.jar (org.springframework:spring-jcl:6.1.12) with InstrumentationAnalysisTransform
14:22:22.475 [INFO]   [Checking]    out: Transforming jna-5.13.0.jar (net.java.dev.jna:jna:5.13.0) with InstrumentationAnalysisTransform
14:22:22.475 [INFO]   [Checking]    out: Transforming httpcore5-h2-5.2.4.jar (org.apache.httpcomponents.core5:httpcore5-h2:5.2.4) with InstrumentationAnalysisTransform
14:22:22.475 [INFO]   [Checking]    out: Transforming httpcore5-5.2.4.jar (org.apache.httpcomponents.core5:httpcore5:5.2.4) with InstrumentationAnalysisTransform
14:22:22.476 [INFO]   [Checking]    out: Transforming slf4j-api-1.7.36.jar (org.slf4j:slf4j-api:1.7.36) with InstrumentationAnalysisTransform
14:22:22.476 [INFO]   [Checking]    out: Transforming antlr4-runtime-4.7.2.jar (org.antlr:antlr4-runtime:4.7.2) with InstrumentationAnalysisTransform
14:22:22.476 [INFO]   [Checking]    out: Transforming jsr305-3.0.2.jar (com.google.code.findbugs:jsr305:3.0.2) with InstrumentationAnalysisTransform
14:22:22.476 [INFO]   [Checking]    out: Transforming spring-boot-gradle-plugin-3.3.3.jar (org.springframework.boot:spring-boot-gradle-plugin:3.3.3) with InstrumentationAnalysisTransform
14:22:22.476 [INFO]   [Checking]    out: Transforming spring-boot-gradle-plugin-3.3.3.jar (org.springframework.boot:spring-boot-gradle-plugin:3.3.3) with MergeInstrumentationAnalysisTransform
14:22:22.476 [INFO]   [Checking]    out: Transforming dependency-management-plugin-1.1.6.jar (io.spring.gradle:dependency-management-plugin:1.1.6) with InstrumentationAnalysisTransform
14:22:22.476 [INFO]   [Checking]    out: Transforming dependency-management-plugin-1.1.6.jar (io.spring.gradle:dependency-management-plugin:1.1.6) with MergeInstrumentationAnalysisTransform
14:22:22.476 [INFO]   [Checking]    out: Transforming spring-boot-buildpack-platform-3.3.3.jar (org.springframework.boot:spring-boot-buildpack-platform:3.3.3) with InstrumentationAnalysisTransform
14:22:22.476 [INFO]   [Checking]    out: Transforming spring-boot-buildpack-platform-3.3.3.jar (org.springframework.boot:spring-boot-buildpack-platform:3.3.3) with MergeInstrumentationAnalysisTransform
14:22:22.476 [INFO]   [Checking]    out: Transforming spring-boot-loader-tools-3.3.3.jar (org.springframework.boot:spring-boot-loader-tools:3.3.3) with InstrumentationAnalysisTransform
14:22:22.476 [INFO]   [Checking]    out: Transforming spring-boot-loader-tools-3.3.3.jar (org.springframework.boot:spring-boot-loader-tools:3.3.3) with MergeInstrumentationAnalysisTransform
14:22:22.476 [INFO]   [Checking]    out: Transforming commons-compress-1.25.0.jar (org.apache.commons:commons-compress:1.25.0) with InstrumentationAnalysisTransform
14:22:22.476 [INFO]   [Checking]    out: Transforming commons-compress-1.25.0.jar (org.apache.commons:commons-compress:1.25.0) with MergeInstrumentationAnalysisTransform
14:22:22.477 [INFO]   [Checking]    out: Transforming spring-core-6.1.12.jar (org.springframework:spring-core:6.1.12) with InstrumentationAnalysisTransform
14:22:22.477 [INFO]   [Checking]    out: Transforming spring-core-6.1.12.jar (org.springframework:spring-core:6.1.12) with MergeInstrumentationAnalysisTransform
14:22:22.477 [INFO]   [Checking]    out: Transforming jackson-annotations-2.14.2.jar (com.fasterxml.jackson.core:jackson-annotations:2.14.2) with InstrumentationAnalysisTransform
14:22:22.477 [INFO]   [Checking]    out: Transforming jackson-annotations-2.14.2.jar (com.fasterxml.jackson.core:jackson-annotations:2.14.2) with MergeInstrumentationAnalysisTransform
14:22:22.477 [INFO]   [Checking]    out: Transforming jackson-core-2.14.2.jar (com.fasterxml.jackson.core:jackson-core:2.14.2) with InstrumentationAnalysisTransform
14:22:22.477 [INFO]   [Checking]    out: Transforming jackson-core-2.14.2.jar (com.fasterxml.jackson.core:jackson-core:2.14.2) with MergeInstrumentationAnalysisTransform
14:22:22.477 [INFO]   [Checking]    out: Transforming jackson-module-parameter-names-2.14.2.jar (com.fasterxml.jackson.module:jackson-module-parameter-names:2.14.2) with InstrumentationAnalysisTransform
14:22:22.477 [INFO]   [Checking]    out: Transforming jackson-module-parameter-names-2.14.2.jar (com.fasterxml.jackson.module:jackson-module-parameter-names:2.14.2) with MergeInstrumentationAnalysisTransform
14:22:22.477 [INFO]   [Checking]    out: Transforming jackson-databind-2.14.2.jar (com.fasterxml.jackson.core:jackson-databind:2.14.2) with InstrumentationAnalysisTransform
14:22:22.477 [INFO]   [Checking]    out: Transforming jackson-databind-2.14.2.jar (com.fasterxml.jackson.core:jackson-databind:2.14.2) with MergeInstrumentationAnalysisTransform
14:22:22.477 [INFO]   [Checking]    out: Transforming jna-platform-5.13.0.jar (net.java.dev.jna:jna-platform:5.13.0) with InstrumentationAnalysisTransform
14:22:22.477 [INFO]   [Checking]    out: Transforming jna-platform-5.13.0.jar (net.java.dev.jna:jna-platform:5.13.0) with MergeInstrumentationAnalysisTransform
14:22:22.478 [INFO]   [Checking]    out: Transforming httpclient5-5.3.1.jar (org.apache.httpcomponents.client5:httpclient5:5.3.1) with InstrumentationAnalysisTransform
14:22:22.478 [INFO]   [Checking]    out: Transforming httpclient5-5.3.1.jar (org.apache.httpcomponents.client5:httpclient5:5.3.1) with MergeInstrumentationAnalysisTransform
14:22:22.478 [INFO]   [Checking]    out: Transforming tomlj-1.0.0.jar (org.tomlj:tomlj:1.0.0) with InstrumentationAnalysisTransform
14:22:22.478 [INFO]   [Checking]    out: Transforming spring-boot-buildpack-platform-3.3.3.jar (org.springframework.boot:spring-boot-buildpack-platform:3.3.3) with ExternalDependencyInstrumentingArtifactTransform
14:22:22.478 [INFO]   [Checking]    out: Transforming tomlj-1.0.0.jar (org.tomlj:tomlj:1.0.0) with MergeInstrumentationAnalysisTransform
14:22:22.478 [INFO]   [Checking]    out: Transforming dependency-management-plugin-1.1.6.jar (io.spring.gradle:dependency-management-plugin:1.1.6) with ExternalDependencyInstrumentingArtifactTransform
14:22:22.478 [INFO]   [Checking]    out: Transforming spring-jcl-6.1.12.jar (org.springframework:spring-jcl:6.1.12) with InstrumentationAnalysisTransform
14:22:22.478 [INFO]   [Checking]    out: Transforming spring-jcl-6.1.12.jar (org.springframework:spring-jcl:6.1.12) with MergeInstrumentationAnalysisTransform
14:22:22.478 [INFO]   [Checking]    out: Transforming jna-5.13.0.jar (net.java.dev.jna:jna:5.13.0) with InstrumentationAnalysisTransform
14:22:22.478 [INFO]   [Checking]    out: Transforming spring-boot-gradle-plugin-3.3.3.jar (org.springframework.boot:spring-boot-gradle-plugin:3.3.3) with ExternalDependencyInstrumentingArtifactTransform
14:22:22.478 [INFO]   [Checking]    out: Transforming jna-5.13.0.jar (net.java.dev.jna:jna:5.13.0) with MergeInstrumentationAnalysisTransform
14:22:22.479 [INFO]   [Checking]    out: Transforming commons-compress-1.25.0.jar (org.apache.commons:commons-compress:1.25.0) with ExternalDependencyInstrumentingArtifactTransform
14:22:22.479 [INFO]   [Checking]    out: Transforming httpcore5-h2-5.2.4.jar (org.apache.httpcomponents.core5:httpcore5-h2:5.2.4) with InstrumentationAnalysisTransform
14:22:22.479 [INFO]   [Checking]    out: Transforming httpcore5-h2-5.2.4.jar (org.apache.httpcomponents.core5:httpcore5-h2:5.2.4) with MergeInstrumentationAnalysisTransform
14:22:22.479 [INFO]   [Checking]    out: Transforming spring-boot-loader-tools-3.3.3.jar (org.springframework.boot:spring-boot-loader-tools:3.3.3) with ExternalDependencyInstrumentingArtifactTransform
14:22:22.479 [INFO]   [Checking]    out: Transforming spring-core-6.1.12.jar (org.springframework:spring-core:6.1.12) with ExternalDependencyInstrumentingArtifactTransform
14:22:22.479 [INFO]   [Checking]    out: Transforming httpcore5-5.2.4.jar (org.apache.httpcomponents.core5:httpcore5:5.2.4) with InstrumentationAnalysisTransform
14:22:22.479 [INFO]   [Checking]    out: Transforming httpcore5-5.2.4.jar (org.apache.httpcomponents.core5:httpcore5:5.2.4) with MergeInstrumentationAnalysisTransform
14:22:22.479 [INFO]   [Checking]    out: Transforming slf4j-api-1.7.36.jar (org.slf4j:slf4j-api:1.7.36) with InstrumentationAnalysisTransform
14:22:22.479 [INFO]   [Checking]    out: Transforming slf4j-api-1.7.36.jar (org.slf4j:slf4j-api:1.7.36) with MergeInstrumentationAnalysisTransform
14:22:22.479 [INFO]   [Checking]    out: Transforming antlr4-runtime-4.7.2.jar (org.antlr:antlr4-runtime:4.7.2) with InstrumentationAnalysisTransform
14:22:22.479 [INFO]   [Checking]    out: Transforming antlr4-runtime-4.7.2.jar (org.antlr:antlr4-runtime:4.7.2) with MergeInstrumentationAnalysisTransform
14:22:22.479 [INFO]   [Checking]    out: Transforming jackson-core-2.14.2.jar (com.fasterxml.jackson.core:jackson-core:2.14.2) with ExternalDependencyInstrumentingArtifactTransform
14:22:22.479 [INFO]   [Checking]    out: Transforming jsr305-3.0.2.jar (com.google.code.findbugs:jsr305:3.0.2) with InstrumentationAnalysisTransform
14:22:22.480 [INFO]   [Checking]    out: Transforming jsr305-3.0.2.jar (com.google.code.findbugs:jsr305:3.0.2) with MergeInstrumentationAnalysisTransform
14:22:22.480 [INFO]   [Checking]    out: Transforming jackson-annotations-2.14.2.jar (com.fasterxml.jackson.core:jackson-annotations:2.14.2) with ExternalDependencyInstrumentingArtifactTransform
14:22:22.480 [INFO]   [Checking]    out: Transforming jackson-module-parameter-names-2.14.2.jar (com.fasterxml.jackson.module:jackson-module-parameter-names:2.14.2) with ExternalDependencyInstrumentingArtifactTransform
14:22:22.480 [INFO]   [Checking]    out: Transforming jna-platform-5.13.0.jar (net.java.dev.jna:jna-platform:5.13.0) with ExternalDependencyInstrumentingArtifactTransform
14:22:22.480 [INFO]   [Checking]    out: Transforming httpclient5-5.3.1.jar (org.apache.httpcomponents.client5:httpclient5:5.3.1) with ExternalDependencyInstrumentingArtifactTransform
14:22:22.480 [INFO]   [Checking]    out: Transforming tomlj-1.0.0.jar (org.tomlj:tomlj:1.0.0) with ExternalDependencyInstrumentingArtifactTransform
14:22:22.480 [INFO]   [Checking]    out: Transforming jackson-databind-2.14.2.jar (com.fasterxml.jackson.core:jackson-databind:2.14.2) with ExternalDependencyInstrumentingArtifactTransform
14:22:22.480 [INFO]   [Checking]    out: Transforming httpcore5-h2-5.2.4.jar (org.apache.httpcomponents.core5:httpcore5-h2:5.2.4) with ExternalDependencyInstrumentingArtifactTransform
14:22:22.480 [INFO]   [Checking]    out: Transforming jna-5.13.0.jar (net.java.dev.jna:jna:5.13.0) with ExternalDependencyInstrumentingArtifactTransform
14:22:22.480 [INFO]   [Checking]    out: Transforming slf4j-api-1.7.36.jar (org.slf4j:slf4j-api:1.7.36) with ExternalDependencyInstrumentingArtifactTransform
14:22:22.480 [INFO]   [Checking]    out: Transforming spring-jcl-6.1.12.jar (org.springframework:spring-jcl:6.1.12) with ExternalDependencyInstrumentingArtifactTransform
14:22:22.480 [INFO]   [Checking]    out: Transforming jsr305-3.0.2.jar (com.google.code.findbugs:jsr305:3.0.2) with ExternalDependencyInstrumentingArtifactTransform
14:22:22.480 [INFO]   [Checking]    out: Transforming httpcore5-5.2.4.jar (org.apache.httpcomponents.core5:httpcore5:5.2.4) with ExternalDependencyInstrumentingArtifactTransform
14:22:22.480 [INFO]   [Checking]    out: Transforming antlr4-runtime-4.7.2.jar (org.antlr:antlr4-runtime:4.7.2) with ExternalDependencyInstrumentingArtifactTransform
14:22:22.481 [INFO]   [Checking]    out: Applying dependency management to configuration 'annotationProcessor' in project 'account-service'
14:22:22.481 [INFO]   [Checking]    out: Applying dependency management to configuration 'apiElements' in project 'account-service'
14:22:22.481 [INFO]   [Checking]    out: Applying dependency management to configuration 'archives' in project 'account-service'
14:22:22.481 [INFO]   [Checking]    out: Applying dependency management to configuration 'bootArchives' in project 'account-service'
14:22:22.481 [INFO]   [Checking]    out: Applying dependency management to configuration 'compileClasspath' in project 'account-service'
14:22:22.481 [INFO]   [Checking]    out: Applying dependency management to configuration 'compileOnly' in project 'account-service'
14:22:22.481 [INFO]   [Checking]    out: Applying dependency management to configuration 'default' in project 'account-service'
14:22:22.481 [INFO]   [Checking]    out: Applying dependency management to configuration 'developmentOnly' in project 'account-service'
14:22:22.481 [INFO]   [Checking]    out: Applying dependency management to configuration 'implementation' in project 'account-service'
14:22:22.481 [INFO]   [Checking]    out: Applying dependency management to configuration 'mainSourceElements' in project 'account-service'
14:22:22.481 [INFO]   [Checking]    out: Applying dependency management to configuration 'productionRuntimeClasspath' in project 'account-service'
14:22:22.481 [INFO]   [Checking]    out: Applying dependency management to configuration 'runtimeClasspath' in project 'account-service'
14:22:22.481 [INFO]   [Checking]    out: Applying dependency management to configuration 'runtimeElements' in project 'account-service'
14:22:22.481 [INFO]   [Checking]    out: Applying dependency management to configuration 'runtimeOnly' in project 'account-service'
14:22:22.481 [INFO]   [Checking]    out: Applying dependency management to configuration 'testAndDevelopmentOnly' in project 'account-service'
14:22:22.481 [INFO]   [Checking]    out: Applying dependency management to configuration 'testAnnotationProcessor' in project 'account-service'
14:22:22.481 [INFO]   [Checking]    out: Applying dependency management to configuration 'testCompileClasspath' in project 'account-service'
14:22:22.481 [INFO]   [Checking]    out: Applying dependency management to configuration 'testCompileOnly' in project 'account-service'
14:22:22.482 [INFO]   [Checking]    out: Applying dependency management to configuration 'testImplementation' in project 'account-service'
14:22:22.482 [INFO]   [Checking]    out: Applying dependency management to configuration 'testResultsElementsForTest' in project 'account-service'
14:22:22.482 [INFO]   [Checking]    out: Applying dependency management to configuration 'testRuntimeClasspath' in project 'account-service'
14:22:22.482 [INFO]   [Checking]    out: Applying dependency management to configuration 'testRuntimeOnly' in project 'account-service'
14:22:22.482 [INFO]   [Checking]    out: Configuring Jacoco Plugin for use with Diffblue Cover
14:22:22.482 [INFO]   [Checking]    out: Applying dependency management to configuration 'jacocoAgent' in project 'account-service'
14:22:22.482 [INFO]   [Checking]    out: Applying dependency management to configuration 'jacocoAnt' in project 'account-service'
14:22:22.482 [INFO]   [Checking]    out: Applying dependency management to configuration 'coverageDataElementsForTest' in project 'account-service'
14:22:22.482 [INFO]   [Checking]    out: Configuring task :account-service:test for use with Diffblue Cover
14:22:22.482 [INFO]   [Checking]    out: ignoreFailures: false
14:22:22.482 [INFO]   [Checking]    out: excludes: []
14:22:22.482 [INFO]   [Checking]    out: includes: []
14:22:22.482 [INFO]   [Checking]    out: No group filtering configured
14:22:22.482 [INFO]   [Checking]    out: Saving execution data to: /home/jbergqvist/diffblue/finos-traderX/account-service/build/jacoco/test.exec
14:22:22.482 [INFO]   [Checking]    out: testFramework: class org.gradle.api.internal.tasks.testing.junitplatform.JUnitPlatformTestFramework
14:22:22.482 [INFO]   [Checking]    out: Getting testXMLPath
14:22:22.482 [INFO]   [Checking]    out: testXMLPath exists: true
14:22:22.482 [INFO]   [Checking]    out: diffblueTempPath: /home/jbergqvist/diffblue/finos-traderX/account-service/build/test-results/diffblueTemp
14:22:22.483 [INFO]   [Checking]    out: diffblueTempPath exists after mkdir: true
14:22:22.483 [INFO]   [Checking]    out: Configuring task :account-service:jacocoTestReport for use with Diffblue Cover
14:22:22.483 [INFO]   [Checking]    out: executionData: file collection
14:22:22.483 [INFO]   [Checking]    out: exec files to make report: [/home/jbergqvist/diffblue/finos-traderX/account-service/build/jacoco/test.exec]
14:22:22.483 [INFO]   [Checking]    out: exec files to make report from: [org.gradle.testing.jacoco.tasks.JacocoReportBase$2@76c896f2]
14:22:22.483 [INFO]   [Checking]    out: Configuring task :account-service:jacocoTestReportDeletePrevious for use with Diffblue Cover
14:22:22.483 [INFO]   [Checking]    out: Adding /home/jbergqvist/diffblue/finos-traderX/account-service/build/reports/jacoco/test/jacocoTestReport.xml to be deleted
14:22:22.483 [INFO]   [Checking]    out: Configuring task :account-service:jacocoTestReportPrepareEmptyExec for use with Diffblue Cover
14:22:22.483 [INFO]   [Checking]    out: Configuring task :account-service:testMoveTestXMLBack for use with Diffblue Cover
14:22:22.483 [INFO]   [Checking]    out: testXMLPath exists: true
14:22:22.483 [INFO]   [Checking]    out: diffblueTempPath before: {}
14:22:22.483 [INFO]   [Checking]    out: textXmlPAth files before: /home/jbergqvist/diffblue/finos-traderX/account-service/build/test-results/test/binary
14:22:22.483 [INFO]   [Checking]    out: Configuring task :account-service:testMoveBackJacocoExec for use with Diffblue Cover
14:22:22.483 [INFO]   [Checking]    out: Configuring task :account-service:testDeletePreviousExecFiles for use with Diffblue Cover
14:22:22.573 [INFO]   [Checking]    out: 
14:22:22.574 [INFO]   [Checking]    out: > Configure project :database
14:22:22.574 [INFO]   [Checking]    out: Evaluating project ':database' using build file '/home/jbergqvist/diffblue/finos-traderX/database/build.gradle'.
14:22:22.574 [INFO]   [Checking]    out: Configuring Jacoco Plugin for use with Diffblue Cover
14:22:22.574 [INFO]   [Checking]    out: Configuring task :database:test for use with Diffblue Cover
14:22:22.574 [INFO]   [Checking]    out: ignoreFailures: false
14:22:22.574 [INFO]   [Checking]    out: excludes: []
14:22:22.574 [INFO]   [Checking]    out: includes: []
14:22:22.574 [INFO]   [Checking]    out: No group filtering configured
14:22:22.574 [INFO]   [Checking]    out: Saving execution data to: /home/jbergqvist/diffblue/finos-traderX/database/build/jacoco/test.exec
14:22:22.574 [INFO]   [Checking]    out: testFramework: class org.gradle.api.internal.tasks.testing.junitplatform.JUnitPlatformTestFramework
14:22:22.574 [INFO]   [Checking]    out: Getting testXMLPath
14:22:22.575 [INFO]   [Checking]    out: testXMLPath exists: false
14:22:22.575 [INFO]   [Checking]    out: diffblueTempPath: /home/jbergqvist/diffblue/finos-traderX/database/build/test-results/diffblueTemp
14:22:22.575 [INFO]   [Checking]    out: Creating diffblueTempPath
14:22:22.575 [INFO]   [Checking]    out: diffblueTempPath exists after mkdir: false
14:22:22.575 [INFO]   [Checking]    out: Configuring task :database:jacocoTestReport for use with Diffblue Cover
14:22:22.575 [INFO]   [Checking]    out: executionData: file collection
14:22:22.575 [INFO]   [Checking]    out: exec files to make report: [/home/jbergqvist/diffblue/finos-traderX/database/build/jacoco/test.exec]
14:22:22.575 [INFO]   [Checking]    out: exec files to make report from: [org.gradle.testing.jacoco.tasks.JacocoReportBase$2@37f0eb52]
14:22:22.575 [INFO]   [Checking]    out: Configuring task :database:jacocoTestReportDeletePrevious for use with Diffblue Cover
14:22:22.575 [INFO]   [Checking]    out: Adding /home/jbergqvist/diffblue/finos-traderX/database/build/reports/jacoco/test/jacocoTestReport.xml to be deleted
14:22:22.575 [INFO]   [Checking]    out: Configuring task :database:jacocoTestReportPrepareEmptyExec for use with Diffblue Cover
14:22:22.575 [INFO]   [Checking]    out: Configuring task :database:testMoveTestXMLBack for use with Diffblue Cover
14:22:22.575 [INFO]   [Checking]    out: Configuring task :database:testMoveBackJacocoExec for use with Diffblue Cover
14:22:22.575 [INFO]   [Checking]    out: Configuring task :database:testDeletePreviousExecFiles for use with Diffblue Cover
14:22:22.673 [INFO]   [Checking]    out: 
14:22:22.674 [INFO]   [Checking]    out: > Configure project :position-service
14:22:22.674 [INFO]   [Checking]    out: Evaluating project ':position-service' using build file '/home/jbergqvist/diffblue/finos-traderX/position-service/build.gradle'.
14:22:22.674 [INFO]   [Checking]    out: Transforming spring-boot-gradle-plugin-3.3.3.jar (org.springframework.boot:spring-boot-gradle-plugin:3.3.3) with InstrumentationAnalysisTransform
14:22:22.674 [INFO]   [Checking]    out: Transforming dependency-management-plugin-1.1.6.jar (io.spring.gradle:dependency-management-plugin:1.1.6) with InstrumentationAnalysisTransform
14:22:22.674 [INFO]   [Checking]    out: Transforming spring-boot-buildpack-platform-3.3.3.jar (org.springframework.boot:spring-boot-buildpack-platform:3.3.3) with InstrumentationAnalysisTransform
14:22:22.674 [INFO]   [Checking]    out: Transforming spring-boot-loader-tools-3.3.3.jar (org.springframework.boot:spring-boot-loader-tools:3.3.3) with InstrumentationAnalysisTransform
14:22:22.674 [INFO]   [Checking]    out: Transforming commons-compress-1.25.0.jar (org.apache.commons:commons-compress:1.25.0) with InstrumentationAnalysisTransform
14:22:22.674 [INFO]   [Checking]    out: Transforming spring-core-6.1.12.jar (org.springframework:spring-core:6.1.12) with InstrumentationAnalysisTransform
14:22:22.674 [INFO]   [Checking]    out: Transforming jackson-annotations-2.14.2.jar (com.fasterxml.jackson.core:jackson-annotations:2.14.2) with InstrumentationAnalysisTransform
14:22:22.675 [INFO]   [Checking]    out: Transforming jackson-core-2.14.2.jar (com.fasterxml.jackson.core:jackson-core:2.14.2) with InstrumentationAnalysisTransform
14:22:22.675 [INFO]   [Checking]    out: Transforming jackson-module-parameter-names-2.14.2.jar (com.fasterxml.jackson.module:jackson-module-parameter-names:2.14.2) with InstrumentationAnalysisTransform
14:22:22.675 [INFO]   [Checking]    out: Transforming jackson-databind-2.14.2.jar (com.fasterxml.jackson.core:jackson-databind:2.14.2) with InstrumentationAnalysisTransform
14:22:22.675 [INFO]   [Checking]    out: Transforming jna-platform-5.13.0.jar (net.java.dev.jna:jna-platform:5.13.0) with InstrumentationAnalysisTransform
14:22:22.675 [INFO]   [Checking]    out: Transforming httpclient5-5.3.1.jar (org.apache.httpcomponents.client5:httpclient5:5.3.1) with InstrumentationAnalysisTransform
14:22:22.675 [INFO]   [Checking]    out: Transforming tomlj-1.0.0.jar (org.tomlj:tomlj:1.0.0) with InstrumentationAnalysisTransform
14:22:22.675 [INFO]   [Checking]    out: Transforming spring-jcl-6.1.12.jar (org.springframework:spring-jcl:6.1.12) with InstrumentationAnalysisTransform
14:22:22.675 [INFO]   [Checking]    out: Transforming jna-5.13.0.jar (net.java.dev.jna:jna:5.13.0) with InstrumentationAnalysisTransform
14:22:22.675 [INFO]   [Checking]    out: Transforming httpcore5-h2-5.2.4.jar (org.apache.httpcomponents.core5:httpcore5-h2:5.2.4) with InstrumentationAnalysisTransform
14:22:22.675 [INFO]   [Checking]    out: Transforming httpcore5-5.2.4.jar (org.apache.httpcomponents.core5:httpcore5:5.2.4) with InstrumentationAnalysisTransform
14:22:22.675 [INFO]   [Checking]    out: Transforming slf4j-api-1.7.36.jar (org.slf4j:slf4j-api:1.7.36) with InstrumentationAnalysisTransform
14:22:22.675 [INFO]   [Checking]    out: Transforming antlr4-runtime-4.7.2.jar (org.antlr:antlr4-runtime:4.7.2) with InstrumentationAnalysisTransform
14:22:22.675 [INFO]   [Checking]    out: Transforming jsr305-3.0.2.jar (com.google.code.findbugs:jsr305:3.0.2) with InstrumentationAnalysisTransform
14:22:22.676 [INFO]   [Checking]    out: Transforming spring-boot-gradle-plugin-3.3.3.jar (org.springframework.boot:spring-boot-gradle-plugin:3.3.3) with InstrumentationAnalysisTransform
14:22:22.676 [INFO]   [Checking]    out: Transforming spring-boot-gradle-plugin-3.3.3.jar (org.springframework.boot:spring-boot-gradle-plugin:3.3.3) with MergeInstrumentationAnalysisTransform
14:22:22.676 [INFO]   [Checking]    out: Transforming dependency-management-plugin-1.1.6.jar (io.spring.gradle:dependency-management-plugin:1.1.6) with InstrumentationAnalysisTransform
14:22:22.676 [INFO]   [Checking]    out: Transforming dependency-management-plugin-1.1.6.jar (io.spring.gradle:dependency-management-plugin:1.1.6) with MergeInstrumentationAnalysisTransform
14:22:22.676 [INFO]   [Checking]    out: Transforming spring-boot-buildpack-platform-3.3.3.jar (org.springframework.boot:spring-boot-buildpack-platform:3.3.3) with InstrumentationAnalysisTransform
14:22:22.676 [INFO]   [Checking]    out: Transforming spring-boot-gradle-plugin-3.3.3.jar (org.springframework.boot:spring-boot-gradle-plugin:3.3.3) with ExternalDependencyInstrumentingArtifactTransform
14:22:22.676 [INFO]   [Checking]    out: Transforming spring-boot-buildpack-platform-3.3.3.jar (org.springframework.boot:spring-boot-buildpack-platform:3.3.3) with MergeInstrumentationAnalysisTransform
14:22:22.676 [INFO]   [Checking]    out: Transforming spring-boot-loader-tools-3.3.3.jar (org.springframework.boot:spring-boot-loader-tools:3.3.3) with InstrumentationAnalysisTransform
14:22:22.676 [INFO]   [Checking]    out: Transforming dependency-management-plugin-1.1.6.jar (io.spring.gradle:dependency-management-plugin:1.1.6) with ExternalDependencyInstrumentingArtifactTransform
14:22:22.676 [INFO]   [Checking]    out: Transforming spring-boot-loader-tools-3.3.3.jar (org.springframework.boot:spring-boot-loader-tools:3.3.3) with MergeInstrumentationAnalysisTransform
14:22:22.676 [INFO]   [Checking]    out: Transforming spring-boot-buildpack-platform-3.3.3.jar (org.springframework.boot:spring-boot-buildpack-platform:3.3.3) with ExternalDependencyInstrumentingArtifactTransform
14:22:22.676 [INFO]   [Checking]    out: Transforming commons-compress-1.25.0.jar (org.apache.commons:commons-compress:1.25.0) with InstrumentationAnalysisTransform
14:22:22.676 [INFO]   [Checking]    out: Transforming commons-compress-1.25.0.jar (org.apache.commons:commons-compress:1.25.0) with MergeInstrumentationAnalysisTransform
14:22:22.676 [INFO]   [Checking]    out: Transforming spring-core-6.1.12.jar (org.springframework:spring-core:6.1.12) with InstrumentationAnalysisTransform
14:22:22.676 [INFO]   [Checking]    out: Transforming spring-core-6.1.12.jar (org.springframework:spring-core:6.1.12) with MergeInstrumentationAnalysisTransform
14:22:22.677 [INFO]   [Checking]    out: Transforming spring-boot-loader-tools-3.3.3.jar (org.springframework.boot:spring-boot-loader-tools:3.3.3) with ExternalDependencyInstrumentingArtifactTransform
14:22:22.677 [INFO]   [Checking]    out: Transforming jackson-annotations-2.14.2.jar (com.fasterxml.jackson.core:jackson-annotations:2.14.2) with InstrumentationAnalysisTransform
14:22:22.677 [INFO]   [Checking]    out: Transforming commons-compress-1.25.0.jar (org.apache.commons:commons-compress:1.25.0) with ExternalDependencyInstrumentingArtifactTransform
14:22:22.677 [INFO]   [Checking]    out: Transforming jackson-annotations-2.14.2.jar (com.fasterxml.jackson.core:jackson-annotations:2.14.2) with MergeInstrumentationAnalysisTransform
14:22:22.677 [INFO]   [Checking]    out: Transforming jackson-core-2.14.2.jar (com.fasterxml.jackson.core:jackson-core:2.14.2) with InstrumentationAnalysisTransform
14:22:22.677 [INFO]   [Checking]    out: Transforming spring-core-6.1.12.jar (org.springframework:spring-core:6.1.12) with ExternalDependencyInstrumentingArtifactTransform
14:22:22.677 [INFO]   [Checking]    out: Transforming jackson-core-2.14.2.jar (com.fasterxml.jackson.core:jackson-core:2.14.2) with MergeInstrumentationAnalysisTransform
14:22:22.677 [INFO]   [Checking]    out: Transforming jackson-module-parameter-names-2.14.2.jar (com.fasterxml.jackson.module:jackson-module-parameter-names:2.14.2) with InstrumentationAnalysisTransform
14:22:22.677 [INFO]   [Checking]    out: Transforming jackson-annotations-2.14.2.jar (com.fasterxml.jackson.core:jackson-annotations:2.14.2) with ExternalDependencyInstrumentingArtifactTransform
14:22:22.677 [INFO]   [Checking]    out: Transforming jackson-module-parameter-names-2.14.2.jar (com.fasterxml.jackson.module:jackson-module-parameter-names:2.14.2) with MergeInstrumentationAnalysisTransform
14:22:22.677 [INFO]   [Checking]    out: Transforming jackson-databind-2.14.2.jar (com.fasterxml.jackson.core:jackson-databind:2.14.2) with InstrumentationAnalysisTransform
14:22:22.677 [INFO]   [Checking]    out: Transforming jackson-databind-2.14.2.jar (com.fasterxml.jackson.core:jackson-databind:2.14.2) with MergeInstrumentationAnalysisTransform
14:22:22.677 [INFO]   [Checking]    out: Transforming jackson-core-2.14.2.jar (com.fasterxml.jackson.core:jackson-core:2.14.2) with ExternalDependencyInstrumentingArtifactTransform
14:22:22.677 [INFO]   [Checking]    out: Transforming jna-platform-5.13.0.jar (net.java.dev.jna:jna-platform:5.13.0) with InstrumentationAnalysisTransform
14:22:22.677 [INFO]   [Checking]    out: Transforming jackson-module-parameter-names-2.14.2.jar (com.fasterxml.jackson.module:jackson-module-parameter-names:2.14.2) with ExternalDependencyInstrumentingArtifactTransform
14:22:22.677 [INFO]   [Checking]    out: Transforming jna-platform-5.13.0.jar (net.java.dev.jna:jna-platform:5.13.0) with MergeInstrumentationAnalysisTransform
14:22:22.678 [INFO]   [Checking]    out: Transforming jackson-databind-2.14.2.jar (com.fasterxml.jackson.core:jackson-databind:2.14.2) with ExternalDependencyInstrumentingArtifactTransform
14:22:22.678 [INFO]   [Checking]    out: Transforming httpclient5-5.3.1.jar (org.apache.httpcomponents.client5:httpclient5:5.3.1) with InstrumentationAnalysisTransform
14:22:22.678 [INFO]   [Checking]    out: Transforming httpclient5-5.3.1.jar (org.apache.httpcomponents.client5:httpclient5:5.3.1) with MergeInstrumentationAnalysisTransform
14:22:22.678 [INFO]   [Checking]    out: Transforming jna-platform-5.13.0.jar (net.java.dev.jna:jna-platform:5.13.0) with ExternalDependencyInstrumentingArtifactTransform
14:22:22.678 [INFO]   [Checking]    out: Transforming tomlj-1.0.0.jar (org.tomlj:tomlj:1.0.0) with InstrumentationAnalysisTransform
14:22:22.678 [INFO]   [Checking]    out: Transforming tomlj-1.0.0.jar (org.tomlj:tomlj:1.0.0) with MergeInstrumentationAnalysisTransform
14:22:22.678 [INFO]   [Checking]    out: Transforming httpclient5-5.3.1.jar (org.apache.httpcomponents.client5:httpclient5:5.3.1) with ExternalDependencyInstrumentingArtifactTransform
14:22:22.678 [INFO]   [Checking]    out: Transforming spring-jcl-6.1.12.jar (org.springframework:spring-jcl:6.1.12) with InstrumentationAnalysisTransform
14:22:22.678 [INFO]   [Checking]    out: Transforming spring-jcl-6.1.12.jar (org.springframework:spring-jcl:6.1.12) with MergeInstrumentationAnalysisTransform
14:22:22.678 [INFO]   [Checking]    out: Transforming jna-5.13.0.jar (net.java.dev.jna:jna:5.13.0) with InstrumentationAnalysisTransform
14:22:22.678 [INFO]   [Checking]    out: Transforming tomlj-1.0.0.jar (org.tomlj:tomlj:1.0.0) with ExternalDependencyInstrumentingArtifactTransform
14:22:22.678 [INFO]   [Checking]    out: Transforming jna-5.13.0.jar (net.java.dev.jna:jna:5.13.0) with MergeInstrumentationAnalysisTransform
14:22:22.678 [INFO]   [Checking]    out: Transforming spring-jcl-6.1.12.jar (org.springframework:spring-jcl:6.1.12) with ExternalDependencyInstrumentingArtifactTransform
14:22:22.678 [INFO]   [Checking]    out: Transforming httpcore5-h2-5.2.4.jar (org.apache.httpcomponents.core5:httpcore5-h2:5.2.4) with InstrumentationAnalysisTransform
14:22:22.678 [INFO]   [Checking]    out: Transforming httpcore5-h2-5.2.4.jar (org.apache.httpcomponents.core5:httpcore5-h2:5.2.4) with MergeInstrumentationAnalysisTransform
14:22:22.678 [INFO]   [Checking]    out: Transforming jna-5.13.0.jar (net.java.dev.jna:jna:5.13.0) with ExternalDependencyInstrumentingArtifactTransform
14:22:22.679 [INFO]   [Checking]    out: Transforming httpcore5-5.2.4.jar (org.apache.httpcomponents.core5:httpcore5:5.2.4) with InstrumentationAnalysisTransform
14:22:22.679 [INFO]   [Checking]    out: Transforming httpcore5-5.2.4.jar (org.apache.httpcomponents.core5:httpcore5:5.2.4) with MergeInstrumentationAnalysisTransform
14:22:22.679 [INFO]   [Checking]    out: Transforming httpcore5-h2-5.2.4.jar (org.apache.httpcomponents.core5:httpcore5-h2:5.2.4) with ExternalDependencyInstrumentingArtifactTransform
14:22:22.679 [INFO]   [Checking]    out: Transforming slf4j-api-1.7.36.jar (org.slf4j:slf4j-api:1.7.36) with InstrumentationAnalysisTransform
14:22:22.679 [INFO]   [Checking]    out: Transforming slf4j-api-1.7.36.jar (org.slf4j:slf4j-api:1.7.36) with MergeInstrumentationAnalysisTransform
14:22:22.679 [INFO]   [Checking]    out: Transforming httpcore5-5.2.4.jar (org.apache.httpcomponents.core5:httpcore5:5.2.4) with ExternalDependencyInstrumentingArtifactTransform
14:22:22.679 [INFO]   [Checking]    out: Transforming antlr4-runtime-4.7.2.jar (org.antlr:antlr4-runtime:4.7.2) with InstrumentationAnalysisTransform
14:22:22.679 [INFO]   [Checking]    out: Transforming antlr4-runtime-4.7.2.jar (org.antlr:antlr4-runtime:4.7.2) with MergeInstrumentationAnalysisTransform
14:22:22.679 [INFO]   [Checking]    out: Transforming slf4j-api-1.7.36.jar (org.slf4j:slf4j-api:1.7.36) with ExternalDependencyInstrumentingArtifactTransform
14:22:22.679 [INFO]   [Checking]    out: Transforming jsr305-3.0.2.jar (com.google.code.findbugs:jsr305:3.0.2) with InstrumentationAnalysisTransform
14:22:22.679 [INFO]   [Checking]    out: Transforming jsr305-3.0.2.jar (com.google.code.findbugs:jsr305:3.0.2) with MergeInstrumentationAnalysisTransform
14:22:22.679 [INFO]   [Checking]    out: Transforming antlr4-runtime-4.7.2.jar (org.antlr:antlr4-runtime:4.7.2) with ExternalDependencyInstrumentingArtifactTransform
14:22:22.679 [INFO]   [Checking]    out: Transforming jsr305-3.0.2.jar (com.google.code.findbugs:jsr305:3.0.2) with ExternalDependencyInstrumentingArtifactTransform
14:22:22.679 [INFO]   [Checking]    out: Applying dependency management to configuration 'annotationProcessor' in project 'position-service'
14:22:22.680 [INFO]   [Checking]    out: Applying dependency management to configuration 'apiElements' in project 'position-service'
14:22:22.680 [INFO]   [Checking]    out: Applying dependency management to configuration 'archives' in project 'position-service'
14:22:22.680 [INFO]   [Checking]    out: Applying dependency management to configuration 'bootArchives' in project 'position-service'
14:22:22.680 [INFO]   [Checking]    out: Applying dependency management to configuration 'compileClasspath' in project 'position-service'
14:22:22.680 [INFO]   [Checking]    out: Applying dependency management to configuration 'compileOnly' in project 'position-service'
14:22:22.680 [INFO]   [Checking]    out: Applying dependency management to configuration 'default' in project 'position-service'
14:22:22.680 [INFO]   [Checking]    out: Applying dependency management to configuration 'developmentOnly' in project 'position-service'
14:22:22.680 [INFO]   [Checking]    out: Applying dependency management to configuration 'implementation' in project 'position-service'
14:22:22.680 [INFO]   [Checking]    out: Applying dependency management to configuration 'mainSourceElements' in project 'position-service'
14:22:22.680 [INFO]   [Checking]    out: Applying dependency management to configuration 'productionRuntimeClasspath' in project 'position-service'
14:22:22.680 [INFO]   [Checking]    out: Applying dependency management to configuration 'runtimeClasspath' in project 'position-service'
14:22:22.680 [INFO]   [Checking]    out: Applying dependency management to configuration 'runtimeElements' in project 'position-service'
14:22:22.680 [INFO]   [Checking]    out: Applying dependency management to configuration 'runtimeOnly' in project 'position-service'
14:22:22.680 [INFO]   [Checking]    out: Applying dependency management to configuration 'testAndDevelopmentOnly' in project 'position-service'
14:22:22.680 [INFO]   [Checking]    out: Applying dependency management to configuration 'testAnnotationProcessor' in project 'position-service'
14:22:22.680 [INFO]   [Checking]    out: Applying dependency management to configuration 'testCompileClasspath' in project 'position-service'
14:22:22.680 [INFO]   [Checking]    out: Applying dependency management to configuration 'testCompileOnly' in project 'position-service'
14:22:22.680 [INFO]   [Checking]    out: Applying dependency management to configuration 'testImplementation' in project 'position-service'
14:22:22.681 [INFO]   [Checking]    out: Applying dependency management to configuration 'testResultsElementsForTest' in project 'position-service'
14:22:22.681 [INFO]   [Checking]    out: Applying dependency management to configuration 'testRuntimeClasspath' in project 'position-service'
14:22:22.681 [INFO]   [Checking]    out: Applying dependency management to configuration 'testRuntimeOnly' in project 'position-service'
14:22:22.681 [INFO]   [Checking]    out: Configuring Jacoco Plugin for use with Diffblue Cover
14:22:22.681 [INFO]   [Checking]    out: Applying dependency management to configuration 'jacocoAgent' in project 'position-service'
14:22:22.681 [INFO]   [Checking]    out: Applying dependency management to configuration 'jacocoAnt' in project 'position-service'
14:22:22.681 [INFO]   [Checking]    out: Applying dependency management to configuration 'coverageDataElementsForTest' in project 'position-service'
14:22:22.681 [INFO]   [Checking]    out: Configuring task :position-service:test for use with Diffblue Cover
14:22:22.681 [INFO]   [Checking]    out: ignoreFailures: false
14:22:22.681 [INFO]   [Checking]    out: excludes: []
14:22:22.681 [INFO]   [Checking]    out: includes: []
14:22:22.681 [INFO]   [Checking]    out: No group filtering configured
14:22:22.681 [INFO]   [Checking]    out: Saving execution data to: /home/jbergqvist/diffblue/finos-traderX/position-service/build/jacoco/test.exec
14:22:22.681 [INFO]   [Checking]    out: testFramework: class org.gradle.api.internal.tasks.testing.junitplatform.JUnitPlatformTestFramework
14:22:22.681 [INFO]   [Checking]    out: Getting testXMLPath
14:22:22.681 [INFO]   [Checking]    out: testXMLPath exists: true
14:22:22.681 [INFO]   [Checking]    out: diffblueTempPath: /home/jbergqvist/diffblue/finos-traderX/position-service/build/test-results/diffblueTemp
14:22:22.681 [INFO]   [Checking]    out: diffblueTempPath exists after mkdir: true
14:22:22.681 [INFO]   [Checking]    out: Configuring task :position-service:jacocoTestReport for use with Diffblue Cover
14:22:22.681 [INFO]   [Checking]    out: executionData: file collection
14:22:22.682 [INFO]   [Checking]    out: exec files to make report: [/home/jbergqvist/diffblue/finos-traderX/position-service/build/jacoco/test.exec]
14:22:22.682 [INFO]   [Checking]    out: exec files to make report from: [org.gradle.testing.jacoco.tasks.JacocoReportBase$2@4ee32557]
14:22:22.682 [INFO]   [Checking]    out: Configuring task :position-service:jacocoTestReportDeletePrevious for use with Diffblue Cover
14:22:22.682 [INFO]   [Checking]    out: Adding /home/jbergqvist/diffblue/finos-traderX/position-service/build/reports/jacoco/test/jacocoTestReport.xml to be deleted
14:22:22.682 [INFO]   [Checking]    out: Configuring task :position-service:jacocoTestReportPrepareEmptyExec for use with Diffblue Cover
14:22:22.682 [INFO]   [Checking]    out: Configuring task :position-service:testMoveTestXMLBack for use with Diffblue Cover
14:22:22.682 [INFO]   [Checking]    out: testXMLPath exists: true
14:22:22.682 [INFO]   [Checking]    out: diffblueTempPath before: {}
14:22:22.682 [INFO]   [Checking]    out: textXmlPAth files before: /home/jbergqvist/diffblue/finos-traderX/position-service/build/test-results/test/binary
14:22:22.682 [INFO]   [Checking]    out: Configuring task :position-service:testMoveBackJacocoExec for use with Diffblue Cover
14:22:22.682 [INFO]   [Checking]    out: Configuring task :position-service:testDeletePreviousExecFiles for use with Diffblue Cover
14:22:22.682 [INFO]   [Checking]    out: 
14:22:22.682 [INFO]   [Checking]    out: > Configure project :trade-processor
14:22:22.682 [INFO]   [Checking]    out: Evaluating project ':trade-processor' using build file '/home/jbergqvist/diffblue/finos-traderX/trade-processor/build.gradle'.
14:22:22.682 [INFO]   [Checking]    out: Transforming spring-boot-gradle-plugin-3.3.3.jar (org.springframework.boot:spring-boot-gradle-plugin:3.3.3) with InstrumentationAnalysisTransform
14:22:22.682 [INFO]   [Checking]    out: Transforming dependency-management-plugin-1.1.6.jar (io.spring.gradle:dependency-management-plugin:1.1.6) with InstrumentationAnalysisTransform
14:22:22.682 [INFO]   [Checking]    out: Transforming spring-boot-buildpack-platform-3.3.3.jar (org.springframework.boot:spring-boot-buildpack-platform:3.3.3) with InstrumentationAnalysisTransform
14:22:22.682 [INFO]   [Checking]    out: Transforming spring-boot-loader-tools-3.3.3.jar (org.springframework.boot:spring-boot-loader-tools:3.3.3) with InstrumentationAnalysisTransform
14:22:22.682 [INFO]   [Checking]    out: Transforming commons-compress-1.25.0.jar (org.apache.commons:commons-compress:1.25.0) with InstrumentationAnalysisTransform
14:22:22.682 [INFO]   [Checking]    out: Transforming spring-core-6.1.12.jar (org.springframework:spring-core:6.1.12) with InstrumentationAnalysisTransform
14:22:22.683 [INFO]   [Checking]    out: Transforming jackson-annotations-2.14.2.jar (com.fasterxml.jackson.core:jackson-annotations:2.14.2) with InstrumentationAnalysisTransform
14:22:22.683 [INFO]   [Checking]    out: Transforming jackson-core-2.14.2.jar (com.fasterxml.jackson.core:jackson-core:2.14.2) with InstrumentationAnalysisTransform
14:22:22.683 [INFO]   [Checking]    out: Transforming jackson-module-parameter-names-2.14.2.jar (com.fasterxml.jackson.module:jackson-module-parameter-names:2.14.2) with InstrumentationAnalysisTransform
14:22:22.683 [INFO]   [Checking]    out: Transforming jackson-databind-2.14.2.jar (com.fasterxml.jackson.core:jackson-databind:2.14.2) with InstrumentationAnalysisTransform
14:22:22.683 [INFO]   [Checking]    out: Transforming jna-platform-5.13.0.jar (net.java.dev.jna:jna-platform:5.13.0) with InstrumentationAnalysisTransform
14:22:22.683 [INFO]   [Checking]    out: Transforming httpclient5-5.3.1.jar (org.apache.httpcomponents.client5:httpclient5:5.3.1) with InstrumentationAnalysisTransform
14:22:22.683 [INFO]   [Checking]    out: Transforming tomlj-1.0.0.jar (org.tomlj:tomlj:1.0.0) with InstrumentationAnalysisTransform
14:22:22.683 [INFO]   [Checking]    out: Transforming spring-jcl-6.1.12.jar (org.springframework:spring-jcl:6.1.12) with InstrumentationAnalysisTransform
14:22:22.683 [INFO]   [Checking]    out: Transforming jna-5.13.0.jar (net.java.dev.jna:jna:5.13.0) with InstrumentationAnalysisTransform
14:22:22.683 [INFO]   [Checking]    out: Transforming httpcore5-h2-5.2.4.jar (org.apache.httpcomponents.core5:httpcore5-h2:5.2.4) with InstrumentationAnalysisTransform
14:22:22.683 [INFO]   [Checking]    out: Transforming httpcore5-5.2.4.jar (org.apache.httpcomponents.core5:httpcore5:5.2.4) with InstrumentationAnalysisTransform
14:22:22.683 [INFO]   [Checking]    out: Transforming slf4j-api-1.7.36.jar (org.slf4j:slf4j-api:1.7.36) with InstrumentationAnalysisTransform
14:22:22.683 [INFO]   [Checking]    out: Transforming antlr4-runtime-4.7.2.jar (org.antlr:antlr4-runtime:4.7.2) with InstrumentationAnalysisTransform
14:22:22.683 [INFO]   [Checking]    out: Transforming jsr305-3.0.2.jar (com.google.code.findbugs:jsr305:3.0.2) with InstrumentationAnalysisTransform
14:22:22.683 [INFO]   [Checking]    out: Transforming spring-boot-gradle-plugin-3.3.3.jar (org.springframework.boot:spring-boot-gradle-plugin:3.3.3) with InstrumentationAnalysisTransform
14:22:22.683 [INFO]   [Checking]    out: Transforming spring-boot-gradle-plugin-3.3.3.jar (org.springframework.boot:spring-boot-gradle-plugin:3.3.3) with MergeInstrumentationAnalysisTransform
14:22:22.683 [INFO]   [Checking]    out: Transforming dependency-management-plugin-1.1.6.jar (io.spring.gradle:dependency-management-plugin:1.1.6) with InstrumentationAnalysisTransform
14:22:22.683 [INFO]   [Checking]    out: Transforming dependency-management-plugin-1.1.6.jar (io.spring.gradle:dependency-management-plugin:1.1.6) with MergeInstrumentationAnalysisTransform
14:22:22.683 [INFO]   [Checking]    out: Transforming spring-boot-gradle-plugin-3.3.3.jar (org.springframework.boot:spring-boot-gradle-plugin:3.3.3) with ExternalDependencyInstrumentingArtifactTransform
14:22:22.683 [INFO]   [Checking]    out: Transforming spring-boot-buildpack-platform-3.3.3.jar (org.springframework.boot:spring-boot-buildpack-platform:3.3.3) with InstrumentationAnalysisTransform
14:22:22.683 [INFO]   [Checking]    out: Transforming spring-boot-buildpack-platform-3.3.3.jar (org.springframework.boot:spring-boot-buildpack-platform:3.3.3) with MergeInstrumentationAnalysisTransform
14:22:22.683 [INFO]   [Checking]    out: Transforming dependency-management-plugin-1.1.6.jar (io.spring.gradle:dependency-management-plugin:1.1.6) with ExternalDependencyInstrumentingArtifactTransform
14:22:22.684 [INFO]   [Checking]    out: Transforming spring-boot-loader-tools-3.3.3.jar (org.springframework.boot:spring-boot-loader-tools:3.3.3) with InstrumentationAnalysisTransform
14:22:22.684 [INFO]   [Checking]    out: Transforming spring-boot-loader-tools-3.3.3.jar (org.springframework.boot:spring-boot-loader-tools:3.3.3) with MergeInstrumentationAnalysisTransform
14:22:22.684 [INFO]   [Checking]    out: Transforming spring-boot-buildpack-platform-3.3.3.jar (org.springframework.boot:spring-boot-buildpack-platform:3.3.3) with ExternalDependencyInstrumentingArtifactTransform
14:22:22.684 [INFO]   [Checking]    out: Transforming commons-compress-1.25.0.jar (org.apache.commons:commons-compress:1.25.0) with InstrumentationAnalysisTransform
14:22:22.684 [INFO]   [Checking]    out: Transforming commons-compress-1.25.0.jar (org.apache.commons:commons-compress:1.25.0) with MergeInstrumentationAnalysisTransform
14:22:22.684 [INFO]   [Checking]    out: Transforming spring-boot-loader-tools-3.3.3.jar (org.springframework.boot:spring-boot-loader-tools:3.3.3) with ExternalDependencyInstrumentingArtifactTransform
14:22:22.684 [INFO]   [Checking]    out: Transforming spring-core-6.1.12.jar (org.springframework:spring-core:6.1.12) with InstrumentationAnalysisTransform
14:22:22.684 [INFO]   [Checking]    out: Transforming spring-core-6.1.12.jar (org.springframework:spring-core:6.1.12) with MergeInstrumentationAnalysisTransform
14:22:22.684 [INFO]   [Checking]    out: Transforming jackson-annotations-2.14.2.jar (com.fasterxml.jackson.core:jackson-annotations:2.14.2) with InstrumentationAnalysisTransform
14:22:22.684 [INFO]   [Checking]    out: Transforming commons-compress-1.25.0.jar (org.apache.commons:commons-compress:1.25.0) with ExternalDependencyInstrumentingArtifactTransform
14:22:22.684 [INFO]   [Checking]    out: Transforming jackson-annotations-2.14.2.jar (com.fasterxml.jackson.core:jackson-annotations:2.14.2) with MergeInstrumentationAnalysisTransform
14:22:22.684 [INFO]   [Checking]    out: Transforming spring-core-6.1.12.jar (org.springframework:spring-core:6.1.12) with ExternalDependencyInstrumentingArtifactTransform
14:22:22.684 [INFO]   [Checking]    out: Transforming jackson-core-2.14.2.jar (com.fasterxml.jackson.core:jackson-core:2.14.2) with InstrumentationAnalysisTransform
14:22:22.684 [INFO]   [Checking]    out: Transforming jackson-core-2.14.2.jar (com.fasterxml.jackson.core:jackson-core:2.14.2) with MergeInstrumentationAnalysisTransform
14:22:22.684 [INFO]   [Checking]    out: Transforming jackson-annotations-2.14.2.jar (com.fasterxml.jackson.core:jackson-annotations:2.14.2) with ExternalDependencyInstrumentingArtifactTransform
14:22:22.684 [INFO]   [Checking]    out: Transforming jackson-module-parameter-names-2.14.2.jar (com.fasterxml.jackson.module:jackson-module-parameter-names:2.14.2) with InstrumentationAnalysisTransform
14:22:22.684 [INFO]   [Checking]    out: Transforming jackson-module-parameter-names-2.14.2.jar (com.fasterxml.jackson.module:jackson-module-parameter-names:2.14.2) with MergeInstrumentationAnalysisTransform
14:22:22.684 [INFO]   [Checking]    out: Transforming jackson-core-2.14.2.jar (com.fasterxml.jackson.core:jackson-core:2.14.2) with ExternalDependencyInstrumentingArtifactTransform
14:22:22.684 [INFO]   [Checking]    out: Transforming jackson-databind-2.14.2.jar (com.fasterxml.jackson.core:jackson-databind:2.14.2) with InstrumentationAnalysisTransform
14:22:22.684 [INFO]   [Checking]    out: Transforming jackson-databind-2.14.2.jar (com.fasterxml.jackson.core:jackson-databind:2.14.2) with MergeInstrumentationAnalysisTransform
14:22:22.684 [INFO]   [Checking]    out: Transforming jackson-module-parameter-names-2.14.2.jar (com.fasterxml.jackson.module:jackson-module-parameter-names:2.14.2) with ExternalDependencyInstrumentingArtifactTransform
14:22:22.684 [INFO]   [Checking]    out: Transforming jna-platform-5.13.0.jar (net.java.dev.jna:jna-platform:5.13.0) with InstrumentationAnalysisTransform
14:22:22.685 [INFO]   [Checking]    out: Transforming jna-platform-5.13.0.jar (net.java.dev.jna:jna-platform:5.13.0) with MergeInstrumentationAnalysisTransform
14:22:22.685 [INFO]   [Checking]    out: Transforming jackson-databind-2.14.2.jar (com.fasterxml.jackson.core:jackson-databind:2.14.2) with ExternalDependencyInstrumentingArtifactTransform
14:22:22.685 [INFO]   [Checking]    out: Transforming httpclient5-5.3.1.jar (org.apache.httpcomponents.client5:httpclient5:5.3.1) with InstrumentationAnalysisTransform
14:22:22.685 [INFO]   [Checking]    out: Transforming httpclient5-5.3.1.jar (org.apache.httpcomponents.client5:httpclient5:5.3.1) with MergeInstrumentationAnalysisTransform
14:22:22.685 [INFO]   [Checking]    out: Transforming jna-platform-5.13.0.jar (net.java.dev.jna:jna-platform:5.13.0) with ExternalDependencyInstrumentingArtifactTransform
14:22:22.685 [INFO]   [Checking]    out: Transforming tomlj-1.0.0.jar (org.tomlj:tomlj:1.0.0) with InstrumentationAnalysisTransform
14:22:22.685 [INFO]   [Checking]    out: Transforming httpclient5-5.3.1.jar (org.apache.httpcomponents.client5:httpclient5:5.3.1) with ExternalDependencyInstrumentingArtifactTransform
14:22:22.685 [INFO]   [Checking]    out: Transforming tomlj-1.0.0.jar (org.tomlj:tomlj:1.0.0) with MergeInstrumentationAnalysisTransform
14:22:22.685 [INFO]   [Checking]    out: Transforming spring-jcl-6.1.12.jar (org.springframework:spring-jcl:6.1.12) with InstrumentationAnalysisTransform
14:22:22.685 [INFO]   [Checking]    out: Transforming spring-jcl-6.1.12.jar (org.springframework:spring-jcl:6.1.12) with MergeInstrumentationAnalysisTransform
14:22:22.685 [INFO]   [Checking]    out: Transforming tomlj-1.0.0.jar (org.tomlj:tomlj:1.0.0) with ExternalDependencyInstrumentingArtifactTransform
14:22:22.685 [INFO]   [Checking]    out: Transforming jna-5.13.0.jar (net.java.dev.jna:jna:5.13.0) with InstrumentationAnalysisTransform
14:22:22.685 [INFO]   [Checking]    out: Transforming jna-5.13.0.jar (net.java.dev.jna:jna:5.13.0) with MergeInstrumentationAnalysisTransform
14:22:22.685 [INFO]   [Checking]    out: Transforming spring-jcl-6.1.12.jar (org.springframework:spring-jcl:6.1.12) with ExternalDependencyInstrumentingArtifactTransform
14:22:22.685 [INFO]   [Checking]    out: Transforming httpcore5-h2-5.2.4.jar (org.apache.httpcomponents.core5:httpcore5-h2:5.2.4) with InstrumentationAnalysisTransform
14:22:22.685 [INFO]   [Checking]    out: Transforming httpcore5-h2-5.2.4.jar (org.apache.httpcomponents.core5:httpcore5-h2:5.2.4) with MergeInstrumentationAnalysisTransform
14:22:22.685 [INFO]   [Checking]    out: Transforming jna-5.13.0.jar (net.java.dev.jna:jna:5.13.0) with ExternalDependencyInstrumentingArtifactTransform
14:22:22.686 [INFO]   [Checking]    out: Transforming httpcore5-5.2.4.jar (org.apache.httpcomponents.core5:httpcore5:5.2.4) with InstrumentationAnalysisTransform
14:22:22.686 [INFO]   [Checking]    out: Transforming httpcore5-5.2.4.jar (org.apache.httpcomponents.core5:httpcore5:5.2.4) with MergeInstrumentationAnalysisTransform
14:22:22.686 [INFO]   [Checking]    out: Transforming httpcore5-h2-5.2.4.jar (org.apache.httpcomponents.core5:httpcore5-h2:5.2.4) with ExternalDependencyInstrumentingArtifactTransform
14:22:22.686 [INFO]   [Checking]    out: Transforming slf4j-api-1.7.36.jar (org.slf4j:slf4j-api:1.7.36) with InstrumentationAnalysisTransform
14:22:22.686 [INFO]   [Checking]    out: Transforming slf4j-api-1.7.36.jar (org.slf4j:slf4j-api:1.7.36) with MergeInstrumentationAnalysisTransform
14:22:22.686 [INFO]   [Checking]    out: Transforming httpcore5-5.2.4.jar (org.apache.httpcomponents.core5:httpcore5:5.2.4) with ExternalDependencyInstrumentingArtifactTransform
14:22:22.686 [INFO]   [Checking]    out: Transforming antlr4-runtime-4.7.2.jar (org.antlr:antlr4-runtime:4.7.2) with InstrumentationAnalysisTransform
14:22:22.686 [INFO]   [Checking]    out: Transforming antlr4-runtime-4.7.2.jar (org.antlr:antlr4-runtime:4.7.2) with MergeInstrumentationAnalysisTransform
14:22:22.686 [INFO]   [Checking]    out: Transforming slf4j-api-1.7.36.jar (org.slf4j:slf4j-api:1.7.36) with ExternalDependencyInstrumentingArtifactTransform
14:22:22.686 [INFO]   [Checking]    out: Transforming jsr305-3.0.2.jar (com.google.code.findbugs:jsr305:3.0.2) with InstrumentationAnalysisTransform
14:22:22.686 [INFO]   [Checking]    out: Transforming jsr305-3.0.2.jar (com.google.code.findbugs:jsr305:3.0.2) with MergeInstrumentationAnalysisTransform
14:22:22.686 [INFO]   [Checking]    out: Transforming antlr4-runtime-4.7.2.jar (org.antlr:antlr4-runtime:4.7.2) with ExternalDependencyInstrumentingArtifactTransform
14:22:22.686 [INFO]   [Checking]    out: Transforming jsr305-3.0.2.jar (com.google.code.findbugs:jsr305:3.0.2) with ExternalDependencyInstrumentingArtifactTransform
14:22:22.686 [INFO]   [Checking]    out: Applying dependency management to configuration 'annotationProcessor' in project 'trade-processor'
14:22:22.686 [INFO]   [Checking]    out: Applying dependency management to configuration 'apiElements' in project 'trade-processor'
14:22:22.686 [INFO]   [Checking]    out: Applying dependency management to configuration 'archives' in project 'trade-processor'
14:22:22.686 [INFO]   [Checking]    out: Applying dependency management to configuration 'bootArchives' in project 'trade-processor'
14:22:22.686 [INFO]   [Checking]    out: Applying dependency management to configuration 'compileClasspath' in project 'trade-processor'
14:22:22.686 [INFO]   [Checking]    out: Applying dependency management to configuration 'compileOnly' in project 'trade-processor'
14:22:22.686 [INFO]   [Checking]    out: Applying dependency management to configuration 'default' in project 'trade-processor'
14:22:22.687 [INFO]   [Checking]    out: Applying dependency management to configuration 'developmentOnly' in project 'trade-processor'
14:22:22.687 [INFO]   [Checking]    out: Applying dependency management to configuration 'implementation' in project 'trade-processor'
14:22:22.687 [INFO]   [Checking]    out: Applying dependency management to configuration 'mainSourceElements' in project 'trade-processor'
14:22:22.687 [INFO]   [Checking]    out: Applying dependency management to configuration 'productionRuntimeClasspath' in project 'trade-processor'
14:22:22.687 [INFO]   [Checking]    out: Applying dependency management to configuration 'runtimeClasspath' in project 'trade-processor'
14:22:22.687 [INFO]   [Checking]    out: Applying dependency management to configuration 'runtimeElements' in project 'trade-processor'
14:22:22.687 [INFO]   [Checking]    out: Applying dependency management to configuration 'runtimeOnly' in project 'trade-processor'
14:22:22.687 [INFO]   [Checking]    out: Applying dependency management to configuration 'testAndDevelopmentOnly' in project 'trade-processor'
14:22:22.687 [INFO]   [Checking]    out: Applying dependency management to configuration 'testAnnotationProcessor' in project 'trade-processor'
14:22:22.687 [INFO]   [Checking]    out: Applying dependency management to configuration 'testCompileClasspath' in project 'trade-processor'
14:22:22.687 [INFO]   [Checking]    out: Applying dependency management to configuration 'testCompileOnly' in project 'trade-processor'
14:22:22.687 [INFO]   [Checking]    out: Applying dependency management to configuration 'testImplementation' in project 'trade-processor'
14:22:22.687 [INFO]   [Checking]    out: Applying dependency management to configuration 'testResultsElementsForTest' in project 'trade-processor'
14:22:22.687 [INFO]   [Checking]    out: Applying dependency management to configuration 'testRuntimeClasspath' in project 'trade-processor'
14:22:22.687 [INFO]   [Checking]    out: Applying dependency management to configuration 'testRuntimeOnly' in project 'trade-processor'
14:22:22.687 [INFO]   [Checking]    out: Configuring Jacoco Plugin for use with Diffblue Cover
14:22:22.687 [INFO]   [Checking]    out: Applying dependency management to configuration 'jacocoAgent' in project 'trade-processor'
14:22:22.687 [INFO]   [Checking]    out: Applying dependency management to configuration 'jacocoAnt' in project 'trade-processor'
14:22:22.687 [INFO]   [Checking]    out: Applying dependency management to configuration 'coverageDataElementsForTest' in project 'trade-processor'
14:22:22.687 [INFO]   [Checking]    out: Configuring task :trade-processor:test for use with Diffblue Cover
14:22:22.687 [INFO]   [Checking]    out: ignoreFailures: false
14:22:22.688 [INFO]   [Checking]    out: excludes: []
14:22:22.688 [INFO]   [Checking]    out: includes: []
14:22:22.688 [INFO]   [Checking]    out: No group filtering configured
14:22:22.688 [INFO]   [Checking]    out: Saving execution data to: /home/jbergqvist/diffblue/finos-traderX/trade-processor/build/jacoco/test.exec
14:22:22.688 [INFO]   [Checking]    out: testFramework: class org.gradle.api.internal.tasks.testing.junitplatform.JUnitPlatformTestFramework
14:22:22.688 [INFO]   [Checking]    out: Getting testXMLPath
14:22:22.688 [INFO]   [Checking]    out: testXMLPath exists: true
14:22:22.688 [INFO]   [Checking]    out: diffblueTempPath: /home/jbergqvist/diffblue/finos-traderX/trade-processor/build/test-results/diffblueTemp
14:22:22.688 [INFO]   [Checking]    out: diffblueTempPath exists after mkdir: true
14:22:22.688 [INFO]   [Checking]    out: Configuring task :trade-processor:jacocoTestReport for use with Diffblue Cover
14:22:22.688 [INFO]   [Checking]    out: executionData: file collection
14:22:22.688 [INFO]   [Checking]    out: exec files to make report: [/home/jbergqvist/diffblue/finos-traderX/trade-processor/build/jacoco/test.exec]
14:22:22.688 [INFO]   [Checking]    out: exec files to make report from: [org.gradle.testing.jacoco.tasks.JacocoReportBase$2@5c48f9b1]
14:22:22.688 [INFO]   [Checking]    out: Configuring task :trade-processor:jacocoTestReportDeletePrevious for use with Diffblue Cover
14:22:22.688 [INFO]   [Checking]    out: Adding /home/jbergqvist/diffblue/finos-traderX/trade-processor/build/reports/jacoco/test/jacocoTestReport.xml to be deleted
14:22:22.688 [INFO]   [Checking]    out: Configuring task :trade-processor:jacocoTestReportPrepareEmptyExec for use with Diffblue Cover
14:22:22.688 [INFO]   [Checking]    out: Configuring task :trade-processor:testMoveTestXMLBack for use with Diffblue Cover
14:22:22.688 [INFO]   [Checking]    out: testXMLPath exists: true
14:22:22.688 [INFO]   [Checking]    out: diffblueTempPath before: {}
14:22:22.688 [INFO]   [Checking]    out: textXmlPAth files before: /home/jbergqvist/diffblue/finos-traderX/trade-processor/build/test-results/test/binary
14:22:22.688 [INFO]   [Checking]    out: Configuring task :trade-processor:testMoveBackJacocoExec for use with Diffblue Cover
14:22:22.688 [INFO]   [Checking]    out: Configuring task :trade-processor:testDeletePreviousExecFiles for use with Diffblue Cover
14:22:22.774 [INFO]   [Checking]    out: 
14:22:22.774 [INFO]   [Checking]    out: > Configure project :trade-service
14:22:22.774 [INFO]   [Checking]    out: Evaluating project ':trade-service' using build file '/home/jbergqvist/diffblue/finos-traderX/trade-service/build.gradle'.
14:22:22.774 [INFO]   [Checking]    out: Transforming spring-boot-gradle-plugin-3.3.3.jar (org.springframework.boot:spring-boot-gradle-plugin:3.3.3) with InstrumentationAnalysisTransform
14:22:22.774 [INFO]   [Checking]    out: Transforming dependency-management-plugin-1.1.6.jar (io.spring.gradle:dependency-management-plugin:1.1.6) with InstrumentationAnalysisTransform
14:22:22.774 [INFO]   [Checking]    out: Transforming spring-boot-buildpack-platform-3.3.3.jar (org.springframework.boot:spring-boot-buildpack-platform:3.3.3) with InstrumentationAnalysisTransform
14:22:22.774 [INFO]   [Checking]    out: Transforming spring-boot-loader-tools-3.3.3.jar (org.springframework.boot:spring-boot-loader-tools:3.3.3) with InstrumentationAnalysisTransform
14:22:22.774 [INFO]   [Checking]    out: Transforming commons-compress-1.25.0.jar (org.apache.commons:commons-compress:1.25.0) with InstrumentationAnalysisTransform
14:22:22.774 [INFO]   [Checking]    out: Transforming spring-core-6.1.12.jar (org.springframework:spring-core:6.1.12) with InstrumentationAnalysisTransform
14:22:22.774 [INFO]   [Checking]    out: Transforming jackson-annotations-2.14.2.jar (com.fasterxml.jackson.core:jackson-annotations:2.14.2) with InstrumentationAnalysisTransform
14:22:22.775 [INFO]   [Checking]    out: Transforming jackson-core-2.14.2.jar (com.fasterxml.jackson.core:jackson-core:2.14.2) with InstrumentationAnalysisTransform
14:22:22.775 [INFO]   [Checking]    out: Transforming jackson-module-parameter-names-2.14.2.jar (com.fasterxml.jackson.module:jackson-module-parameter-names:2.14.2) with InstrumentationAnalysisTransform
14:22:22.775 [INFO]   [Checking]    out: Transforming jackson-databind-2.14.2.jar (com.fasterxml.jackson.core:jackson-databind:2.14.2) with InstrumentationAnalysisTransform
14:22:22.775 [INFO]   [Checking]    out: Transforming jna-platform-5.13.0.jar (net.java.dev.jna:jna-platform:5.13.0) with InstrumentationAnalysisTransform
14:22:22.775 [INFO]   [Checking]    out: Transforming httpclient5-5.3.1.jar (org.apache.httpcomponents.client5:httpclient5:5.3.1) with InstrumentationAnalysisTransform
14:22:22.775 [INFO]   [Checking]    out: Transforming tomlj-1.0.0.jar (org.tomlj:tomlj:1.0.0) with InstrumentationAnalysisTransform
14:22:22.775 [INFO]   [Checking]    out: Transforming spring-jcl-6.1.12.jar (org.springframework:spring-jcl:6.1.12) with InstrumentationAnalysisTransform
14:22:22.775 [INFO]   [Checking]    out: Transforming jna-5.13.0.jar (net.java.dev.jna:jna:5.13.0) with InstrumentationAnalysisTransform
14:22:22.775 [INFO]   [Checking]    out: Transforming httpcore5-h2-5.2.4.jar (org.apache.httpcomponents.core5:httpcore5-h2:5.2.4) with InstrumentationAnalysisTransform
14:22:22.775 [INFO]   [Checking]    out: Transforming httpcore5-5.2.4.jar (org.apache.httpcomponents.core5:httpcore5:5.2.4) with InstrumentationAnalysisTransform
14:22:22.775 [INFO]   [Checking]    out: Transforming slf4j-api-1.7.36.jar (org.slf4j:slf4j-api:1.7.36) with InstrumentationAnalysisTransform
14:22:22.775 [INFO]   [Checking]    out: Transforming antlr4-runtime-4.7.2.jar (org.antlr:antlr4-runtime:4.7.2) with InstrumentationAnalysisTransform
14:22:22.775 [INFO]   [Checking]    out: Transforming jsr305-3.0.2.jar (com.google.code.findbugs:jsr305:3.0.2) with InstrumentationAnalysisTransform
14:22:22.775 [INFO]   [Checking]    out: Transforming spring-boot-gradle-plugin-3.3.3.jar (org.springframework.boot:spring-boot-gradle-plugin:3.3.3) with InstrumentationAnalysisTransform
14:22:22.775 [INFO]   [Checking]    out: Transforming spring-boot-gradle-plugin-3.3.3.jar (org.springframework.boot:spring-boot-gradle-plugin:3.3.3) with MergeInstrumentationAnalysisTransform
14:22:22.775 [INFO]   [Checking]    out: Transforming dependency-management-plugin-1.1.6.jar (io.spring.gradle:dependency-management-plugin:1.1.6) with InstrumentationAnalysisTransform
14:22:22.775 [INFO]   [Checking]    out: Transforming dependency-management-plugin-1.1.6.jar (io.spring.gradle:dependency-management-plugin:1.1.6) with MergeInstrumentationAnalysisTransform
14:22:22.775 [INFO]   [Checking]    out: Transforming spring-boot-gradle-plugin-3.3.3.jar (org.springframework.boot:spring-boot-gradle-plugin:3.3.3) with ExternalDependencyInstrumentingArtifactTransform
14:22:22.775 [INFO]   [Checking]    out: Transforming spring-boot-buildpack-platform-3.3.3.jar (org.springframework.boot:spring-boot-buildpack-platform:3.3.3) with InstrumentationAnalysisTransform
14:22:22.775 [INFO]   [Checking]    out: Transforming spring-boot-buildpack-platform-3.3.3.jar (org.springframework.boot:spring-boot-buildpack-platform:3.3.3) with MergeInstrumentationAnalysisTransform
14:22:22.775 [INFO]   [Checking]    out: Transforming dependency-management-plugin-1.1.6.jar (io.spring.gradle:dependency-management-plugin:1.1.6) with ExternalDependencyInstrumentingArtifactTransform
14:22:22.775 [INFO]   [Checking]    out: Transforming spring-boot-loader-tools-3.3.3.jar (org.springframework.boot:spring-boot-loader-tools:3.3.3) with InstrumentationAnalysisTransform
14:22:22.775 [INFO]   [Checking]    out: Transforming spring-boot-loader-tools-3.3.3.jar (org.springframework.boot:spring-boot-loader-tools:3.3.3) with MergeInstrumentationAnalysisTransform
14:22:22.775 [INFO]   [Checking]    out: Transforming spring-boot-buildpack-platform-3.3.3.jar (org.springframework.boot:spring-boot-buildpack-platform:3.3.3) with ExternalDependencyInstrumentingArtifactTransform
14:22:22.776 [INFO]   [Checking]    out: Transforming commons-compress-1.25.0.jar (org.apache.commons:commons-compress:1.25.0) with InstrumentationAnalysisTransform
14:22:22.776 [INFO]   [Checking]    out: Transforming commons-compress-1.25.0.jar (org.apache.commons:commons-compress:1.25.0) with MergeInstrumentationAnalysisTransform
14:22:22.776 [INFO]   [Checking]    out: Transforming spring-boot-loader-tools-3.3.3.jar (org.springframework.boot:spring-boot-loader-tools:3.3.3) with ExternalDependencyInstrumentingArtifactTransform
14:22:22.776 [INFO]   [Checking]    out: Transforming spring-core-6.1.12.jar (org.springframework:spring-core:6.1.12) with InstrumentationAnalysisTransform
14:22:22.776 [INFO]   [Checking]    out: Transforming spring-core-6.1.12.jar (org.springframework:spring-core:6.1.12) with MergeInstrumentationAnalysisTransform
14:22:22.776 [INFO]   [Checking]    out: Transforming commons-compress-1.25.0.jar (org.apache.commons:commons-compress:1.25.0) with ExternalDependencyInstrumentingArtifactTransform
14:22:22.776 [INFO]   [Checking]    out: Transforming jackson-annotations-2.14.2.jar (com.fasterxml.jackson.core:jackson-annotations:2.14.2) with InstrumentationAnalysisTransform
14:22:22.776 [INFO]   [Checking]    out: Transforming jackson-annotations-2.14.2.jar (com.fasterxml.jackson.core:jackson-annotations:2.14.2) with MergeInstrumentationAnalysisTransform
14:22:22.776 [INFO]   [Checking]    out: Transforming spring-core-6.1.12.jar (org.springframework:spring-core:6.1.12) with ExternalDependencyInstrumentingArtifactTransform
14:22:22.776 [INFO]   [Checking]    out: Transforming jackson-core-2.14.2.jar (com.fasterxml.jackson.core:jackson-core:2.14.2) with InstrumentationAnalysisTransform
14:22:22.776 [INFO]   [Checking]    out: Transforming jackson-core-2.14.2.jar (com.fasterxml.jackson.core:jackson-core:2.14.2) with MergeInstrumentationAnalysisTransform
14:22:22.776 [INFO]   [Checking]    out: Transforming jackson-annotations-2.14.2.jar (com.fasterxml.jackson.core:jackson-annotations:2.14.2) with ExternalDependencyInstrumentingArtifactTransform
14:22:22.776 [INFO]   [Checking]    out: Transforming jackson-module-parameter-names-2.14.2.jar (com.fasterxml.jackson.module:jackson-module-parameter-names:2.14.2) with InstrumentationAnalysisTransform
14:22:22.776 [INFO]   [Checking]    out: Transforming jackson-module-parameter-names-2.14.2.jar (com.fasterxml.jackson.module:jackson-module-parameter-names:2.14.2) with MergeInstrumentationAnalysisTransform
14:22:22.776 [INFO]   [Checking]    out: Transforming jackson-core-2.14.2.jar (com.fasterxml.jackson.core:jackson-core:2.14.2) with ExternalDependencyInstrumentingArtifactTransform
14:22:22.776 [INFO]   [Checking]    out: Transforming jackson-databind-2.14.2.jar (com.fasterxml.jackson.core:jackson-databind:2.14.2) with InstrumentationAnalysisTransform
14:22:22.776 [INFO]   [Checking]    out: Transforming jackson-databind-2.14.2.jar (com.fasterxml.jackson.core:jackson-databind:2.14.2) with MergeInstrumentationAnalysisTransform
14:22:22.776 [INFO]   [Checking]    out: Transforming jackson-module-parameter-names-2.14.2.jar (com.fasterxml.jackson.module:jackson-module-parameter-names:2.14.2) with ExternalDependencyInstrumentingArtifactTransform
14:22:22.776 [INFO]   [Checking]    out: Transforming jna-platform-5.13.0.jar (net.java.dev.jna:jna-platform:5.13.0) with InstrumentationAnalysisTransform
14:22:22.776 [INFO]   [Checking]    out: Transforming jna-platform-5.13.0.jar (net.java.dev.jna:jna-platform:5.13.0) with MergeInstrumentationAnalysisTransform
14:22:22.776 [INFO]   [Checking]    out: Transforming jackson-databind-2.14.2.jar (com.fasterxml.jackson.core:jackson-databind:2.14.2) with ExternalDependencyInstrumentingArtifactTransform
14:22:22.776 [INFO]   [Checking]    out: Transforming httpclient5-5.3.1.jar (org.apache.httpcomponents.client5:httpclient5:5.3.1) with InstrumentationAnalysisTransform
14:22:22.776 [INFO]   [Checking]    out: Transforming httpclient5-5.3.1.jar (org.apache.httpcomponents.client5:httpclient5:5.3.1) with MergeInstrumentationAnalysisTransform
14:22:22.776 [INFO]   [Checking]    out: Transforming jna-platform-5.13.0.jar (net.java.dev.jna:jna-platform:5.13.0) with ExternalDependencyInstrumentingArtifactTransform
14:22:22.776 [INFO]   [Checking]    out: Transforming tomlj-1.0.0.jar (org.tomlj:tomlj:1.0.0) with InstrumentationAnalysisTransform
14:22:22.776 [INFO]   [Checking]    out: Transforming tomlj-1.0.0.jar (org.tomlj:tomlj:1.0.0) with MergeInstrumentationAnalysisTransform
14:22:22.776 [INFO]   [Checking]    out: Transforming httpclient5-5.3.1.jar (org.apache.httpcomponents.client5:httpclient5:5.3.1) with ExternalDependencyInstrumentingArtifactTransform
14:22:22.777 [INFO]   [Checking]    out: Transforming spring-jcl-6.1.12.jar (org.springframework:spring-jcl:6.1.12) with InstrumentationAnalysisTransform
14:22:22.777 [INFO]   [Checking]    out: Transforming spring-jcl-6.1.12.jar (org.springframework:spring-jcl:6.1.12) with MergeInstrumentationAnalysisTransform
14:22:22.777 [INFO]   [Checking]    out: Transforming tomlj-1.0.0.jar (org.tomlj:tomlj:1.0.0) with ExternalDependencyInstrumentingArtifactTransform
14:22:22.777 [INFO]   [Checking]    out: Transforming jna-5.13.0.jar (net.java.dev.jna:jna:5.13.0) with InstrumentationAnalysisTransform
14:22:22.777 [INFO]   [Checking]    out: Transforming jna-5.13.0.jar (net.java.dev.jna:jna:5.13.0) with MergeInstrumentationAnalysisTransform
14:22:22.777 [INFO]   [Checking]    out: Transforming spring-jcl-6.1.12.jar (org.springframework:spring-jcl:6.1.12) with ExternalDependencyInstrumentingArtifactTransform
14:22:22.777 [INFO]   [Checking]    out: Transforming httpcore5-h2-5.2.4.jar (org.apache.httpcomponents.core5:httpcore5-h2:5.2.4) with InstrumentationAnalysisTransform
14:22:22.777 [INFO]   [Checking]    out: Transforming httpcore5-h2-5.2.4.jar (org.apache.httpcomponents.core5:httpcore5-h2:5.2.4) with MergeInstrumentationAnalysisTransform
14:22:22.777 [INFO]   [Checking]    out: Transforming jna-5.13.0.jar (net.java.dev.jna:jna:5.13.0) with ExternalDependencyInstrumentingArtifactTransform
14:22:22.777 [INFO]   [Checking]    out: Transforming httpcore5-5.2.4.jar (org.apache.httpcomponents.core5:httpcore5:5.2.4) with InstrumentationAnalysisTransform
14:22:22.777 [INFO]   [Checking]    out: Transforming httpcore5-5.2.4.jar (org.apache.httpcomponents.core5:httpcore5:5.2.4) with MergeInstrumentationAnalysisTransform
14:22:22.777 [INFO]   [Checking]    out: Transforming httpcore5-h2-5.2.4.jar (org.apache.httpcomponents.core5:httpcore5-h2:5.2.4) with ExternalDependencyInstrumentingArtifactTransform
14:22:22.777 [INFO]   [Checking]    out: Transforming slf4j-api-1.7.36.jar (org.slf4j:slf4j-api:1.7.36) with InstrumentationAnalysisTransform
14:22:22.777 [INFO]   [Checking]    out: Transforming slf4j-api-1.7.36.jar (org.slf4j:slf4j-api:1.7.36) with MergeInstrumentationAnalysisTransform
14:22:22.777 [INFO]   [Checking]    out: Transforming httpcore5-5.2.4.jar (org.apache.httpcomponents.core5:httpcore5:5.2.4) with ExternalDependencyInstrumentingArtifactTransform
14:22:22.777 [INFO]   [Checking]    out: Transforming antlr4-runtime-4.7.2.jar (org.antlr:antlr4-runtime:4.7.2) with InstrumentationAnalysisTransform
14:22:22.777 [INFO]   [Checking]    out: Transforming antlr4-runtime-4.7.2.jar (org.antlr:antlr4-runtime:4.7.2) with MergeInstrumentationAnalysisTransform
14:22:22.777 [INFO]   [Checking]    out: Transforming jsr305-3.0.2.jar (com.google.code.findbugs:jsr305:3.0.2) with InstrumentationAnalysisTransform
14:22:22.777 [INFO]   [Checking]    out: Transforming slf4j-api-1.7.36.jar (org.slf4j:slf4j-api:1.7.36) with ExternalDependencyInstrumentingArtifactTransform
14:22:22.777 [INFO]   [Checking]    out: Transforming jsr305-3.0.2.jar (com.google.code.findbugs:jsr305:3.0.2) with MergeInstrumentationAnalysisTransform
14:22:22.777 [INFO]   [Checking]    out: Transforming antlr4-runtime-4.7.2.jar (org.antlr:antlr4-runtime:4.7.2) with ExternalDependencyInstrumentingArtifactTransform
14:22:22.777 [INFO]   [Checking]    out: Transforming jsr305-3.0.2.jar (com.google.code.findbugs:jsr305:3.0.2) with ExternalDependencyInstrumentingArtifactTransform
14:22:22.777 [INFO]   [Checking]    out: Applying dependency management to configuration 'annotationProcessor' in project 'trade-service'
14:22:22.777 [INFO]   [Checking]    out: Applying dependency management to configuration 'apiElements' in project 'trade-service'
14:22:22.777 [INFO]   [Checking]    out: Applying dependency management to configuration 'archives' in project 'trade-service'
14:22:22.777 [INFO]   [Checking]    out: Applying dependency management to configuration 'bootArchives' in project 'trade-service'
14:22:22.777 [INFO]   [Checking]    out: Applying dependency management to configuration 'compileClasspath' in project 'trade-service'
14:22:22.777 [INFO]   [Checking]    out: Applying dependency management to configuration 'compileOnly' in project 'trade-service'
14:22:22.778 [INFO]   [Checking]    out: Applying dependency management to configuration 'default' in project 'trade-service'
14:22:22.778 [INFO]   [Checking]    out: Applying dependency management to configuration 'developmentOnly' in project 'trade-service'
14:22:22.778 [INFO]   [Checking]    out: Applying dependency management to configuration 'implementation' in project 'trade-service'
14:22:22.778 [INFO]   [Checking]    out: Applying dependency management to configuration 'mainSourceElements' in project 'trade-service'
14:22:22.778 [INFO]   [Checking]    out: Applying dependency management to configuration 'productionRuntimeClasspath' in project 'trade-service'
14:22:22.778 [INFO]   [Checking]    out: Applying dependency management to configuration 'runtimeClasspath' in project 'trade-service'
14:22:22.778 [INFO]   [Checking]    out: Applying dependency management to configuration 'runtimeElements' in project 'trade-service'
14:22:22.778 [INFO]   [Checking]    out: Applying dependency management to configuration 'runtimeOnly' in project 'trade-service'
14:22:22.778 [INFO]   [Checking]    out: Applying dependency management to configuration 'testAndDevelopmentOnly' in project 'trade-service'
14:22:22.778 [INFO]   [Checking]    out: Applying dependency management to configuration 'testAnnotationProcessor' in project 'trade-service'
14:22:22.778 [INFO]   [Checking]    out: Applying dependency management to configuration 'testCompileClasspath' in project 'trade-service'
14:22:22.778 [INFO]   [Checking]    out: Applying dependency management to configuration 'testCompileOnly' in project 'trade-service'
14:22:22.778 [INFO]   [Checking]    out: Applying dependency management to configuration 'testImplementation' in project 'trade-service'
14:22:22.778 [INFO]   [Checking]    out: Applying dependency management to configuration 'testResultsElementsForTest' in project 'trade-service'
14:22:22.778 [INFO]   [Checking]    out: Applying dependency management to configuration 'testRuntimeClasspath' in project 'trade-service'
14:22:22.778 [INFO]   [Checking]    out: Applying dependency management to configuration 'testRuntimeOnly' in project 'trade-service'
14:22:22.778 [INFO]   [Checking]    out: Configuring Jacoco Plugin for use with Diffblue Cover
14:22:22.778 [INFO]   [Checking]    out: Applying dependency management to configuration 'jacocoAgent' in project 'trade-service'
14:22:22.778 [INFO]   [Checking]    out: Applying dependency management to configuration 'jacocoAnt' in project 'trade-service'
14:22:22.778 [INFO]   [Checking]    out: Applying dependency management to configuration 'coverageDataElementsForTest' in project 'trade-service'
14:22:22.778 [INFO]   [Checking]    out: Configuring task :trade-service:test for use with Diffblue Cover
14:22:22.778 [INFO]   [Checking]    out: ignoreFailures: false
14:22:22.778 [INFO]   [Checking]    out: excludes: []
14:22:22.778 [INFO]   [Checking]    out: includes: []
14:22:22.778 [INFO]   [Checking]    out: No group filtering configured
14:22:22.778 [INFO]   [Checking]    out: Saving execution data to: /home/jbergqvist/diffblue/finos-traderX/trade-service/build/jacoco/test.exec
14:22:22.778 [INFO]   [Checking]    out: testFramework: class org.gradle.api.internal.tasks.testing.junitplatform.JUnitPlatformTestFramework
14:22:22.778 [INFO]   [Checking]    out: Getting testXMLPath
14:22:22.778 [INFO]   [Checking]    out: testXMLPath exists: true
14:22:22.778 [INFO]   [Checking]    out: diffblueTempPath: /home/jbergqvist/diffblue/finos-traderX/trade-service/build/test-results/diffblueTemp
14:22:22.778 [INFO]   [Checking]    out: diffblueTempPath exists after mkdir: true
14:22:22.778 [INFO]   [Checking]    out: Configuring task :trade-service:jacocoTestReport for use with Diffblue Cover
14:22:22.778 [INFO]   [Checking]    out: executionData: file collection
14:22:22.778 [INFO]   [Checking]    out: exec files to make report: [/home/jbergqvist/diffblue/finos-traderX/trade-service/build/jacoco/test.exec]
14:22:22.778 [INFO]   [Checking]    out: exec files to make report from: [org.gradle.testing.jacoco.tasks.JacocoReportBase$2@3500cee2]
14:22:22.778 [INFO]   [Checking]    out: Configuring task :trade-service:jacocoTestReportDeletePrevious for use with Diffblue Cover
14:22:22.778 [INFO]   [Checking]    out: Adding /home/jbergqvist/diffblue/finos-traderX/trade-service/build/reports/jacoco/test/jacocoTestReport.xml to be deleted
14:22:22.778 [INFO]   [Checking]    out: Configuring task :trade-service:jacocoTestReportPrepareEmptyExec for use with Diffblue Cover
14:22:22.778 [INFO]   [Checking]    out: Configuring task :trade-service:testMoveTestXMLBack for use with Diffblue Cover
14:22:22.778 [INFO]   [Checking]    out: testXMLPath exists: true
14:22:22.778 [INFO]   [Checking]    out: diffblueTempPath before: {}
14:22:22.778 [INFO]   [Checking]    out: textXmlPAth files before: {}
14:22:22.778 [INFO]   [Checking]    out: Configuring task :trade-service:testMoveBackJacocoExec for use with Diffblue Cover
14:22:22.779 [INFO]   [Checking]    out: Configuring task :trade-service:testDeletePreviousExecFiles for use with Diffblue Cover
14:22:22.779 [INFO]   [Checking]    out: All projects evaluated.
14:22:22.873 [INFO]   [Checking]    out: Resolving global dependency management for project 'trade-processor'
14:22:23.573 [INFO]   [Checking]    out: Excluding []
14:22:23.573 [INFO]   [Checking]    out: Excluding []
14:22:23.573 [INFO]   [Checking]    out: Excluding []
14:22:23.573 [INFO]   [Checking]    out: Resolving global dependency management for project 'trade-service'
14:22:23.873 [INFO]   [Checking]    out: Excluding []
14:22:23.873 [INFO]   [Checking]    out: Excluding []
14:22:23.873 [INFO]   [Checking]    out: Excluding []
14:22:23.873 [INFO]   [Checking]    out: Resolving global dependency management for project 'position-service'
14:22:24.073 [INFO]   [Checking]    out: Excluding []
14:22:24.073 [INFO]   [Checking]    out: Excluding []
14:22:24.173 [INFO]   [Checking]    out: Excluding []
14:22:24.173 [INFO]   [Checking]    out: Resolving global dependency management for project 'account-service'
14:22:24.373 [INFO]   [Checking]    out: Excluding []
14:22:24.373 [INFO]   [Checking]    out: Excluding []
14:22:24.373 [INFO]   [Checking]    out: Excluding []
14:22:24.373 [INFO]   [Checking]    out: Writing Diffblue message (project module type)
14:22:24.577 [INFO]   [Checking]    deserializing line [DIFFBLUE]{"__type":"com.diffblue.cover.buildsystem.model.DefaultProjectModuleMessage","project":{"__type":"DefaultProjectModule","junitReport":[],"jacocoReport":[],"jacocoDestFile":[],"jacocoFormats":null,"jacocoSkipped":false,"classpath":null,"complianceLevel":null,"productionSources":null,"testSources":null,"productionClasses":null,"testClasses":null,"sourceToBuildPathMap":{},"testSourceToBuildPathMap":{},"buildDirectory":null,"plugins":[{"__type":"DefaultPlugin","groupId":null,"artefactId":null,"version":null,"pluginClassName":"com.diffblue.cover.buildsystem.gradle.plugin.CoverPlugin"},{"__type":"DefaultPlugin","groupId":null,"artefactId":null,"version":"8.8","pluginClassName":"org.gradle.api.plugins.HelpTasksPlugin$Inject"},{"__type":"DefaultPlugin","groupId":null,"artefactId":null,"version":"8.8","pluginClassName":"org.gradle.buildinit.plugins.BuildInitPlugin$Inject"},{"__type":"DefaultPlugin","groupId":null,"artefactId":null,"version":"8.8","pluginClassName":"org.gradle.buildinit.plugins.WrapperPlugin$Inject"}],"version":"8.8","encoding":null,"name":"gradle","subModules":[{"__type":"DefaultProjectModule","junitReport":["/home/jbergqvist/diffblue/finos-traderX/database/build/test-results/test"],"jacocoReport":["/home/jbergqvist/diffblue/finos-traderX/database/build/reports/jacoco/test/jacocoTestReport.xml"],"jacocoDestFile":["/home/jbergqvist/diffblue/finos-traderX/database/build/jacoco/test.exec"],"jacocoFormats":null,"jacocoSkipped":false,"classpath":["/home/jbergqvist/diffblue/finos-traderX/database/build/classes/java/test","/home/jbergqvist/diffblue/finos-traderX/database/build/resources/test","/home/jbergqvist/diffblue/finos-traderX/database/build/classes/java/main","/home/jbergqvist/diffblue/finos-traderX/database/build/resources/main","/home/jbergqvist/.gradle/caches/modules-2/files-2.1/com.h2database/h2/2.2.224/7bdade27d8cd197d9b5ce9dc251f41d2edc5f7ad/h2-2.2.224.jar"],"complianceLevel":"21","productionSources":["/home/jbergqvist/diffblue/finos-traderX/database/src/main/java"],"testSources":["/home/jbergqvist/diffblue/finos-traderX/database/src/test/java"],"productionClasses":"/home/jbergqvist/diffblue/finos-traderX/database/build/classes/java/main","testClasses":"/home/jbergqvist/diffblue/finos-traderX/database/build/classes/java/test","sourceToBuildPathMap":{},"testSourceToBuildPathMap":{},"buildDirectory":null,"plugins":[{"__type":"DefaultPlugin","groupId":null,"artefactId":null,"version":null,"pluginClassName":"com.diffblue.cover.buildsystem.gradle.plugin.CoverPlugin"},{"__type":"DefaultPlugin","groupId":null,"artefactId":null,"version":"8.8","pluginClassName":"org.gradle.api.plugins.HelpTasksPlugin$Inject"},{"__type":"DefaultPlugin","groupId":null,"artefactId":null,"version":"8.8","pluginClassName":"org.gradle.buildinit.plugins.BuildInitPlugin$Inject"},{"__type":"DefaultPlugin","groupId":null,"artefactId":null,"version":"8.8","pluginClassName":"org.gradle.buildinit.plugins.WrapperPlugin$Inject"},{"__type":"DefaultPlugin","groupId":null,"artefactId":null,"version":"8.8","pluginClassName":"org.gradle.language.base.plugins.LifecycleBasePlugin$Inject"},{"__type":"DefaultPlugin","groupId":null,"artefactId":null,"version":"8.8","pluginClassName":"org.gradle.api.plugins.BasePlugin$Inject"},{"__type":"DefaultPlugin","groupId":null,"artefactId":null,"version":"8.8","pluginClassName":"org.gradle.api.plugins.JvmEcosystemPlugin$Inject"},{"__type":"DefaultPlugin","groupId":null,"artefactId":null,"version":"8.8","pluginClassName":"org.gradle.api.plugins.ReportingBasePlugin$Inject"},{"__type":"DefaultPlugin","groupId":null,"artefactId":null,"version":"8.8","pluginClassName":"org.gradle.api.plugins.JvmToolchainsPlugin$Inject"},{"__type":"DefaultPlugin","groupId":null,"artefactId":null,"version":"8.8","pluginClassName":"org.gradle.api.plugins.JavaBasePlugin$Inject"},{"__type":"DefaultPlugin","groupId":null,"artefactId":null,"version":"8.8","pluginClassName":"org.gradle.testing.base.plugins.TestSuiteBasePlugin$Inject"},{"__type":"DefaultPlugin","groupId":null,"artefactId":null,"version":"8.8","pluginClassName":"org.gradle.api.plugins.JvmTestSuitePlugin$Inject"},{"__type":"DefaultPlugin","groupId":null,"artefactId":null,"version":"8.8","pluginClassName":"org.gradle.api.plugins.JavaPlugin$Inject"},{"__type":"DefaultPlugin","groupId":null,"artefactId":null,"version":"8.8","pluginClassName":"org.gradle.api.distribution.plugins.DistributionPlugin$Inject"},{"__type":"DefaultPlugin","groupId":null,"artefactId":null,"version":"8.8","pluginClassName":"org.gradle.api.plugins.ApplicationPlugin$Inject"},{"__type":"DefaultPlugin","groupId":null,"artefactId":null,"version":"0.8.11","pluginClassName":"org.gradle.testing.jacoco.plugins.JacocoPlugin$Inject"}],"version":"8.8","encoding":null,"name":"gradle","subModules":[],"simpleModuleName":"database","parentModuleName":"","location":"/home/jbergqvist/diffblue/finos-traderX/database","fullModuleName":"database"},{"__type":"DefaultProjectModule","junitReport":["/home/jbergqvist/diffblue/finos-traderX/trade-processor/build/test-results/test"],"jacocoReport":["/home/jbergqvist/diffblue/finos-traderX/trade-processor/build/reports/jacoco/test/jacocoTestReport.xml"],"jacocoDestFile":["/home/jbergqvist/diffblue/finos-traderX/trade-processor/build/jacoco/test.exec"],"jacocoFormats":null,"jacocoSkipped":false,"classpath":["/home/jbergqvist/diffblue/finos-traderX/trade-processor/build/classes/java/test","/home/jbergqvist/diffblue/finos-traderX/trade-processor/build/resources/test","/home/jbergqvist/diffblue/finos-traderX/trade-processor/build/classes/java/main","/home/jbergqvist/diffblue/finos-traderX/trade-processor/build/resources/main","/home/jbergqvist/.gradle/caches/modules-2/files-2.1/org.springframework.boot/spring-boot-starter-data-jpa/3.3.3/7eeb176d6130f7aa83405fe2985fe7cadc11ebc5/spring-boot-starter-data-jpa-3.3.3.jar","/home/jbergqvist/.gradle/caches/modules-2/files-2.1/org.springframework.boot/spring-boot-starter-web/3.3.3/f19325fefd33dc920c0f68547a798ed731a8c70c/spring-boot-starter-web-3.3.3.jar","/home/jbergqvist/.gradle/caches/modules-2/files-2.1/com.h2database/h2/2.2.224/7bdade27d8cd197d9b5ce9dc251f41d2edc5f7ad/h2-2.2.224.jar","/home/jbergqvist/.gradle/caches/modules-2/files-2.1/org.springdoc/springdoc-openapi-starter-webmvc-ui/2.6.0/2dddebb56441dbaa1009c4de434a83c65596f6ad/springdoc-openapi-starter-webmvc-ui-2.6.0.jar","/home/jbergqvist/.gradle/caches/modules-2/files-2.1/org.json/json/20240303/ebb88e8fb5122b7506d5cf1d69f1ccdb790d22a/json-20240303.jar","/home/jbergqvist/.gradle/caches/modules-2/files-2.1/io.socket/socket.io-client/2.1.0/d49d37d8c62bddec4d7d0a65add9859fab666d0e/socket.io-client-2.1.0.jar","/home/jbergqvist/.gradle/caches/modules-2/files-2.1/com.diffblue.cover/cover-annotations/1.8.0/9eb3621b5f61d1dd8d7fa1af6b2c8c3fcf8ee857/cover-annotations-1.8.0.jar","/home/jbergqvist/.gradle/caches/modules-2/files-2.1/org.springframework.boot/spring-boot-starter-test/3.3.3/6774cadaa893fce1f18ff5e528e17f75d32f6670/spring-boot-starter-test-3.3.3.jar","/home/jbergqvist/.gradle/caches/modules-2/files-2.1/org.springframework.boot/spring-boot-starter-aop/3.3.3/f64c22484c1ab36ae70abc752509ec4c7b1abcfc/spring-boot-starter-aop-3.3.3.jar","/home/jbergqvist/.gradle/caches/modules-2/files-2.1/org.springframework.boot/spring-boot-starter-jdbc/3.3.3/c97a56c12c79d1ce419a306ddee4ccb89b7d3728/spring-boot-starter-jdbc-3.3.3.jar","/home/jbergqvist/.gradle/caches/modules-2/files-2.1/org.hibernate.orm/hibernate-core/6.5.2.Final/e9e0cc47f6cd2b2553968aee66bd9e55e7485221/hibernate-core-6.5.2.Final.jar","/home/jbergqvist/.gradle/caches/modules-2/files-2.1/org.springframework.data/spring-data-jpa/3.3.3/9b89dbd19eee24c4dc4df12564efc603c614aa91/spring-data-jpa-3.3.3.jar","/home/jbergqvist/.gradle/caches/modules-2/files-2.1/org.springframework/spring-aspects/6.1.12/b72435b5813755a894531e2cf1565eff1b313574/spring-aspects-6.1.12.jar","/home/jbergqvist/.gradle/caches/modules-2/files-2.1/org.springframework.boot/spring-boot-starter-json/3.3.3/3dde3b6089f772a77763020cc97a219307a8f39f/spring-boot-starter-json-3.3.3.jar","/home/jbergqvist/.gradle/caches/modules-2/files-2.1/org.springframework.boot/spring-boot-starter/3.3.3/174d6cb1c59036a01756d6bf4d8945325f94155f/spring-boot-starter-3.3.3.jar","/home/jbergqvist/.gradle/caches/modules-2/files-2.1/org.springframework.boot/spring-boot-starter-tomcat/3.3.3/8ca660b0ecba2f0ff8ce27603fe89953dc4ec18d/spring-boot-starter-tomcat-3.3.3.jar","/home/jbergqvist/.gradle/caches/modules-2/files-2.1/org.springdoc/springdoc-openapi-starter-webmvc-api/2.6.0/d235c2989247641e5dfe764d7add3a11e4d54a5f/springdoc-openapi-starter-webmvc-api-2.6.0.jar","/home/jbergqvist/.gradle/caches/modules-2/files-2.1/org.springframework/spring-webmvc/6.1.12/86bb0c203d68adb4b2675765f5a372f4c5254b2d/spring-webmvc-6.1.12.jar","/home/jbergqvist/.gradle/caches/modules-2/files-2.1/org.springframework/spring-web/6.1.12/b60e69b3ec87f8e001537a0fa7e3e2732dfafa7e/spring-web-6.1.12.jar","/home/jbergqvist/.gradle/caches/modules-2/files-2.1/org.webjars/swagger-ui/5.17.14/7c746d197424eb721b4e08fcaa9e85231662d81f/swagger-ui-5.17.14.jar","/home/jbergqvist/.gradle/caches/modules-2/files-2.1/io.socket/engine.io-client/2.1.0/fb421e5575e69e1181e5fed3eea351929017f08e/engine.io-client-2.1.0.jar","/home/jbergqvist/.gradle/caches/modules-2/files-2.1/org.springframework.boot/spring-boot-test-autoconfigure/3.3.3/ebce486202d965dc984ff8013a8f87fdb9b6fe46/spring-boot-test-autoconfigure-3.3.3.jar","/home/jbergqvist/.gradle/caches/modules-2/files-2.1/org.springframework.boot/spring-boot-test/3.3.3/42a314ffe171b6fb3932a86a884ef721467dc704/spring-boot-test-3.3.3.jar","/home/jbergqvist/.gradle/caches/modules-2/files-2.1/com.jayway.jsonpath/json-path/2.9.0/37fe2217f577b0b68b18e62c4d17a8858ecf9b69/json-path-2.9.0.jar","/home/jbergqvist/.gradle/caches/modules-2/files-2.1/org.glassfish.jaxb/jaxb-runtime/4.0.5/ca84c2a7169b5293e232b9d00d1e4e36d4c3914a/jaxb-runtime-4.0.5.jar","/home/jbergqvist/.gradle/caches/modules-2/files-2.1/org.glassfish.jaxb/jaxb-core/4.0.5/7b4b11ea5542eea4ad55e1080b23be436795b3/jaxb-core-4.0.5.jar","/home/jbergqvist/.gradle/caches/modules-2/files-2.1/org.springdoc/springdoc-openapi-starter-common/2.6.0/c8cf5fbd1f9e4c410d67f1de27dfc3529de13620/springdoc-openapi-starter-common-2.6.0.jar","/home/jbergqvist/.gradle/caches/modules-2/files-2.1/io.swagger.core.v3/swagger-core-jakarta/2.2.22/9ed5daaaa1c94c9a6b56c058c9d1b3190044a2e2/swagger-core-jakarta-2.2.22.jar","/home/jbergqvist/.gradle/caches/modules-2/files-2.1/jakarta.xml.bind/jakarta.xml.bind-api/4.0.2/6cd5a999b834b63238005b7144136379dc36cad2/jakarta.xml.bind-api-4.0.2.jar","/home/jbergqvist/.gradle/caches/modules-2/files-2.1/net.minidev/json-smart/2.5.1/4c11d2808d009132dfbbf947ebf37de6bf266c8e/json-smart-2.5.1.jar","/home/jbergqvist/.gradle/caches/modules-2/files-2.1/org.assertj/assertj-core/3.25.3/792b270e73aa1cfc28fa135be0b95e69ea451432/assertj-core-3.25.3.jar","/home/jbergqvist/.gradle/caches/modules-2/files-2.1/org.awaitility/awaitility/4.2.2/7336242073ebf83fe034e42b46a403c5501b63c9/awaitility-4.2.2.jar","/home/jbergqvist/.gradle/caches/modules-2/files-2.1/org.hamcrest/hamcrest/2.2/1820c0968dba3a11a1b30669bb1f01978a91dedc/hamcrest-2.2.jar","/home/jbergqvist/.gradle/caches/modules-2/files-2.1/org.mockito/mockito-junit-jupiter/5.11.0/8e658dd339f40305ed4293db25545b5df98b171b/mockito-junit-jupiter-5.11.0.jar","/home/jbergqvist/.gradle/caches/modules-2/files-2.1/org.junit.jupiter/junit-jupiter-params/5.10.3/4852f4e4af9074d9214213b199751f99efeab8b9/junit-jupiter-params-5.10.3.jar","/home/jbergqvist/.gradle/caches/modules-2/files-2.1/org.junit.jupiter/junit-jupiter-engine/5.10.3/48c14e866bb1a87ca35d24ff068463bb202ada24/junit-jupiter-engine-5.10.3.jar","/home/jbergqvist/.gradle/caches/modules-2/files-2.1/org.junit.jupiter/junit-jupiter-api/5.10.3/a22aa91d1d6c69b2020a9aeb6d095ea81132bfa5/junit-jupiter-api-5.10.3.jar","/home/jbergqvist/.gradle/caches/modules-2/files-2.1/org.junit.platform/junit-platform-engine/1.10.3/365a320c3cfd47f3346625e541e424e35dc75c42/junit-platform-engine-1.10.3.jar","/home/jbergqvist/.gradle/caches/modules-2/files-2.1/org.junit.platform/junit-platform-commons/1.10.3/a353d42a2f13343a7cb80c5228ae66ff64495481/junit-platform-commons-1.10.3.jar","/home/jbergqvist/.gradle/caches/modules-2/files-2.1/org.junit.jupiter/junit-jupiter/5.10.3/6686d8fbf251f9bf8ecba413cab57b9e00f9134d/junit-jupiter-5.10.3.jar","/home/jbergqvist/.gradle/caches/modules-2/files-2.1/org.mockito/mockito-core/5.11.0/e4069fa4f4ff2c94322cfec5f2e45341c6c70aff/mockito-core-5.11.0.jar","/home/jbergqvist/.gradle/caches/modules-2/files-2.1/org.skyscreamer/jsonassert/1.5.3/aaa43e0823d2a0e106e8754d6a9c4ab24e05e9bc/jsonassert-1.5.3.jar","/home/jbergqvist/.gradle/caches/modules-2/files-2.1/org.springframework/spring-test/6.1.12/ea59acc56a32e6a46f66c06e5d4c2b8e8c6a2869/spring-test-6.1.12.jar","/home/jbergqvist/.gradle/caches/modules-2/files-2.1/org.springframework.boot/spring-boot-autoconfigure/3.3.3/4445f0bbf838c1e3aeb5a83bf2367fbd1013237f/spring-boot-autoconfigure-3.3.3.jar","/home/jbergqvist/.gradle/caches/modules-2/files-2.1/org.springframework.boot/spring-boot/3.3.3/f34dba93611823e521800a47043267715184911b/spring-boot-3.3.3.jar","/home/jbergqvist/.gradle/caches/modules-2/files-2.1/org.springframework/spring-context/6.1.12/e69d476d1334935529a61f403749c6b8593e3272/spring-context-6.1.12.jar","/home/jbergqvist/.gradle/caches/modules-2/files-2.1/org.springframework/spring-aop/6.1.12/5fce5ff02455fad179fc0ea05435dfb79bbeaa66/spring-aop-6.1.12.jar","/home/jbergqvist/.gradle/caches/modules-2/files-2.1/org.springframework/spring-orm/6.1.12/9df98d9ebdfcf5359dbda945de515d8af2cabe89/spring-orm-6.1.12.jar","/home/jbergqvist/.gradle/caches/modules-2/files-2.1/org.springframework/spring-jdbc/6.1.12/feb177a07e109f633c3fb1892d22a2867d0b2284/spring-jdbc-6.1.12.jar","/home/jbergqvist/.gradle/caches/modules-2/files-2.1/org.springframework.data/spring-data-commons/3.3.3/89ab77494e1e56b058001354265e381a0a2868e6/spring-data-commons-3.3.3.jar","/home/jbergqvist/.gradle/caches/modules-2/files-2.1/org.springframework/spring-tx/6.1.12/c47885e494845584e08407b611031ea2bcef0ef7/spring-tx-6.1.12.jar","/home/jbergqvist/.gradle/caches/modules-2/files-2.1/org.springframework/spring-beans/6.1.12/f0344fa934f114a15f02c2b1a199189ec12b7eb5/spring-beans-6.1.12.jar","/home/jbergqvist/.gradle/caches/modules-2/files-2.1/org.springframework/spring-expression/6.1.12/644bbc2e65eb40feb7284b8570d7a7eb8b1fe8df/spring-expression-6.1.12.jar","/home/jbergqvist/.gradle/caches/modules-2/files-2.1/org.springframework/spring-core/6.1.12/5f4162fb645c4f72b57b21d721fce9f26edb9bb9/spring-core-6.1.12.jar","/home/jbergqvist/.gradle/caches/modules-2/files-2.1/org.xmlunit/xmlunit-core/2.9.1/e5833662d9a1279a37da3ef6f62a1da29fcd68c4/xmlunit-core-2.9.1.jar","/home/jbergqvist/.gradle/caches/modules-2/files-2.1/org.aspectj/aspectjweaver/1.9.22.1/bca243d0af0db4758fbae45c5f4995cb5dabb612/aspectjweaver-1.9.22.1.jar","/home/jbergqvist/.gradle/caches/modules-2/files-2.1/com.zaxxer/HikariCP/5.1.0/8c96e36c14461fc436bb02b264b96ef3ca5dca8c/HikariCP-5.1.0.jar","/home/jbergqvist/.gradle/caches/modules-2/files-2.1/jakarta.persistence/jakarta.persistence-api/3.1.0/66901fa1c373c6aff65c13791cc11da72060a8d6/jakarta.persistence-api-3.1.0.jar","/home/jbergqvist/.gradle/caches/modules-2/files-2.1/jakarta.transaction/jakarta.transaction-api/2.0.1/51a520e3fae406abb84e2e1148e6746ce3f80a1a/jakarta.transaction-api-2.0.1.jar","/home/jbergqvist/.gradle/caches/modules-2/files-2.1/org.jboss.logging/jboss-logging/3.5.3.Final/c88fc1d8a96d4c3491f55d4317458ccad53ca663/jboss-logging-3.5.3.Final.jar","/home/jbergqvist/.gradle/caches/modules-2/files-2.1/org.hibernate.common/hibernate-commons-annotations/6.0.6.Final/77a5f94b56d49508e0ee334751db5b78e5ccd50c/hibernate-commons-annotations-6.0.6.Final.jar","/home/jbergqvist/.gradle/caches/modules-2/files-2.1/io.smallrye/jandex/3.1.2/a6c1c89925c7df06242b03dddb353116ceb9584c/jandex-3.1.2.jar","/home/jbergqvist/.gradle/caches/modules-2/files-2.1/com.fasterxml/classmate/1.7.0/e98374da1f2143ac8e6e0a95036994bb19137a3/classmate-1.7.0.jar","/home/jbergqvist/.gradle/caches/modules-2/files-2.1/net.bytebuddy/byte-buddy/1.14.19/4c0c637b8f47dc08f89240e6f59900011752c97b/byte-buddy-1.14.19.jar","/home/jbergqvist/.gradle/caches/modules-2/files-2.1/jakarta.inject/jakarta.inject-api/2.0.1/4c28afe1991a941d7702fe1362c365f0a8641d1e/jakarta.inject-api-2.0.1.jar","/home/jbergqvist/.gradle/caches/modules-2/files-2.1/org.antlr/antlr4-runtime/4.13.0/5a02e48521624faaf5ff4d99afc88b01686af655/antlr4-runtime-4.13.0.jar","/home/jbergqvist/.gradle/caches/modules-2/files-2.1/jakarta.annotation/jakarta.annotation-api/2.1.1/48b9bda22b091b1f48b13af03fe36db3be6e1ae3/jakarta.annotation-api-2.1.1.jar","/home/jbergqvist/.gradle/caches/modules-2/files-2.1/org.springframework.boot/spring-boot-starter-logging/3.3.3/43d07b2e6bbb628c7fc5df103d35ee2eb091522/spring-boot-starter-logging-3.3.3.jar","/home/jbergqvist/.gradle/caches/modules-2/files-2.1/ch.qos.logback/logback-classic/1.5.7/ad4ff8ca015737ade8e8a9de07de565c423e5b7a/logback-classic-1.5.7.jar","/home/jbergqvist/.gradle/caches/modules-2/files-2.1/org.apache.logging.log4j/log4j-to-slf4j/2.23.1/425ad1eb8a39904d2830e907a324e956fb456520/log4j-to-slf4j-2.23.1.jar","/home/jbergqvist/.gradle/caches/modules-2/files-2.1/org.slf4j/jul-to-slf4j/2.0.16/6d57da3e961daac65bcca0dd3def6cd11e48a24a/jul-to-slf4j-2.0.16.jar","/home/jbergqvist/.gradle/caches/modules-2/files-2.1/org.slf4j/slf4j-api/2.0.16/172931663a09a1fa515567af5fbef00897d3c04/slf4j-api-2.0.16.jar","/home/jbergqvist/.gradle/caches/modules-2/files-2.1/com.fasterxml.jackson.datatype/jackson-datatype-jdk8/2.17.2/efd3dd0e1d0db8bc72abbe71c15e697bb83b4b45/jackson-datatype-jdk8-2.17.2.jar","/home/jbergqvist/.gradle/caches/modules-2/files-2.1/com.fasterxml.jackson.datatype/jackson-datatype-jsr310/2.17.2/267b85e9ba2892a37be6d80aa9ca1438a0d8c210/jackson-datatype-jsr310-2.17.2.jar","/home/jbergqvist/.gradle/caches/modules-2/files-2.1/com.fasterxml.jackson.module/jackson-module-parameter-names/2.17.2/d27b9f95ccce98984c1ba58d61c5a9c072b1ad95/jackson-module-parameter-names-2.17.2.jar","/home/jbergqvist/.gradle/caches/modules-2/files-2.1/com.fasterxml.jackson.core/jackson-databind/2.17.2/e6deb029e5901e027c129341fac39e515066b68c/jackson-databind-2.17.2.jar","/home/jbergqvist/.gradle/caches/modules-2/files-2.1/io.swagger.core.v3/swagger-models-jakarta/2.2.22/bc2809b2efa1f7b062bc9668304a84b198fececd/swagger-models-jakarta-2.2.22.jar","/home/jbergqvist/.gradle/caches/modules-2/files-2.1/com.fasterxml.jackson.core/jackson-annotations/2.17.2/147b7b9412ffff24339f8aba080b292448e08698/jackson-annotations-2.17.2.jar","/home/jbergqvist/.gradle/caches/modules-2/files-2.1/com.fasterxml.jackson.core/jackson-core/2.17.2/969a35cb35c86512acbadcdbbbfb044c877db814/jackson-core-2.17.2.jar","/home/jbergqvist/.gradle/caches/modules-2/files-2.1/com.fasterxml.jackson.dataformat/jackson-dataformat-yaml/2.17.2/78d2c73dbec62044d7cf3b544b2e0d24a1a093b0/jackson-dataformat-yaml-2.17.2.jar","/home/jbergqvist/.gradle/caches/modules-2/files-2.1/org.yaml/snakeyaml/2.2/3af797a25458550a16bf89acc8e4ab2b7f2bfce0/snakeyaml-2.2.jar","/home/jbergqvist/.gradle/caches/modules-2/files-2.1/org.apache.tomcat.embed/tomcat-embed-websocket/10.1.28/1a5ee88106795215e8a7b6cfea46e57cdfc96430/tomcat-embed-websocket-10.1.28.jar","/home/jbergqvist/.gradle/caches/modules-2/files-2.1/org.apache.tomcat.embed/tomcat-embed-core/10.1.28/624f53789b7ba96bc3c8e871fb5eed4cab5a7c89/tomcat-embed-core-10.1.28.jar","/home/jbergqvist/.gradle/caches/modules-2/files-2.1/org.apache.tomcat.embed/tomcat-embed-el/10.1.28/3220f687c5ffc8650559f08ecac5b149838627b3/tomcat-embed-el-10.1.28.jar","/home/jbergqvist/.gradle/caches/modules-2/files-2.1/io.micrometer/micrometer-observation/1.13.3/99840eb14ecf95d349f39123c867c2ca33808d/micrometer-observation-1.13.3.jar","/home/jbergqvist/.gradle/caches/modules-2/files-2.1/com.squareup.okhttp3/okhttp/4.12.0/2f4525d4a200e97e1b87449c2cd9bd2e25b7e8cd/okhttp-4.12.0.jar","/home/jbergqvist/.gradle/caches/modules-2/files-2.1/org.eclipse.angus/angus-activation/2.0.2/41f1e0ddd157c856926ed149ab837d110955a9fc/angus-activation-2.0.2.jar","/home/jbergqvist/.gradle/caches/modules-2/files-2.1/jakarta.activation/jakarta.activation-api/2.1.3/fa165bd70cda600368eee31555222776a46b881f/jakarta.activation-api-2.1.3.jar","/home/jbergqvist/.gradle/caches/modules-2/files-2.1/net.minidev/accessors-smart/2.5.1/19b820261eb2e7de7d5bde11d1c06e4501dd7e5f/accessors-smart-2.5.1.jar","/home/jbergqvist/.gradle/caches/modules-2/files-2.1/net.bytebuddy/byte-buddy-agent/1.14.19/154da3a65b4f4a909d3e5bdec55d1b2b4cbb6ce1/byte-buddy-agent-1.14.19.jar","/home/jbergqvist/.gradle/caches/modules-2/files-2.1/org.objenesis/objenesis/3.3/1049c09f1de4331e8193e579448d0916d75b7631/objenesis-3.3.jar","/home/jbergqvist/.gradle/caches/modules-2/files-2.1/com.vaadin.external.google/android-json/0.0.20131108.vaadin1/fa26d351fe62a6a17f5cda1287c1c6110dec413f/android-json-0.0.20131108.vaadin1.jar","/home/jbergqvist/.gradle/caches/modules-2/files-2.1/org.springframework/spring-jcl/6.1.12/f46d6016fd1dd3801a0e6fcd64789ac468254944/spring-jcl-6.1.12.jar","/home/jbergqvist/.gradle/caches/modules-2/files-2.1/io.micrometer/micrometer-commons/1.13.3/47b6b093cd6ba80c9da8d973ea79c7ef69a878d5/micrometer-commons-1.13.3.jar","/home/jbergqvist/.gradle/caches/modules-2/files-2.1/com.squareup.okio/okio-jvm/3.6.0/5600569133b7bdefe1daf9ec7f4abeb6d13e1786/okio-jvm-3.6.0.jar","/home/jbergqvist/.gradle/caches/modules-2/files-2.1/org.jetbrains.kotlin/kotlin-stdlib-jdk7/1.9.25/1c166692314a2639e5edfed0d23ed7eee4a5c7a5/kotlin-stdlib-jdk7-1.9.25.jar","/home/jbergqvist/.gradle/caches/modules-2/files-2.1/org.jetbrains.kotlin/kotlin-stdlib/1.9.25/f700a2f2b8f0d6d0fde48f56d894dc722fb029d7/kotlin-stdlib-1.9.25.jar","/home/jbergqvist/.gradle/caches/modules-2/files-2.1/org.jetbrains.kotlin/kotlin-stdlib-jdk8/1.9.25/20d44e880a284f7b5cd99dd69450b403073f49b2/kotlin-stdlib-jdk8-1.9.25.jar","/home/jbergqvist/.gradle/caches/modules-2/files-2.1/org.ow2.asm/asm/9.6/aa205cf0a06dbd8e04ece91c0b37c3f5d567546a/asm-9.6.jar","/home/jbergqvist/.gradle/caches/modules-2/files-2.1/org.opentest4j/opentest4j/1.3.0/152ea56b3a72f655d4fd677fc0ef2596c3dd5e6e/opentest4j-1.3.0.jar","/home/jbergqvist/.gradle/caches/modules-2/files-2.1/org.glassfish.jaxb/txw2/4.0.5/f36a4ef12120a9bb06d766d6a0e54b144fd7ed98/txw2-4.0.5.jar","/home/jbergqvist/.gradle/caches/modules-2/files-2.1/com.sun.istack/istack-commons-runtime/4.1.2/18ec117c85f3ba0ac65409136afa8e42bc74e739/istack-commons-runtime-4.1.2.jar","/home/jbergqvist/.gradle/caches/modules-2/files-2.1/ch.qos.logback/logback-core/1.5.7/ba0d0cbac3f21abd28faed3b4931d5b49cc5887e/logback-core-1.5.7.jar","/home/jbergqvist/.gradle/caches/modules-2/files-2.1/org.apache.logging.log4j/log4j-api/2.23.1/9c15c29c526d9c6783049c0a77722693c66706e1/log4j-api-2.23.1.jar","/home/jbergqvist/.gradle/caches/modules-2/files-2.1/org.apache.commons/commons-lang3/3.14.0/1ed471194b02f2c6cb734a0cd6f6f107c673afae/commons-lang3-3.14.0.jar","/home/jbergqvist/.gradle/caches/modules-2/files-2.1/io.swagger.core.v3/swagger-annotations-jakarta/2.2.22/1efc0b0af32fce629f0786062c89e8b117abe120/swagger-annotations-jakarta-2.2.22.jar","/home/jbergqvist/.gradle/caches/modules-2/files-2.1/jakarta.validation/jakarta.validation-api/3.0.2/92b6631659ba35ca09e44874d3eb936edfeee532/jakarta.validation-api-3.0.2.jar","/home/jbergqvist/.gradle/caches/modules-2/files-2.1/org.jetbrains/annotations/13.0/919f0dfe192fb4e063e7dacadee7f8bb9a2672a9/annotations-13.0.jar","/home/jbergqvist/.gradle/caches/modules-2/files-2.1/org.apiguardian/apiguardian-api/1.1.2/a231e0d844d2721b0fa1b238006d15c6ded6842a/apiguardian-api-1.1.2.jar"],"complianceLevel":"21","productionSources":["/home/jbergqvist/diffblue/finos-traderX/trade-processor/src/main/java"],"testSources":["/home/jbergqvist/diffblue/finos-traderX/trade-processor/src/test/java"],"productionClasses":"/home/jbergqvist/diffblue/finos-traderX/trade-processor/build/classes/java/main","testClasses":"/home/jbergqvist/diffblue/finos-traderX/trade-processor/build/classes/java/test","sourceToBuildPathMap":{"/home/jbergqvist/diffblue/finos-traderX/trade-processor/src/main/java":"/home/jbergqvist/diffblue/finos-traderX/trade-processor/build/classes/java/main"},"testSourceToBuildPathMap":{"/home/jbergqvist/diffblue/finos-traderX/trade-processor/src/test/java":"/home/jbergqvist/diffblue/finos-traderX/trade-processor/build/classes/java/test"},"buildDirectory":null,"plugins":[{"__type":"DefaultPlugin","groupId":null,"artefactId":null,"version":null,"pluginClassName":"com.diffblue.cover.buildsystem.gradle.plugin.CoverPlugin"},{"__type":"DefaultPlugin","groupId":null,"artefactId":null,"version":"8.8","pluginClassName":"org.gradle.api.plugins.HelpTasksPlugin$Inject"},{"__type":"DefaultPlugin","groupId":null,"artefactId":null,"version":"8.8","pluginClassName":"org.gradle.buildinit.plugins.BuildInitPlugin$Inject"},{"__type":"DefaultPlugin","groupId":null,"artefactId":null,"version":"8.8","pluginClassName":"org.gradle.buildinit.plugins.WrapperPlugin$Inject"},{"__type":"DefaultPlugin","groupId":null,"artefactId":null,"version":"8.8","pluginClassName":"org.gradle.language.base.plugins.LifecycleBasePlugin$Inject"},{"__type":"DefaultPlugin","groupId":null,"artefactId":null,"version":"8.8","pluginClassName":"org.gradle.api.plugins.BasePlugin$Inject"},{"__type":"DefaultPlugin","groupId":null,"artefactId":null,"version":"8.8","pluginClassName":"org.gradle.api.plugins.JvmEcosystemPlugin$Inject"},{"__type":"DefaultPlugin","groupId":null,"artefactId":null,"version":"8.8","pluginClassName":"org.gradle.api.plugins.ReportingBasePlugin$Inject"},{"__type":"DefaultPlugin","groupId":null,"artefactId":null,"version":"8.8","pluginClassName":"org.gradle.api.plugins.JvmToolchainsPlugin$Inject"},{"__type":"DefaultPlugin","groupId":null,"artefactId":null,"version":"8.8","pluginClassName":"org.gradle.api.plugins.JavaBasePlugin$Inject"},{"__type":"DefaultPlugin","groupId":null,"artefactId":null,"version":"8.8","pluginClassName":"org.gradle.testing.base.plugins.TestSuiteBasePlugin$Inject"},{"__type":"DefaultPlugin","groupId":null,"artefactId":null,"version":"8.8","pluginClassName":"org.gradle.api.plugins.JvmTestSuitePlugin$Inject"},{"__type":"DefaultPlugin","groupId":null,"artefactId":null,"version":"8.8","pluginClassName":"org.gradle.api.plugins.JavaPlugin$Inject"},{"__type":"DefaultPlugin","groupId":null,"artefactId":null,"version":"3.3.3","pluginClassName":"org.springframework.boot.gradle.plugin.SpringBootPlugin"},{"__type":"DefaultPlugin","groupId":null,"artefactId":null,"version":"1.1.6","pluginClassName":"io.spring.gradle.dependencymanagement.DependencyManagementPlugin"},{"__type":"DefaultPlugin","groupId":null,"artefactId":null,"version":"0.8.11","pluginClassName":"org.gradle.testing.jacoco.plugins.JacocoPlugin$Inject"}],"version":"8.8","encoding":"UTF-8","name":"gradle","subModules":[],"simpleModuleName":"trade-processor","parentModuleName":"","location":"/home/jbergqvist/diffblue/finos-traderX/trade-processor","fullModuleName":"trade-processor"},{"__type":"DefaultProjectModule","junitReport":["/home/jbergqvist/diffblue/finos-traderX/trade-service/build/test-results/test"],"jacocoReport":["/home/jbergqvist/diffblue/finos-traderX/trade-service/build/reports/jacoco/test/jacocoTestReport.xml"],"jacocoDestFile":["/home/jbergqvist/diffblue/finos-traderX/trade-service/build/jacoco/test.exec"],"jacocoFormats":null,"jacocoSkipped":false,"classpath":["/home/jbergqvist/diffblue/finos-traderX/trade-service/build/classes/java/test","/home/jbergqvist/diffblue/finos-traderX/trade-service/build/resources/test","/home/jbergqvist/diffblue/finos-traderX/trade-service/build/classes/java/main","/home/jbergqvist/diffblue/finos-traderX/trade-service/build/resources/main","/home/jbergqvist/.gradle/caches/modules-2/files-2.1/org.springframework.boot/spring-boot-starter-data-jpa/3.3.3/7eeb176d6130f7aa83405fe2985fe7cadc11ebc5/spring-boot-starter-data-jpa-3.3.3.jar","/home/jbergqvist/.gradle/caches/modules-2/files-2.1/org.springframework.boot/spring-boot-starter-web/3.3.3/f19325fefd33dc920c0f68547a798ed731a8c70c/spring-boot-starter-web-3.3.3.jar","/home/jbergqvist/.gradle/caches/modules-2/files-2.1/com.h2database/h2/2.2.224/7bdade27d8cd197d9b5ce9dc251f41d2edc5f7ad/h2-2.2.224.jar","/home/jbergqvist/.gradle/caches/modules-2/files-2.1/org.springdoc/springdoc-openapi-starter-webmvc-ui/2.6.0/2dddebb56441dbaa1009c4de434a83c65596f6ad/springdoc-openapi-starter-webmvc-ui-2.6.0.jar","/home/jbergqvist/.gradle/caches/modules-2/files-2.1/org.json/json/20240303/ebb88e8fb5122b7506d5cf1d69f1ccdb790d22a/json-20240303.jar","/home/jbergqvist/.gradle/caches/modules-2/files-2.1/io.socket/socket.io-client/2.1.0/d49d37d8c62bddec4d7d0a65add9859fab666d0e/socket.io-client-2.1.0.jar","/home/jbergqvist/.gradle/caches/modules-2/files-2.1/com.diffblue.cover/cover-annotations/1.8.0/9eb3621b5f61d1dd8d7fa1af6b2c8c3fcf8ee857/cover-annotations-1.8.0.jar","/home/jbergqvist/.gradle/caches/modules-2/files-2.1/org.springframework.boot/spring-boot-starter-test/3.3.3/6774cadaa893fce1f18ff5e528e17f75d32f6670/spring-boot-starter-test-3.3.3.jar","/home/jbergqvist/.gradle/caches/modules-2/files-2.1/org.springframework.boot/spring-boot-starter-aop/3.3.3/f64c22484c1ab36ae70abc752509ec4c7b1abcfc/spring-boot-starter-aop-3.3.3.jar","/home/jbergqvist/.gradle/caches/modules-2/files-2.1/org.springframework.boot/spring-boot-starter-jdbc/3.3.3/c97a56c12c79d1ce419a306ddee4ccb89b7d3728/spring-boot-starter-jdbc-3.3.3.jar","/home/jbergqvist/.gradle/caches/modules-2/files-2.1/org.hibernate.orm/hibernate-core/6.5.2.Final/e9e0cc47f6cd2b2553968aee66bd9e55e7485221/hibernate-core-6.5.2.Final.jar","/home/jbergqvist/.gradle/caches/modules-2/files-2.1/org.springframework.data/spring-data-jpa/3.3.3/9b89dbd19eee24c4dc4df12564efc603c614aa91/spring-data-jpa-3.3.3.jar","/home/jbergqvist/.gradle/caches/modules-2/files-2.1/org.springframework/spring-aspects/6.1.12/b72435b5813755a894531e2cf1565eff1b313574/spring-aspects-6.1.12.jar","/home/jbergqvist/.gradle/caches/modules-2/files-2.1/org.springframework.boot/spring-boot-starter-json/3.3.3/3dde3b6089f772a77763020cc97a219307a8f39f/spring-boot-starter-json-3.3.3.jar","/home/jbergqvist/.gradle/caches/modules-2/files-2.1/org.springframework.boot/spring-boot-starter/3.3.3/174d6cb1c59036a01756d6bf4d8945325f94155f/spring-boot-starter-3.3.3.jar","/home/jbergqvist/.gradle/caches/modules-2/files-2.1/org.springframework.boot/spring-boot-starter-tomcat/3.3.3/8ca660b0ecba2f0ff8ce27603fe89953dc4ec18d/spring-boot-starter-tomcat-3.3.3.jar","/home/jbergqvist/.gradle/caches/modules-2/files-2.1/org.springdoc/springdoc-openapi-starter-webmvc-api/2.6.0/d235c2989247641e5dfe764d7add3a11e4d54a5f/springdoc-openapi-starter-webmvc-api-2.6.0.jar","/home/jbergqvist/.gradle/caches/modules-2/files-2.1/org.springframework/spring-webmvc/6.1.12/86bb0c203d68adb4b2675765f5a372f4c5254b2d/spring-webmvc-6.1.12.jar","/home/jbergqvist/.gradle/caches/modules-2/files-2.1/org.springframework/spring-web/6.1.12/b60e69b3ec87f8e001537a0fa7e3e2732dfafa7e/spring-web-6.1.12.jar","/home/jbergqvist/.gradle/caches/modules-2/files-2.1/org.webjars/swagger-ui/5.17.14/7c746d197424eb721b4e08fcaa9e85231662d81f/swagger-ui-5.17.14.jar","/home/jbergqvist/.gradle/caches/modules-2/files-2.1/io.socket/engine.io-client/2.1.0/fb421e5575e69e1181e5fed3eea351929017f08e/engine.io-client-2.1.0.jar","/home/jbergqvist/.gradle/caches/modules-2/files-2.1/org.springframework.boot/spring-boot-test-autoconfigure/3.3.3/ebce486202d965dc984ff8013a8f87fdb9b6fe46/spring-boot-test-autoconfigure-3.3.3.jar","/home/jbergqvist/.gradle/caches/modules-2/files-2.1/org.springframework.boot/spring-boot-test/3.3.3/42a314ffe171b6fb3932a86a884ef721467dc704/spring-boot-test-3.3.3.jar","/home/jbergqvist/.gradle/caches/modules-2/files-2.1/com.jayway.jsonpath/json-path/2.9.0/37fe2217f577b0b68b18e62c4d17a8858ecf9b69/json-path-2.9.0.jar","/home/jbergqvist/.gradle/caches/modules-2/files-2.1/org.glassfish.jaxb/jaxb-runtime/4.0.5/ca84c2a7169b5293e232b9d00d1e4e36d4c3914a/jaxb-runtime-4.0.5.jar","/home/jbergqvist/.gradle/caches/modules-2/files-2.1/org.glassfish.jaxb/jaxb-core/4.0.5/7b4b11ea5542eea4ad55e1080b23be436795b3/jaxb-core-4.0.5.jar","/home/jbergqvist/.gradle/caches/modules-2/files-2.1/org.springdoc/springdoc-openapi-starter-common/2.6.0/c8cf5fbd1f9e4c410d67f1de27dfc3529de13620/springdoc-openapi-starter-common-2.6.0.jar","/home/jbergqvist/.gradle/caches/modules-2/files-2.1/io.swagger.core.v3/swagger-core-jakarta/2.2.22/9ed5daaaa1c94c9a6b56c058c9d1b3190044a2e2/swagger-core-jakarta-2.2.22.jar","/home/jbergqvist/.gradle/caches/modules-2/files-2.1/jakarta.xml.bind/jakarta.xml.bind-api/4.0.2/6cd5a999b834b63238005b7144136379dc36cad2/jakarta.xml.bind-api-4.0.2.jar","/home/jbergqvist/.gradle/caches/modules-2/files-2.1/net.minidev/json-smart/2.5.1/4c11d2808d009132dfbbf947ebf37de6bf266c8e/json-smart-2.5.1.jar","/home/jbergqvist/.gradle/caches/modules-2/files-2.1/org.assertj/assertj-core/3.25.3/792b270e73aa1cfc28fa135be0b95e69ea451432/assertj-core-3.25.3.jar","/home/jbergqvist/.gradle/caches/modules-2/files-2.1/org.awaitility/awaitility/4.2.2/7336242073ebf83fe034e42b46a403c5501b63c9/awaitility-4.2.2.jar","/home/jbergqvist/.gradle/caches/modules-2/files-2.1/org.hamcrest/hamcrest/2.2/1820c0968dba3a11a1b30669bb1f01978a91dedc/hamcrest-2.2.jar","/home/jbergqvist/.gradle/caches/modules-2/files-2.1/org.mockito/mockito-junit-jupiter/5.11.0/8e658dd339f40305ed4293db25545b5df98b171b/mockito-junit-jupiter-5.11.0.jar","/home/jbergqvist/.gradle/caches/modules-2/files-2.1/org.junit.jupiter/junit-jupiter-params/5.10.3/4852f4e4af9074d9214213b199751f99efeab8b9/junit-jupiter-params-5.10.3.jar","/home/jbergqvist/.gradle/caches/modules-2/files-2.1/org.junit.jupiter/junit-jupiter-engine/5.10.3/48c14e866bb1a87ca35d24ff068463bb202ada24/junit-jupiter-engine-5.10.3.jar","/home/jbergqvist/.gradle/caches/modules-2/files-2.1/org.junit.jupiter/junit-jupiter-api/5.10.3/a22aa91d1d6c69b2020a9aeb6d095ea81132bfa5/junit-jupiter-api-5.10.3.jar","/home/jbergqvist/.gradle/caches/modules-2/files-2.1/org.junit.platform/junit-platform-engine/1.10.3/365a320c3cfd47f3346625e541e424e35dc75c42/junit-platform-engine-1.10.3.jar","/home/jbergqvist/.gradle/caches/modules-2/files-2.1/org.junit.platform/junit-platform-commons/1.10.3/a353d42a2f13343a7cb80c5228ae66ff64495481/junit-platform-commons-1.10.3.jar","/home/jbergqvist/.gradle/caches/modules-2/files-2.1/org.junit.jupiter/junit-jupiter/5.10.3/6686d8fbf251f9bf8ecba413cab57b9e00f9134d/junit-jupiter-5.10.3.jar","/home/jbergqvist/.gradle/caches/modules-2/files-2.1/org.mockito/mockito-core/5.11.0/e4069fa4f4ff2c94322cfec5f2e45341c6c70aff/mockito-core-5.11.0.jar","/home/jbergqvist/.gradle/caches/modules-2/files-2.1/org.skyscreamer/jsonassert/1.5.3/aaa43e0823d2a0e106e8754d6a9c4ab24e05e9bc/jsonassert-1.5.3.jar","/home/jbergqvist/.gradle/caches/modules-2/files-2.1/org.springframework/spring-test/6.1.12/ea59acc56a32e6a46f66c06e5d4c2b8e8c6a2869/spring-test-6.1.12.jar","/home/jbergqvist/.gradle/caches/modules-2/files-2.1/org.springframework.boot/spring-boot-autoconfigure/3.3.3/4445f0bbf838c1e3aeb5a83bf2367fbd1013237f/spring-boot-autoconfigure-3.3.3.jar","/home/jbergqvist/.gradle/caches/modules-2/files-2.1/org.springframework.boot/spring-boot/3.3.3/f34dba93611823e521800a47043267715184911b/spring-boot-3.3.3.jar","/home/jbergqvist/.gradle/caches/modules-2/files-2.1/org.springframework/spring-context/6.1.12/e69d476d1334935529a61f403749c6b8593e3272/spring-context-6.1.12.jar","/home/jbergqvist/.gradle/caches/modules-2/files-2.1/org.springframework/spring-aop/6.1.12/5fce5ff02455fad179fc0ea05435dfb79bbeaa66/spring-aop-6.1.12.jar","/home/jbergqvist/.gradle/caches/modules-2/files-2.1/org.springframework/spring-orm/6.1.12/9df98d9ebdfcf5359dbda945de515d8af2cabe89/spring-orm-6.1.12.jar","/home/jbergqvist/.gradle/caches/modules-2/files-2.1/org.springframework/spring-jdbc/6.1.12/feb177a07e109f633c3fb1892d22a2867d0b2284/spring-jdbc-6.1.12.jar","/home/jbergqvist/.gradle/caches/modules-2/files-2.1/org.springframework.data/spring-data-commons/3.3.3/89ab77494e1e56b058001354265e381a0a2868e6/spring-data-commons-3.3.3.jar","/home/jbergqvist/.gradle/caches/modules-2/files-2.1/org.springframework/spring-tx/6.1.12/c47885e494845584e08407b611031ea2bcef0ef7/spring-tx-6.1.12.jar","/home/jbergqvist/.gradle/caches/modules-2/files-2.1/org.springframework/spring-beans/6.1.12/f0344fa934f114a15f02c2b1a199189ec12b7eb5/spring-beans-6.1.12.jar","/home/jbergqvist/.gradle/caches/modules-2/files-2.1/org.springframework/spring-expression/6.1.12/644bbc2e65eb40feb7284b8570d7a7eb8b1fe8df/spring-expression-6.1.12.jar","/home/jbergqvist/.gradle/caches/modules-2/files-2.1/org.springframework/spring-core/6.1.12/5f4162fb645c4f72b57b21d721fce9f26edb9bb9/spring-core-6.1.12.jar","/home/jbergqvist/.gradle/caches/modules-2/files-2.1/org.xmlunit/xmlunit-core/2.9.1/e5833662d9a1279a37da3ef6f62a1da29fcd68c4/xmlunit-core-2.9.1.jar","/home/jbergqvist/.gradle/caches/modules-2/files-2.1/org.aspectj/aspectjweaver/1.9.22.1/bca243d0af0db4758fbae45c5f4995cb5dabb612/aspectjweaver-1.9.22.1.jar","/home/jbergqvist/.gradle/caches/modules-2/files-2.1/com.zaxxer/HikariCP/5.1.0/8c96e36c14461fc436bb02b264b96ef3ca5dca8c/HikariCP-5.1.0.jar","/home/jbergqvist/.gradle/caches/modules-2/files-2.1/jakarta.persistence/jakarta.persistence-api/3.1.0/66901fa1c373c6aff65c13791cc11da72060a8d6/jakarta.persistence-api-3.1.0.jar","/home/jbergqvist/.gradle/caches/modules-2/files-2.1/jakarta.transaction/jakarta.transaction-api/2.0.1/51a520e3fae406abb84e2e1148e6746ce3f80a1a/jakarta.transaction-api-2.0.1.jar","/home/jbergqvist/.gradle/caches/modules-2/files-2.1/org.jboss.logging/jboss-logging/3.5.3.Final/c88fc1d8a96d4c3491f55d4317458ccad53ca663/jboss-logging-3.5.3.Final.jar","/home/jbergqvist/.gradle/caches/modules-2/files-2.1/org.hibernate.common/hibernate-commons-annotations/6.0.6.Final/77a5f94b56d49508e0ee334751db5b78e5ccd50c/hibernate-commons-annotations-6.0.6.Final.jar","/home/jbergqvist/.gradle/caches/modules-2/files-2.1/io.smallrye/jandex/3.1.2/a6c1c89925c7df06242b03dddb353116ceb9584c/jandex-3.1.2.jar","/home/jbergqvist/.gradle/caches/modules-2/files-2.1/com.fasterxml/classmate/1.7.0/e98374da1f2143ac8e6e0a95036994bb19137a3/classmate-1.7.0.jar","/home/jbergqvist/.gradle/caches/modules-2/files-2.1/net.bytebuddy/byte-buddy/1.14.19/4c0c637b8f47dc08f89240e6f59900011752c97b/byte-buddy-1.14.19.jar","/home/jbergqvist/.gradle/caches/modules-2/files-2.1/jakarta.inject/jakarta.inject-api/2.0.1/4c28afe1991a941d7702fe1362c365f0a8641d1e/jakarta.inject-api-2.0.1.jar","/home/jbergqvist/.gradle/caches/modules-2/files-2.1/org.antlr/antlr4-runtime/4.13.0/5a02e48521624faaf5ff4d99afc88b01686af655/antlr4-runtime-4.13.0.jar","/home/jbergqvist/.gradle/caches/modules-2/files-2.1/jakarta.annotation/jakarta.annotation-api/2.1.1/48b9bda22b091b1f48b13af03fe36db3be6e1ae3/jakarta.annotation-api-2.1.1.jar","/home/jbergqvist/.gradle/caches/modules-2/files-2.1/org.springframework.boot/spring-boot-starter-logging/3.3.3/43d07b2e6bbb628c7fc5df103d35ee2eb091522/spring-boot-starter-logging-3.3.3.jar","/home/jbergqvist/.gradle/caches/modules-2/files-2.1/ch.qos.logback/logback-classic/1.5.7/ad4ff8ca015737ade8e8a9de07de565c423e5b7a/logback-classic-1.5.7.jar","/home/jbergqvist/.gradle/caches/modules-2/files-2.1/org.apache.logging.log4j/log4j-to-slf4j/2.23.1/425ad1eb8a39904d2830e907a324e956fb456520/log4j-to-slf4j-2.23.1.jar","/home/jbergqvist/.gradle/caches/modules-2/files-2.1/org.slf4j/jul-to-slf4j/2.0.16/6d57da3e961daac65bcca0dd3def6cd11e48a24a/jul-to-slf4j-2.0.16.jar","/home/jbergqvist/.gradle/caches/modules-2/files-2.1/org.slf4j/slf4j-api/2.0.16/172931663a09a1fa515567af5fbef00897d3c04/slf4j-api-2.0.16.jar","/home/jbergqvist/.gradle/caches/modules-2/files-2.1/com.fasterxml.jackson.datatype/jackson-datatype-jsr310/2.17.2/267b85e9ba2892a37be6d80aa9ca1438a0d8c210/jackson-datatype-jsr310-2.17.2.jar","/home/jbergqvist/.gradle/caches/modules-2/files-2.1/com.fasterxml.jackson.module/jackson-module-parameter-names/2.17.2/d27b9f95ccce98984c1ba58d61c5a9c072b1ad95/jackson-module-parameter-names-2.17.2.jar","/home/jbergqvist/.gradle/caches/modules-2/files-2.1/io.swagger.core.v3/swagger-models-jakarta/2.2.22/bc2809b2efa1f7b062bc9668304a84b198fececd/swagger-models-jakarta-2.2.22.jar","/home/jbergqvist/.gradle/caches/modules-2/files-2.1/com.fasterxml.jackson.core/jackson-annotations/2.17.2/147b7b9412ffff24339f8aba080b292448e08698/jackson-annotations-2.17.2.jar","/home/jbergqvist/.gradle/caches/modules-2/files-2.1/com.fasterxml.jackson.dataformat/jackson-dataformat-yaml/2.17.2/78d2c73dbec62044d7cf3b544b2e0d24a1a093b0/jackson-dataformat-yaml-2.17.2.jar","/home/jbergqvist/.gradle/caches/modules-2/files-2.1/com.fasterxml.jackson.core/jackson-core/2.17.2/969a35cb35c86512acbadcdbbbfb044c877db814/jackson-core-2.17.2.jar","/home/jbergqvist/.gradle/caches/modules-2/files-2.1/com.fasterxml.jackson.datatype/jackson-datatype-jdk8/2.17.2/efd3dd0e1d0db8bc72abbe71c15e697bb83b4b45/jackson-datatype-jdk8-2.17.2.jar","/home/jbergqvist/.gradle/caches/modules-2/files-2.1/com.fasterxml.jackson.core/jackson-databind/2.17.2/e6deb029e5901e027c129341fac39e515066b68c/jackson-databind-2.17.2.jar","/home/jbergqvist/.gradle/caches/modules-2/files-2.1/org.apache.tomcat.embed/tomcat-embed-websocket/10.1.28/1a5ee88106795215e8a7b6cfea46e57cdfc96430/tomcat-embed-websocket-10.1.28.jar","/home/jbergqvist/.gradle/caches/modules-2/files-2.1/org.apache.tomcat.embed/tomcat-embed-core/10.1.28/624f53789b7ba96bc3c8e871fb5eed4cab5a7c89/tomcat-embed-core-10.1.28.jar","/home/jbergqvist/.gradle/caches/modules-2/files-2.1/org.apache.tomcat.embed/tomcat-embed-el/10.1.28/3220f687c5ffc8650559f08ecac5b149838627b3/tomcat-embed-el-10.1.28.jar","/home/jbergqvist/.gradle/caches/modules-2/files-2.1/io.micrometer/micrometer-observation/1.13.3/99840eb14ecf95d349f39123c867c2ca33808d/micrometer-observation-1.13.3.jar","/home/jbergqvist/.gradle/caches/modules-2/files-2.1/com.squareup.okhttp3/okhttp/4.12.0/2f4525d4a200e97e1b87449c2cd9bd2e25b7e8cd/okhttp-4.12.0.jar","/home/jbergqvist/.gradle/caches/modules-2/files-2.1/org.eclipse.angus/angus-activation/2.0.2/41f1e0ddd157c856926ed149ab837d110955a9fc/angus-activation-2.0.2.jar","/home/jbergqvist/.gradle/caches/modules-2/files-2.1/jakarta.activation/jakarta.activation-api/2.1.3/fa165bd70cda600368eee31555222776a46b881f/jakarta.activation-api-2.1.3.jar","/home/jbergqvist/.gradle/caches/modules-2/files-2.1/net.minidev/accessors-smart/2.5.1/19b820261eb2e7de7d5bde11d1c06e4501dd7e5f/accessors-smart-2.5.1.jar","/home/jbergqvist/.gradle/caches/modules-2/files-2.1/net.bytebuddy/byte-buddy-agent/1.14.19/154da3a65b4f4a909d3e5bdec55d1b2b4cbb6ce1/byte-buddy-agent-1.14.19.jar","/home/jbergqvist/.gradle/caches/modules-2/files-2.1/org.objenesis/objenesis/3.3/1049c09f1de4331e8193e579448d0916d75b7631/objenesis-3.3.jar","/home/jbergqvist/.gradle/caches/modules-2/files-2.1/com.vaadin.external.google/android-json/0.0.20131108.vaadin1/fa26d351fe62a6a17f5cda1287c1c6110dec413f/android-json-0.0.20131108.vaadin1.jar","/home/jbergqvist/.gradle/caches/modules-2/files-2.1/org.springframework/spring-jcl/6.1.12/f46d6016fd1dd3801a0e6fcd64789ac468254944/spring-jcl-6.1.12.jar","/home/jbergqvist/.gradle/caches/modules-2/files-2.1/io.micrometer/micrometer-commons/1.13.3/47b6b093cd6ba80c9da8d973ea79c7ef69a878d5/micrometer-commons-1.13.3.jar","/home/jbergqvist/.gradle/caches/modules-2/files-2.1/com.squareup.okio/okio-jvm/3.6.0/5600569133b7bdefe1daf9ec7f4abeb6d13e1786/okio-jvm-3.6.0.jar","/home/jbergqvist/.gradle/caches/modules-2/files-2.1/org.jetbrains.kotlin/kotlin-stdlib-jdk7/1.9.25/1c166692314a2639e5edfed0d23ed7eee4a5c7a5/kotlin-stdlib-jdk7-1.9.25.jar","/home/jbergqvist/.gradle/caches/modules-2/files-2.1/org.jetbrains.kotlin/kotlin-stdlib/1.9.25/f700a2f2b8f0d6d0fde48f56d894dc722fb029d7/kotlin-stdlib-1.9.25.jar","/home/jbergqvist/.gradle/caches/modules-2/files-2.1/org.jetbrains.kotlin/kotlin-stdlib-jdk8/1.9.25/20d44e880a284f7b5cd99dd69450b403073f49b2/kotlin-stdlib-jdk8-1.9.25.jar","/home/jbergqvist/.gradle/caches/modules-2/files-2.1/org.ow2.asm/asm/9.6/aa205cf0a06dbd8e04ece91c0b37c3f5d567546a/asm-9.6.jar","/home/jbergqvist/.gradle/caches/modules-2/files-2.1/org.opentest4j/opentest4j/1.3.0/152ea56b3a72f655d4fd677fc0ef2596c3dd5e6e/opentest4j-1.3.0.jar","/home/jbergqvist/.gradle/caches/modules-2/files-2.1/org.glassfish.jaxb/txw2/4.0.5/f36a4ef12120a9bb06d766d6a0e54b144fd7ed98/txw2-4.0.5.jar","/home/jbergqvist/.gradle/caches/modules-2/files-2.1/com.sun.istack/istack-commons-runtime/4.1.2/18ec117c85f3ba0ac65409136afa8e42bc74e739/istack-commons-runtime-4.1.2.jar","/home/jbergqvist/.gradle/caches/modules-2/files-2.1/ch.qos.logback/logback-core/1.5.7/ba0d0cbac3f21abd28faed3b4931d5b49cc5887e/logback-core-1.5.7.jar","/home/jbergqvist/.gradle/caches/modules-2/files-2.1/org.apache.logging.log4j/log4j-api/2.23.1/9c15c29c526d9c6783049c0a77722693c66706e1/log4j-api-2.23.1.jar","/home/jbergqvist/.gradle/caches/modules-2/files-2.1/org.apache.commons/commons-lang3/3.14.0/1ed471194b02f2c6cb734a0cd6f6f107c673afae/commons-lang3-3.14.0.jar","/home/jbergqvist/.gradle/caches/modules-2/files-2.1/io.swagger.core.v3/swagger-annotations-jakarta/2.2.22/1efc0b0af32fce629f0786062c89e8b117abe120/swagger-annotations-jakarta-2.2.22.jar","/home/jbergqvist/.gradle/caches/modules-2/files-2.1/jakarta.validation/jakarta.validation-api/3.0.2/92b6631659ba35ca09e44874d3eb936edfeee532/jakarta.validation-api-3.0.2.jar","/home/jbergqvist/.gradle/caches/modules-2/files-2.1/org.jetbrains/annotations/13.0/919f0dfe192fb4e063e7dacadee7f8bb9a2672a9/annotations-13.0.jar","/home/jbergqvist/.gradle/caches/modules-2/files-2.1/org.apiguardian/apiguardian-api/1.1.2/a231e0d844d2721b0fa1b238006d15c6ded6842a/apiguardian-api-1.1.2.jar"],"complianceLevel":"21","productionSources":["/home/jbergqvist/diffblue/finos-traderX/trade-service/src/main/java"],"testSources":["/home/jbergqvist/diffblue/finos-traderX/trade-service/src/test/java"],"productionClasses":"/home/jbergqvist/diffblue/finos-traderX/trade-service/build/classes/java/main","testClasses":"/home/jbergqvist/diffblue/finos-traderX/trade-service/build/classes/java/test","sourceToBuildPathMap":{"/home/jbergqvist/diffblue/finos-traderX/trade-service/src/main/java":"/home/jbergqvist/diffblue/finos-traderX/trade-service/build/classes/java/main"},"testSourceToBuildPathMap":{"/home/jbergqvist/diffblue/finos-traderX/trade-service/src/test/java":"/home/jbergqvist/diffblue/finos-traderX/trade-service/build/classes/java/test"},"buildDirectory":null,"plugins":[{"__type":"DefaultPlugin","groupId":null,"artefactId":null,"version":null,"pluginClassName":"com.diffblue.cover.buildsystem.gradle.plugin.CoverPlugin"},{"__type":"DefaultPlugin","groupId":null,"artefactId":null,"version":"8.8","pluginClassName":"org.gradle.api.plugins.HelpTasksPlugin$Inject"},{"__type":"DefaultPlugin","groupId":null,"artefactId":null,"version":"8.8","pluginClassName":"org.gradle.buildinit.plugins.BuildInitPlugin$Inject"},{"__type":"DefaultPlugin","groupId":null,"artefactId":null,"version":"8.8","pluginClassName":"org.gradle.buildinit.plugins.WrapperPlugin$Inject"},{"__type":"DefaultPlugin","groupId":null,"artefactId":null,"version":"8.8","pluginClassName":"org.gradle.language.base.plugins.LifecycleBasePlugin$Inject"},{"__type":"DefaultPlugin","groupId":null,"artefactId":null,"version":"8.8","pluginClassName":"org.gradle.api.plugins.BasePlugin$Inject"},{"__type":"DefaultPlugin","groupId":null,"artefactId":null,"version":"8.8","pluginClassName":"org.gradle.api.plugins.JvmEcosystemPlugin$Inject"},{"__type":"DefaultPlugin","groupId":null,"artefactId":null,"version":"8.8","pluginClassName":"org.gradle.api.plugins.ReportingBasePlugin$Inject"},{"__type":"DefaultPlugin","groupId":null,"artefactId":null,"version":"8.8","pluginClassName":"org.gradle.api.plugins.JvmToolchainsPlugin$Inject"},{"__type":"DefaultPlugin","groupId":null,"artefactId":null,"version":"8.8","pluginClassName":"org.gradle.api.plugins.JavaBasePlugin$Inject"},{"__type":"DefaultPlugin","groupId":null,"artefactId":null,"version":"8.8","pluginClassName":"org.gradle.testing.base.plugins.TestSuiteBasePlugin$Inject"},{"__type":"DefaultPlugin","groupId":null,"artefactId":null,"version":"8.8","pluginClassName":"org.gradle.api.plugins.JvmTestSuitePlugin$Inject"},{"__type":"DefaultPlugin","groupId":null,"artefactId":null,"version":"8.8","pluginClassName":"org.gradle.api.plugins.JavaPlugin$Inject"},{"__type":"DefaultPlugin","groupId":null,"artefactId":null,"version":"3.3.3","pluginClassName":"org.springframework.boot.gradle.plugin.SpringBootPlugin"},{"__type":"DefaultPlugin","groupId":null,"artefactId":null,"version":"1.1.6","pluginClassName":"io.spring.gradle.dependencymanagement.DependencyManagementPlugin"},{"__type":"DefaultPlugin","groupId":null,"artefactId":null,"version":"0.8.11","pluginClassName":"org.gradle.testing.jacoco.plugins.JacocoPlugin$Inject"}],"version":"8.8","encoding":"UTF-8","name":"gradle","subModules":[],"simpleModuleName":"trade-service","parentModuleName":"","location":"/home/jbergqvist/diffblue/finos-traderX/trade-service","fullModuleName":"trade-service"},{"__type":"DefaultProjectModule","junitReport":["/home/jbergqvist/diffblue/finos-traderX/position-service/build/test-results/test"],"jacocoReport":["/home/jbergqvist/diffblue/finos-traderX/position-service/build/reports/jacoco/test/jacocoTestReport.xml"],"jacocoDestFile":["/home/jbergqvist/diffblue/finos-traderX/position-service/build/jacoco/test.exec"],"jacocoFormats":null,"jacocoSkipped":false,"classpath":["/home/jbergqvist/diffblue/finos-traderX/position-service/build/classes/java/test","/home/jbergqvist/diffblue/finos-traderX/position-service/build/resources/test","/home/jbergqvist/diffblue/finos-traderX/position-service/build/classes/java/main","/home/jbergqvist/diffblue/finos-traderX/position-service/build/resources/main","/home/jbergqvist/.gradle/caches/modules-2/files-2.1/org.springframework.boot/spring-boot-starter-data-jpa/3.3.3/7eeb176d6130f7aa83405fe2985fe7cadc11ebc5/spring-boot-starter-data-jpa-3.3.3.jar","/home/jbergqvist/.gradle/caches/modules-2/files-2.1/org.springframework.boot/spring-boot-starter-web/3.3.3/f19325fefd33dc920c0f68547a798ed731a8c70c/spring-boot-starter-web-3.3.3.jar","/home/jbergqvist/.gradle/caches/modules-2/files-2.1/com.h2database/h2/2.2.224/7bdade27d8cd197d9b5ce9dc251f41d2edc5f7ad/h2-2.2.224.jar","/home/jbergqvist/.gradle/caches/modules-2/files-2.1/org.springdoc/springdoc-openapi-starter-webmvc-ui/2.6.0/2dddebb56441dbaa1009c4de434a83c65596f6ad/springdoc-openapi-starter-webmvc-ui-2.6.0.jar","/home/jbergqvist/.gradle/caches/modules-2/files-2.1/com.diffblue.cover/cover-annotations/1.8.0/9eb3621b5f61d1dd8d7fa1af6b2c8c3fcf8ee857/cover-annotations-1.8.0.jar","/home/jbergqvist/.gradle/caches/modules-2/files-2.1/org.springframework.boot/spring-boot-starter-test/3.3.3/6774cadaa893fce1f18ff5e528e17f75d32f6670/spring-boot-starter-test-3.3.3.jar","/home/jbergqvist/.gradle/caches/modules-2/files-2.1/org.springframework.boot/spring-boot-starter-aop/3.3.3/f64c22484c1ab36ae70abc752509ec4c7b1abcfc/spring-boot-starter-aop-3.3.3.jar","/home/jbergqvist/.gradle/caches/modules-2/files-2.1/org.springframework.boot/spring-boot-starter-jdbc/3.3.3/c97a56c12c79d1ce419a306ddee4ccb89b7d3728/spring-boot-starter-jdbc-3.3.3.jar","/home/jbergqvist/.gradle/caches/modules-2/files-2.1/org.hibernate.orm/hibernate-core/6.5.2.Final/e9e0cc47f6cd2b2553968aee66bd9e55e7485221/hibernate-core-6.5.2.Final.jar","/home/jbergqvist/.gradle/caches/modules-2/files-2.1/org.springframework.data/spring-data-jpa/3.3.3/9b89dbd19eee24c4dc4df12564efc603c614aa91/spring-data-jpa-3.3.3.jar","/home/jbergqvist/.gradle/caches/modules-2/files-2.1/org.springframework/spring-aspects/6.1.12/b72435b5813755a894531e2cf1565eff1b313574/spring-aspects-6.1.12.jar","/home/jbergqvist/.gradle/caches/modules-2/files-2.1/org.springframework.boot/spring-boot-starter-json/3.3.3/3dde3b6089f772a77763020cc97a219307a8f39f/spring-boot-starter-json-3.3.3.jar","/home/jbergqvist/.gradle/caches/modules-2/files-2.1/org.springframework.boot/spring-boot-starter/3.3.3/174d6cb1c59036a01756d6bf4d8945325f94155f/spring-boot-starter-3.3.3.jar","/home/jbergqvist/.gradle/caches/modules-2/files-2.1/org.springframework.boot/spring-boot-starter-tomcat/3.3.3/8ca660b0ecba2f0ff8ce27603fe89953dc4ec18d/spring-boot-starter-tomcat-3.3.3.jar","/home/jbergqvist/.gradle/caches/modules-2/files-2.1/org.springdoc/springdoc-openapi-starter-webmvc-api/2.6.0/d235c2989247641e5dfe764d7add3a11e4d54a5f/springdoc-openapi-starter-webmvc-api-2.6.0.jar","/home/jbergqvist/.gradle/caches/modules-2/files-2.1/org.springframework/spring-webmvc/6.1.12/86bb0c203d68adb4b2675765f5a372f4c5254b2d/spring-webmvc-6.1.12.jar","/home/jbergqvist/.gradle/caches/modules-2/files-2.1/org.springframework/spring-web/6.1.12/b60e69b3ec87f8e001537a0fa7e3e2732dfafa7e/spring-web-6.1.12.jar","/home/jbergqvist/.gradle/caches/modules-2/files-2.1/org.webjars/swagger-ui/5.17.14/7c746d197424eb721b4e08fcaa9e85231662d81f/swagger-ui-5.17.14.jar","/home/jbergqvist/.gradle/caches/modules-2/files-2.1/org.springframework.boot/spring-boot-test-autoconfigure/3.3.3/ebce486202d965dc984ff8013a8f87fdb9b6fe46/spring-boot-test-autoconfigure-3.3.3.jar","/home/jbergqvist/.gradle/caches/modules-2/files-2.1/org.springframework.boot/spring-boot-test/3.3.3/42a314ffe171b6fb3932a86a884ef721467dc704/spring-boot-test-3.3.3.jar","/home/jbergqvist/.gradle/caches/modules-2/files-2.1/com.jayway.jsonpath/json-path/2.9.0/37fe2217f577b0b68b18e62c4d17a8858ecf9b69/json-path-2.9.0.jar","/home/jbergqvist/.gradle/caches/modules-2/files-2.1/org.glassfish.jaxb/jaxb-runtime/4.0.5/ca84c2a7169b5293e232b9d00d1e4e36d4c3914a/jaxb-runtime-4.0.5.jar","/home/jbergqvist/.gradle/caches/modules-2/files-2.1/org.glassfish.jaxb/jaxb-core/4.0.5/7b4b11ea5542eea4ad55e1080b23be436795b3/jaxb-core-4.0.5.jar","/home/jbergqvist/.gradle/caches/modules-2/files-2.1/org.springdoc/springdoc-openapi-starter-common/2.6.0/c8cf5fbd1f9e4c410d67f1de27dfc3529de13620/springdoc-openapi-starter-common-2.6.0.jar","/home/jbergqvist/.gradle/caches/modules-2/files-2.1/io.swagger.core.v3/swagger-core-jakarta/2.2.22/9ed5daaaa1c94c9a6b56c058c9d1b3190044a2e2/swagger-core-jakarta-2.2.22.jar","/home/jbergqvist/.gradle/caches/modules-2/files-2.1/jakarta.xml.bind/jakarta.xml.bind-api/4.0.2/6cd5a999b834b63238005b7144136379dc36cad2/jakarta.xml.bind-api-4.0.2.jar","/home/jbergqvist/.gradle/caches/modules-2/files-2.1/net.minidev/json-smart/2.5.1/4c11d2808d009132dfbbf947ebf37de6bf266c8e/json-smart-2.5.1.jar","/home/jbergqvist/.gradle/caches/modules-2/files-2.1/org.assertj/assertj-core/3.25.3/792b270e73aa1cfc28fa135be0b95e69ea451432/assertj-core-3.25.3.jar","/home/jbergqvist/.gradle/caches/modules-2/files-2.1/org.awaitility/awaitility/4.2.2/7336242073ebf83fe034e42b46a403c5501b63c9/awaitility-4.2.2.jar","/home/jbergqvist/.gradle/caches/modules-2/files-2.1/org.hamcrest/hamcrest/2.2/1820c0968dba3a11a1b30669bb1f01978a91dedc/hamcrest-2.2.jar","/home/jbergqvist/.gradle/caches/modules-2/files-2.1/org.mockito/mockito-junit-jupiter/5.11.0/8e658dd339f40305ed4293db25545b5df98b171b/mockito-junit-jupiter-5.11.0.jar","/home/jbergqvist/.gradle/caches/modules-2/files-2.1/org.junit.jupiter/junit-jupiter-params/5.10.3/4852f4e4af9074d9214213b199751f99efeab8b9/junit-jupiter-params-5.10.3.jar","/home/jbergqvist/.gradle/caches/modules-2/files-2.1/org.junit.jupiter/junit-jupiter-engine/5.10.3/48c14e866bb1a87ca35d24ff068463bb202ada24/junit-jupiter-engine-5.10.3.jar","/home/jbergqvist/.gradle/caches/modules-2/files-2.1/org.junit.jupiter/junit-jupiter-api/5.10.3/a22aa91d1d6c69b2020a9aeb6d095ea81132bfa5/junit-jupiter-api-5.10.3.jar","/home/jbergqvist/.gradle/caches/modules-2/files-2.1/org.junit.platform/junit-platform-engine/1.10.3/365a320c3cfd47f3346625e541e424e35dc75c42/junit-platform-engine-1.10.3.jar","/home/jbergqvist/.gradle/caches/modules-2/files-2.1/org.junit.platform/junit-platform-commons/1.10.3/a353d42a2f13343a7cb80c5228ae66ff64495481/junit-platform-commons-1.10.3.jar","/home/jbergqvist/.gradle/caches/modules-2/files-2.1/org.junit.jupiter/junit-jupiter/5.10.3/6686d8fbf251f9bf8ecba413cab57b9e00f9134d/junit-jupiter-5.10.3.jar","/home/jbergqvist/.gradle/caches/modules-2/files-2.1/org.mockito/mockito-core/5.11.0/e4069fa4f4ff2c94322cfec5f2e45341c6c70aff/mockito-core-5.11.0.jar","/home/jbergqvist/.gradle/caches/modules-2/files-2.1/org.skyscreamer/jsonassert/1.5.3/aaa43e0823d2a0e106e8754d6a9c4ab24e05e9bc/jsonassert-1.5.3.jar","/home/jbergqvist/.gradle/caches/modules-2/files-2.1/org.springframework/spring-test/6.1.12/ea59acc56a32e6a46f66c06e5d4c2b8e8c6a2869/spring-test-6.1.12.jar","/home/jbergqvist/.gradle/caches/modules-2/files-2.1/org.springframework.boot/spring-boot-autoconfigure/3.3.3/4445f0bbf838c1e3aeb5a83bf2367fbd1013237f/spring-boot-autoconfigure-3.3.3.jar","/home/jbergqvist/.gradle/caches/modules-2/files-2.1/org.springframework.boot/spring-boot/3.3.3/f34dba93611823e521800a47043267715184911b/spring-boot-3.3.3.jar","/home/jbergqvist/.gradle/caches/modules-2/files-2.1/org.springframework/spring-context/6.1.12/e69d476d1334935529a61f403749c6b8593e3272/spring-context-6.1.12.jar","/home/jbergqvist/.gradle/caches/modules-2/files-2.1/org.springframework/spring-aop/6.1.12/5fce5ff02455fad179fc0ea05435dfb79bbeaa66/spring-aop-6.1.12.jar","/home/jbergqvist/.gradle/caches/modules-2/files-2.1/org.springframework/spring-orm/6.1.12/9df98d9ebdfcf5359dbda945de515d8af2cabe89/spring-orm-6.1.12.jar","/home/jbergqvist/.gradle/caches/modules-2/files-2.1/org.springframework/spring-jdbc/6.1.12/feb177a07e109f633c3fb1892d22a2867d0b2284/spring-jdbc-6.1.12.jar","/home/jbergqvist/.gradle/caches/modules-2/files-2.1/org.springframework.data/spring-data-commons/3.3.3/89ab77494e1e56b058001354265e381a0a2868e6/spring-data-commons-3.3.3.jar","/home/jbergqvist/.gradle/caches/modules-2/files-2.1/org.springframework/spring-tx/6.1.12/c47885e494845584e08407b611031ea2bcef0ef7/spring-tx-6.1.12.jar","/home/jbergqvist/.gradle/caches/modules-2/files-2.1/org.springframework/spring-beans/6.1.12/f0344fa934f114a15f02c2b1a199189ec12b7eb5/spring-beans-6.1.12.jar","/home/jbergqvist/.gradle/caches/modules-2/files-2.1/org.springframework/spring-expression/6.1.12/644bbc2e65eb40feb7284b8570d7a7eb8b1fe8df/spring-expression-6.1.12.jar","/home/jbergqvist/.gradle/caches/modules-2/files-2.1/org.springframework/spring-core/6.1.12/5f4162fb645c4f72b57b21d721fce9f26edb9bb9/spring-core-6.1.12.jar","/home/jbergqvist/.gradle/caches/modules-2/files-2.1/org.xmlunit/xmlunit-core/2.9.1/e5833662d9a1279a37da3ef6f62a1da29fcd68c4/xmlunit-core-2.9.1.jar","/home/jbergqvist/.gradle/caches/modules-2/files-2.1/org.aspectj/aspectjweaver/1.9.22.1/bca243d0af0db4758fbae45c5f4995cb5dabb612/aspectjweaver-1.9.22.1.jar","/home/jbergqvist/.gradle/caches/modules-2/files-2.1/com.zaxxer/HikariCP/5.1.0/8c96e36c14461fc436bb02b264b96ef3ca5dca8c/HikariCP-5.1.0.jar","/home/jbergqvist/.gradle/caches/modules-2/files-2.1/jakarta.persistence/jakarta.persistence-api/3.1.0/66901fa1c373c6aff65c13791cc11da72060a8d6/jakarta.persistence-api-3.1.0.jar","/home/jbergqvist/.gradle/caches/modules-2/files-2.1/jakarta.transaction/jakarta.transaction-api/2.0.1/51a520e3fae406abb84e2e1148e6746ce3f80a1a/jakarta.transaction-api-2.0.1.jar","/home/jbergqvist/.gradle/caches/modules-2/files-2.1/org.jboss.logging/jboss-logging/3.5.3.Final/c88fc1d8a96d4c3491f55d4317458ccad53ca663/jboss-logging-3.5.3.Final.jar","/home/jbergqvist/.gradle/caches/modules-2/files-2.1/org.hibernate.common/hibernate-commons-annotations/6.0.6.Final/77a5f94b56d49508e0ee334751db5b78e5ccd50c/hibernate-commons-annotations-6.0.6.Final.jar","/home/jbergqvist/.gradle/caches/modules-2/files-2.1/io.smallrye/jandex/3.1.2/a6c1c89925c7df06242b03dddb353116ceb9584c/jandex-3.1.2.jar","/home/jbergqvist/.gradle/caches/modules-2/files-2.1/com.fasterxml/classmate/1.7.0/e98374da1f2143ac8e6e0a95036994bb19137a3/classmate-1.7.0.jar","/home/jbergqvist/.gradle/caches/modules-2/files-2.1/net.bytebuddy/byte-buddy/1.14.19/4c0c637b8f47dc08f89240e6f59900011752c97b/byte-buddy-1.14.19.jar","/home/jbergqvist/.gradle/caches/modules-2/files-2.1/jakarta.inject/jakarta.inject-api/2.0.1/4c28afe1991a941d7702fe1362c365f0a8641d1e/jakarta.inject-api-2.0.1.jar","/home/jbergqvist/.gradle/caches/modules-2/files-2.1/org.antlr/antlr4-runtime/4.13.0/5a02e48521624faaf5ff4d99afc88b01686af655/antlr4-runtime-4.13.0.jar","/home/jbergqvist/.gradle/caches/modules-2/files-2.1/jakarta.annotation/jakarta.annotation-api/2.1.1/48b9bda22b091b1f48b13af03fe36db3be6e1ae3/jakarta.annotation-api-2.1.1.jar","/home/jbergqvist/.gradle/caches/modules-2/files-2.1/org.springframework.boot/spring-boot-starter-logging/3.3.3/43d07b2e6bbb628c7fc5df103d35ee2eb091522/spring-boot-starter-logging-3.3.3.jar","/home/jbergqvist/.gradle/caches/modules-2/files-2.1/ch.qos.logback/logback-classic/1.5.7/ad4ff8ca015737ade8e8a9de07de565c423e5b7a/logback-classic-1.5.7.jar","/home/jbergqvist/.gradle/caches/modules-2/files-2.1/org.apache.logging.log4j/log4j-to-slf4j/2.23.1/425ad1eb8a39904d2830e907a324e956fb456520/log4j-to-slf4j-2.23.1.jar","/home/jbergqvist/.gradle/caches/modules-2/files-2.1/org.slf4j/jul-to-slf4j/2.0.16/6d57da3e961daac65bcca0dd3def6cd11e48a24a/jul-to-slf4j-2.0.16.jar","/home/jbergqvist/.gradle/caches/modules-2/files-2.1/org.slf4j/slf4j-api/2.0.16/172931663a09a1fa515567af5fbef00897d3c04/slf4j-api-2.0.16.jar","/home/jbergqvist/.gradle/caches/modules-2/files-2.1/com.fasterxml.jackson.datatype/jackson-datatype-jdk8/2.17.2/efd3dd0e1d0db8bc72abbe71c15e697bb83b4b45/jackson-datatype-jdk8-2.17.2.jar","/home/jbergqvist/.gradle/caches/modules-2/files-2.1/com.fasterxml.jackson.datatype/jackson-datatype-jsr310/2.17.2/267b85e9ba2892a37be6d80aa9ca1438a0d8c210/jackson-datatype-jsr310-2.17.2.jar","/home/jbergqvist/.gradle/caches/modules-2/files-2.1/com.fasterxml.jackson.module/jackson-module-parameter-names/2.17.2/d27b9f95ccce98984c1ba58d61c5a9c072b1ad95/jackson-module-parameter-names-2.17.2.jar","/home/jbergqvist/.gradle/caches/modules-2/files-2.1/com.fasterxml.jackson.core/jackson-databind/2.17.2/e6deb029e5901e027c129341fac39e515066b68c/jackson-databind-2.17.2.jar","/home/jbergqvist/.gradle/caches/modules-2/files-2.1/io.swagger.core.v3/swagger-models-jakarta/2.2.22/bc2809b2efa1f7b062bc9668304a84b198fececd/swagger-models-jakarta-2.2.22.jar","/home/jbergqvist/.gradle/caches/modules-2/files-2.1/com.fasterxml.jackson.core/jackson-annotations/2.17.2/147b7b9412ffff24339f8aba080b292448e08698/jackson-annotations-2.17.2.jar","/home/jbergqvist/.gradle/caches/modules-2/files-2.1/com.fasterxml.jackson.core/jackson-core/2.17.2/969a35cb35c86512acbadcdbbbfb044c877db814/jackson-core-2.17.2.jar","/home/jbergqvist/.gradle/caches/modules-2/files-2.1/com.fasterxml.jackson.dataformat/jackson-dataformat-yaml/2.17.2/78d2c73dbec62044d7cf3b544b2e0d24a1a093b0/jackson-dataformat-yaml-2.17.2.jar","/home/jbergqvist/.gradle/caches/modules-2/files-2.1/org.yaml/snakeyaml/2.2/3af797a25458550a16bf89acc8e4ab2b7f2bfce0/snakeyaml-2.2.jar","/home/jbergqvist/.gradle/caches/modules-2/files-2.1/org.apache.tomcat.embed/tomcat-embed-websocket/10.1.28/1a5ee88106795215e8a7b6cfea46e57cdfc96430/tomcat-embed-websocket-10.1.28.jar","/home/jbergqvist/.gradle/caches/modules-2/files-2.1/org.apache.tomcat.embed/tomcat-embed-core/10.1.28/624f53789b7ba96bc3c8e871fb5eed4cab5a7c89/tomcat-embed-core-10.1.28.jar","/home/jbergqvist/.gradle/caches/modules-2/files-2.1/org.apache.tomcat.embed/tomcat-embed-el/10.1.28/3220f687c5ffc8650559f08ecac5b149838627b3/tomcat-embed-el-10.1.28.jar","/home/jbergqvist/.gradle/caches/modules-2/files-2.1/io.micrometer/micrometer-observation/1.13.3/99840eb14ecf95d349f39123c867c2ca33808d/micrometer-observation-1.13.3.jar","/home/jbergqvist/.gradle/caches/modules-2/files-2.1/org.eclipse.angus/angus-activation/2.0.2/41f1e0ddd157c856926ed149ab837d110955a9fc/angus-activation-2.0.2.jar","/home/jbergqvist/.gradle/caches/modules-2/files-2.1/jakarta.activation/jakarta.activation-api/2.1.3/fa165bd70cda600368eee31555222776a46b881f/jakarta.activation-api-2.1.3.jar","/home/jbergqvist/.gradle/caches/modules-2/files-2.1/net.minidev/accessors-smart/2.5.1/19b820261eb2e7de7d5bde11d1c06e4501dd7e5f/accessors-smart-2.5.1.jar","/home/jbergqvist/.gradle/caches/modules-2/files-2.1/net.bytebuddy/byte-buddy-agent/1.14.19/154da3a65b4f4a909d3e5bdec55d1b2b4cbb6ce1/byte-buddy-agent-1.14.19.jar","/home/jbergqvist/.gradle/caches/modules-2/files-2.1/org.objenesis/objenesis/3.3/1049c09f1de4331e8193e579448d0916d75b7631/objenesis-3.3.jar","/home/jbergqvist/.gradle/caches/modules-2/files-2.1/com.vaadin.external.google/android-json/0.0.20131108.vaadin1/fa26d351fe62a6a17f5cda1287c1c6110dec413f/android-json-0.0.20131108.vaadin1.jar","/home/jbergqvist/.gradle/caches/modules-2/files-2.1/org.springframework/spring-jcl/6.1.12/f46d6016fd1dd3801a0e6fcd64789ac468254944/spring-jcl-6.1.12.jar","/home/jbergqvist/.gradle/caches/modules-2/files-2.1/io.micrometer/micrometer-commons/1.13.3/47b6b093cd6ba80c9da8d973ea79c7ef69a878d5/micrometer-commons-1.13.3.jar","/home/jbergqvist/.gradle/caches/modules-2/files-2.1/org.ow2.asm/asm/9.6/aa205cf0a06dbd8e04ece91c0b37c3f5d567546a/asm-9.6.jar","/home/jbergqvist/.gradle/caches/modules-2/files-2.1/org.opentest4j/opentest4j/1.3.0/152ea56b3a72f655d4fd677fc0ef2596c3dd5e6e/opentest4j-1.3.0.jar","/home/jbergqvist/.gradle/caches/modules-2/files-2.1/org.glassfish.jaxb/txw2/4.0.5/f36a4ef12120a9bb06d766d6a0e54b144fd7ed98/txw2-4.0.5.jar","/home/jbergqvist/.gradle/caches/modules-2/files-2.1/com.sun.istack/istack-commons-runtime/4.1.2/18ec117c85f3ba0ac65409136afa8e42bc74e739/istack-commons-runtime-4.1.2.jar","/home/jbergqvist/.gradle/caches/modules-2/files-2.1/ch.qos.logback/logback-core/1.5.7/ba0d0cbac3f21abd28faed3b4931d5b49cc5887e/logback-core-1.5.7.jar","/home/jbergqvist/.gradle/caches/modules-2/files-2.1/org.apache.logging.log4j/log4j-api/2.23.1/9c15c29c526d9c6783049c0a77722693c66706e1/log4j-api-2.23.1.jar","/home/jbergqvist/.gradle/caches/modules-2/files-2.1/org.apache.commons/commons-lang3/3.14.0/1ed471194b02f2c6cb734a0cd6f6f107c673afae/commons-lang3-3.14.0.jar","/home/jbergqvist/.gradle/caches/modules-2/files-2.1/io.swagger.core.v3/swagger-annotations-jakarta/2.2.22/1efc0b0af32fce629f0786062c89e8b117abe120/swagger-annotations-jakarta-2.2.22.jar","/home/jbergqvist/.gradle/caches/modules-2/files-2.1/jakarta.validation/jakarta.validation-api/3.0.2/92b6631659ba35ca09e44874d3eb936edfeee532/jakarta.validation-api-3.0.2.jar","/home/jbergqvist/.gradle/caches/modules-2/files-2.1/org.apiguardian/apiguardian-api/1.1.2/a231e0d844d2721b0fa1b238006d15c6ded6842a/apiguardian-api-1.1.2.jar"],"complianceLevel":"21","productionSources":["/home/jbergqvist/diffblue/finos-traderX/position-service/src/main/java"],"testSources":["/home/jbergqvist/diffblue/finos-traderX/position-service/src/test/java"],"productionClasses":"/home/jbergqvist/diffblue/finos-traderX/position-service/build/classes/java/main","testClasses":"/home/jbergqvist/diffblue/finos-traderX/position-service/build/classes/java/test","sourceToBuildPathMap":{"/home/jbergqvist/diffblue/finos-traderX/position-service/src/main/java":"/home/jbergqvist/diffblue/finos-traderX/position-service/build/classes/java/main"},"testSourceToBuildPathMap":{"/home/jbergqvist/diffblue/finos-traderX/position-service/src/test/java":"/home/jbergqvist/diffblue/finos-traderX/position-service/build/classes/java/test"},"buildDirectory":null,"plugins":[{"__type":"DefaultPlugin","groupId":null,"artefactId":null,"version":null,"pluginClassName":"com.diffblue.cover.buildsystem.gradle.plugin.CoverPlugin"},{"__type":"DefaultPlugin","groupId":null,"artefactId":null,"version":"8.8","pluginClassName":"org.gradle.api.plugins.HelpTasksPlugin$Inject"},{"__type":"DefaultPlugin","groupId":null,"artefactId":null,"version":"8.8","pluginClassName":"org.gradle.buildinit.plugins.BuildInitPlugin$Inject"},{"__type":"DefaultPlugin","groupId":null,"artefactId":null,"version":"8.8","pluginClassName":"org.gradle.buildinit.plugins.WrapperPlugin$Inject"},{"__type":"DefaultPlugin","groupId":null,"artefactId":null,"version":"8.8","pluginClassName":"org.gradle.language.base.plugins.LifecycleBasePlugin$Inject"},{"__type":"DefaultPlugin","groupId":null,"artefactId":null,"version":"8.8","pluginClassName":"org.gradle.api.plugins.BasePlugin$Inject"},{"__type":"DefaultPlugin","groupId":null,"artefactId":null,"version":"8.8","pluginClassName":"org.gradle.api.plugins.JvmEcosystemPlugin$Inject"},{"__type":"DefaultPlugin","groupId":null,"artefactId":null,"version":"8.8","pluginClassName":"org.gradle.api.plugins.ReportingBasePlugin$Inject"},{"__type":"DefaultPlugin","groupId":null,"artefactId":null,"version":"8.8","pluginClassName":"org.gradle.api.plugins.JvmToolchainsPlugin$Inject"},{"__type":"DefaultPlugin","groupId":null,"artefactId":null,"version":"8.8","pluginClassName":"org.gradle.api.plugins.JavaBasePlugin$Inject"},{"__type":"DefaultPlugin","groupId":null,"artefactId":null,"version":"8.8","pluginClassName":"org.gradle.testing.base.plugins.TestSuiteBasePlugin$Inject"},{"__type":"DefaultPlugin","groupId":null,"artefactId":null,"version":"8.8","pluginClassName":"org.gradle.api.plugins.JvmTestSuitePlugin$Inject"},{"__type":"DefaultPlugin","groupId":null,"artefactId":null,"version":"8.8","pluginClassName":"org.gradle.api.plugins.JavaPlugin$Inject"},{"__type":"DefaultPlugin","groupId":null,"artefactId":null,"version":"3.3.3","pluginClassName":"org.springframework.boot.gradle.plugin.SpringBootPlugin"},{"__type":"DefaultPlugin","groupId":null,"artefactId":null,"version":"1.1.6","pluginClassName":"io.spring.gradle.dependencymanagement.DependencyManagementPlugin"},{"__type":"DefaultPlugin","groupId":null,"artefactId":null,"version":"0.8.11","pluginClassName":"org.gradle.testing.jacoco.plugins.JacocoPlugin$Inject"}],"version":"8.8","encoding":"UTF-8","name":"gradle","subModules":[],"simpleModuleName":"position-service","parentModuleName":"","location":"/home/jbergqvist/diffblue/finos-traderX/position-service","fullModuleName":"position-service"},{"__type":"DefaultProjectModule","junitReport":["/home/jbergqvist/diffblue/finos-traderX/account-service/build/test-results/test"],"jacocoReport":["/home/jbergqvist/diffblue/finos-traderX/account-service/build/reports/jacoco/test/jacocoTestReport.xml"],"jacocoDestFile":["/home/jbergqvist/diffblue/finos-traderX/account-service/build/jacoco/test.exec"],"jacocoFormats":null,"jacocoSkipped":false,"classpath":["/home/jbergqvist/diffblue/finos-traderX/account-service/build/classes/java/test","/home/jbergqvist/diffblue/finos-traderX/account-service/build/resources/test","/home/jbergqvist/diffblue/finos-traderX/account-service/build/classes/java/main","/home/jbergqvist/diffblue/finos-traderX/account-service/build/resources/main","/home/jbergqvist/.gradle/caches/modules-2/files-2.1/org.springframework.boot/spring-boot-starter-data-jpa/3.3.3/7eeb176d6130f7aa83405fe2985fe7cadc11ebc5/spring-boot-starter-data-jpa-3.3.3.jar","/home/jbergqvist/.gradle/caches/modules-2/files-2.1/org.springframework.boot/spring-boot-starter-web/3.3.3/f19325fefd33dc920c0f68547a798ed731a8c70c/spring-boot-starter-web-3.3.3.jar","/home/jbergqvist/.gradle/caches/modules-2/files-2.1/com.h2database/h2/2.2.224/7bdade27d8cd197d9b5ce9dc251f41d2edc5f7ad/h2-2.2.224.jar","/home/jbergqvist/.gradle/caches/modules-2/files-2.1/org.springdoc/springdoc-openapi-starter-webmvc-ui/2.6.0/2dddebb56441dbaa1009c4de434a83c65596f6ad/springdoc-openapi-starter-webmvc-ui-2.6.0.jar","/home/jbergqvist/.gradle/caches/modules-2/files-2.1/com.diffblue.cover/cover-annotations/1.8.0/9eb3621b5f61d1dd8d7fa1af6b2c8c3fcf8ee857/cover-annotations-1.8.0.jar","/home/jbergqvist/.gradle/caches/modules-2/files-2.1/org.springframework.boot/spring-boot-starter-test/3.3.3/6774cadaa893fce1f18ff5e528e17f75d32f6670/spring-boot-starter-test-3.3.3.jar","/home/jbergqvist/.gradle/caches/modules-2/files-2.1/org.springframework.boot/spring-boot-starter-aop/3.3.3/f64c22484c1ab36ae70abc752509ec4c7b1abcfc/spring-boot-starter-aop-3.3.3.jar","/home/jbergqvist/.gradle/caches/modules-2/files-2.1/org.springframework.boot/spring-boot-starter-jdbc/3.3.3/c97a56c12c79d1ce419a306ddee4ccb89b7d3728/spring-boot-starter-jdbc-3.3.3.jar","/home/jbergqvist/.gradle/caches/modules-2/files-2.1/org.hibernate.orm/hibernate-core/6.5.2.Final/e9e0cc47f6cd2b2553968aee66bd9e55e7485221/hibernate-core-6.5.2.Final.jar","/home/jbergqvist/.gradle/caches/modules-2/files-2.1/org.springframework.data/spring-data-jpa/3.3.3/9b89dbd19eee24c4dc4df12564efc603c614aa91/spring-data-jpa-3.3.3.jar","/home/jbergqvist/.gradle/caches/modules-2/files-2.1/org.springframework/spring-aspects/6.1.12/b72435b5813755a894531e2cf1565eff1b313574/spring-aspects-6.1.12.jar","/home/jbergqvist/.gradle/caches/modules-2/files-2.1/org.springframework.boot/spring-boot-starter-json/3.3.3/3dde3b6089f772a77763020cc97a219307a8f39f/spring-boot-starter-json-3.3.3.jar","/home/jbergqvist/.gradle/caches/modules-2/files-2.1/org.springframework.boot/spring-boot-starter/3.3.3/174d6cb1c59036a01756d6bf4d8945325f94155f/spring-boot-starter-3.3.3.jar","/home/jbergqvist/.gradle/caches/modules-2/files-2.1/org.springframework.boot/spring-boot-starter-tomcat/3.3.3/8ca660b0ecba2f0ff8ce27603fe89953dc4ec18d/spring-boot-starter-tomcat-3.3.3.jar","/home/jbergqvist/.gradle/caches/modules-2/files-2.1/org.springdoc/springdoc-openapi-starter-webmvc-api/2.6.0/d235c2989247641e5dfe764d7add3a11e4d54a5f/springdoc-openapi-starter-webmvc-api-2.6.0.jar","/home/jbergqvist/.gradle/caches/modules-2/files-2.1/org.springframework/spring-webmvc/6.1.12/86bb0c203d68adb4b2675765f5a372f4c5254b2d/spring-webmvc-6.1.12.jar","/home/jbergqvist/.gradle/caches/modules-2/files-2.1/org.springframework/spring-web/6.1.12/b60e69b3ec87f8e001537a0fa7e3e2732dfafa7e/spring-web-6.1.12.jar","/home/jbergqvist/.gradle/caches/modules-2/files-2.1/org.webjars/swagger-ui/5.17.14/7c746d197424eb721b4e08fcaa9e85231662d81f/swagger-ui-5.17.14.jar","/home/jbergqvist/.gradle/caches/modules-2/files-2.1/org.springframework.boot/spring-boot-test-autoconfigure/3.3.3/ebce486202d965dc984ff8013a8f87fdb9b6fe46/spring-boot-test-autoconfigure-3.3.3.jar","/home/jbergqvist/.gradle/caches/modules-2/files-2.1/org.springframework.boot/spring-boot-test/3.3.3/42a314ffe171b6fb3932a86a884ef721467dc704/spring-boot-test-3.3.3.jar","/home/jbergqvist/.gradle/caches/modules-2/files-2.1/com.jayway.jsonpath/json-path/2.9.0/37fe2217f577b0b68b18e62c4d17a8858ecf9b69/json-path-2.9.0.jar","/home/jbergqvist/.gradle/caches/modules-2/files-2.1/org.glassfish.jaxb/jaxb-runtime/4.0.5/ca84c2a7169b5293e232b9d00d1e4e36d4c3914a/jaxb-runtime-4.0.5.jar","/home/jbergqvist/.gradle/caches/modules-2/files-2.1/org.glassfish.jaxb/jaxb-core/4.0.5/7b4b11ea5542eea4ad55e1080b23be436795b3/jaxb-core-4.0.5.jar","/home/jbergqvist/.gradle/caches/modules-2/files-2.1/org.springdoc/springdoc-openapi-starter-common/2.6.0/c8cf5fbd1f9e4c410d67f1de27dfc3529de13620/springdoc-openapi-starter-common-2.6.0.jar","/home/jbergqvist/.gradle/caches/modules-2/files-2.1/io.swagger.core.v3/swagger-core-jakarta/2.2.22/9ed5daaaa1c94c9a6b56c058c9d1b3190044a2e2/swagger-core-jakarta-2.2.22.jar","/home/jbergqvist/.gradle/caches/modules-2/files-2.1/jakarta.xml.bind/jakarta.xml.bind-api/4.0.2/6cd5a999b834b63238005b7144136379dc36cad2/jakarta.xml.bind-api-4.0.2.jar","/home/jbergqvist/.gradle/caches/modules-2/files-2.1/net.minidev/json-smart/2.5.1/4c11d2808d009132dfbbf947ebf37de6bf266c8e/json-smart-2.5.1.jar","/home/jbergqvist/.gradle/caches/modules-2/files-2.1/org.assertj/assertj-core/3.25.3/792b270e73aa1cfc28fa135be0b95e69ea451432/assertj-core-3.25.3.jar","/home/jbergqvist/.gradle/caches/modules-2/files-2.1/org.awaitility/awaitility/4.2.2/7336242073ebf83fe034e42b46a403c5501b63c9/awaitility-4.2.2.jar","/home/jbergqvist/.gradle/caches/modules-2/files-2.1/org.hamcrest/hamcrest/2.2/1820c0968dba3a11a1b30669bb1f01978a91dedc/hamcrest-2.2.jar","/home/jbergqvist/.gradle/caches/modules-2/files-2.1/org.mockito/mockito-junit-jupiter/5.11.0/8e658dd339f40305ed4293db25545b5df98b171b/mockito-junit-jupiter-5.11.0.jar","/home/jbergqvist/.gradle/caches/modules-2/files-2.1/org.junit.jupiter/junit-jupiter-params/5.10.3/4852f4e4af9074d9214213b199751f99efeab8b9/junit-jupiter-params-5.10.3.jar","/home/jbergqvist/.gradle/caches/modules-2/files-2.1/org.junit.jupiter/junit-jupiter-engine/5.10.3/48c14e866bb1a87ca35d24ff068463bb202ada24/junit-jupiter-engine-5.10.3.jar","/home/jbergqvist/.gradle/caches/modules-2/files-2.1/org.junit.jupiter/junit-jupiter-api/5.10.3/a22aa91d1d6c69b2020a9aeb6d095ea81132bfa5/junit-jupiter-api-5.10.3.jar","/home/jbergqvist/.gradle/caches/modules-2/files-2.1/org.junit.platform/junit-platform-engine/1.10.3/365a320c3cfd47f3346625e541e424e35dc75c42/junit-platform-engine-1.10.3.jar","/home/jbergqvist/.gradle/caches/modules-2/files-2.1/org.junit.platform/junit-platform-commons/1.10.3/a353d42a2f13343a7cb80c5228ae66ff64495481/junit-platform-commons-1.10.3.jar","/home/jbergqvist/.gradle/caches/modules-2/files-2.1/org.junit.jupiter/junit-jupiter/5.10.3/6686d8fbf251f9bf8ecba413cab57b9e00f9134d/junit-jupiter-5.10.3.jar","/home/jbergqvist/.gradle/caches/modules-2/files-2.1/org.mockito/mockito-core/5.11.0/e4069fa4f4ff2c94322cfec5f2e45341c6c70aff/mockito-core-5.11.0.jar","/home/jbergqvist/.gradle/caches/modules-2/files-2.1/org.skyscreamer/jsonassert/1.5.3/aaa43e0823d2a0e106e8754d6a9c4ab24e05e9bc/jsonassert-1.5.3.jar","/home/jbergqvist/.gradle/caches/modules-2/files-2.1/org.springframework/spring-test/6.1.12/ea59acc56a32e6a46f66c06e5d4c2b8e8c6a2869/spring-test-6.1.12.jar","/home/jbergqvist/.gradle/caches/modules-2/files-2.1/org.springframework.boot/spring-boot-autoconfigure/3.3.3/4445f0bbf838c1e3aeb5a83bf2367fbd1013237f/spring-boot-autoconfigure-3.3.3.jar","/home/jbergqvist/.gradle/caches/modules-2/files-2.1/org.springframework.boot/spring-boot/3.3.3/f34dba93611823e521800a47043267715184911b/spring-boot-3.3.3.jar","/home/jbergqvist/.gradle/caches/modules-2/files-2.1/org.springframework/spring-context/6.1.12/e69d476d1334935529a61f403749c6b8593e3272/spring-context-6.1.12.jar","/home/jbergqvist/.gradle/caches/modules-2/files-2.1/org.springframework/spring-aop/6.1.12/5fce5ff02455fad179fc0ea05435dfb79bbeaa66/spring-aop-6.1.12.jar","/home/jbergqvist/.gradle/caches/modules-2/files-2.1/org.springframework/spring-orm/6.1.12/9df98d9ebdfcf5359dbda945de515d8af2cabe89/spring-orm-6.1.12.jar","/home/jbergqvist/.gradle/caches/modules-2/files-2.1/org.springframework/spring-jdbc/6.1.12/feb177a07e109f633c3fb1892d22a2867d0b2284/spring-jdbc-6.1.12.jar","/home/jbergqvist/.gradle/caches/modules-2/files-2.1/org.springframework.data/spring-data-commons/3.3.3/89ab77494e1e56b058001354265e381a0a2868e6/spring-data-commons-3.3.3.jar","/home/jbergqvist/.gradle/caches/modules-2/files-2.1/org.springframework/spring-tx/6.1.12/c47885e494845584e08407b611031ea2bcef0ef7/spring-tx-6.1.12.jar","/home/jbergqvist/.gradle/caches/modules-2/files-2.1/org.springframework/spring-beans/6.1.12/f0344fa934f114a15f02c2b1a199189ec12b7eb5/spring-beans-6.1.12.jar","/home/jbergqvist/.gradle/caches/modules-2/files-2.1/org.springframework/spring-expression/6.1.12/644bbc2e65eb40feb7284b8570d7a7eb8b1fe8df/spring-expression-6.1.12.jar","/home/jbergqvist/.gradle/caches/modules-2/files-2.1/org.springframework/spring-core/6.1.12/5f4162fb645c4f72b57b21d721fce9f26edb9bb9/spring-core-6.1.12.jar","/home/jbergqvist/.gradle/caches/modules-2/files-2.1/org.xmlunit/xmlunit-core/2.9.1/e5833662d9a1279a37da3ef6f62a1da29fcd68c4/xmlunit-core-2.9.1.jar","/home/jbergqvist/.gradle/caches/modules-2/files-2.1/org.aspectj/aspectjweaver/1.9.22.1/bca243d0af0db4758fbae45c5f4995cb5dabb612/aspectjweaver-1.9.22.1.jar","/home/jbergqvist/.gradle/caches/modules-2/files-2.1/com.zaxxer/HikariCP/5.1.0/8c96e36c14461fc436bb02b264b96ef3ca5dca8c/HikariCP-5.1.0.jar","/home/jbergqvist/.gradle/caches/modules-2/files-2.1/jakarta.persistence/jakarta.persistence-api/3.1.0/66901fa1c373c6aff65c13791cc11da72060a8d6/jakarta.persistence-api-3.1.0.jar","/home/jbergqvist/.gradle/caches/modules-2/files-2.1/jakarta.transaction/jakarta.transaction-api/2.0.1/51a520e3fae406abb84e2e1148e6746ce3f80a1a/jakarta.transaction-api-2.0.1.jar","/home/jbergqvist/.gradle/caches/modules-2/files-2.1/org.jboss.logging/jboss-logging/3.5.3.Final/c88fc1d8a96d4c3491f55d4317458ccad53ca663/jboss-logging-3.5.3.Final.jar","/home/jbergqvist/.gradle/caches/modules-2/files-2.1/org.hibernate.common/hibernate-commons-annotations/6.0.6.Final/77a5f94b56d49508e0ee334751db5b78e5ccd50c/hibernate-commons-annotations-6.0.6.Final.jar","/home/jbergqvist/.gradle/caches/modules-2/files-2.1/io.smallrye/jandex/3.1.2/a6c1c89925c7df06242b03dddb353116ceb9584c/jandex-3.1.2.jar","/home/jbergqvist/.gradle/caches/modules-2/files-2.1/com.fasterxml/classmate/1.7.0/e98374da1f2143ac8e6e0a95036994bb19137a3/classmate-1.7.0.jar","/home/jbergqvist/.gradle/caches/modules-2/files-2.1/net.bytebuddy/byte-buddy/1.14.19/4c0c637b8f47dc08f89240e6f59900011752c97b/byte-buddy-1.14.19.jar","/home/jbergqvist/.gradle/caches/modules-2/files-2.1/jakarta.inject/jakarta.inject-api/2.0.1/4c28afe1991a941d7702fe1362c365f0a8641d1e/jakarta.inject-api-2.0.1.jar","/home/jbergqvist/.gradle/caches/modules-2/files-2.1/org.antlr/antlr4-runtime/4.13.0/5a02e48521624faaf5ff4d99afc88b01686af655/antlr4-runtime-4.13.0.jar","/home/jbergqvist/.gradle/caches/modules-2/files-2.1/jakarta.annotation/jakarta.annotation-api/2.1.1/48b9bda22b091b1f48b13af03fe36db3be6e1ae3/jakarta.annotation-api-2.1.1.jar","/home/jbergqvist/.gradle/caches/modules-2/files-2.1/org.springframework.boot/spring-boot-starter-logging/3.3.3/43d07b2e6bbb628c7fc5df103d35ee2eb091522/spring-boot-starter-logging-3.3.3.jar","/home/jbergqvist/.gradle/caches/modules-2/files-2.1/ch.qos.logback/logback-classic/1.5.7/ad4ff8ca015737ade8e8a9de07de565c423e5b7a/logback-classic-1.5.7.jar","/home/jbergqvist/.gradle/caches/modules-2/files-2.1/org.apache.logging.log4j/log4j-to-slf4j/2.23.1/425ad1eb8a39904d2830e907a324e956fb456520/log4j-to-slf4j-2.23.1.jar","/home/jbergqvist/.gradle/caches/modules-2/files-2.1/org.slf4j/jul-to-slf4j/2.0.16/6d57da3e961daac65bcca0dd3def6cd11e48a24a/jul-to-slf4j-2.0.16.jar","/home/jbergqvist/.gradle/caches/modules-2/files-2.1/org.slf4j/slf4j-api/2.0.16/172931663a09a1fa515567af5fbef00897d3c04/slf4j-api-2.0.16.jar","/home/jbergqvist/.gradle/caches/modules-2/files-2.1/com.fasterxml.jackson.datatype/jackson-datatype-jdk8/2.17.2/efd3dd0e1d0db8bc72abbe71c15e697bb83b4b45/jackson-datatype-jdk8-2.17.2.jar","/home/jbergqvist/.gradle/caches/modules-2/files-2.1/com.fasterxml.jackson.datatype/jackson-datatype-jsr310/2.17.2/267b85e9ba2892a37be6d80aa9ca1438a0d8c210/jackson-datatype-jsr310-2.17.2.jar","/home/jbergqvist/.gradle/caches/modules-2/files-2.1/com.fasterxml.jackson.module/jackson-module-parameter-names/2.17.2/d27b9f95ccce98984c1ba58d61c5a9c072b1ad95/jackson-module-parameter-names-2.17.2.jar","/home/jbergqvist/.gradle/caches/modules-2/files-2.1/com.fasterxml.jackson.core/jackson-databind/2.17.2/e6deb029e5901e027c129341fac39e515066b68c/jackson-databind-2.17.2.jar","/home/jbergqvist/.gradle/caches/modules-2/files-2.1/io.swagger.core.v3/swagger-models-jakarta/2.2.22/bc2809b2efa1f7b062bc9668304a84b198fececd/swagger-models-jakarta-2.2.22.jar","/home/jbergqvist/.gradle/caches/modules-2/files-2.1/com.fasterxml.jackson.core/jackson-annotations/2.17.2/147b7b9412ffff24339f8aba080b292448e08698/jackson-annotations-2.17.2.jar","/home/jbergqvist/.gradle/caches/modules-2/files-2.1/com.fasterxml.jackson.core/jackson-core/2.17.2/969a35cb35c86512acbadcdbbbfb044c877db814/jackson-core-2.17.2.jar","/home/jbergqvist/.gradle/caches/modules-2/files-2.1/com.fasterxml.jackson.dataformat/jackson-dataformat-yaml/2.17.2/78d2c73dbec62044d7cf3b544b2e0d24a1a093b0/jackson-dataformat-yaml-2.17.2.jar","/home/jbergqvist/.gradle/caches/modules-2/files-2.1/org.yaml/snakeyaml/2.2/3af797a25458550a16bf89acc8e4ab2b7f2bfce0/snakeyaml-2.2.jar","/home/jbergqvist/.gradle/caches/modules-2/files-2.1/org.apache.tomcat.embed/tomcat-embed-websocket/10.1.28/1a5ee88106795215e8a7b6cfea46e57cdfc96430/tomcat-embed-websocket-10.1.28.jar","/home/jbergqvist/.gradle/caches/modules-2/files-2.1/org.apache.tomcat.embed/tomcat-embed-core/10.1.28/624f53789b7ba96bc3c8e871fb5eed4cab5a7c89/tomcat-embed-core-10.1.28.jar","/home/jbergqvist/.gradle/caches/modules-2/files-2.1/org.apache.tomcat.embed/tomcat-embed-el/10.1.28/3220f687c5ffc8650559f08ecac5b149838627b3/tomcat-embed-el-10.1.28.jar","/home/jbergqvist/.gradle/caches/modules-2/files-2.1/io.micrometer/micrometer-observation/1.13.3/99840eb14ecf95d349f39123c867c2ca33808d/micrometer-observation-1.13.3.jar","/home/jbergqvist/.gradle/caches/modules-2/files-2.1/org.eclipse.angus/angus-activation/2.0.2/41f1e0ddd157c856926ed149ab837d110955a9fc/angus-activation-2.0.2.jar","/home/jbergqvist/.gradle/caches/modules-2/files-2.1/jakarta.activation/jakarta.activation-api/2.1.3/fa165bd70cda600368eee31555222776a46b881f/jakarta.activation-api-2.1.3.jar","/home/jbergqvist/.gradle/caches/modules-2/files-2.1/net.minidev/accessors-smart/2.5.1/19b820261eb2e7de7d5bde11d1c06e4501dd7e5f/accessors-smart-2.5.1.jar","/home/jbergqvist/.gradle/caches/modules-2/files-2.1/net.bytebuddy/byte-buddy-agent/1.14.19/154da3a65b4f4a909d3e5bdec55d1b2b4cbb6ce1/byte-buddy-agent-1.14.19.jar","/home/jbergqvist/.gradle/caches/modules-2/files-2.1/org.objenesis/objenesis/3.3/1049c09f1de4331e8193e579448d0916d75b7631/objenesis-3.3.jar","/home/jbergqvist/.gradle/caches/modules-2/files-2.1/com.vaadin.external.google/android-json/0.0.20131108.vaadin1/fa26d351fe62a6a17f5cda1287c1c6110dec413f/android-json-0.0.20131108.vaadin1.jar","/home/jbergqvist/.gradle/caches/modules-2/files-2.1/org.springframework/spring-jcl/6.1.12/f46d6016fd1dd3801a0e6fcd64789ac468254944/spring-jcl-6.1.12.jar","/home/jbergqvist/.gradle/caches/modules-2/files-2.1/io.micrometer/micrometer-commons/1.13.3/47b6b093cd6ba80c9da8d973ea79c7ef69a878d5/micrometer-commons-1.13.3.jar","/home/jbergqvist/.gradle/caches/modules-2/files-2.1/org.ow2.asm/asm/9.6/aa205cf0a06dbd8e04ece91c0b37c3f5d567546a/asm-9.6.jar","/home/jbergqvist/.gradle/caches/modules-2/files-2.1/org.opentest4j/opentest4j/1.3.0/152ea56b3a72f655d4fd677fc0ef2596c3dd5e6e/opentest4j-1.3.0.jar","/home/jbergqvist/.gradle/caches/modules-2/files-2.1/org.glassfish.jaxb/txw2/4.0.5/f36a4ef12120a9bb06d766d6a0e54b144fd7ed98/txw2-4.0.5.jar","/home/jbergqvist/.gradle/caches/modules-2/files-2.1/com.sun.istack/istack-commons-runtime/4.1.2/18ec117c85f3ba0ac65409136afa8e42bc74e739/istack-commons-runtime-4.1.2.jar","/home/jbergqvist/.gradle/caches/modules-2/files-2.1/ch.qos.logback/logback-core/1.5.7/ba0d0cbac3f21abd28faed3b4931d5b49cc5887e/logback-core-1.5.7.jar","/home/jbergqvist/.gradle/caches/modules-2/files-2.1/org.apache.logging.log4j/log4j-api/2.23.1/9c15c29c526d9c6783049c0a77722693c66706e1/log4j-api-2.23.1.jar","/home/jbergqvist/.gradle/caches/modules-2/files-2.1/org.apache.commons/commons-lang3/3.14.0/1ed471194b02f2c6cb734a0cd6f6f107c673afae/commons-lang3-3.14.0.jar","/home/jbergqvist/.gradle/caches/modules-2/files-2.1/io.swagger.core.v3/swagger-annotations-jakarta/2.2.22/1efc0b0af32fce629f0786062c89e8b117abe120/swagger-annotations-jakarta-2.2.22.jar","/home/jbergqvist/.gradle/caches/modules-2/files-2.1/jakarta.validation/jakarta.validation-api/3.0.2/92b6631659ba35ca09e44874d3eb936edfeee532/jakarta.validation-api-3.0.2.jar","/home/jbergqvist/.gradle/caches/modules-2/files-2.1/org.apiguardian/apiguardian-api/1.1.2/a231e0d844d2721b0fa1b238006d15c6ded6842a/apiguardian-api-1.1.2.jar"],"complianceLevel":"21","productionSources":["/home/jbergqvist/diffblue/finos-traderX/account-service/src/main/java"],"testSources":["/home/jbergqvist/diffblue/finos-traderX/account-service/src/test/java"],"productionClasses":"/home/jbergqvist/diffblue/finos-traderX/account-service/build/classes/java/main","testClasses":"/home/jbergqvist/diffblue/finos-traderX/account-service/build/classes/java/test","sourceToBuildPathMap":{"/home/jbergqvist/diffblue/finos-traderX/account-service/src/main/java":"/home/jbergqvist/diffblue/finos-traderX/account-service/build/classes/java/main"},"testSourceToBuildPathMap":{"/home/jbergqvist/diffblue/finos-traderX/account-service/src/test/java":"/home/jbergqvist/diffblue/finos-traderX/account-service/build/classes/java/test"},"buildDirectory":null,"plugins":[{"__type":"DefaultPlugin","groupId":null,"artefactId":null,"version":null,"pluginClassName":"com.diffblue.cover.buildsystem.gradle.plugin.CoverPlugin"},{"__type":"DefaultPlugin","groupId":null,"artefactId":null,"version":"8.8","pluginClassName":"org.gradle.api.plugins.HelpTasksPlugin$Inject"},{"__type":"DefaultPlugin","groupId":null,"artefactId":null,"version":"8.8","pluginClassName":"org.gradle.buildinit.plugins.BuildInitPlugin$Inject"},{"__type":"DefaultPlugin","groupId":null,"artefactId":null,"version":"8.8","pluginClassName":"org.gradle.buildinit.plugins.WrapperPlugin$Inject"},{"__type":"DefaultPlugin","groupId":null,"artefactId":null,"version":"8.8","pluginClassName":"org.gradle.language.base.plugins.LifecycleBasePlugin$Inject"},{"__type":"DefaultPlugin","groupId":null,"artefactId":null,"version":"8.8","pluginClassName":"org.gradle.api.plugins.BasePlugin$Inject"},{"__type":"DefaultPlugin","groupId":null,"artefactId":null,"version":"8.8","pluginClassName":"org.gradle.api.plugins.JvmEcosystemPlugin$Inject"},{"__type":"DefaultPlugin","groupId":null,"artefactId":null,"version":"8.8","pluginClassName":"org.gradle.api.plugins.ReportingBasePlugin$Inject"},{"__type":"DefaultPlugin","groupId":null,"artefactId":null,"version":"8.8","pluginClassName":"org.gradle.api.plugins.JvmToolchainsPlugin$Inject"},{"__type":"DefaultPlugin","groupId":null,"artefactId":null,"version":"8.8","pluginClassName":"org.gradle.api.plugins.JavaBasePlugin$Inject"},{"__type":"DefaultPlugin","groupId":null,"artefactId":null,"version":"8.8","pluginClassName":"org.gradle.testing.base.plugins.TestSuiteBasePlugin$Inject"},{"__type":"DefaultPlugin","groupId":null,"artefactId":null,"version":"8.8","pluginClassName":"org.gradle.api.plugins.JvmTestSuitePlugin$Inject"},{"__type":"DefaultPlugin","groupId":null,"artefactId":null,"version":"8.8","pluginClassName":"org.gradle.api.plugins.JavaPlugin$Inject"},{"__type":"DefaultPlugin","groupId":null,"artefactId":null,"version":"3.3.3","pluginClassName":"org.springframework.boot.gradle.plugin.SpringBootPlugin"},{"__type":"DefaultPlugin","groupId":null,"artefactId":null,"version":"1.1.6","pluginClassName":"io.spring.gradle.dependencymanagement.DependencyManagementPlugin"},{"__type":"DefaultPlugin","groupId":null,"artefactId":null,"version":"0.8.11","pluginClassName":"org.gradle.testing.jacoco.plugins.JacocoPlugin$Inject"}],"version":"8.8","encoding":"UTF-8","name":"gradle","subModules":[],"simpleModuleName":"account-service","parentModuleName":"","location":"/home/jbergqvist/diffblue/finos-traderX/account-service","fullModuleName":"account-service"}],"simpleModuleName":"finos-traderX","parentModuleName":null,"location":"/home/jbergqvist/diffblue/finos-traderX","fullModuleName":"finos-traderX"}}
14:22:24.628 [INFO]   [Checking]    out: No tasks specified. Using default task 'help'
14:22:24.629 [INFO]   [Checking]    out: Task name matched 'help'
14:22:24.629 [INFO]   [Checking]    out: Selected primary task 'help' from project :
14:22:24.629 [INFO]   [Checking]    out: Tasks to be executed: [task ':help']
14:22:24.629 [INFO]   [Checking]    out: Tasks that were excluded: []
14:22:24.629 [INFO]   [Checking]    out: Resolve mutations for :help (Thread[#285,Execution worker,5,main]) started.
14:22:24.629 [INFO]   [Checking]    out: :help (Thread[#285,Execution worker,5,main]) started.
14:22:24.629 [INFO]   [Checking]    out: 
14:22:24.629 [INFO]   [Checking]    out: > Task :help
14:22:24.629 [INFO]   [Checking]    out: Writing Diffblue message (event type)
14:22:24.629 [INFO]   [Checking]    deserializing line [DIFFBLUE]{"__type":"com.diffblue.cover.buildsystem.model.DefaultEventMessage","project":"finos-traderX","goal":"help","cause":null,"state":"STARTED"}
14:22:24.634 [INFO]   [Checking]    out: Caching disabled for task ':help' because:
14:22:24.634 [INFO]   [Checking]    out:   Build cache is disabled
14:22:24.634 [INFO]   [Checking]    out: Task ':help' is not up-to-date because:
14:22:24.634 [INFO]   [Checking]    out:   Task has not declared any outputs despite executing actions.
14:22:24.634 [INFO]   [Checking]    out: 
14:22:24.634 [INFO]   [Checking]    out: Welcome to Gradle 8.8.
14:22:24.634 [INFO]   [Checking]    out: 
14:22:24.634 [INFO]   [Checking]    out: To run a build, run gradlew <task> ...
14:22:24.634 [INFO]   [Checking]    out: 
14:22:24.634 [INFO]   [Checking]    out: To see a list of available tasks, run gradlew tasks
14:22:24.634 [INFO]   [Checking]    out: 
14:22:24.634 [INFO]   [Checking]    out: To see more detail about a task, run gradlew help --task <task>
14:22:24.634 [INFO]   [Checking]    out: 
14:22:24.634 [INFO]   [Checking]    out: To see a list of command-line options, run gradlew --help
14:22:24.634 [INFO]   [Checking]    out: 
14:22:24.634 [INFO]   [Checking]    out: For more detail on using Gradle, see https://docs.gradle.org/8.8/userguide/command_line_interface.html
14:22:24.634 [INFO]   [Checking]    out: 
14:22:24.634 [INFO]   [Checking]    out: For troubleshooting, visit https://help.gradle.org
14:22:24.634 [INFO]   [Checking]    out: Writing Diffblue message (event type)
14:22:24.634 [INFO]   [Checking]    deserializing line [DIFFBLUE]{"__type":"com.diffblue.cover.buildsystem.model.DefaultEventMessage","project":"finos-traderX","goal":"help","cause":null,"state":"SUCCESS"}
14:22:24.636 [INFO]   [Checking]    out: 
14:22:24.636 [INFO]   [Checking]    out: Deprecated Gradle features were used in this build, making it incompatible with Gradle 9.0.
14:22:24.636 [INFO]   [Checking]    out: 
14:22:24.636 [INFO]   [Checking]    out: You can use '--warning-mode all' to show the individual deprecation warnings and determine if they come from your own scripts or plugins.
14:22:24.636 [INFO]   [Checking]    out: 
14:22:24.636 [INFO]   [Checking]    out: For more on this, please refer to https://docs.gradle.org/8.8/userguide/command_line_interface.html#sec:command_line_warnings in the Gradle documentation.
14:22:24.636 [INFO]   [Checking]    out: 
14:22:24.636 [INFO]   [Checking]    out: BUILD SUCCESSFUL in 5s
14:22:24.636 [INFO]   [Checking]    out: 1 actionable task: 1 executed
14:22:24.930 [INFO]   [Checking]    gradle:err process not stopped, joining thread
14:22:24.930 [INFO]   [Checking]    gradle:out process not stopped, joining thread
14:22:24.931 [INFO]   [Checking]    Deserializing project module message
14:22:24.934 [INFO]   [Checking]    deserializing line [DIFFBLUE]{"__type":"com.diffblue.cover.buildsystem.model.DefaultProjectModuleMessage","project":{"__type":"DefaultProjectModule","junitReport":[],"jacocoReport":[],"jacocoDestFile":[],"jacocoFormats":null,"jacocoSkipped":false,"classpath":null,"complianceLevel":null,"productionSources":null,"testSources":null,"productionClasses":null,"testClasses":null,"sourceToBuildPathMap":{},"testSourceToBuildPathMap":{},"buildDirectory":null,"plugins":[{"__type":"DefaultPlugin","groupId":null,"artefactId":null,"version":null,"pluginClassName":"com.diffblue.cover.buildsystem.gradle.plugin.CoverPlugin"},{"__type":"DefaultPlugin","groupId":null,"artefactId":null,"version":"8.8","pluginClassName":"org.gradle.api.plugins.HelpTasksPlugin$Inject"},{"__type":"DefaultPlugin","groupId":null,"artefactId":null,"version":"8.8","pluginClassName":"org.gradle.buildinit.plugins.BuildInitPlugin$Inject"},{"__type":"DefaultPlugin","groupId":null,"artefactId":null,"version":"8.8","pluginClassName":"org.gradle.buildinit.plugins.WrapperPlugin$Inject"}],"version":"8.8","encoding":null,"name":"gradle","subModules":[{"__type":"DefaultProjectModule","junitReport":["/home/jbergqvist/diffblue/finos-traderX/database/build/test-results/test"],"jacocoReport":["/home/jbergqvist/diffblue/finos-traderX/database/build/reports/jacoco/test/jacocoTestReport.xml"],"jacocoDestFile":["/home/jbergqvist/diffblue/finos-traderX/database/build/jacoco/test.exec"],"jacocoFormats":null,"jacocoSkipped":false,"classpath":["/home/jbergqvist/diffblue/finos-traderX/database/build/classes/java/test","/home/jbergqvist/diffblue/finos-traderX/database/build/resources/test","/home/jbergqvist/diffblue/finos-traderX/database/build/classes/java/main","/home/jbergqvist/diffblue/finos-traderX/database/build/resources/main","/home/jbergqvist/.gradle/caches/modules-2/files-2.1/com.h2database/h2/2.2.224/7bdade27d8cd197d9b5ce9dc251f41d2edc5f7ad/h2-2.2.224.jar"],"complianceLevel":"21","productionSources":["/home/jbergqvist/diffblue/finos-traderX/database/src/main/java"],"testSources":["/home/jbergqvist/diffblue/finos-traderX/database/src/test/java"],"productionClasses":"/home/jbergqvist/diffblue/finos-traderX/database/build/classes/java/main","testClasses":"/home/jbergqvist/diffblue/finos-traderX/database/build/classes/java/test","sourceToBuildPathMap":{},"testSourceToBuildPathMap":{},"buildDirectory":null,"plugins":[{"__type":"DefaultPlugin","groupId":null,"artefactId":null,"version":null,"pluginClassName":"com.diffblue.cover.buildsystem.gradle.plugin.CoverPlugin"},{"__type":"DefaultPlugin","groupId":null,"artefactId":null,"version":"8.8","pluginClassName":"org.gradle.api.plugins.HelpTasksPlugin$Inject"},{"__type":"DefaultPlugin","groupId":null,"artefactId":null,"version":"8.8","pluginClassName":"org.gradle.buildinit.plugins.BuildInitPlugin$Inject"},{"__type":"DefaultPlugin","groupId":null,"artefactId":null,"version":"8.8","pluginClassName":"org.gradle.buildinit.plugins.WrapperPlugin$Inject"},{"__type":"DefaultPlugin","groupId":null,"artefactId":null,"version":"8.8","pluginClassName":"org.gradle.language.base.plugins.LifecycleBasePlugin$Inject"},{"__type":"DefaultPlugin","groupId":null,"artefactId":null,"version":"8.8","pluginClassName":"org.gradle.api.plugins.BasePlugin$Inject"},{"__type":"DefaultPlugin","groupId":null,"artefactId":null,"version":"8.8","pluginClassName":"org.gradle.api.plugins.JvmEcosystemPlugin$Inject"},{"__type":"DefaultPlugin","groupId":null,"artefactId":null,"version":"8.8","pluginClassName":"org.gradle.api.plugins.ReportingBasePlugin$Inject"},{"__type":"DefaultPlugin","groupId":null,"artefactId":null,"version":"8.8","pluginClassName":"org.gradle.api.plugins.JvmToolchainsPlugin$Inject"},{"__type":"DefaultPlugin","groupId":null,"artefactId":null,"version":"8.8","pluginClassName":"org.gradle.api.plugins.JavaBasePlugin$Inject"},{"__type":"DefaultPlugin","groupId":null,"artefactId":null,"version":"8.8","pluginClassName":"org.gradle.testing.base.plugins.TestSuiteBasePlugin$Inject"},{"__type":"DefaultPlugin","groupId":null,"artefactId":null,"version":"8.8","pluginClassName":"org.gradle.api.plugins.JvmTestSuitePlugin$Inject"},{"__type":"DefaultPlugin","groupId":null,"artefactId":null,"version":"8.8","pluginClassName":"org.gradle.api.plugins.JavaPlugin$Inject"},{"__type":"DefaultPlugin","groupId":null,"artefactId":null,"version":"8.8","pluginClassName":"org.gradle.api.distribution.plugins.DistributionPlugin$Inject"},{"__type":"DefaultPlugin","groupId":null,"artefactId":null,"version":"8.8","pluginClassName":"org.gradle.api.plugins.ApplicationPlugin$Inject"},{"__type":"DefaultPlugin","groupId":null,"artefactId":null,"version":"0.8.11","pluginClassName":"org.gradle.testing.jacoco.plugins.JacocoPlugin$Inject"}],"version":"8.8","encoding":null,"name":"gradle","subModules":[],"simpleModuleName":"database","parentModuleName":"","location":"/home/jbergqvist/diffblue/finos-traderX/database","fullModuleName":"database"},{"__type":"DefaultProjectModule","junitReport":["/home/jbergqvist/diffblue/finos-traderX/trade-processor/build/test-results/test"],"jacocoReport":["/home/jbergqvist/diffblue/finos-traderX/trade-processor/build/reports/jacoco/test/jacocoTestReport.xml"],"jacocoDestFile":["/home/jbergqvist/diffblue/finos-traderX/trade-processor/build/jacoco/test.exec"],"jacocoFormats":null,"jacocoSkipped":false,"classpath":["/home/jbergqvist/diffblue/finos-traderX/trade-processor/build/classes/java/test","/home/jbergqvist/diffblue/finos-traderX/trade-processor/build/resources/test","/home/jbergqvist/diffblue/finos-traderX/trade-processor/build/classes/java/main","/home/jbergqvist/diffblue/finos-traderX/trade-processor/build/resources/main","/home/jbergqvist/.gradle/caches/modules-2/files-2.1/org.springframework.boot/spring-boot-starter-data-jpa/3.3.3/7eeb176d6130f7aa83405fe2985fe7cadc11ebc5/spring-boot-starter-data-jpa-3.3.3.jar","/home/jbergqvist/.gradle/caches/modules-2/files-2.1/org.springframework.boot/spring-boot-starter-web/3.3.3/f19325fefd33dc920c0f68547a798ed731a8c70c/spring-boot-starter-web-3.3.3.jar","/home/jbergqvist/.gradle/caches/modules-2/files-2.1/com.h2database/h2/2.2.224/7bdade27d8cd197d9b5ce9dc251f41d2edc5f7ad/h2-2.2.224.jar","/home/jbergqvist/.gradle/caches/modules-2/files-2.1/org.springdoc/springdoc-openapi-starter-webmvc-ui/2.6.0/2dddebb56441dbaa1009c4de434a83c65596f6ad/springdoc-openapi-starter-webmvc-ui-2.6.0.jar","/home/jbergqvist/.gradle/caches/modules-2/files-2.1/org.json/json/20240303/ebb88e8fb5122b7506d5cf1d69f1ccdb790d22a/json-20240303.jar","/home/jbergqvist/.gradle/caches/modules-2/files-2.1/io.socket/socket.io-client/2.1.0/d49d37d8c62bddec4d7d0a65add9859fab666d0e/socket.io-client-2.1.0.jar","/home/jbergqvist/.gradle/caches/modules-2/files-2.1/com.diffblue.cover/cover-annotations/1.8.0/9eb3621b5f61d1dd8d7fa1af6b2c8c3fcf8ee857/cover-annotations-1.8.0.jar","/home/jbergqvist/.gradle/caches/modules-2/files-2.1/org.springframework.boot/spring-boot-starter-test/3.3.3/6774cadaa893fce1f18ff5e528e17f75d32f6670/spring-boot-starter-test-3.3.3.jar","/home/jbergqvist/.gradle/caches/modules-2/files-2.1/org.springframework.boot/spring-boot-starter-aop/3.3.3/f64c22484c1ab36ae70abc752509ec4c7b1abcfc/spring-boot-starter-aop-3.3.3.jar","/home/jbergqvist/.gradle/caches/modules-2/files-2.1/org.springframework.boot/spring-boot-starter-jdbc/3.3.3/c97a56c12c79d1ce419a306ddee4ccb89b7d3728/spring-boot-starter-jdbc-3.3.3.jar","/home/jbergqvist/.gradle/caches/modules-2/files-2.1/org.hibernate.orm/hibernate-core/6.5.2.Final/e9e0cc47f6cd2b2553968aee66bd9e55e7485221/hibernate-core-6.5.2.Final.jar","/home/jbergqvist/.gradle/caches/modules-2/files-2.1/org.springframework.data/spring-data-jpa/3.3.3/9b89dbd19eee24c4dc4df12564efc603c614aa91/spring-data-jpa-3.3.3.jar","/home/jbergqvist/.gradle/caches/modules-2/files-2.1/org.springframework/spring-aspects/6.1.12/b72435b5813755a894531e2cf1565eff1b313574/spring-aspects-6.1.12.jar","/home/jbergqvist/.gradle/caches/modules-2/files-2.1/org.springframework.boot/spring-boot-starter-json/3.3.3/3dde3b6089f772a77763020cc97a219307a8f39f/spring-boot-starter-json-3.3.3.jar","/home/jbergqvist/.gradle/caches/modules-2/files-2.1/org.springframework.boot/spring-boot-starter/3.3.3/174d6cb1c59036a01756d6bf4d8945325f94155f/spring-boot-starter-3.3.3.jar","/home/jbergqvist/.gradle/caches/modules-2/files-2.1/org.springframework.boot/spring-boot-starter-tomcat/3.3.3/8ca660b0ecba2f0ff8ce27603fe89953dc4ec18d/spring-boot-starter-tomcat-3.3.3.jar","/home/jbergqvist/.gradle/caches/modules-2/files-2.1/org.springdoc/springdoc-openapi-starter-webmvc-api/2.6.0/d235c2989247641e5dfe764d7add3a11e4d54a5f/springdoc-openapi-starter-webmvc-api-2.6.0.jar","/home/jbergqvist/.gradle/caches/modules-2/files-2.1/org.springframework/spring-webmvc/6.1.12/86bb0c203d68adb4b2675765f5a372f4c5254b2d/spring-webmvc-6.1.12.jar","/home/jbergqvist/.gradle/caches/modules-2/files-2.1/org.springframework/spring-web/6.1.12/b60e69b3ec87f8e001537a0fa7e3e2732dfafa7e/spring-web-6.1.12.jar","/home/jbergqvist/.gradle/caches/modules-2/files-2.1/org.webjars/swagger-ui/5.17.14/7c746d197424eb721b4e08fcaa9e85231662d81f/swagger-ui-5.17.14.jar","/home/jbergqvist/.gradle/caches/modules-2/files-2.1/io.socket/engine.io-client/2.1.0/fb421e5575e69e1181e5fed3eea351929017f08e/engine.io-client-2.1.0.jar","/home/jbergqvist/.gradle/caches/modules-2/files-2.1/org.springframework.boot/spring-boot-test-autoconfigure/3.3.3/ebce486202d965dc984ff8013a8f87fdb9b6fe46/spring-boot-test-autoconfigure-3.3.3.jar","/home/jbergqvist/.gradle/caches/modules-2/files-2.1/org.springframework.boot/spring-boot-test/3.3.3/42a314ffe171b6fb3932a86a884ef721467dc704/spring-boot-test-3.3.3.jar","/home/jbergqvist/.gradle/caches/modules-2/files-2.1/com.jayway.jsonpath/json-path/2.9.0/37fe2217f577b0b68b18e62c4d17a8858ecf9b69/json-path-2.9.0.jar","/home/jbergqvist/.gradle/caches/modules-2/files-2.1/org.glassfish.jaxb/jaxb-runtime/4.0.5/ca84c2a7169b5293e232b9d00d1e4e36d4c3914a/jaxb-runtime-4.0.5.jar","/home/jbergqvist/.gradle/caches/modules-2/files-2.1/org.glassfish.jaxb/jaxb-core/4.0.5/7b4b11ea5542eea4ad55e1080b23be436795b3/jaxb-core-4.0.5.jar","/home/jbergqvist/.gradle/caches/modules-2/files-2.1/org.springdoc/springdoc-openapi-starter-common/2.6.0/c8cf5fbd1f9e4c410d67f1de27dfc3529de13620/springdoc-openapi-starter-common-2.6.0.jar","/home/jbergqvist/.gradle/caches/modules-2/files-2.1/io.swagger.core.v3/swagger-core-jakarta/2.2.22/9ed5daaaa1c94c9a6b56c058c9d1b3190044a2e2/swagger-core-jakarta-2.2.22.jar","/home/jbergqvist/.gradle/caches/modules-2/files-2.1/jakarta.xml.bind/jakarta.xml.bind-api/4.0.2/6cd5a999b834b63238005b7144136379dc36cad2/jakarta.xml.bind-api-4.0.2.jar","/home/jbergqvist/.gradle/caches/modules-2/files-2.1/net.minidev/json-smart/2.5.1/4c11d2808d009132dfbbf947ebf37de6bf266c8e/json-smart-2.5.1.jar","/home/jbergqvist/.gradle/caches/modules-2/files-2.1/org.assertj/assertj-core/3.25.3/792b270e73aa1cfc28fa135be0b95e69ea451432/assertj-core-3.25.3.jar","/home/jbergqvist/.gradle/caches/modules-2/files-2.1/org.awaitility/awaitility/4.2.2/7336242073ebf83fe034e42b46a403c5501b63c9/awaitility-4.2.2.jar","/home/jbergqvist/.gradle/caches/modules-2/files-2.1/org.hamcrest/hamcrest/2.2/1820c0968dba3a11a1b30669bb1f01978a91dedc/hamcrest-2.2.jar","/home/jbergqvist/.gradle/caches/modules-2/files-2.1/org.mockito/mockito-junit-jupiter/5.11.0/8e658dd339f40305ed4293db25545b5df98b171b/mockito-junit-jupiter-5.11.0.jar","/home/jbergqvist/.gradle/caches/modules-2/files-2.1/org.junit.jupiter/junit-jupiter-params/5.10.3/4852f4e4af9074d9214213b199751f99efeab8b9/junit-jupiter-params-5.10.3.jar","/home/jbergqvist/.gradle/caches/modules-2/files-2.1/org.junit.jupiter/junit-jupiter-engine/5.10.3/48c14e866bb1a87ca35d24ff068463bb202ada24/junit-jupiter-engine-5.10.3.jar","/home/jbergqvist/.gradle/caches/modules-2/files-2.1/org.junit.jupiter/junit-jupiter-api/5.10.3/a22aa91d1d6c69b2020a9aeb6d095ea81132bfa5/junit-jupiter-api-5.10.3.jar","/home/jbergqvist/.gradle/caches/modules-2/files-2.1/org.junit.platform/junit-platform-engine/1.10.3/365a320c3cfd47f3346625e541e424e35dc75c42/junit-platform-engine-1.10.3.jar","/home/jbergqvist/.gradle/caches/modules-2/files-2.1/org.junit.platform/junit-platform-commons/1.10.3/a353d42a2f13343a7cb80c5228ae66ff64495481/junit-platform-commons-1.10.3.jar","/home/jbergqvist/.gradle/caches/modules-2/files-2.1/org.junit.jupiter/junit-jupiter/5.10.3/6686d8fbf251f9bf8ecba413cab57b9e00f9134d/junit-jupiter-5.10.3.jar","/home/jbergqvist/.gradle/caches/modules-2/files-2.1/org.mockito/mockito-core/5.11.0/e4069fa4f4ff2c94322cfec5f2e45341c6c70aff/mockito-core-5.11.0.jar","/home/jbergqvist/.gradle/caches/modules-2/files-2.1/org.skyscreamer/jsonassert/1.5.3/aaa43e0823d2a0e106e8754d6a9c4ab24e05e9bc/jsonassert-1.5.3.jar","/home/jbergqvist/.gradle/caches/modules-2/files-2.1/org.springframework/spring-test/6.1.12/ea59acc56a32e6a46f66c06e5d4c2b8e8c6a2869/spring-test-6.1.12.jar","/home/jbergqvist/.gradle/caches/modules-2/files-2.1/org.springframework.boot/spring-boot-autoconfigure/3.3.3/4445f0bbf838c1e3aeb5a83bf2367fbd1013237f/spring-boot-autoconfigure-3.3.3.jar","/home/jbergqvist/.gradle/caches/modules-2/files-2.1/org.springframework.boot/spring-boot/3.3.3/f34dba93611823e521800a47043267715184911b/spring-boot-3.3.3.jar","/home/jbergqvist/.gradle/caches/modules-2/files-2.1/org.springframework/spring-context/6.1.12/e69d476d1334935529a61f403749c6b8593e3272/spring-context-6.1.12.jar","/home/jbergqvist/.gradle/caches/modules-2/files-2.1/org.springframework/spring-aop/6.1.12/5fce5ff02455fad179fc0ea05435dfb79bbeaa66/spring-aop-6.1.12.jar","/home/jbergqvist/.gradle/caches/modules-2/files-2.1/org.springframework/spring-orm/6.1.12/9df98d9ebdfcf5359dbda945de515d8af2cabe89/spring-orm-6.1.12.jar","/home/jbergqvist/.gradle/caches/modules-2/files-2.1/org.springframework/spring-jdbc/6.1.12/feb177a07e109f633c3fb1892d22a2867d0b2284/spring-jdbc-6.1.12.jar","/home/jbergqvist/.gradle/caches/modules-2/files-2.1/org.springframework.data/spring-data-commons/3.3.3/89ab77494e1e56b058001354265e381a0a2868e6/spring-data-commons-3.3.3.jar","/home/jbergqvist/.gradle/caches/modules-2/files-2.1/org.springframework/spring-tx/6.1.12/c47885e494845584e08407b611031ea2bcef0ef7/spring-tx-6.1.12.jar","/home/jbergqvist/.gradle/caches/modules-2/files-2.1/org.springframework/spring-beans/6.1.12/f0344fa934f114a15f02c2b1a199189ec12b7eb5/spring-beans-6.1.12.jar","/home/jbergqvist/.gradle/caches/modules-2/files-2.1/org.springframework/spring-expression/6.1.12/644bbc2e65eb40feb7284b8570d7a7eb8b1fe8df/spring-expression-6.1.12.jar","/home/jbergqvist/.gradle/caches/modules-2/files-2.1/org.springframework/spring-core/6.1.12/5f4162fb645c4f72b57b21d721fce9f26edb9bb9/spring-core-6.1.12.jar","/home/jbergqvist/.gradle/caches/modules-2/files-2.1/org.xmlunit/xmlunit-core/2.9.1/e5833662d9a1279a37da3ef6f62a1da29fcd68c4/xmlunit-core-2.9.1.jar","/home/jbergqvist/.gradle/caches/modules-2/files-2.1/org.aspectj/aspectjweaver/1.9.22.1/bca243d0af0db4758fbae45c5f4995cb5dabb612/aspectjweaver-1.9.22.1.jar","/home/jbergqvist/.gradle/caches/modules-2/files-2.1/com.zaxxer/HikariCP/5.1.0/8c96e36c14461fc436bb02b264b96ef3ca5dca8c/HikariCP-5.1.0.jar","/home/jbergqvist/.gradle/caches/modules-2/files-2.1/jakarta.persistence/jakarta.persistence-api/3.1.0/66901fa1c373c6aff65c13791cc11da72060a8d6/jakarta.persistence-api-3.1.0.jar","/home/jbergqvist/.gradle/caches/modules-2/files-2.1/jakarta.transaction/jakarta.transaction-api/2.0.1/51a520e3fae406abb84e2e1148e6746ce3f80a1a/jakarta.transaction-api-2.0.1.jar","/home/jbergqvist/.gradle/caches/modules-2/files-2.1/org.jboss.logging/jboss-logging/3.5.3.Final/c88fc1d8a96d4c3491f55d4317458ccad53ca663/jboss-logging-3.5.3.Final.jar","/home/jbergqvist/.gradle/caches/modules-2/files-2.1/org.hibernate.common/hibernate-commons-annotations/6.0.6.Final/77a5f94b56d49508e0ee334751db5b78e5ccd50c/hibernate-commons-annotations-6.0.6.Final.jar","/home/jbergqvist/.gradle/caches/modules-2/files-2.1/io.smallrye/jandex/3.1.2/a6c1c89925c7df06242b03dddb353116ceb9584c/jandex-3.1.2.jar","/home/jbergqvist/.gradle/caches/modules-2/files-2.1/com.fasterxml/classmate/1.7.0/e98374da1f2143ac8e6e0a95036994bb19137a3/classmate-1.7.0.jar","/home/jbergqvist/.gradle/caches/modules-2/files-2.1/net.bytebuddy/byte-buddy/1.14.19/4c0c637b8f47dc08f89240e6f59900011752c97b/byte-buddy-1.14.19.jar","/home/jbergqvist/.gradle/caches/modules-2/files-2.1/jakarta.inject/jakarta.inject-api/2.0.1/4c28afe1991a941d7702fe1362c365f0a8641d1e/jakarta.inject-api-2.0.1.jar","/home/jbergqvist/.gradle/caches/modules-2/files-2.1/org.antlr/antlr4-runtime/4.13.0/5a02e48521624faaf5ff4d99afc88b01686af655/antlr4-runtime-4.13.0.jar","/home/jbergqvist/.gradle/caches/modules-2/files-2.1/jakarta.annotation/jakarta.annotation-api/2.1.1/48b9bda22b091b1f48b13af03fe36db3be6e1ae3/jakarta.annotation-api-2.1.1.jar","/home/jbergqvist/.gradle/caches/modules-2/files-2.1/org.springframework.boot/spring-boot-starter-logging/3.3.3/43d07b2e6bbb628c7fc5df103d35ee2eb091522/spring-boot-starter-logging-3.3.3.jar","/home/jbergqvist/.gradle/caches/modules-2/files-2.1/ch.qos.logback/logback-classic/1.5.7/ad4ff8ca015737ade8e8a9de07de565c423e5b7a/logback-classic-1.5.7.jar","/home/jbergqvist/.gradle/caches/modules-2/files-2.1/org.apache.logging.log4j/log4j-to-slf4j/2.23.1/425ad1eb8a39904d2830e907a324e956fb456520/log4j-to-slf4j-2.23.1.jar","/home/jbergqvist/.gradle/caches/modules-2/files-2.1/org.slf4j/jul-to-slf4j/2.0.16/6d57da3e961daac65bcca0dd3def6cd11e48a24a/jul-to-slf4j-2.0.16.jar","/home/jbergqvist/.gradle/caches/modules-2/files-2.1/org.slf4j/slf4j-api/2.0.16/172931663a09a1fa515567af5fbef00897d3c04/slf4j-api-2.0.16.jar","/home/jbergqvist/.gradle/caches/modules-2/files-2.1/com.fasterxml.jackson.datatype/jackson-datatype-jdk8/2.17.2/efd3dd0e1d0db8bc72abbe71c15e697bb83b4b45/jackson-datatype-jdk8-2.17.2.jar","/home/jbergqvist/.gradle/caches/modules-2/files-2.1/com.fasterxml.jackson.datatype/jackson-datatype-jsr310/2.17.2/267b85e9ba2892a37be6d80aa9ca1438a0d8c210/jackson-datatype-jsr310-2.17.2.jar","/home/jbergqvist/.gradle/caches/modules-2/files-2.1/com.fasterxml.jackson.module/jackson-module-parameter-names/2.17.2/d27b9f95ccce98984c1ba58d61c5a9c072b1ad95/jackson-module-parameter-names-2.17.2.jar","/home/jbergqvist/.gradle/caches/modules-2/files-2.1/com.fasterxml.jackson.core/jackson-databind/2.17.2/e6deb029e5901e027c129341fac39e515066b68c/jackson-databind-2.17.2.jar","/home/jbergqvist/.gradle/caches/modules-2/files-2.1/io.swagger.core.v3/swagger-models-jakarta/2.2.22/bc2809b2efa1f7b062bc9668304a84b198fececd/swagger-models-jakarta-2.2.22.jar","/home/jbergqvist/.gradle/caches/modules-2/files-2.1/com.fasterxml.jackson.core/jackson-annotations/2.17.2/147b7b9412ffff24339f8aba080b292448e08698/jackson-annotations-2.17.2.jar","/home/jbergqvist/.gradle/caches/modules-2/files-2.1/com.fasterxml.jackson.core/jackson-core/2.17.2/969a35cb35c86512acbadcdbbbfb044c877db814/jackson-core-2.17.2.jar","/home/jbergqvist/.gradle/caches/modules-2/files-2.1/com.fasterxml.jackson.dataformat/jackson-dataformat-yaml/2.17.2/78d2c73dbec62044d7cf3b544b2e0d24a1a093b0/jackson-dataformat-yaml-2.17.2.jar","/home/jbergqvist/.gradle/caches/modules-2/files-2.1/org.yaml/snakeyaml/2.2/3af797a25458550a16bf89acc8e4ab2b7f2bfce0/snakeyaml-2.2.jar","/home/jbergqvist/.gradle/caches/modules-2/files-2.1/org.apache.tomcat.embed/tomcat-embed-websocket/10.1.28/1a5ee88106795215e8a7b6cfea46e57cdfc96430/tomcat-embed-websocket-10.1.28.jar","/home/jbergqvist/.gradle/caches/modules-2/files-2.1/org.apache.tomcat.embed/tomcat-embed-core/10.1.28/624f53789b7ba96bc3c8e871fb5eed4cab5a7c89/tomcat-embed-core-10.1.28.jar","/home/jbergqvist/.gradle/caches/modules-2/files-2.1/org.apache.tomcat.embed/tomcat-embed-el/10.1.28/3220f687c5ffc8650559f08ecac5b149838627b3/tomcat-embed-el-10.1.28.jar","/home/jbergqvist/.gradle/caches/modules-2/files-2.1/io.micrometer/micrometer-observation/1.13.3/99840eb14ecf95d349f39123c867c2ca33808d/micrometer-observation-1.13.3.jar","/home/jbergqvist/.gradle/caches/modules-2/files-2.1/com.squareup.okhttp3/okhttp/4.12.0/2f4525d4a200e97e1b87449c2cd9bd2e25b7e8cd/okhttp-4.12.0.jar","/home/jbergqvist/.gradle/caches/modules-2/files-2.1/org.eclipse.angus/angus-activation/2.0.2/41f1e0ddd157c856926ed149ab837d110955a9fc/angus-activation-2.0.2.jar","/home/jbergqvist/.gradle/caches/modules-2/files-2.1/jakarta.activation/jakarta.activation-api/2.1.3/fa165bd70cda600368eee31555222776a46b881f/jakarta.activation-api-2.1.3.jar","/home/jbergqvist/.gradle/caches/modules-2/files-2.1/net.minidev/accessors-smart/2.5.1/19b820261eb2e7de7d5bde11d1c06e4501dd7e5f/accessors-smart-2.5.1.jar","/home/jbergqvist/.gradle/caches/modules-2/files-2.1/net.bytebuddy/byte-buddy-agent/1.14.19/154da3a65b4f4a909d3e5bdec55d1b2b4cbb6ce1/byte-buddy-agent-1.14.19.jar","/home/jbergqvist/.gradle/caches/modules-2/files-2.1/org.objenesis/objenesis/3.3/1049c09f1de4331e8193e579448d0916d75b7631/objenesis-3.3.jar","/home/jbergqvist/.gradle/caches/modules-2/files-2.1/com.vaadin.external.google/android-json/0.0.20131108.vaadin1/fa26d351fe62a6a17f5cda1287c1c6110dec413f/android-json-0.0.20131108.vaadin1.jar","/home/jbergqvist/.gradle/caches/modules-2/files-2.1/org.springframework/spring-jcl/6.1.12/f46d6016fd1dd3801a0e6fcd64789ac468254944/spring-jcl-6.1.12.jar","/home/jbergqvist/.gradle/caches/modules-2/files-2.1/io.micrometer/micrometer-commons/1.13.3/47b6b093cd6ba80c9da8d973ea79c7ef69a878d5/micrometer-commons-1.13.3.jar","/home/jbergqvist/.gradle/caches/modules-2/files-2.1/com.squareup.okio/okio-jvm/3.6.0/5600569133b7bdefe1daf9ec7f4abeb6d13e1786/okio-jvm-3.6.0.jar","/home/jbergqvist/.gradle/caches/modules-2/files-2.1/org.jetbrains.kotlin/kotlin-stdlib-jdk7/1.9.25/1c166692314a2639e5edfed0d23ed7eee4a5c7a5/kotlin-stdlib-jdk7-1.9.25.jar","/home/jbergqvist/.gradle/caches/modules-2/files-2.1/org.jetbrains.kotlin/kotlin-stdlib/1.9.25/f700a2f2b8f0d6d0fde48f56d894dc722fb029d7/kotlin-stdlib-1.9.25.jar","/home/jbergqvist/.gradle/caches/modules-2/files-2.1/org.jetbrains.kotlin/kotlin-stdlib-jdk8/1.9.25/20d44e880a284f7b5cd99dd69450b403073f49b2/kotlin-stdlib-jdk8-1.9.25.jar","/home/jbergqvist/.gradle/caches/modules-2/files-2.1/org.ow2.asm/asm/9.6/aa205cf0a06dbd8e04ece91c0b37c3f5d567546a/asm-9.6.jar","/home/jbergqvist/.gradle/caches/modules-2/files-2.1/org.opentest4j/opentest4j/1.3.0/152ea56b3a72f655d4fd677fc0ef2596c3dd5e6e/opentest4j-1.3.0.jar","/home/jbergqvist/.gradle/caches/modules-2/files-2.1/org.glassfish.jaxb/txw2/4.0.5/f36a4ef12120a9bb06d766d6a0e54b144fd7ed98/txw2-4.0.5.jar","/home/jbergqvist/.gradle/caches/modules-2/files-2.1/com.sun.istack/istack-commons-runtime/4.1.2/18ec117c85f3ba0ac65409136afa8e42bc74e739/istack-commons-runtime-4.1.2.jar","/home/jbergqvist/.gradle/caches/modules-2/files-2.1/ch.qos.logback/logback-core/1.5.7/ba0d0cbac3f21abd28faed3b4931d5b49cc5887e/logback-core-1.5.7.jar","/home/jbergqvist/.gradle/caches/modules-2/files-2.1/org.apache.logging.log4j/log4j-api/2.23.1/9c15c29c526d9c6783049c0a77722693c66706e1/log4j-api-2.23.1.jar","/home/jbergqvist/.gradle/caches/modules-2/files-2.1/org.apache.commons/commons-lang3/3.14.0/1ed471194b02f2c6cb734a0cd6f6f107c673afae/commons-lang3-3.14.0.jar","/home/jbergqvist/.gradle/caches/modules-2/files-2.1/io.swagger.core.v3/swagger-annotations-jakarta/2.2.22/1efc0b0af32fce629f0786062c89e8b117abe120/swagger-annotations-jakarta-2.2.22.jar","/home/jbergqvist/.gradle/caches/modules-2/files-2.1/jakarta.validation/jakarta.validation-api/3.0.2/92b6631659ba35ca09e44874d3eb936edfeee532/jakarta.validation-api-3.0.2.jar","/home/jbergqvist/.gradle/caches/modules-2/files-2.1/org.jetbrains/annotations/13.0/919f0dfe192fb4e063e7dacadee7f8bb9a2672a9/annotations-13.0.jar","/home/jbergqvist/.gradle/caches/modules-2/files-2.1/org.apiguardian/apiguardian-api/1.1.2/a231e0d844d2721b0fa1b238006d15c6ded6842a/apiguardian-api-1.1.2.jar"],"complianceLevel":"21","productionSources":["/home/jbergqvist/diffblue/finos-traderX/trade-processor/src/main/java"],"testSources":["/home/jbergqvist/diffblue/finos-traderX/trade-processor/src/test/java"],"productionClasses":"/home/jbergqvist/diffblue/finos-traderX/trade-processor/build/classes/java/main","testClasses":"/home/jbergqvist/diffblue/finos-traderX/trade-processor/build/classes/java/test","sourceToBuildPathMap":{"/home/jbergqvist/diffblue/finos-traderX/trade-processor/src/main/java":"/home/jbergqvist/diffblue/finos-traderX/trade-processor/build/classes/java/main"},"testSourceToBuildPathMap":{"/home/jbergqvist/diffblue/finos-traderX/trade-processor/src/test/java":"/home/jbergqvist/diffblue/finos-traderX/trade-processor/build/classes/java/test"},"buildDirectory":null,"plugins":[{"__type":"DefaultPlugin","groupId":null,"artefactId":null,"version":null,"pluginClassName":"com.diffblue.cover.buildsystem.gradle.plugin.CoverPlugin"},{"__type":"DefaultPlugin","groupId":null,"artefactId":null,"version":"8.8","pluginClassName":"org.gradle.api.plugins.HelpTasksPlugin$Inject"},{"__type":"DefaultPlugin","groupId":null,"artefactId":null,"version":"8.8","pluginClassName":"org.gradle.buildinit.plugins.BuildInitPlugin$Inject"},{"__type":"DefaultPlugin","groupId":null,"artefactId":null,"version":"8.8","pluginClassName":"org.gradle.buildinit.plugins.WrapperPlugin$Inject"},{"__type":"DefaultPlugin","groupId":null,"artefactId":null,"version":"8.8","pluginClassName":"org.gradle.language.base.plugins.LifecycleBasePlugin$Inject"},{"__type":"DefaultPlugin","groupId":null,"artefactId":null,"version":"8.8","pluginClassName":"org.gradle.api.plugins.BasePlugin$Inject"},{"__type":"DefaultPlugin","groupId":null,"artefactId":null,"version":"8.8","pluginClassName":"org.gradle.api.plugins.JvmEcosystemPlugin$Inject"},{"__type":"DefaultPlugin","groupId":null,"artefactId":null,"version":"8.8","pluginClassName":"org.gradle.api.plugins.ReportingBasePlugin$Inject"},{"__type":"DefaultPlugin","groupId":null,"artefactId":null,"version":"8.8","pluginClassName":"org.gradle.api.plugins.JvmToolchainsPlugin$Inject"},{"__type":"DefaultPlugin","groupId":null,"artefactId":null,"version":"8.8","pluginClassName":"org.gradle.api.plugins.JavaBasePlugin$Inject"},{"__type":"DefaultPlugin","groupId":null,"artefactId":null,"version":"8.8","pluginClassName":"org.gradle.testing.base.plugins.TestSuiteBasePlugin$Inject"},{"__type":"DefaultPlugin","groupId":null,"artefactId":null,"version":"8.8","pluginClassName":"org.gradle.api.plugins.JvmTestSuitePlugin$Inject"},{"__type":"DefaultPlugin","groupId":null,"artefactId":null,"version":"8.8","pluginClassName":"org.gradle.api.plugins.JavaPlugin$Inject"},{"__type":"DefaultPlugin","groupId":null,"artefactId":null,"version":"3.3.3","pluginClassName":"org.springframework.boot.gradle.plugin.SpringBootPlugin"},{"__type":"DefaultPlugin","groupId":null,"artefactId":null,"version":"1.1.6","pluginClassName":"io.spring.gradle.dependencymanagement.DependencyManagementPlugin"},{"__type":"DefaultPlugin","groupId":null,"artefactId":null,"version":"0.8.11","pluginClassName":"org.gradle.testing.jacoco.plugins.JacocoPlugin$Inject"}],"version":"8.8","encoding":"UTF-8","name":"gradle","subModules":[],"simpleModuleName":"trade-processor","parentModuleName":"","location":"/home/jbergqvist/diffblue/finos-traderX/trade-processor","fullModuleName":"trade-processor"},{"__type":"DefaultProjectModule","junitReport":["/home/jbergqvist/diffblue/finos-traderX/trade-service/build/test-results/test"],"jacocoReport":["/home/jbergqvist/diffblue/finos-traderX/trade-service/build/reports/jacoco/test/jacocoTestReport.xml"],"jacocoDestFile":["/home/jbergqvist/diffblue/finos-traderX/trade-service/build/jacoco/test.exec"],"jacocoFormats":null,"jacocoSkipped":false,"classpath":["/home/jbergqvist/diffblue/finos-traderX/trade-service/build/classes/java/test","/home/jbergqvist/diffblue/finos-traderX/trade-service/build/resources/test","/home/jbergqvist/diffblue/finos-traderX/trade-service/build/classes/java/main","/home/jbergqvist/diffblue/finos-traderX/trade-service/build/resources/main","/home/jbergqvist/.gradle/caches/modules-2/files-2.1/org.springframework.boot/spring-boot-starter-data-jpa/3.3.3/7eeb176d6130f7aa83405fe2985fe7cadc11ebc5/spring-boot-starter-data-jpa-3.3.3.jar","/home/jbergqvist/.gradle/caches/modules-2/files-2.1/org.springframework.boot/spring-boot-starter-web/3.3.3/f19325fefd33dc920c0f68547a798ed731a8c70c/spring-boot-starter-web-3.3.3.jar","/home/jbergqvist/.gradle/caches/modules-2/files-2.1/com.h2database/h2/2.2.224/7bdade27d8cd197d9b5ce9dc251f41d2edc5f7ad/h2-2.2.224.jar","/home/jbergqvist/.gradle/caches/modules-2/files-2.1/org.springdoc/springdoc-openapi-starter-webmvc-ui/2.6.0/2dddebb56441dbaa1009c4de434a83c65596f6ad/springdoc-openapi-starter-webmvc-ui-2.6.0.jar","/home/jbergqvist/.gradle/caches/modules-2/files-2.1/org.json/json/20240303/ebb88e8fb5122b7506d5cf1d69f1ccdb790d22a/json-20240303.jar","/home/jbergqvist/.gradle/caches/modules-2/files-2.1/io.socket/socket.io-client/2.1.0/d49d37d8c62bddec4d7d0a65add9859fab666d0e/socket.io-client-2.1.0.jar","/home/jbergqvist/.gradle/caches/modules-2/files-2.1/com.diffblue.cover/cover-annotations/1.8.0/9eb3621b5f61d1dd8d7fa1af6b2c8c3fcf8ee857/cover-annotations-1.8.0.jar","/home/jbergqvist/.gradle/caches/modules-2/files-2.1/org.springframework.boot/spring-boot-starter-test/3.3.3/6774cadaa893fce1f18ff5e528e17f75d32f6670/spring-boot-starter-test-3.3.3.jar","/home/jbergqvist/.gradle/caches/modules-2/files-2.1/org.springframework.boot/spring-boot-starter-aop/3.3.3/f64c22484c1ab36ae70abc752509ec4c7b1abcfc/spring-boot-starter-aop-3.3.3.jar","/home/jbergqvist/.gradle/caches/modules-2/files-2.1/org.springframework.boot/spring-boot-starter-jdbc/3.3.3/c97a56c12c79d1ce419a306ddee4ccb89b7d3728/spring-boot-starter-jdbc-3.3.3.jar","/home/jbergqvist/.gradle/caches/modules-2/files-2.1/org.hibernate.orm/hibernate-core/6.5.2.Final/e9e0cc47f6cd2b2553968aee66bd9e55e7485221/hibernate-core-6.5.2.Final.jar","/home/jbergqvist/.gradle/caches/modules-2/files-2.1/org.springframework.data/spring-data-jpa/3.3.3/9b89dbd19eee24c4dc4df12564efc603c614aa91/spring-data-jpa-3.3.3.jar","/home/jbergqvist/.gradle/caches/modules-2/files-2.1/org.springframework/spring-aspects/6.1.12/b72435b5813755a894531e2cf1565eff1b313574/spring-aspects-6.1.12.jar","/home/jbergqvist/.gradle/caches/modules-2/files-2.1/org.springframework.boot/spring-boot-starter-json/3.3.3/3dde3b6089f772a77763020cc97a219307a8f39f/spring-boot-starter-json-3.3.3.jar","/home/jbergqvist/.gradle/caches/modules-2/files-2.1/org.springframework.boot/spring-boot-starter/3.3.3/174d6cb1c59036a01756d6bf4d8945325f94155f/spring-boot-starter-3.3.3.jar","/home/jbergqvist/.gradle/caches/modules-2/files-2.1/org.springframework.boot/spring-boot-starter-tomcat/3.3.3/8ca660b0ecba2f0ff8ce27603fe89953dc4ec18d/spring-boot-starter-tomcat-3.3.3.jar","/home/jbergqvist/.gradle/caches/modules-2/files-2.1/org.springdoc/springdoc-openapi-starter-webmvc-api/2.6.0/d235c2989247641e5dfe764d7add3a11e4d54a5f/springdoc-openapi-starter-webmvc-api-2.6.0.jar","/home/jbergqvist/.gradle/caches/modules-2/files-2.1/org.springframework/spring-webmvc/6.1.12/86bb0c203d68adb4b2675765f5a372f4c5254b2d/spring-webmvc-6.1.12.jar","/home/jbergqvist/.gradle/caches/modules-2/files-2.1/org.springframework/spring-web/6.1.12/b60e69b3ec87f8e001537a0fa7e3e2732dfafa7e/spring-web-6.1.12.jar","/home/jbergqvist/.gradle/caches/modules-2/files-2.1/org.webjars/swagger-ui/5.17.14/7c746d197424eb721b4e08fcaa9e85231662d81f/swagger-ui-5.17.14.jar","/home/jbergqvist/.gradle/caches/modules-2/files-2.1/io.socket/engine.io-client/2.1.0/fb421e5575e69e1181e5fed3eea351929017f08e/engine.io-client-2.1.0.jar","/home/jbergqvist/.gradle/caches/modules-2/files-2.1/org.springframework.boot/spring-boot-test-autoconfigure/3.3.3/ebce486202d965dc984ff8013a8f87fdb9b6fe46/spring-boot-test-autoconfigure-3.3.3.jar","/home/jbergqvist/.gradle/caches/modules-2/files-2.1/org.springframework.boot/spring-boot-test/3.3.3/42a314ffe171b6fb3932a86a884ef721467dc704/spring-boot-test-3.3.3.jar","/home/jbergqvist/.gradle/caches/modules-2/files-2.1/com.jayway.jsonpath/json-path/2.9.0/37fe2217f577b0b68b18e62c4d17a8858ecf9b69/json-path-2.9.0.jar","/home/jbergqvist/.gradle/caches/modules-2/files-2.1/org.glassfish.jaxb/jaxb-runtime/4.0.5/ca84c2a7169b5293e232b9d00d1e4e36d4c3914a/jaxb-runtime-4.0.5.jar","/home/jbergqvist/.gradle/caches/modules-2/files-2.1/org.glassfish.jaxb/jaxb-core/4.0.5/7b4b11ea5542eea4ad55e1080b23be436795b3/jaxb-core-4.0.5.jar","/home/jbergqvist/.gradle/caches/modules-2/files-2.1/org.springdoc/springdoc-openapi-starter-common/2.6.0/c8cf5fbd1f9e4c410d67f1de27dfc3529de13620/springdoc-openapi-starter-common-2.6.0.jar","/home/jbergqvist/.gradle/caches/modules-2/files-2.1/io.swagger.core.v3/swagger-core-jakarta/2.2.22/9ed5daaaa1c94c9a6b56c058c9d1b3190044a2e2/swagger-core-jakarta-2.2.22.jar","/home/jbergqvist/.gradle/caches/modules-2/files-2.1/jakarta.xml.bind/jakarta.xml.bind-api/4.0.2/6cd5a999b834b63238005b7144136379dc36cad2/jakarta.xml.bind-api-4.0.2.jar","/home/jbergqvist/.gradle/caches/modules-2/files-2.1/net.minidev/json-smart/2.5.1/4c11d2808d009132dfbbf947ebf37de6bf266c8e/json-smart-2.5.1.jar","/home/jbergqvist/.gradle/caches/modules-2/files-2.1/org.assertj/assertj-core/3.25.3/792b270e73aa1cfc28fa135be0b95e69ea451432/assertj-core-3.25.3.jar","/home/jbergqvist/.gradle/caches/modules-2/files-2.1/org.awaitility/awaitility/4.2.2/7336242073ebf83fe034e42b46a403c5501b63c9/awaitility-4.2.2.jar","/home/jbergqvist/.gradle/caches/modules-2/files-2.1/org.hamcrest/hamcrest/2.2/1820c0968dba3a11a1b30669bb1f01978a91dedc/hamcrest-2.2.jar","/home/jbergqvist/.gradle/caches/modules-2/files-2.1/org.mockito/mockito-junit-jupiter/5.11.0/8e658dd339f40305ed4293db25545b5df98b171b/mockito-junit-jupiter-5.11.0.jar","/home/jbergqvist/.gradle/caches/modules-2/files-2.1/org.junit.jupiter/junit-jupiter-params/5.10.3/4852f4e4af9074d9214213b199751f99efeab8b9/junit-jupiter-params-5.10.3.jar","/home/jbergqvist/.gradle/caches/modules-2/files-2.1/org.junit.jupiter/junit-jupiter-engine/5.10.3/48c14e866bb1a87ca35d24ff068463bb202ada24/junit-jupiter-engine-5.10.3.jar","/home/jbergqvist/.gradle/caches/modules-2/files-2.1/org.junit.jupiter/junit-jupiter-api/5.10.3/a22aa91d1d6c69b2020a9aeb6d095ea81132bfa5/junit-jupiter-api-5.10.3.jar","/home/jbergqvist/.gradle/caches/modules-2/files-2.1/org.junit.platform/junit-platform-engine/1.10.3/365a320c3cfd47f3346625e541e424e35dc75c42/junit-platform-engine-1.10.3.jar","/home/jbergqvist/.gradle/caches/modules-2/files-2.1/org.junit.platform/junit-platform-commons/1.10.3/a353d42a2f13343a7cb80c5228ae66ff64495481/junit-platform-commons-1.10.3.jar","/home/jbergqvist/.gradle/caches/modules-2/files-2.1/org.junit.jupiter/junit-jupiter/5.10.3/6686d8fbf251f9bf8ecba413cab57b9e00f9134d/junit-jupiter-5.10.3.jar","/home/jbergqvist/.gradle/caches/modules-2/files-2.1/org.mockito/mockito-core/5.11.0/e4069fa4f4ff2c94322cfec5f2e45341c6c70aff/mockito-core-5.11.0.jar","/home/jbergqvist/.gradle/caches/modules-2/files-2.1/org.skyscreamer/jsonassert/1.5.3/aaa43e0823d2a0e106e8754d6a9c4ab24e05e9bc/jsonassert-1.5.3.jar","/home/jbergqvist/.gradle/caches/modules-2/files-2.1/org.springframework/spring-test/6.1.12/ea59acc56a32e6a46f66c06e5d4c2b8e8c6a2869/spring-test-6.1.12.jar","/home/jbergqvist/.gradle/caches/modules-2/files-2.1/org.springframework.boot/spring-boot-autoconfigure/3.3.3/4445f0bbf838c1e3aeb5a83bf2367fbd1013237f/spring-boot-autoconfigure-3.3.3.jar","/home/jbergqvist/.gradle/caches/modules-2/files-2.1/org.springframework.boot/spring-boot/3.3.3/f34dba93611823e521800a47043267715184911b/spring-boot-3.3.3.jar","/home/jbergqvist/.gradle/caches/modules-2/files-2.1/org.springframework/spring-context/6.1.12/e69d476d1334935529a61f403749c6b8593e3272/spring-context-6.1.12.jar","/home/jbergqvist/.gradle/caches/modules-2/files-2.1/org.springframework/spring-aop/6.1.12/5fce5ff02455fad179fc0ea05435dfb79bbeaa66/spring-aop-6.1.12.jar","/home/jbergqvist/.gradle/caches/modules-2/files-2.1/org.springframework/spring-orm/6.1.12/9df98d9ebdfcf5359dbda945de515d8af2cabe89/spring-orm-6.1.12.jar","/home/jbergqvist/.gradle/caches/modules-2/files-2.1/org.springframework/spring-jdbc/6.1.12/feb177a07e109f633c3fb1892d22a2867d0b2284/spring-jdbc-6.1.12.jar","/home/jbergqvist/.gradle/caches/modules-2/files-2.1/org.springframework.data/spring-data-commons/3.3.3/89ab77494e1e56b058001354265e381a0a2868e6/spring-data-commons-3.3.3.jar","/home/jbergqvist/.gradle/caches/modules-2/files-2.1/org.springframework/spring-tx/6.1.12/c47885e494845584e08407b611031ea2bcef0ef7/spring-tx-6.1.12.jar","/home/jbergqvist/.gradle/caches/modules-2/files-2.1/org.springframework/spring-beans/6.1.12/f0344fa934f114a15f02c2b1a199189ec12b7eb5/spring-beans-6.1.12.jar","/home/jbergqvist/.gradle/caches/modules-2/files-2.1/org.springframework/spring-expression/6.1.12/644bbc2e65eb40feb7284b8570d7a7eb8b1fe8df/spring-expression-6.1.12.jar","/home/jbergqvist/.gradle/caches/modules-2/files-2.1/org.springframework/spring-core/6.1.12/5f4162fb645c4f72b57b21d721fce9f26edb9bb9/spring-core-6.1.12.jar","/home/jbergqvist/.gradle/caches/modules-2/files-2.1/org.xmlunit/xmlunit-core/2.9.1/e5833662d9a1279a37da3ef6f62a1da29fcd68c4/xmlunit-core-2.9.1.jar","/home/jbergqvist/.gradle/caches/modules-2/files-2.1/org.aspectj/aspectjweaver/1.9.22.1/bca243d0af0db4758fbae45c5f4995cb5dabb612/aspectjweaver-1.9.22.1.jar","/home/jbergqvist/.gradle/caches/modules-2/files-2.1/com.zaxxer/HikariCP/5.1.0/8c96e36c14461fc436bb02b264b96ef3ca5dca8c/HikariCP-5.1.0.jar","/home/jbergqvist/.gradle/caches/modules-2/files-2.1/jakarta.persistence/jakarta.persistence-api/3.1.0/66901fa1c373c6aff65c13791cc11da72060a8d6/jakarta.persistence-api-3.1.0.jar","/home/jbergqvist/.gradle/caches/modules-2/files-2.1/jakarta.transaction/jakarta.transaction-api/2.0.1/51a520e3fae406abb84e2e1148e6746ce3f80a1a/jakarta.transaction-api-2.0.1.jar","/home/jbergqvist/.gradle/caches/modules-2/files-2.1/org.jboss.logging/jboss-logging/3.5.3.Final/c88fc1d8a96d4c3491f55d4317458ccad53ca663/jboss-logging-3.5.3.Final.jar","/home/jbergqvist/.gradle/caches/modules-2/files-2.1/org.hibernate.common/hibernate-commons-annotations/6.0.6.Final/77a5f94b56d49508e0ee334751db5b78e5ccd50c/hibernate-commons-annotations-6.0.6.Final.jar","/home/jbergqvist/.gradle/caches/modules-2/files-2.1/io.smallrye/jandex/3.1.2/a6c1c89925c7df06242b03dddb353116ceb9584c/jandex-3.1.2.jar","/home/jbergqvist/.gradle/caches/modules-2/files-2.1/com.fasterxml/classmate/1.7.0/e98374da1f2143ac8e6e0a95036994bb19137a3/classmate-1.7.0.jar","/home/jbergqvist/.gradle/caches/modules-2/files-2.1/net.bytebuddy/byte-buddy/1.14.19/4c0c637b8f47dc08f89240e6f59900011752c97b/byte-buddy-1.14.19.jar","/home/jbergqvist/.gradle/caches/modules-2/files-2.1/jakarta.inject/jakarta.inject-api/2.0.1/4c28afe1991a941d7702fe1362c365f0a8641d1e/jakarta.inject-api-2.0.1.jar","/home/jbergqvist/.gradle/caches/modules-2/files-2.1/org.antlr/antlr4-runtime/4.13.0/5a02e48521624faaf5ff4d99afc88b01686af655/antlr4-runtime-4.13.0.jar","/home/jbergqvist/.gradle/caches/modules-2/files-2.1/jakarta.annotation/jakarta.annotation-api/2.1.1/48b9bda22b091b1f48b13af03fe36db3be6e1ae3/jakarta.annotation-api-2.1.1.jar","/home/jbergqvist/.gradle/caches/modules-2/files-2.1/org.springframework.boot/spring-boot-starter-logging/3.3.3/43d07b2e6bbb628c7fc5df103d35ee2eb091522/spring-boot-starter-logging-3.3.3.jar","/home/jbergqvist/.gradle/caches/modules-2/files-2.1/ch.qos.logback/logback-classic/1.5.7/ad4ff8ca015737ade8e8a9de07de565c423e5b7a/logback-classic-1.5.7.jar","/home/jbergqvist/.gradle/caches/modules-2/files-2.1/org.apache.logging.log4j/log4j-to-slf4j/2.23.1/425ad1eb8a39904d2830e907a324e956fb456520/log4j-to-slf4j-2.23.1.jar","/home/jbergqvist/.gradle/caches/modules-2/files-2.1/org.slf4j/jul-to-slf4j/2.0.16/6d57da3e961daac65bcca0dd3def6cd11e48a24a/jul-to-slf4j-2.0.16.jar","/home/jbergqvist/.gradle/caches/modules-2/files-2.1/org.slf4j/slf4j-api/2.0.16/172931663a09a1fa515567af5fbef00897d3c04/slf4j-api-2.0.16.jar","/home/jbergqvist/.gradle/caches/modules-2/files-2.1/com.fasterxml.jackson.datatype/jackson-datatype-jsr310/2.17.2/267b85e9ba2892a37be6d80aa9ca1438a0d8c210/jackson-datatype-jsr310-2.17.2.jar","/home/jbergqvist/.gradle/caches/modules-2/files-2.1/com.fasterxml.jackson.module/jackson-module-parameter-names/2.17.2/d27b9f95ccce98984c1ba58d61c5a9c072b1ad95/jackson-module-parameter-names-2.17.2.jar","/home/jbergqvist/.gradle/caches/modules-2/files-2.1/io.swagger.core.v3/swagger-models-jakarta/2.2.22/bc2809b2efa1f7b062bc9668304a84b198fececd/swagger-models-jakarta-2.2.22.jar","/home/jbergqvist/.gradle/caches/modules-2/files-2.1/com.fasterxml.jackson.core/jackson-annotations/2.17.2/147b7b9412ffff24339f8aba080b292448e08698/jackson-annotations-2.17.2.jar","/home/jbergqvist/.gradle/caches/modules-2/files-2.1/com.fasterxml.jackson.dataformat/jackson-dataformat-yaml/2.17.2/78d2c73dbec62044d7cf3b544b2e0d24a1a093b0/jackson-dataformat-yaml-2.17.2.jar","/home/jbergqvist/.gradle/caches/modules-2/files-2.1/com.fasterxml.jackson.core/jackson-core/2.17.2/969a35cb35c86512acbadcdbbbfb044c877db814/jackson-core-2.17.2.jar","/home/jbergqvist/.gradle/caches/modules-2/files-2.1/com.fasterxml.jackson.datatype/jackson-datatype-jdk8/2.17.2/efd3dd0e1d0db8bc72abbe71c15e697bb83b4b45/jackson-datatype-jdk8-2.17.2.jar","/home/jbergqvist/.gradle/caches/modules-2/files-2.1/com.fasterxml.jackson.core/jackson-databind/2.17.2/e6deb029e5901e027c129341fac39e515066b68c/jackson-databind-2.17.2.jar","/home/jbergqvist/.gradle/caches/modules-2/files-2.1/org.apache.tomcat.embed/tomcat-embed-websocket/10.1.28/1a5ee88106795215e8a7b6cfea46e57cdfc96430/tomcat-embed-websocket-10.1.28.jar","/home/jbergqvist/.gradle/caches/modules-2/files-2.1/org.apache.tomcat.embed/tomcat-embed-core/10.1.28/624f53789b7ba96bc3c8e871fb5eed4cab5a7c89/tomcat-embed-core-10.1.28.jar","/home/jbergqvist/.gradle/caches/modules-2/files-2.1/org.apache.tomcat.embed/tomcat-embed-el/10.1.28/3220f687c5ffc8650559f08ecac5b149838627b3/tomcat-embed-el-10.1.28.jar","/home/jbergqvist/.gradle/caches/modules-2/files-2.1/io.micrometer/micrometer-observation/1.13.3/99840eb14ecf95d349f39123c867c2ca33808d/micrometer-observation-1.13.3.jar","/home/jbergqvist/.gradle/caches/modules-2/files-2.1/com.squareup.okhttp3/okhttp/4.12.0/2f4525d4a200e97e1b87449c2cd9bd2e25b7e8cd/okhttp-4.12.0.jar","/home/jbergqvist/.gradle/caches/modules-2/files-2.1/org.eclipse.angus/angus-activation/2.0.2/41f1e0ddd157c856926ed149ab837d110955a9fc/angus-activation-2.0.2.jar","/home/jbergqvist/.gradle/caches/modules-2/files-2.1/jakarta.activation/jakarta.activation-api/2.1.3/fa165bd70cda600368eee31555222776a46b881f/jakarta.activation-api-2.1.3.jar","/home/jbergqvist/.gradle/caches/modules-2/files-2.1/net.minidev/accessors-smart/2.5.1/19b820261eb2e7de7d5bde11d1c06e4501dd7e5f/accessors-smart-2.5.1.jar","/home/jbergqvist/.gradle/caches/modules-2/files-2.1/net.bytebuddy/byte-buddy-agent/1.14.19/154da3a65b4f4a909d3e5bdec55d1b2b4cbb6ce1/byte-buddy-agent-1.14.19.jar","/home/jbergqvist/.gradle/caches/modules-2/files-2.1/org.objenesis/objenesis/3.3/1049c09f1de4331e8193e579448d0916d75b7631/objenesis-3.3.jar","/home/jbergqvist/.gradle/caches/modules-2/files-2.1/com.vaadin.external.google/android-json/0.0.20131108.vaadin1/fa26d351fe62a6a17f5cda1287c1c6110dec413f/android-json-0.0.20131108.vaadin1.jar","/home/jbergqvist/.gradle/caches/modules-2/files-2.1/org.springframework/spring-jcl/6.1.12/f46d6016fd1dd3801a0e6fcd64789ac468254944/spring-jcl-6.1.12.jar","/home/jbergqvist/.gradle/caches/modules-2/files-2.1/io.micrometer/micrometer-commons/1.13.3/47b6b093cd6ba80c9da8d973ea79c7ef69a878d5/micrometer-commons-1.13.3.jar","/home/jbergqvist/.gradle/caches/modules-2/files-2.1/com.squareup.okio/okio-jvm/3.6.0/5600569133b7bdefe1daf9ec7f4abeb6d13e1786/okio-jvm-3.6.0.jar","/home/jbergqvist/.gradle/caches/modules-2/files-2.1/org.jetbrains.kotlin/kotlin-stdlib-jdk7/1.9.25/1c166692314a2639e5edfed0d23ed7eee4a5c7a5/kotlin-stdlib-jdk7-1.9.25.jar","/home/jbergqvist/.gradle/caches/modules-2/files-2.1/org.jetbrains.kotlin/kotlin-stdlib/1.9.25/f700a2f2b8f0d6d0fde48f56d894dc722fb029d7/kotlin-stdlib-1.9.25.jar","/home/jbergqvist/.gradle/caches/modules-2/files-2.1/org.jetbrains.kotlin/kotlin-stdlib-jdk8/1.9.25/20d44e880a284f7b5cd99dd69450b403073f49b2/kotlin-stdlib-jdk8-1.9.25.jar","/home/jbergqvist/.gradle/caches/modules-2/files-2.1/org.ow2.asm/asm/9.6/aa205cf0a06dbd8e04ece91c0b37c3f5d567546a/asm-9.6.jar","/home/jbergqvist/.gradle/caches/modules-2/files-2.1/org.opentest4j/opentest4j/1.3.0/152ea56b3a72f655d4fd677fc0ef2596c3dd5e6e/opentest4j-1.3.0.jar","/home/jbergqvist/.gradle/caches/modules-2/files-2.1/org.glassfish.jaxb/txw2/4.0.5/f36a4ef12120a9bb06d766d6a0e54b144fd7ed98/txw2-4.0.5.jar","/home/jbergqvist/.gradle/caches/modules-2/files-2.1/com.sun.istack/istack-commons-runtime/4.1.2/18ec117c85f3ba0ac65409136afa8e42bc74e739/istack-commons-runtime-4.1.2.jar","/home/jbergqvist/.gradle/caches/modules-2/files-2.1/ch.qos.logback/logback-core/1.5.7/ba0d0cbac3f21abd28faed3b4931d5b49cc5887e/logback-core-1.5.7.jar","/home/jbergqvist/.gradle/caches/modules-2/files-2.1/org.apache.logging.log4j/log4j-api/2.23.1/9c15c29c526d9c6783049c0a77722693c66706e1/log4j-api-2.23.1.jar","/home/jbergqvist/.gradle/caches/modules-2/files-2.1/org.apache.commons/commons-lang3/3.14.0/1ed471194b02f2c6cb734a0cd6f6f107c673afae/commons-lang3-3.14.0.jar","/home/jbergqvist/.gradle/caches/modules-2/files-2.1/io.swagger.core.v3/swagger-annotations-jakarta/2.2.22/1efc0b0af32fce629f0786062c89e8b117abe120/swagger-annotations-jakarta-2.2.22.jar","/home/jbergqvist/.gradle/caches/modules-2/files-2.1/jakarta.validation/jakarta.validation-api/3.0.2/92b6631659ba35ca09e44874d3eb936edfeee532/jakarta.validation-api-3.0.2.jar","/home/jbergqvist/.gradle/caches/modules-2/files-2.1/org.jetbrains/annotations/13.0/919f0dfe192fb4e063e7dacadee7f8bb9a2672a9/annotations-13.0.jar","/home/jbergqvist/.gradle/caches/modules-2/files-2.1/org.apiguardian/apiguardian-api/1.1.2/a231e0d844d2721b0fa1b238006d15c6ded6842a/apiguardian-api-1.1.2.jar"],"complianceLevel":"21","productionSources":["/home/jbergqvist/diffblue/finos-traderX/trade-service/src/main/java"],"testSources":["/home/jbergqvist/diffblue/finos-traderX/trade-service/src/test/java"],"productionClasses":"/home/jbergqvist/diffblue/finos-traderX/trade-service/build/classes/java/main","testClasses":"/home/jbergqvist/diffblue/finos-traderX/trade-service/build/classes/java/test","sourceToBuildPathMap":{"/home/jbergqvist/diffblue/finos-traderX/trade-service/src/main/java":"/home/jbergqvist/diffblue/finos-traderX/trade-service/build/classes/java/main"},"testSourceToBuildPathMap":{"/home/jbergqvist/diffblue/finos-traderX/trade-service/src/test/java":"/home/jbergqvist/diffblue/finos-traderX/trade-service/build/classes/java/test"},"buildDirectory":null,"plugins":[{"__type":"DefaultPlugin","groupId":null,"artefactId":null,"version":null,"pluginClassName":"com.diffblue.cover.buildsystem.gradle.plugin.CoverPlugin"},{"__type":"DefaultPlugin","groupId":null,"artefactId":null,"version":"8.8","pluginClassName":"org.gradle.api.plugins.HelpTasksPlugin$Inject"},{"__type":"DefaultPlugin","groupId":null,"artefactId":null,"version":"8.8","pluginClassName":"org.gradle.buildinit.plugins.BuildInitPlugin$Inject"},{"__type":"DefaultPlugin","groupId":null,"artefactId":null,"version":"8.8","pluginClassName":"org.gradle.buildinit.plugins.WrapperPlugin$Inject"},{"__type":"DefaultPlugin","groupId":null,"artefactId":null,"version":"8.8","pluginClassName":"org.gradle.language.base.plugins.LifecycleBasePlugin$Inject"},{"__type":"DefaultPlugin","groupId":null,"artefactId":null,"version":"8.8","pluginClassName":"org.gradle.api.plugins.BasePlugin$Inject"},{"__type":"DefaultPlugin","groupId":null,"artefactId":null,"version":"8.8","pluginClassName":"org.gradle.api.plugins.JvmEcosystemPlugin$Inject"},{"__type":"DefaultPlugin","groupId":null,"artefactId":null,"version":"8.8","pluginClassName":"org.gradle.api.plugins.ReportingBasePlugin$Inject"},{"__type":"DefaultPlugin","groupId":null,"artefactId":null,"version":"8.8","pluginClassName":"org.gradle.api.plugins.JvmToolchainsPlugin$Inject"},{"__type":"DefaultPlugin","groupId":null,"artefactId":null,"version":"8.8","pluginClassName":"org.gradle.api.plugins.JavaBasePlugin$Inject"},{"__type":"DefaultPlugin","groupId":null,"artefactId":null,"version":"8.8","pluginClassName":"org.gradle.testing.base.plugins.TestSuiteBasePlugin$Inject"},{"__type":"DefaultPlugin","groupId":null,"artefactId":null,"version":"8.8","pluginClassName":"org.gradle.api.plugins.JvmTestSuitePlugin$Inject"},{"__type":"DefaultPlugin","groupId":null,"artefactId":null,"version":"8.8","pluginClassName":"org.gradle.api.plugins.JavaPlugin$Inject"},{"__type":"DefaultPlugin","groupId":null,"artefactId":null,"version":"3.3.3","pluginClassName":"org.springframework.boot.gradle.plugin.SpringBootPlugin"},{"__type":"DefaultPlugin","groupId":null,"artefactId":null,"version":"1.1.6","pluginClassName":"io.spring.gradle.dependencymanagement.DependencyManagementPlugin"},{"__type":"DefaultPlugin","groupId":null,"artefactId":null,"version":"0.8.11","pluginClassName":"org.gradle.testing.jacoco.plugins.JacocoPlugin$Inject"}],"version":"8.8","encoding":"UTF-8","name":"gradle","subModules":[],"simpleModuleName":"trade-service","parentModuleName":"","location":"/home/jbergqvist/diffblue/finos-traderX/trade-service","fullModuleName":"trade-service"},{"__type":"DefaultProjectModule","junitReport":["/home/jbergqvist/diffblue/finos-traderX/position-service/build/test-results/test"],"jacocoReport":["/home/jbergqvist/diffblue/finos-traderX/position-service/build/reports/jacoco/test/jacocoTestReport.xml"],"jacocoDestFile":["/home/jbergqvist/diffblue/finos-traderX/position-service/build/jacoco/test.exec"],"jacocoFormats":null,"jacocoSkipped":false,"classpath":["/home/jbergqvist/diffblue/finos-traderX/position-service/build/classes/java/test","/home/jbergqvist/diffblue/finos-traderX/position-service/build/resources/test","/home/jbergqvist/diffblue/finos-traderX/position-service/build/classes/java/main","/home/jbergqvist/diffblue/finos-traderX/position-service/build/resources/main","/home/jbergqvist/.gradle/caches/modules-2/files-2.1/org.springframework.boot/spring-boot-starter-data-jpa/3.3.3/7eeb176d6130f7aa83405fe2985fe7cadc11ebc5/spring-boot-starter-data-jpa-3.3.3.jar","/home/jbergqvist/.gradle/caches/modules-2/files-2.1/org.springframework.boot/spring-boot-starter-web/3.3.3/f19325fefd33dc920c0f68547a798ed731a8c70c/spring-boot-starter-web-3.3.3.jar","/home/jbergqvist/.gradle/caches/modules-2/files-2.1/com.h2database/h2/2.2.224/7bdade27d8cd197d9b5ce9dc251f41d2edc5f7ad/h2-2.2.224.jar","/home/jbergqvist/.gradle/caches/modules-2/files-2.1/org.springdoc/springdoc-openapi-starter-webmvc-ui/2.6.0/2dddebb56441dbaa1009c4de434a83c65596f6ad/springdoc-openapi-starter-webmvc-ui-2.6.0.jar","/home/jbergqvist/.gradle/caches/modules-2/files-2.1/com.diffblue.cover/cover-annotations/1.8.0/9eb3621b5f61d1dd8d7fa1af6b2c8c3fcf8ee857/cover-annotations-1.8.0.jar","/home/jbergqvist/.gradle/caches/modules-2/files-2.1/org.springframework.boot/spring-boot-starter-test/3.3.3/6774cadaa893fce1f18ff5e528e17f75d32f6670/spring-boot-starter-test-3.3.3.jar","/home/jbergqvist/.gradle/caches/modules-2/files-2.1/org.springframework.boot/spring-boot-starter-aop/3.3.3/f64c22484c1ab36ae70abc752509ec4c7b1abcfc/spring-boot-starter-aop-3.3.3.jar","/home/jbergqvist/.gradle/caches/modules-2/files-2.1/org.springframework.boot/spring-boot-starter-jdbc/3.3.3/c97a56c12c79d1ce419a306ddee4ccb89b7d3728/spring-boot-starter-jdbc-3.3.3.jar","/home/jbergqvist/.gradle/caches/modules-2/files-2.1/org.hibernate.orm/hibernate-core/6.5.2.Final/e9e0cc47f6cd2b2553968aee66bd9e55e7485221/hibernate-core-6.5.2.Final.jar","/home/jbergqvist/.gradle/caches/modules-2/files-2.1/org.springframework.data/spring-data-jpa/3.3.3/9b89dbd19eee24c4dc4df12564efc603c614aa91/spring-data-jpa-3.3.3.jar","/home/jbergqvist/.gradle/caches/modules-2/files-2.1/org.springframework/spring-aspects/6.1.12/b72435b5813755a894531e2cf1565eff1b313574/spring-aspects-6.1.12.jar","/home/jbergqvist/.gradle/caches/modules-2/files-2.1/org.springframework.boot/spring-boot-starter-json/3.3.3/3dde3b6089f772a77763020cc97a219307a8f39f/spring-boot-starter-json-3.3.3.jar","/home/jbergqvist/.gradle/caches/modules-2/files-2.1/org.springframework.boot/spring-boot-starter/3.3.3/174d6cb1c59036a01756d6bf4d8945325f94155f/spring-boot-starter-3.3.3.jar","/home/jbergqvist/.gradle/caches/modules-2/files-2.1/org.springframework.boot/spring-boot-starter-tomcat/3.3.3/8ca660b0ecba2f0ff8ce27603fe89953dc4ec18d/spring-boot-starter-tomcat-3.3.3.jar","/home/jbergqvist/.gradle/caches/modules-2/files-2.1/org.springdoc/springdoc-openapi-starter-webmvc-api/2.6.0/d235c2989247641e5dfe764d7add3a11e4d54a5f/springdoc-openapi-starter-webmvc-api-2.6.0.jar","/home/jbergqvist/.gradle/caches/modules-2/files-2.1/org.springframework/spring-webmvc/6.1.12/86bb0c203d68adb4b2675765f5a372f4c5254b2d/spring-webmvc-6.1.12.jar","/home/jbergqvist/.gradle/caches/modules-2/files-2.1/org.springframework/spring-web/6.1.12/b60e69b3ec87f8e001537a0fa7e3e2732dfafa7e/spring-web-6.1.12.jar","/home/jbergqvist/.gradle/caches/modules-2/files-2.1/org.webjars/swagger-ui/5.17.14/7c746d197424eb721b4e08fcaa9e85231662d81f/swagger-ui-5.17.14.jar","/home/jbergqvist/.gradle/caches/modules-2/files-2.1/org.springframework.boot/spring-boot-test-autoconfigure/3.3.3/ebce486202d965dc984ff8013a8f87fdb9b6fe46/spring-boot-test-autoconfigure-3.3.3.jar","/home/jbergqvist/.gradle/caches/modules-2/files-2.1/org.springframework.boot/spring-boot-test/3.3.3/42a314ffe171b6fb3932a86a884ef721467dc704/spring-boot-test-3.3.3.jar","/home/jbergqvist/.gradle/caches/modules-2/files-2.1/com.jayway.jsonpath/json-path/2.9.0/37fe2217f577b0b68b18e62c4d17a8858ecf9b69/json-path-2.9.0.jar","/home/jbergqvist/.gradle/caches/modules-2/files-2.1/org.glassfish.jaxb/jaxb-runtime/4.0.5/ca84c2a7169b5293e232b9d00d1e4e36d4c3914a/jaxb-runtime-4.0.5.jar","/home/jbergqvist/.gradle/caches/modules-2/files-2.1/org.glassfish.jaxb/jaxb-core/4.0.5/7b4b11ea5542eea4ad55e1080b23be436795b3/jaxb-core-4.0.5.jar","/home/jbergqvist/.gradle/caches/modules-2/files-2.1/org.springdoc/springdoc-openapi-starter-common/2.6.0/c8cf5fbd1f9e4c410d67f1de27dfc3529de13620/springdoc-openapi-starter-common-2.6.0.jar","/home/jbergqvist/.gradle/caches/modules-2/files-2.1/io.swagger.core.v3/swagger-core-jakarta/2.2.22/9ed5daaaa1c94c9a6b56c058c9d1b3190044a2e2/swagger-core-jakarta-2.2.22.jar","/home/jbergqvist/.gradle/caches/modules-2/files-2.1/jakarta.xml.bind/jakarta.xml.bind-api/4.0.2/6cd5a999b834b63238005b7144136379dc36cad2/jakarta.xml.bind-api-4.0.2.jar","/home/jbergqvist/.gradle/caches/modules-2/files-2.1/net.minidev/json-smart/2.5.1/4c11d2808d009132dfbbf947ebf37de6bf266c8e/json-smart-2.5.1.jar","/home/jbergqvist/.gradle/caches/modules-2/files-2.1/org.assertj/assertj-core/3.25.3/792b270e73aa1cfc28fa135be0b95e69ea451432/assertj-core-3.25.3.jar","/home/jbergqvist/.gradle/caches/modules-2/files-2.1/org.awaitility/awaitility/4.2.2/7336242073ebf83fe034e42b46a403c5501b63c9/awaitility-4.2.2.jar","/home/jbergqvist/.gradle/caches/modules-2/files-2.1/org.hamcrest/hamcrest/2.2/1820c0968dba3a11a1b30669bb1f01978a91dedc/hamcrest-2.2.jar","/home/jbergqvist/.gradle/caches/modules-2/files-2.1/org.mockito/mockito-junit-jupiter/5.11.0/8e658dd339f40305ed4293db25545b5df98b171b/mockito-junit-jupiter-5.11.0.jar","/home/jbergqvist/.gradle/caches/modules-2/files-2.1/org.junit.jupiter/junit-jupiter-params/5.10.3/4852f4e4af9074d9214213b199751f99efeab8b9/junit-jupiter-params-5.10.3.jar","/home/jbergqvist/.gradle/caches/modules-2/files-2.1/org.junit.jupiter/junit-jupiter-engine/5.10.3/48c14e866bb1a87ca35d24ff068463bb202ada24/junit-jupiter-engine-5.10.3.jar","/home/jbergqvist/.gradle/caches/modules-2/files-2.1/org.junit.jupiter/junit-jupiter-api/5.10.3/a22aa91d1d6c69b2020a9aeb6d095ea81132bfa5/junit-jupiter-api-5.10.3.jar","/home/jbergqvist/.gradle/caches/modules-2/files-2.1/org.junit.platform/junit-platform-engine/1.10.3/365a320c3cfd47f3346625e541e424e35dc75c42/junit-platform-engine-1.10.3.jar","/home/jbergqvist/.gradle/caches/modules-2/files-2.1/org.junit.platform/junit-platform-commons/1.10.3/a353d42a2f13343a7cb80c5228ae66ff64495481/junit-platform-commons-1.10.3.jar","/home/jbergqvist/.gradle/caches/modules-2/files-2.1/org.junit.jupiter/junit-jupiter/5.10.3/6686d8fbf251f9bf8ecba413cab57b9e00f9134d/junit-jupiter-5.10.3.jar","/home/jbergqvist/.gradle/caches/modules-2/files-2.1/org.mockito/mockito-core/5.11.0/e4069fa4f4ff2c94322cfec5f2e45341c6c70aff/mockito-core-5.11.0.jar","/home/jbergqvist/.gradle/caches/modules-2/files-2.1/org.skyscreamer/jsonassert/1.5.3/aaa43e0823d2a0e106e8754d6a9c4ab24e05e9bc/jsonassert-1.5.3.jar","/home/jbergqvist/.gradle/caches/modules-2/files-2.1/org.springframework/spring-test/6.1.12/ea59acc56a32e6a46f66c06e5d4c2b8e8c6a2869/spring-test-6.1.12.jar","/home/jbergqvist/.gradle/caches/modules-2/files-2.1/org.springframework.boot/spring-boot-autoconfigure/3.3.3/4445f0bbf838c1e3aeb5a83bf2367fbd1013237f/spring-boot-autoconfigure-3.3.3.jar","/home/jbergqvist/.gradle/caches/modules-2/files-2.1/org.springframework.boot/spring-boot/3.3.3/f34dba93611823e521800a47043267715184911b/spring-boot-3.3.3.jar","/home/jbergqvist/.gradle/caches/modules-2/files-2.1/org.springframework/spring-context/6.1.12/e69d476d1334935529a61f403749c6b8593e3272/spring-context-6.1.12.jar","/home/jbergqvist/.gradle/caches/modules-2/files-2.1/org.springframework/spring-aop/6.1.12/5fce5ff02455fad179fc0ea05435dfb79bbeaa66/spring-aop-6.1.12.jar","/home/jbergqvist/.gradle/caches/modules-2/files-2.1/org.springframework/spring-orm/6.1.12/9df98d9ebdfcf5359dbda945de515d8af2cabe89/spring-orm-6.1.12.jar","/home/jbergqvist/.gradle/caches/modules-2/files-2.1/org.springframework/spring-jdbc/6.1.12/feb177a07e109f633c3fb1892d22a2867d0b2284/spring-jdbc-6.1.12.jar","/home/jbergqvist/.gradle/caches/modules-2/files-2.1/org.springframework.data/spring-data-commons/3.3.3/89ab77494e1e56b058001354265e381a0a2868e6/spring-data-commons-3.3.3.jar","/home/jbergqvist/.gradle/caches/modules-2/files-2.1/org.springframework/spring-tx/6.1.12/c47885e494845584e08407b611031ea2bcef0ef7/spring-tx-6.1.12.jar","/home/jbergqvist/.gradle/caches/modules-2/files-2.1/org.springframework/spring-beans/6.1.12/f0344fa934f114a15f02c2b1a199189ec12b7eb5/spring-beans-6.1.12.jar","/home/jbergqvist/.gradle/caches/modules-2/files-2.1/org.springframework/spring-expression/6.1.12/644bbc2e65eb40feb7284b8570d7a7eb8b1fe8df/spring-expression-6.1.12.jar","/home/jbergqvist/.gradle/caches/modules-2/files-2.1/org.springframework/spring-core/6.1.12/5f4162fb645c4f72b57b21d721fce9f26edb9bb9/spring-core-6.1.12.jar","/home/jbergqvist/.gradle/caches/modules-2/files-2.1/org.xmlunit/xmlunit-core/2.9.1/e5833662d9a1279a37da3ef6f62a1da29fcd68c4/xmlunit-core-2.9.1.jar","/home/jbergqvist/.gradle/caches/modules-2/files-2.1/org.aspectj/aspectjweaver/1.9.22.1/bca243d0af0db4758fbae45c5f4995cb5dabb612/aspectjweaver-1.9.22.1.jar","/home/jbergqvist/.gradle/caches/modules-2/files-2.1/com.zaxxer/HikariCP/5.1.0/8c96e36c14461fc436bb02b264b96ef3ca5dca8c/HikariCP-5.1.0.jar","/home/jbergqvist/.gradle/caches/modules-2/files-2.1/jakarta.persistence/jakarta.persistence-api/3.1.0/66901fa1c373c6aff65c13791cc11da72060a8d6/jakarta.persistence-api-3.1.0.jar","/home/jbergqvist/.gradle/caches/modules-2/files-2.1/jakarta.transaction/jakarta.transaction-api/2.0.1/51a520e3fae406abb84e2e1148e6746ce3f80a1a/jakarta.transaction-api-2.0.1.jar","/home/jbergqvist/.gradle/caches/modules-2/files-2.1/org.jboss.logging/jboss-logging/3.5.3.Final/c88fc1d8a96d4c3491f55d4317458ccad53ca663/jboss-logging-3.5.3.Final.jar","/home/jbergqvist/.gradle/caches/modules-2/files-2.1/org.hibernate.common/hibernate-commons-annotations/6.0.6.Final/77a5f94b56d49508e0ee334751db5b78e5ccd50c/hibernate-commons-annotations-6.0.6.Final.jar","/home/jbergqvist/.gradle/caches/modules-2/files-2.1/io.smallrye/jandex/3.1.2/a6c1c89925c7df06242b03dddb353116ceb9584c/jandex-3.1.2.jar","/home/jbergqvist/.gradle/caches/modules-2/files-2.1/com.fasterxml/classmate/1.7.0/e98374da1f2143ac8e6e0a95036994bb19137a3/classmate-1.7.0.jar","/home/jbergqvist/.gradle/caches/modules-2/files-2.1/net.bytebuddy/byte-buddy/1.14.19/4c0c637b8f47dc08f89240e6f59900011752c97b/byte-buddy-1.14.19.jar","/home/jbergqvist/.gradle/caches/modules-2/files-2.1/jakarta.inject/jakarta.inject-api/2.0.1/4c28afe1991a941d7702fe1362c365f0a8641d1e/jakarta.inject-api-2.0.1.jar","/home/jbergqvist/.gradle/caches/modules-2/files-2.1/org.antlr/antlr4-runtime/4.13.0/5a02e48521624faaf5ff4d99afc88b01686af655/antlr4-runtime-4.13.0.jar","/home/jbergqvist/.gradle/caches/modules-2/files-2.1/jakarta.annotation/jakarta.annotation-api/2.1.1/48b9bda22b091b1f48b13af03fe36db3be6e1ae3/jakarta.annotation-api-2.1.1.jar","/home/jbergqvist/.gradle/caches/modules-2/files-2.1/org.springframework.boot/spring-boot-starter-logging/3.3.3/43d07b2e6bbb628c7fc5df103d35ee2eb091522/spring-boot-starter-logging-3.3.3.jar","/home/jbergqvist/.gradle/caches/modules-2/files-2.1/ch.qos.logback/logback-classic/1.5.7/ad4ff8ca015737ade8e8a9de07de565c423e5b7a/logback-classic-1.5.7.jar","/home/jbergqvist/.gradle/caches/modules-2/files-2.1/org.apache.logging.log4j/log4j-to-slf4j/2.23.1/425ad1eb8a39904d2830e907a324e956fb456520/log4j-to-slf4j-2.23.1.jar","/home/jbergqvist/.gradle/caches/modules-2/files-2.1/org.slf4j/jul-to-slf4j/2.0.16/6d57da3e961daac65bcca0dd3def6cd11e48a24a/jul-to-slf4j-2.0.16.jar","/home/jbergqvist/.gradle/caches/modules-2/files-2.1/org.slf4j/slf4j-api/2.0.16/172931663a09a1fa515567af5fbef00897d3c04/slf4j-api-2.0.16.jar","/home/jbergqvist/.gradle/caches/modules-2/files-2.1/com.fasterxml.jackson.datatype/jackson-datatype-jdk8/2.17.2/efd3dd0e1d0db8bc72abbe71c15e697bb83b4b45/jackson-datatype-jdk8-2.17.2.jar","/home/jbergqvist/.gradle/caches/modules-2/files-2.1/com.fasterxml.jackson.datatype/jackson-datatype-jsr310/2.17.2/267b85e9ba2892a37be6d80aa9ca1438a0d8c210/jackson-datatype-jsr310-2.17.2.jar","/home/jbergqvist/.gradle/caches/modules-2/files-2.1/com.fasterxml.jackson.module/jackson-module-parameter-names/2.17.2/d27b9f95ccce98984c1ba58d61c5a9c072b1ad95/jackson-module-parameter-names-2.17.2.jar","/home/jbergqvist/.gradle/caches/modules-2/files-2.1/com.fasterxml.jackson.core/jackson-databind/2.17.2/e6deb029e5901e027c129341fac39e515066b68c/jackson-databind-2.17.2.jar","/home/jbergqvist/.gradle/caches/modules-2/files-2.1/io.swagger.core.v3/swagger-models-jakarta/2.2.22/bc2809b2efa1f7b062bc9668304a84b198fececd/swagger-models-jakarta-2.2.22.jar","/home/jbergqvist/.gradle/caches/modules-2/files-2.1/com.fasterxml.jackson.core/jackson-annotations/2.17.2/147b7b9412ffff24339f8aba080b292448e08698/jackson-annotations-2.17.2.jar","/home/jbergqvist/.gradle/caches/modules-2/files-2.1/com.fasterxml.jackson.core/jackson-core/2.17.2/969a35cb35c86512acbadcdbbbfb044c877db814/jackson-core-2.17.2.jar","/home/jbergqvist/.gradle/caches/modules-2/files-2.1/com.fasterxml.jackson.dataformat/jackson-dataformat-yaml/2.17.2/78d2c73dbec62044d7cf3b544b2e0d24a1a093b0/jackson-dataformat-yaml-2.17.2.jar","/home/jbergqvist/.gradle/caches/modules-2/files-2.1/org.yaml/snakeyaml/2.2/3af797a25458550a16bf89acc8e4ab2b7f2bfce0/snakeyaml-2.2.jar","/home/jbergqvist/.gradle/caches/modules-2/files-2.1/org.apache.tomcat.embed/tomcat-embed-websocket/10.1.28/1a5ee88106795215e8a7b6cfea46e57cdfc96430/tomcat-embed-websocket-10.1.28.jar","/home/jbergqvist/.gradle/caches/modules-2/files-2.1/org.apache.tomcat.embed/tomcat-embed-core/10.1.28/624f53789b7ba96bc3c8e871fb5eed4cab5a7c89/tomcat-embed-core-10.1.28.jar","/home/jbergqvist/.gradle/caches/modules-2/files-2.1/org.apache.tomcat.embed/tomcat-embed-el/10.1.28/3220f687c5ffc8650559f08ecac5b149838627b3/tomcat-embed-el-10.1.28.jar","/home/jbergqvist/.gradle/caches/modules-2/files-2.1/io.micrometer/micrometer-observation/1.13.3/99840eb14ecf95d349f39123c867c2ca33808d/micrometer-observation-1.13.3.jar","/home/jbergqvist/.gradle/caches/modules-2/files-2.1/org.eclipse.angus/angus-activation/2.0.2/41f1e0ddd157c856926ed149ab837d110955a9fc/angus-activation-2.0.2.jar","/home/jbergqvist/.gradle/caches/modules-2/files-2.1/jakarta.activation/jakarta.activation-api/2.1.3/fa165bd70cda600368eee31555222776a46b881f/jakarta.activation-api-2.1.3.jar","/home/jbergqvist/.gradle/caches/modules-2/files-2.1/net.minidev/accessors-smart/2.5.1/19b820261eb2e7de7d5bde11d1c06e4501dd7e5f/accessors-smart-2.5.1.jar","/home/jbergqvist/.gradle/caches/modules-2/files-2.1/net.bytebuddy/byte-buddy-agent/1.14.19/154da3a65b4f4a909d3e5bdec55d1b2b4cbb6ce1/byte-buddy-agent-1.14.19.jar","/home/jbergqvist/.gradle/caches/modules-2/files-2.1/org.objenesis/objenesis/3.3/1049c09f1de4331e8193e579448d0916d75b7631/objenesis-3.3.jar","/home/jbergqvist/.gradle/caches/modules-2/files-2.1/com.vaadin.external.google/android-json/0.0.20131108.vaadin1/fa26d351fe62a6a17f5cda1287c1c6110dec413f/android-json-0.0.20131108.vaadin1.jar","/home/jbergqvist/.gradle/caches/modules-2/files-2.1/org.springframework/spring-jcl/6.1.12/f46d6016fd1dd3801a0e6fcd64789ac468254944/spring-jcl-6.1.12.jar","/home/jbergqvist/.gradle/caches/modules-2/files-2.1/io.micrometer/micrometer-commons/1.13.3/47b6b093cd6ba80c9da8d973ea79c7ef69a878d5/micrometer-commons-1.13.3.jar","/home/jbergqvist/.gradle/caches/modules-2/files-2.1/org.ow2.asm/asm/9.6/aa205cf0a06dbd8e04ece91c0b37c3f5d567546a/asm-9.6.jar","/home/jbergqvist/.gradle/caches/modules-2/files-2.1/org.opentest4j/opentest4j/1.3.0/152ea56b3a72f655d4fd677fc0ef2596c3dd5e6e/opentest4j-1.3.0.jar","/home/jbergqvist/.gradle/caches/modules-2/files-2.1/org.glassfish.jaxb/txw2/4.0.5/f36a4ef12120a9bb06d766d6a0e54b144fd7ed98/txw2-4.0.5.jar","/home/jbergqvist/.gradle/caches/modules-2/files-2.1/com.sun.istack/istack-commons-runtime/4.1.2/18ec117c85f3ba0ac65409136afa8e42bc74e739/istack-commons-runtime-4.1.2.jar","/home/jbergqvist/.gradle/caches/modules-2/files-2.1/ch.qos.logback/logback-core/1.5.7/ba0d0cbac3f21abd28faed3b4931d5b49cc5887e/logback-core-1.5.7.jar","/home/jbergqvist/.gradle/caches/modules-2/files-2.1/org.apache.logging.log4j/log4j-api/2.23.1/9c15c29c526d9c6783049c0a77722693c66706e1/log4j-api-2.23.1.jar","/home/jbergqvist/.gradle/caches/modules-2/files-2.1/org.apache.commons/commons-lang3/3.14.0/1ed471194b02f2c6cb734a0cd6f6f107c673afae/commons-lang3-3.14.0.jar","/home/jbergqvist/.gradle/caches/modules-2/files-2.1/io.swagger.core.v3/swagger-annotations-jakarta/2.2.22/1efc0b0af32fce629f0786062c89e8b117abe120/swagger-annotations-jakarta-2.2.22.jar","/home/jbergqvist/.gradle/caches/modules-2/files-2.1/jakarta.validation/jakarta.validation-api/3.0.2/92b6631659ba35ca09e44874d3eb936edfeee532/jakarta.validation-api-3.0.2.jar","/home/jbergqvist/.gradle/caches/modules-2/files-2.1/org.apiguardian/apiguardian-api/1.1.2/a231e0d844d2721b0fa1b238006d15c6ded6842a/apiguardian-api-1.1.2.jar"],"complianceLevel":"21","productionSources":["/home/jbergqvist/diffblue/finos-traderX/position-service/src/main/java"],"testSources":["/home/jbergqvist/diffblue/finos-traderX/position-service/src/test/java"],"productionClasses":"/home/jbergqvist/diffblue/finos-traderX/position-service/build/classes/java/main","testClasses":"/home/jbergqvist/diffblue/finos-traderX/position-service/build/classes/java/test","sourceToBuildPathMap":{"/home/jbergqvist/diffblue/finos-traderX/position-service/src/main/java":"/home/jbergqvist/diffblue/finos-traderX/position-service/build/classes/java/main"},"testSourceToBuildPathMap":{"/home/jbergqvist/diffblue/finos-traderX/position-service/src/test/java":"/home/jbergqvist/diffblue/finos-traderX/position-service/build/classes/java/test"},"buildDirectory":null,"plugins":[{"__type":"DefaultPlugin","groupId":null,"artefactId":null,"version":null,"pluginClassName":"com.diffblue.cover.buildsystem.gradle.plugin.CoverPlugin"},{"__type":"DefaultPlugin","groupId":null,"artefactId":null,"version":"8.8","pluginClassName":"org.gradle.api.plugins.HelpTasksPlugin$Inject"},{"__type":"DefaultPlugin","groupId":null,"artefactId":null,"version":"8.8","pluginClassName":"org.gradle.buildinit.plugins.BuildInitPlugin$Inject"},{"__type":"DefaultPlugin","groupId":null,"artefactId":null,"version":"8.8","pluginClassName":"org.gradle.buildinit.plugins.WrapperPlugin$Inject"},{"__type":"DefaultPlugin","groupId":null,"artefactId":null,"version":"8.8","pluginClassName":"org.gradle.language.base.plugins.LifecycleBasePlugin$Inject"},{"__type":"DefaultPlugin","groupId":null,"artefactId":null,"version":"8.8","pluginClassName":"org.gradle.api.plugins.BasePlugin$Inject"},{"__type":"DefaultPlugin","groupId":null,"artefactId":null,"version":"8.8","pluginClassName":"org.gradle.api.plugins.JvmEcosystemPlugin$Inject"},{"__type":"DefaultPlugin","groupId":null,"artefactId":null,"version":"8.8","pluginClassName":"org.gradle.api.plugins.ReportingBasePlugin$Inject"},{"__type":"DefaultPlugin","groupId":null,"artefactId":null,"version":"8.8","pluginClassName":"org.gradle.api.plugins.JvmToolchainsPlugin$Inject"},{"__type":"DefaultPlugin","groupId":null,"artefactId":null,"version":"8.8","pluginClassName":"org.gradle.api.plugins.JavaBasePlugin$Inject"},{"__type":"DefaultPlugin","groupId":null,"artefactId":null,"version":"8.8","pluginClassName":"org.gradle.testing.base.plugins.TestSuiteBasePlugin$Inject"},{"__type":"DefaultPlugin","groupId":null,"artefactId":null,"version":"8.8","pluginClassName":"org.gradle.api.plugins.JvmTestSuitePlugin$Inject"},{"__type":"DefaultPlugin","groupId":null,"artefactId":null,"version":"8.8","pluginClassName":"org.gradle.api.plugins.JavaPlugin$Inject"},{"__type":"DefaultPlugin","groupId":null,"artefactId":null,"version":"3.3.3","pluginClassName":"org.springframework.boot.gradle.plugin.SpringBootPlugin"},{"__type":"DefaultPlugin","groupId":null,"artefactId":null,"version":"1.1.6","pluginClassName":"io.spring.gradle.dependencymanagement.DependencyManagementPlugin"},{"__type":"DefaultPlugin","groupId":null,"artefactId":null,"version":"0.8.11","pluginClassName":"org.gradle.testing.jacoco.plugins.JacocoPlugin$Inject"}],"version":"8.8","encoding":"UTF-8","name":"gradle","subModules":[],"simpleModuleName":"position-service","parentModuleName":"","location":"/home/jbergqvist/diffblue/finos-traderX/position-service","fullModuleName":"position-service"},{"__type":"DefaultProjectModule","junitReport":["/home/jbergqvist/diffblue/finos-traderX/account-service/build/test-results/test"],"jacocoReport":["/home/jbergqvist/diffblue/finos-traderX/account-service/build/reports/jacoco/test/jacocoTestReport.xml"],"jacocoDestFile":["/home/jbergqvist/diffblue/finos-traderX/account-service/build/jacoco/test.exec"],"jacocoFormats":null,"jacocoSkipped":false,"classpath":["/home/jbergqvist/diffblue/finos-traderX/account-service/build/classes/java/test","/home/jbergqvist/diffblue/finos-traderX/account-service/build/resources/test","/home/jbergqvist/diffblue/finos-traderX/account-service/build/classes/java/main","/home/jbergqvist/diffblue/finos-traderX/account-service/build/resources/main","/home/jbergqvist/.gradle/caches/modules-2/files-2.1/org.springframework.boot/spring-boot-starter-data-jpa/3.3.3/7eeb176d6130f7aa83405fe2985fe7cadc11ebc5/spring-boot-starter-data-jpa-3.3.3.jar","/home/jbergqvist/.gradle/caches/modules-2/files-2.1/org.springframework.boot/spring-boot-starter-web/3.3.3/f19325fefd33dc920c0f68547a798ed731a8c70c/spring-boot-starter-web-3.3.3.jar","/home/jbergqvist/.gradle/caches/modules-2/files-2.1/com.h2database/h2/2.2.224/7bdade27d8cd197d9b5ce9dc251f41d2edc5f7ad/h2-2.2.224.jar","/home/jbergqvist/.gradle/caches/modules-2/files-2.1/org.springdoc/springdoc-openapi-starter-webmvc-ui/2.6.0/2dddebb56441dbaa1009c4de434a83c65596f6ad/springdoc-openapi-starter-webmvc-ui-2.6.0.jar","/home/jbergqvist/.gradle/caches/modules-2/files-2.1/com.diffblue.cover/cover-annotations/1.8.0/9eb3621b5f61d1dd8d7fa1af6b2c8c3fcf8ee857/cover-annotations-1.8.0.jar","/home/jbergqvist/.gradle/caches/modules-2/files-2.1/org.springframework.boot/spring-boot-starter-test/3.3.3/6774cadaa893fce1f18ff5e528e17f75d32f6670/spring-boot-starter-test-3.3.3.jar","/home/jbergqvist/.gradle/caches/modules-2/files-2.1/org.springframework.boot/spring-boot-starter-aop/3.3.3/f64c22484c1ab36ae70abc752509ec4c7b1abcfc/spring-boot-starter-aop-3.3.3.jar","/home/jbergqvist/.gradle/caches/modules-2/files-2.1/org.springframework.boot/spring-boot-starter-jdbc/3.3.3/c97a56c12c79d1ce419a306ddee4ccb89b7d3728/spring-boot-starter-jdbc-3.3.3.jar","/home/jbergqvist/.gradle/caches/modules-2/files-2.1/org.hibernate.orm/hibernate-core/6.5.2.Final/e9e0cc47f6cd2b2553968aee66bd9e55e7485221/hibernate-core-6.5.2.Final.jar","/home/jbergqvist/.gradle/caches/modules-2/files-2.1/org.springframework.data/spring-data-jpa/3.3.3/9b89dbd19eee24c4dc4df12564efc603c614aa91/spring-data-jpa-3.3.3.jar","/home/jbergqvist/.gradle/caches/modules-2/files-2.1/org.springframework/spring-aspects/6.1.12/b72435b5813755a894531e2cf1565eff1b313574/spring-aspects-6.1.12.jar","/home/jbergqvist/.gradle/caches/modules-2/files-2.1/org.springframework.boot/spring-boot-starter-json/3.3.3/3dde3b6089f772a77763020cc97a219307a8f39f/spring-boot-starter-json-3.3.3.jar","/home/jbergqvist/.gradle/caches/modules-2/files-2.1/org.springframework.boot/spring-boot-starter/3.3.3/174d6cb1c59036a01756d6bf4d8945325f94155f/spring-boot-starter-3.3.3.jar","/home/jbergqvist/.gradle/caches/modules-2/files-2.1/org.springframework.boot/spring-boot-starter-tomcat/3.3.3/8ca660b0ecba2f0ff8ce27603fe89953dc4ec18d/spring-boot-starter-tomcat-3.3.3.jar","/home/jbergqvist/.gradle/caches/modules-2/files-2.1/org.springdoc/springdoc-openapi-starter-webmvc-api/2.6.0/d235c2989247641e5dfe764d7add3a11e4d54a5f/springdoc-openapi-starter-webmvc-api-2.6.0.jar","/home/jbergqvist/.gradle/caches/modules-2/files-2.1/org.springframework/spring-webmvc/6.1.12/86bb0c203d68adb4b2675765f5a372f4c5254b2d/spring-webmvc-6.1.12.jar","/home/jbergqvist/.gradle/caches/modules-2/files-2.1/org.springframework/spring-web/6.1.12/b60e69b3ec87f8e001537a0fa7e3e2732dfafa7e/spring-web-6.1.12.jar","/home/jbergqvist/.gradle/caches/modules-2/files-2.1/org.webjars/swagger-ui/5.17.14/7c746d197424eb721b4e08fcaa9e85231662d81f/swagger-ui-5.17.14.jar","/home/jbergqvist/.gradle/caches/modules-2/files-2.1/org.springframework.boot/spring-boot-test-autoconfigure/3.3.3/ebce486202d965dc984ff8013a8f87fdb9b6fe46/spring-boot-test-autoconfigure-3.3.3.jar","/home/jbergqvist/.gradle/caches/modules-2/files-2.1/org.springframework.boot/spring-boot-test/3.3.3/42a314ffe171b6fb3932a86a884ef721467dc704/spring-boot-test-3.3.3.jar","/home/jbergqvist/.gradle/caches/modules-2/files-2.1/com.jayway.jsonpath/json-path/2.9.0/37fe2217f577b0b68b18e62c4d17a8858ecf9b69/json-path-2.9.0.jar","/home/jbergqvist/.gradle/caches/modules-2/files-2.1/org.glassfish.jaxb/jaxb-runtime/4.0.5/ca84c2a7169b5293e232b9d00d1e4e36d4c3914a/jaxb-runtime-4.0.5.jar","/home/jbergqvist/.gradle/caches/modules-2/files-2.1/org.glassfish.jaxb/jaxb-core/4.0.5/7b4b11ea5542eea4ad55e1080b23be436795b3/jaxb-core-4.0.5.jar","/home/jbergqvist/.gradle/caches/modules-2/files-2.1/org.springdoc/springdoc-openapi-starter-common/2.6.0/c8cf5fbd1f9e4c410d67f1de27dfc3529de13620/springdoc-openapi-starter-common-2.6.0.jar","/home/jbergqvist/.gradle/caches/modules-2/files-2.1/io.swagger.core.v3/swagger-core-jakarta/2.2.22/9ed5daaaa1c94c9a6b56c058c9d1b3190044a2e2/swagger-core-jakarta-2.2.22.jar","/home/jbergqvist/.gradle/caches/modules-2/files-2.1/jakarta.xml.bind/jakarta.xml.bind-api/4.0.2/6cd5a999b834b63238005b7144136379dc36cad2/jakarta.xml.bind-api-4.0.2.jar","/home/jbergqvist/.gradle/caches/modules-2/files-2.1/net.minidev/json-smart/2.5.1/4c11d2808d009132dfbbf947ebf37de6bf266c8e/json-smart-2.5.1.jar","/home/jbergqvist/.gradle/caches/modules-2/files-2.1/org.assertj/assertj-core/3.25.3/792b270e73aa1cfc28fa135be0b95e69ea451432/assertj-core-3.25.3.jar","/home/jbergqvist/.gradle/caches/modules-2/files-2.1/org.awaitility/awaitility/4.2.2/7336242073ebf83fe034e42b46a403c5501b63c9/awaitility-4.2.2.jar","/home/jbergqvist/.gradle/caches/modules-2/files-2.1/org.hamcrest/hamcrest/2.2/1820c0968dba3a11a1b30669bb1f01978a91dedc/hamcrest-2.2.jar","/home/jbergqvist/.gradle/caches/modules-2/files-2.1/org.mockito/mockito-junit-jupiter/5.11.0/8e658dd339f40305ed4293db25545b5df98b171b/mockito-junit-jupiter-5.11.0.jar","/home/jbergqvist/.gradle/caches/modules-2/files-2.1/org.junit.jupiter/junit-jupiter-params/5.10.3/4852f4e4af9074d9214213b199751f99efeab8b9/junit-jupiter-params-5.10.3.jar","/home/jbergqvist/.gradle/caches/modules-2/files-2.1/org.junit.jupiter/junit-jupiter-engine/5.10.3/48c14e866bb1a87ca35d24ff068463bb202ada24/junit-jupiter-engine-5.10.3.jar","/home/jbergqvist/.gradle/caches/modules-2/files-2.1/org.junit.jupiter/junit-jupiter-api/5.10.3/a22aa91d1d6c69b2020a9aeb6d095ea81132bfa5/junit-jupiter-api-5.10.3.jar","/home/jbergqvist/.gradle/caches/modules-2/files-2.1/org.junit.platform/junit-platform-engine/1.10.3/365a320c3cfd47f3346625e541e424e35dc75c42/junit-platform-engine-1.10.3.jar","/home/jbergqvist/.gradle/caches/modules-2/files-2.1/org.junit.platform/junit-platform-commons/1.10.3/a353d42a2f13343a7cb80c5228ae66ff64495481/junit-platform-commons-1.10.3.jar","/home/jbergqvist/.gradle/caches/modules-2/files-2.1/org.junit.jupiter/junit-jupiter/5.10.3/6686d8fbf251f9bf8ecba413cab57b9e00f9134d/junit-jupiter-5.10.3.jar","/home/jbergqvist/.gradle/caches/modules-2/files-2.1/org.mockito/mockito-core/5.11.0/e4069fa4f4ff2c94322cfec5f2e45341c6c70aff/mockito-core-5.11.0.jar","/home/jbergqvist/.gradle/caches/modules-2/files-2.1/org.skyscreamer/jsonassert/1.5.3/aaa43e0823d2a0e106e8754d6a9c4ab24e05e9bc/jsonassert-1.5.3.jar","/home/jbergqvist/.gradle/caches/modules-2/files-2.1/org.springframework/spring-test/6.1.12/ea59acc56a32e6a46f66c06e5d4c2b8e8c6a2869/spring-test-6.1.12.jar","/home/jbergqvist/.gradle/caches/modules-2/files-2.1/org.springframework.boot/spring-boot-autoconfigure/3.3.3/4445f0bbf838c1e3aeb5a83bf2367fbd1013237f/spring-boot-autoconfigure-3.3.3.jar","/home/jbergqvist/.gradle/caches/modules-2/files-2.1/org.springframework.boot/spring-boot/3.3.3/f34dba93611823e521800a47043267715184911b/spring-boot-3.3.3.jar","/home/jbergqvist/.gradle/caches/modules-2/files-2.1/org.springframework/spring-context/6.1.12/e69d476d1334935529a61f403749c6b8593e3272/spring-context-6.1.12.jar","/home/jbergqvist/.gradle/caches/modules-2/files-2.1/org.springframework/spring-aop/6.1.12/5fce5ff02455fad179fc0ea05435dfb79bbeaa66/spring-aop-6.1.12.jar","/home/jbergqvist/.gradle/caches/modules-2/files-2.1/org.springframework/spring-orm/6.1.12/9df98d9ebdfcf5359dbda945de515d8af2cabe89/spring-orm-6.1.12.jar","/home/jbergqvist/.gradle/caches/modules-2/files-2.1/org.springframework/spring-jdbc/6.1.12/feb177a07e109f633c3fb1892d22a2867d0b2284/spring-jdbc-6.1.12.jar","/home/jbergqvist/.gradle/caches/modules-2/files-2.1/org.springframework.data/spring-data-commons/3.3.3/89ab77494e1e56b058001354265e381a0a2868e6/spring-data-commons-3.3.3.jar","/home/jbergqvist/.gradle/caches/modules-2/files-2.1/org.springframework/spring-tx/6.1.12/c47885e494845584e08407b611031ea2bcef0ef7/spring-tx-6.1.12.jar","/home/jbergqvist/.gradle/caches/modules-2/files-2.1/org.springframework/spring-beans/6.1.12/f0344fa934f114a15f02c2b1a199189ec12b7eb5/spring-beans-6.1.12.jar","/home/jbergqvist/.gradle/caches/modules-2/files-2.1/org.springframework/spring-expression/6.1.12/644bbc2e65eb40feb7284b8570d7a7eb8b1fe8df/spring-expression-6.1.12.jar","/home/jbergqvist/.gradle/caches/modules-2/files-2.1/org.springframework/spring-core/6.1.12/5f4162fb645c4f72b57b21d721fce9f26edb9bb9/spring-core-6.1.12.jar","/home/jbergqvist/.gradle/caches/modules-2/files-2.1/org.xmlunit/xmlunit-core/2.9.1/e5833662d9a1279a37da3ef6f62a1da29fcd68c4/xmlunit-core-2.9.1.jar","/home/jbergqvist/.gradle/caches/modules-2/files-2.1/org.aspectj/aspectjweaver/1.9.22.1/bca243d0af0db4758fbae45c5f4995cb5dabb612/aspectjweaver-1.9.22.1.jar","/home/jbergqvist/.gradle/caches/modules-2/files-2.1/com.zaxxer/HikariCP/5.1.0/8c96e36c14461fc436bb02b264b96ef3ca5dca8c/HikariCP-5.1.0.jar","/home/jbergqvist/.gradle/caches/modules-2/files-2.1/jakarta.persistence/jakarta.persistence-api/3.1.0/66901fa1c373c6aff65c13791cc11da72060a8d6/jakarta.persistence-api-3.1.0.jar","/home/jbergqvist/.gradle/caches/modules-2/files-2.1/jakarta.transaction/jakarta.transaction-api/2.0.1/51a520e3fae406abb84e2e1148e6746ce3f80a1a/jakarta.transaction-api-2.0.1.jar","/home/jbergqvist/.gradle/caches/modules-2/files-2.1/org.jboss.logging/jboss-logging/3.5.3.Final/c88fc1d8a96d4c3491f55d4317458ccad53ca663/jboss-logging-3.5.3.Final.jar","/home/jbergqvist/.gradle/caches/modules-2/files-2.1/org.hibernate.common/hibernate-commons-annotations/6.0.6.Final/77a5f94b56d49508e0ee334751db5b78e5ccd50c/hibernate-commons-annotations-6.0.6.Final.jar","/home/jbergqvist/.gradle/caches/modules-2/files-2.1/io.smallrye/jandex/3.1.2/a6c1c89925c7df06242b03dddb353116ceb9584c/jandex-3.1.2.jar","/home/jbergqvist/.gradle/caches/modules-2/files-2.1/com.fasterxml/classmate/1.7.0/e98374da1f2143ac8e6e0a95036994bb19137a3/classmate-1.7.0.jar","/home/jbergqvist/.gradle/caches/modules-2/files-2.1/net.bytebuddy/byte-buddy/1.14.19/4c0c637b8f47dc08f89240e6f59900011752c97b/byte-buddy-1.14.19.jar","/home/jbergqvist/.gradle/caches/modules-2/files-2.1/jakarta.inject/jakarta.inject-api/2.0.1/4c28afe1991a941d7702fe1362c365f0a8641d1e/jakarta.inject-api-2.0.1.jar","/home/jbergqvist/.gradle/caches/modules-2/files-2.1/org.antlr/antlr4-runtime/4.13.0/5a02e48521624faaf5ff4d99afc88b01686af655/antlr4-runtime-4.13.0.jar","/home/jbergqvist/.gradle/caches/modules-2/files-2.1/jakarta.annotation/jakarta.annotation-api/2.1.1/48b9bda22b091b1f48b13af03fe36db3be6e1ae3/jakarta.annotation-api-2.1.1.jar","/home/jbergqvist/.gradle/caches/modules-2/files-2.1/org.springframework.boot/spring-boot-starter-logging/3.3.3/43d07b2e6bbb628c7fc5df103d35ee2eb091522/spring-boot-starter-logging-3.3.3.jar","/home/jbergqvist/.gradle/caches/modules-2/files-2.1/ch.qos.logback/logback-classic/1.5.7/ad4ff8ca015737ade8e8a9de07de565c423e5b7a/logback-classic-1.5.7.jar","/home/jbergqvist/.gradle/caches/modules-2/files-2.1/org.apache.logging.log4j/log4j-to-slf4j/2.23.1/425ad1eb8a39904d2830e907a324e956fb456520/log4j-to-slf4j-2.23.1.jar","/home/jbergqvist/.gradle/caches/modules-2/files-2.1/org.slf4j/jul-to-slf4j/2.0.16/6d57da3e961daac65bcca0dd3def6cd11e48a24a/jul-to-slf4j-2.0.16.jar","/home/jbergqvist/.gradle/caches/modules-2/files-2.1/org.slf4j/slf4j-api/2.0.16/172931663a09a1fa515567af5fbef00897d3c04/slf4j-api-2.0.16.jar","/home/jbergqvist/.gradle/caches/modules-2/files-2.1/com.fasterxml.jackson.datatype/jackson-datatype-jdk8/2.17.2/efd3dd0e1d0db8bc72abbe71c15e697bb83b4b45/jackson-datatype-jdk8-2.17.2.jar","/home/jbergqvist/.gradle/caches/modules-2/files-2.1/com.fasterxml.jackson.datatype/jackson-datatype-jsr310/2.17.2/267b85e9ba2892a37be6d80aa9ca1438a0d8c210/jackson-datatype-jsr310-2.17.2.jar","/home/jbergqvist/.gradle/caches/modules-2/files-2.1/com.fasterxml.jackson.module/jackson-module-parameter-names/2.17.2/d27b9f95ccce98984c1ba58d61c5a9c072b1ad95/jackson-module-parameter-names-2.17.2.jar","/home/jbergqvist/.gradle/caches/modules-2/files-2.1/com.fasterxml.jackson.core/jackson-databind/2.17.2/e6deb029e5901e027c129341fac39e515066b68c/jackson-databind-2.17.2.jar","/home/jbergqvist/.gradle/caches/modules-2/files-2.1/io.swagger.core.v3/swagger-models-jakarta/2.2.22/bc2809b2efa1f7b062bc9668304a84b198fececd/swagger-models-jakarta-2.2.22.jar","/home/jbergqvist/.gradle/caches/modules-2/files-2.1/com.fasterxml.jackson.core/jackson-annotations/2.17.2/147b7b9412ffff24339f8aba080b292448e08698/jackson-annotations-2.17.2.jar","/home/jbergqvist/.gradle/caches/modules-2/files-2.1/com.fasterxml.jackson.core/jackson-core/2.17.2/969a35cb35c86512acbadcdbbbfb044c877db814/jackson-core-2.17.2.jar","/home/jbergqvist/.gradle/caches/modules-2/files-2.1/com.fasterxml.jackson.dataformat/jackson-dataformat-yaml/2.17.2/78d2c73dbec62044d7cf3b544b2e0d24a1a093b0/jackson-dataformat-yaml-2.17.2.jar","/home/jbergqvist/.gradle/caches/modules-2/files-2.1/org.yaml/snakeyaml/2.2/3af797a25458550a16bf89acc8e4ab2b7f2bfce0/snakeyaml-2.2.jar","/home/jbergqvist/.gradle/caches/modules-2/files-2.1/org.apache.tomcat.embed/tomcat-embed-websocket/10.1.28/1a5ee88106795215e8a7b6cfea46e57cdfc96430/tomcat-embed-websocket-10.1.28.jar","/home/jbergqvist/.gradle/caches/modules-2/files-2.1/org.apache.tomcat.embed/tomcat-embed-core/10.1.28/624f53789b7ba96bc3c8e871fb5eed4cab5a7c89/tomcat-embed-core-10.1.28.jar","/home/jbergqvist/.gradle/caches/modules-2/files-2.1/org.apache.tomcat.embed/tomcat-embed-el/10.1.28/3220f687c5ffc8650559f08ecac5b149838627b3/tomcat-embed-el-10.1.28.jar","/home/jbergqvist/.gradle/caches/modules-2/files-2.1/io.micrometer/micrometer-observation/1.13.3/99840eb14ecf95d349f39123c867c2ca33808d/micrometer-observation-1.13.3.jar","/home/jbergqvist/.gradle/caches/modules-2/files-2.1/org.eclipse.angus/angus-activation/2.0.2/41f1e0ddd157c856926ed149ab837d110955a9fc/angus-activation-2.0.2.jar","/home/jbergqvist/.gradle/caches/modules-2/files-2.1/jakarta.activation/jakarta.activation-api/2.1.3/fa165bd70cda600368eee31555222776a46b881f/jakarta.activation-api-2.1.3.jar","/home/jbergqvist/.gradle/caches/modules-2/files-2.1/net.minidev/accessors-smart/2.5.1/19b820261eb2e7de7d5bde11d1c06e4501dd7e5f/accessors-smart-2.5.1.jar","/home/jbergqvist/.gradle/caches/modules-2/files-2.1/net.bytebuddy/byte-buddy-agent/1.14.19/154da3a65b4f4a909d3e5bdec55d1b2b4cbb6ce1/byte-buddy-agent-1.14.19.jar","/home/jbergqvist/.gradle/caches/modules-2/files-2.1/org.objenesis/objenesis/3.3/1049c09f1de4331e8193e579448d0916d75b7631/objenesis-3.3.jar","/home/jbergqvist/.gradle/caches/modules-2/files-2.1/com.vaadin.external.google/android-json/0.0.20131108.vaadin1/fa26d351fe62a6a17f5cda1287c1c6110dec413f/android-json-0.0.20131108.vaadin1.jar","/home/jbergqvist/.gradle/caches/modules-2/files-2.1/org.springframework/spring-jcl/6.1.12/f46d6016fd1dd3801a0e6fcd64789ac468254944/spring-jcl-6.1.12.jar","/home/jbergqvist/.gradle/caches/modules-2/files-2.1/io.micrometer/micrometer-commons/1.13.3/47b6b093cd6ba80c9da8d973ea79c7ef69a878d5/micrometer-commons-1.13.3.jar","/home/jbergqvist/.gradle/caches/modules-2/files-2.1/org.ow2.asm/asm/9.6/aa205cf0a06dbd8e04ece91c0b37c3f5d567546a/asm-9.6.jar","/home/jbergqvist/.gradle/caches/modules-2/files-2.1/org.opentest4j/opentest4j/1.3.0/152ea56b3a72f655d4fd677fc0ef2596c3dd5e6e/opentest4j-1.3.0.jar","/home/jbergqvist/.gradle/caches/modules-2/files-2.1/org.glassfish.jaxb/txw2/4.0.5/f36a4ef12120a9bb06d766d6a0e54b144fd7ed98/txw2-4.0.5.jar","/home/jbergqvist/.gradle/caches/modules-2/files-2.1/com.sun.istack/istack-commons-runtime/4.1.2/18ec117c85f3ba0ac65409136afa8e42bc74e739/istack-commons-runtime-4.1.2.jar","/home/jbergqvist/.gradle/caches/modules-2/files-2.1/ch.qos.logback/logback-core/1.5.7/ba0d0cbac3f21abd28faed3b4931d5b49cc5887e/logback-core-1.5.7.jar","/home/jbergqvist/.gradle/caches/modules-2/files-2.1/org.apache.logging.log4j/log4j-api/2.23.1/9c15c29c526d9c6783049c0a77722693c66706e1/log4j-api-2.23.1.jar","/home/jbergqvist/.gradle/caches/modules-2/files-2.1/org.apache.commons/commons-lang3/3.14.0/1ed471194b02f2c6cb734a0cd6f6f107c673afae/commons-lang3-3.14.0.jar","/home/jbergqvist/.gradle/caches/modules-2/files-2.1/io.swagger.core.v3/swagger-annotations-jakarta/2.2.22/1efc0b0af32fce629f0786062c89e8b117abe120/swagger-annotations-jakarta-2.2.22.jar","/home/jbergqvist/.gradle/caches/modules-2/files-2.1/jakarta.validation/jakarta.validation-api/3.0.2/92b6631659ba35ca09e44874d3eb936edfeee532/jakarta.validation-api-3.0.2.jar","/home/jbergqvist/.gradle/caches/modules-2/files-2.1/org.apiguardian/apiguardian-api/1.1.2/a231e0d844d2721b0fa1b238006d15c6ded6842a/apiguardian-api-1.1.2.jar"],"complianceLevel":"21","productionSources":["/home/jbergqvist/diffblue/finos-traderX/account-service/src/main/java"],"testSources":["/home/jbergqvist/diffblue/finos-traderX/account-service/src/test/java"],"productionClasses":"/home/jbergqvist/diffblue/finos-traderX/account-service/build/classes/java/main","testClasses":"/home/jbergqvist/diffblue/finos-traderX/account-service/build/classes/java/test","sourceToBuildPathMap":{"/home/jbergqvist/diffblue/finos-traderX/account-service/src/main/java":"/home/jbergqvist/diffblue/finos-traderX/account-service/build/classes/java/main"},"testSourceToBuildPathMap":{"/home/jbergqvist/diffblue/finos-traderX/account-service/src/test/java":"/home/jbergqvist/diffblue/finos-traderX/account-service/build/classes/java/test"},"buildDirectory":null,"plugins":[{"__type":"DefaultPlugin","groupId":null,"artefactId":null,"version":null,"pluginClassName":"com.diffblue.cover.buildsystem.gradle.plugin.CoverPlugin"},{"__type":"DefaultPlugin","groupId":null,"artefactId":null,"version":"8.8","pluginClassName":"org.gradle.api.plugins.HelpTasksPlugin$Inject"},{"__type":"DefaultPlugin","groupId":null,"artefactId":null,"version":"8.8","pluginClassName":"org.gradle.buildinit.plugins.BuildInitPlugin$Inject"},{"__type":"DefaultPlugin","groupId":null,"artefactId":null,"version":"8.8","pluginClassName":"org.gradle.buildinit.plugins.WrapperPlugin$Inject"},{"__type":"DefaultPlugin","groupId":null,"artefactId":null,"version":"8.8","pluginClassName":"org.gradle.language.base.plugins.LifecycleBasePlugin$Inject"},{"__type":"DefaultPlugin","groupId":null,"artefactId":null,"version":"8.8","pluginClassName":"org.gradle.api.plugins.BasePlugin$Inject"},{"__type":"DefaultPlugin","groupId":null,"artefactId":null,"version":"8.8","pluginClassName":"org.gradle.api.plugins.JvmEcosystemPlugin$Inject"},{"__type":"DefaultPlugin","groupId":null,"artefactId":null,"version":"8.8","pluginClassName":"org.gradle.api.plugins.ReportingBasePlugin$Inject"},{"__type":"DefaultPlugin","groupId":null,"artefactId":null,"version":"8.8","pluginClassName":"org.gradle.api.plugins.JvmToolchainsPlugin$Inject"},{"__type":"DefaultPlugin","groupId":null,"artefactId":null,"version":"8.8","pluginClassName":"org.gradle.api.plugins.JavaBasePlugin$Inject"},{"__type":"DefaultPlugin","groupId":null,"artefactId":null,"version":"8.8","pluginClassName":"org.gradle.testing.base.plugins.TestSuiteBasePlugin$Inject"},{"__type":"DefaultPlugin","groupId":null,"artefactId":null,"version":"8.8","pluginClassName":"org.gradle.api.plugins.JvmTestSuitePlugin$Inject"},{"__type":"DefaultPlugin","groupId":null,"artefactId":null,"version":"8.8","pluginClassName":"org.gradle.api.plugins.JavaPlugin$Inject"},{"__type":"DefaultPlugin","groupId":null,"artefactId":null,"version":"3.3.3","pluginClassName":"org.springframework.boot.gradle.plugin.SpringBootPlugin"},{"__type":"DefaultPlugin","groupId":null,"artefactId":null,"version":"1.1.6","pluginClassName":"io.spring.gradle.dependencymanagement.DependencyManagementPlugin"},{"__type":"DefaultPlugin","groupId":null,"artefactId":null,"version":"0.8.11","pluginClassName":"org.gradle.testing.jacoco.plugins.JacocoPlugin$Inject"}],"version":"8.8","encoding":"UTF-8","name":"gradle","subModules":[],"simpleModuleName":"account-service","parentModuleName":"","location":"/home/jbergqvist/diffblue/finos-traderX/account-service","fullModuleName":"account-service"}],"simpleModuleName":"finos-traderX","parentModuleName":null,"location":"/home/jbergqvist/diffblue/finos-traderX","fullModuleName":"finos-traderX"}}
14:22:24.946 [INFO]   [Checking]    deserializing line [DIFFBLUE]{"__type":"com.diffblue.cover.buildsystem.model.DefaultEventMessage","project":"finos-traderX","goal":"help","cause":null,"state":"STARTED"}
14:22:24.948 [INFO]   [Checking]    deserializing line [DIFFBLUE]{"__type":"com.diffblue.cover.buildsystem.model.DefaultEventMessage","project":"finos-traderX","goal":"help","cause":null,"state":"SUCCESS"}
14:22:24.951 [INFO]   [Checking]    Found 1 ProjectModuleMessages (ignoring buildSrc projects)
14:22:24.951 [INFO]   [Checking]    Found module finos-traderX in the working directory /home/jbergqvist/diffblue/finos-traderX
14:22:24.951 [INFO]   [Checking]    deserialized project module is present? true
14:22:25.006 [INFO]   [Checking]    Operating System: Linux amd64 6.8.0-90-generic
14:22:25.006 [INFO]   [Checking]    Default charset: UTF-8
14:22:25.006 [INFO]   [Checking]    Default locale: en_GB
14:22:25.008 [INFO]   [Checking]    Default time zone: Europe/London
14:22:25.016 [INFO]   [Checking]    Selected modules:
14:22:25.016 [INFO]   [Checking]    - account-service
14:22:25.016 [INFO]   [Checking]    
14:22:25.019 [INFO]   [Checking]    
14:22:25.019 [INFO]   [Checking]    [1/1] Diagnosing issues for module: account-service
14:22:25.019 [INFO]   [Checking]    ===================================================
14:22:25.019 [INFO]   [Checking]    
14:22:25.028 [INFO]   [Checking]    Detected Java version 21.0.9
14:22:25.032 [INFO]   [Checking]    Detected build system: Gradle 8.8
14:22:25.054 [INFO]   [Checking]    Operating System: Linux amd64 6.8.0-90-generic
14:22:25.054 [INFO]   [Checking]    Default charset: UTF-8
14:22:25.054 [INFO]   [Checking]    Default locale: en_GB
14:22:25.054 [INFO]   [Checking]    Default time zone: Europe/London
14:22:25.055 [INFO]   [Checking]    Selected build system: Gradle
14:22:25.056 [INFO]   [Checking]    Detected JVM architecture: 64-Bit
14:22:25.061 [INFO]   [Checking]    
14:22:25.061 [INFO]   [Checking]    Environment summary for module: account-service
14:22:25.061 [INFO]   [Checking]    -----------------------------------------------
14:22:25.062 [INFO]   [Checking]    Java version                   21.0.9                        SUCCESS        
14:22:25.062 [INFO]   [Checking]    Build system                   Gradle                        SUCCESS        
14:22:25.062 [INFO]   [Checking]    
14:22:25.062 [INFO]   [Checking]    Environment check status: SUCCESS
14:22:25.062 [INFO]   [Reporting]   Reading report file '/home/jbergqvist/diffblue/finos-traderX/account-service/.diffblue/reports/report.json'
14:22:25.120 [INFO]   [Reporting]   Copied report file to '/home/jbergqvist/diffblue/finos-traderX/account-service/.diffblue/reports/report-20260109T124542.json'
14:22:25.163 [INFO]   [Reporting]   
14:22:25.164 [INFO]   [Reporting]   [1mR013: No inputs found that don't throw a trivial exception[m
14:22:25.165 [INFO]   [Reporting]   Issues: 7
14:22:25.165 [INFO]   [Reporting]   Affected methods: 7
14:22:25.165 [INFO]   [Reporting]   
14:22:25.165 [INFO]   [Reporting]   [1mR026: Failed to create Spring context[m
14:22:25.165 [INFO]   [Reporting]   Issues: 7
14:22:25.165 [INFO]   [Reporting]   Affected methods: 7
14:22:25.165 [INFO]   [Reporting]   
14:22:25.165 [INFO]   [Reporting]   [1mR028: Incomplete repository information[m
14:22:25.165 [INFO]   [Reporting]   Issues: 2
14:22:25.165 [INFO]   [Reporting]   Affected methods: 64
14:22:25.165 [INFO]   [Reporting]   
14:22:25.165 [INFO]   [Reporting]   16 issues were found, rerun with --prompts to list with actionable advice
14:22:25.165 [INFO]   [Reporting]   Rerun with --prompts --limit 10 --skip 10 to restrict which issues are displayed
14:22:25.167 [INFO]   [Reporting]   
14:22:25.167 [INFO]   [Reporting]   Log file: /home/jbergqvist/diffblue/finos-traderX/.diffblue/log/user-20260109T142217.log
14:22:25.167 [INFO]   [Reporting]   Finished in 8s
