12:45:25.567 [INFO]   [Preparing]   Diffblue Cover 2025.12.02-74144f0-licensed
12:45:25.567 [INFO]   [Preparing]   Running: dcover build
12:45:25.567 [INFO]   [Preparing]   
12:45:25.568 [INFO]   [Preparing]   Command: build
12:45:25.568 [INFO]   [Preparing]   Build Maven or Gradle projects using default build commands.
12:45:25.568 [INFO]   [Preparing]   
12:45:25.892 [INFO]   [Checking]    Detected Java version 21.0.9
12:45:26.539 [INFO]   [Checking]    Using default build rules as no custom rules found in any of [/home/jbergqvist/diffblue/finos-traderX]
12:45:26.540 [INFO]   [Checking]    The file /home/jbergqvist/diffblue/finos-traderX/.diffblue/init.gradle already exists and will be overwritten.
12:45:26.547 [INFO]   [Checking]    Attempting to invoke /home/jbergqvist/diffblue/finos-traderX/./gradlew in working directory: /home/jbergqvist/diffblue/finos-traderX
12:45:26.548 [INFO]   [Checking]    Started "/home/jbergqvist/diffblue/finos-traderX/./gradlew --init-script=/home/jbergqvist/diffblue/finos-traderX/.diffblue/init.gradle --info --console=plain -PskipTestOptimizer=true -Dcom.diffblue.cover.buildsystem.gradle.model-jar=/opt/cover/com.diffblue.cover.buildsystem.gradle.plugin.jar --no-daemon"
12:45:26.797 [INFO]   [Checking]    out: Initialized native services in: /home/jbergqvist/.gradle/native
12:45:26.879 [INFO]   [Checking]    out: Initialized jansi services in: /home/jbergqvist/.gradle/native
12:45:26.906 [INFO]   [Checking]    out: Received JVM installation metadata from '/home/jbergqvist/.sdkman/candidates/java/21.0.9-amzn': {JAVA_HOME=/home/jbergqvist/.sdkman/candidates/java/21.0.9-amzn, JAVA_VERSION=21.0.9, JAVA_VENDOR=Amazon.com Inc., RUNTIME_NAME=OpenJDK Runtime Environment, RUNTIME_VERSION=21.0.9+10-LTS, VM_NAME=OpenJDK 64-Bit Server VM, VM_VERSION=21.0.9+10-LTS, VM_VENDOR=Amazon.com Inc., OS_ARCH=amd64}
12:45:27.005 [INFO]   [Checking]    out: To honour the JVM settings for this build a single-use Daemon process will be forked. For more on this, please refer to https://docs.gradle.org/8.8/userguide/gradle_daemon.html#sec:disabling_the_daemon in the Gradle documentation.
12:45:27.006 [INFO]   [Checking]    out: Starting process 'Gradle build daemon'. Working directory: /home/jbergqvist/.gradle/daemon/8.8 Command: /home/jbergqvist/.sdkman/candidates/java/21.0.9-amzn/bin/java --add-opens=java.base/java.util=ALL-UNNAMED --add-opens=java.base/java.lang=ALL-UNNAMED --add-opens=java.base/java.lang.invoke=ALL-UNNAMED --add-opens=java.prefs/java.util.prefs=ALL-UNNAMED --add-opens=java.base/java.nio.charset=ALL-UNNAMED --add-opens=java.base/java.net=ALL-UNNAMED --add-opens=java.base/java.util.concurrent.atomic=ALL-UNNAMED -XX:MaxMetaspaceSize=384m -XX:+HeapDumpOnOutOfMemoryError -Xms256m -Xmx512m -Dfile.encoding=UTF-8 -Duser.country=GB -Duser.language=en -Duser.variant -cp /home/jbergqvist/.gradle/wrapper/dists/gradle-8.8-bin/dl7vupf4psengwqhwktix4v1/gradle-8.8/lib/gradle-launcher-8.8.jar -javaagent:/home/jbergqvist/.gradle/wrapper/dists/gradle-8.8-bin/dl7vupf4psengwqhwktix4v1/gradle-8.8/lib/agents/gradle-instrumentation-agent-8.8.jar org.gradle.launcher.daemon.bootstrap.GradleDaemon 8.8
12:45:27.006 [INFO]   [Checking]    out: Successfully started process 'Gradle build daemon'
12:45:27.605 [INFO]   [Checking]    out: An attempt to start the daemon took 0.561 secs.
12:45:27.606 [INFO]   [Checking]    out: The client will now receive all logging from the daemon (pid: 273289). The daemon log file: /home/jbergqvist/.gradle/daemon/8.8/daemon-273289.out.log
12:45:27.606 [INFO]   [Checking]    out: Daemon will be stopped at the end of the build 
12:45:27.805 [INFO]   [Checking]    out: Using 20 worker leases.
12:45:28.005 [INFO]   [Checking]    out: Received JVM installation metadata from '/home/jbergqvist/.sdkman/candidates/java/21.0.9-amzn': {JAVA_HOME=/home/jbergqvist/.sdkman/candidates/java/21.0.9-amzn, JAVA_VERSION=21.0.9, JAVA_VENDOR=Amazon.com Inc., RUNTIME_NAME=OpenJDK Runtime Environment, RUNTIME_VERSION=21.0.9+10-LTS, VM_NAME=OpenJDK 64-Bit Server VM, VM_VERSION=21.0.9+10-LTS, VM_VENDOR=Amazon.com Inc., OS_ARCH=amd64}
12:45:28.205 [INFO]   [Checking]    out: Watching the file system is configured to be enabled if available
12:45:28.206 [INFO]   [Checking]    out: Now considering [/home/jbergqvist/diffblue/finos-traderX] as hierarchies to watch
12:45:28.206 [INFO]   [Checking]    out: File system watching is active
12:45:29.105 [INFO]   [Checking]    out: Transforming com.diffblue.cover.buildsystem.gradle.plugin.jar with InstrumentationAnalysisTransform
12:45:29.106 [INFO]   [Checking]    out: Transforming com.diffblue.cover.buildsystem.gradle.plugin.jar with InstrumentationAnalysisTransform
12:45:29.106 [INFO]   [Checking]    out: Transforming com.diffblue.cover.buildsystem.gradle.plugin.jar with MergeInstrumentationAnalysisTransform
12:45:29.106 [INFO]   [Checking]    out: Transforming com.diffblue.cover.buildsystem.gradle.plugin.jar with ExternalDependencyInstrumentingArtifactTransform
12:45:29.205 [INFO]   [Checking]    out: Starting Build
12:45:29.206 [INFO]   [Checking]    out: Settings evaluated using settings file '/home/jbergqvist/diffblue/finos-traderX/settings.gradle'.
12:45:29.305 [INFO]   [Checking]    out: Projects loaded. Root project using build file '/home/jbergqvist/diffblue/finos-traderX/build.gradle'.
12:45:29.306 [INFO]   [Checking]    out: Included projects: [root project 'finos-traderX', project ':account-service', project ':database', project ':position-service', project ':trade-processor', project ':trade-service']
12:45:29.405 [INFO]   [Checking]    out: Started Diffblue Gradle Event Listener
12:45:29.505 [INFO]   [Checking]    out: 
12:45:29.506 [INFO]   [Checking]    out: > Configure project :
12:45:29.507 [INFO]   [Checking]    out: Evaluating root project 'finos-traderX' using build file '/home/jbergqvist/diffblue/finos-traderX/build.gradle'.
12:45:30.005 [INFO]   [Checking]    out: 
12:45:30.006 [INFO]   [Checking]    out: > Configure project :account-service
12:45:30.006 [INFO]   [Checking]    out: Evaluating project ':account-service' using build file '/home/jbergqvist/diffblue/finos-traderX/account-service/build.gradle'.
12:45:30.006 [INFO]   [Checking]    out: Transforming spring-boot-gradle-plugin-3.3.3.jar (org.springframework.boot:spring-boot-gradle-plugin:3.3.3) with InstrumentationAnalysisTransform
12:45:30.006 [INFO]   [Checking]    out: Transforming dependency-management-plugin-1.1.6.jar (io.spring.gradle:dependency-management-plugin:1.1.6) with InstrumentationAnalysisTransform
12:45:30.006 [INFO]   [Checking]    out: Transforming spring-boot-buildpack-platform-3.3.3.jar (org.springframework.boot:spring-boot-buildpack-platform:3.3.3) with InstrumentationAnalysisTransform
12:45:30.006 [INFO]   [Checking]    out: Transforming spring-boot-loader-tools-3.3.3.jar (org.springframework.boot:spring-boot-loader-tools:3.3.3) with InstrumentationAnalysisTransform
12:45:30.006 [INFO]   [Checking]    out: Transforming commons-compress-1.25.0.jar (org.apache.commons:commons-compress:1.25.0) with InstrumentationAnalysisTransform
12:45:30.007 [INFO]   [Checking]    out: Transforming spring-core-6.1.12.jar (org.springframework:spring-core:6.1.12) with InstrumentationAnalysisTransform
12:45:30.007 [INFO]   [Checking]    out: Transforming jackson-annotations-2.14.2.jar (com.fasterxml.jackson.core:jackson-annotations:2.14.2) with InstrumentationAnalysisTransform
12:45:30.007 [INFO]   [Checking]    out: Transforming jackson-core-2.14.2.jar (com.fasterxml.jackson.core:jackson-core:2.14.2) with InstrumentationAnalysisTransform
12:45:30.007 [INFO]   [Checking]    out: Transforming jackson-module-parameter-names-2.14.2.jar (com.fasterxml.jackson.module:jackson-module-parameter-names:2.14.2) with InstrumentationAnalysisTransform
12:45:30.007 [INFO]   [Checking]    out: Transforming jackson-databind-2.14.2.jar (com.fasterxml.jackson.core:jackson-databind:2.14.2) with InstrumentationAnalysisTransform
12:45:30.007 [INFO]   [Checking]    out: Transforming jna-platform-5.13.0.jar (net.java.dev.jna:jna-platform:5.13.0) with InstrumentationAnalysisTransform
12:45:30.007 [INFO]   [Checking]    out: Transforming httpclient5-5.3.1.jar (org.apache.httpcomponents.client5:httpclient5:5.3.1) with InstrumentationAnalysisTransform
12:45:30.007 [INFO]   [Checking]    out: Transforming tomlj-1.0.0.jar (org.tomlj:tomlj:1.0.0) with InstrumentationAnalysisTransform
12:45:30.007 [INFO]   [Checking]    out: Transforming spring-jcl-6.1.12.jar (org.springframework:spring-jcl:6.1.12) with InstrumentationAnalysisTransform
12:45:30.007 [INFO]   [Checking]    out: Transforming jna-5.13.0.jar (net.java.dev.jna:jna:5.13.0) with InstrumentationAnalysisTransform
12:45:30.007 [INFO]   [Checking]    out: Transforming httpcore5-h2-5.2.4.jar (org.apache.httpcomponents.core5:httpcore5-h2:5.2.4) with InstrumentationAnalysisTransform
12:45:30.008 [INFO]   [Checking]    out: Transforming httpcore5-5.2.4.jar (org.apache.httpcomponents.core5:httpcore5:5.2.4) with InstrumentationAnalysisTransform
12:45:30.008 [INFO]   [Checking]    out: Transforming slf4j-api-1.7.36.jar (org.slf4j:slf4j-api:1.7.36) with InstrumentationAnalysisTransform
12:45:30.008 [INFO]   [Checking]    out: Transforming antlr4-runtime-4.7.2.jar (org.antlr:antlr4-runtime:4.7.2) with InstrumentationAnalysisTransform
12:45:30.008 [INFO]   [Checking]    out: Transforming jsr305-3.0.2.jar (com.google.code.findbugs:jsr305:3.0.2) with InstrumentationAnalysisTransform
12:45:30.008 [INFO]   [Checking]    out: Transforming spring-boot-gradle-plugin-3.3.3.jar (org.springframework.boot:spring-boot-gradle-plugin:3.3.3) with InstrumentationAnalysisTransform
12:45:30.008 [INFO]   [Checking]    out: Transforming spring-boot-gradle-plugin-3.3.3.jar (org.springframework.boot:spring-boot-gradle-plugin:3.3.3) with MergeInstrumentationAnalysisTransform
12:45:30.008 [INFO]   [Checking]    out: Transforming dependency-management-plugin-1.1.6.jar (io.spring.gradle:dependency-management-plugin:1.1.6) with InstrumentationAnalysisTransform
12:45:30.008 [INFO]   [Checking]    out: Transforming dependency-management-plugin-1.1.6.jar (io.spring.gradle:dependency-management-plugin:1.1.6) with MergeInstrumentationAnalysisTransform
12:45:30.008 [INFO]   [Checking]    out: Transforming spring-boot-buildpack-platform-3.3.3.jar (org.springframework.boot:spring-boot-buildpack-platform:3.3.3) with InstrumentationAnalysisTransform
12:45:30.008 [INFO]   [Checking]    out: Transforming spring-boot-buildpack-platform-3.3.3.jar (org.springframework.boot:spring-boot-buildpack-platform:3.3.3) with MergeInstrumentationAnalysisTransform
12:45:30.008 [INFO]   [Checking]    out: Transforming spring-boot-loader-tools-3.3.3.jar (org.springframework.boot:spring-boot-loader-tools:3.3.3) with InstrumentationAnalysisTransform
12:45:30.008 [INFO]   [Checking]    out: Transforming spring-boot-loader-tools-3.3.3.jar (org.springframework.boot:spring-boot-loader-tools:3.3.3) with MergeInstrumentationAnalysisTransform
12:45:30.009 [INFO]   [Checking]    out: Transforming commons-compress-1.25.0.jar (org.apache.commons:commons-compress:1.25.0) with InstrumentationAnalysisTransform
12:45:30.009 [INFO]   [Checking]    out: Transforming commons-compress-1.25.0.jar (org.apache.commons:commons-compress:1.25.0) with MergeInstrumentationAnalysisTransform
12:45:30.009 [INFO]   [Checking]    out: Transforming spring-core-6.1.12.jar (org.springframework:spring-core:6.1.12) with InstrumentationAnalysisTransform
12:45:30.009 [INFO]   [Checking]    out: Transforming spring-core-6.1.12.jar (org.springframework:spring-core:6.1.12) with MergeInstrumentationAnalysisTransform
12:45:30.009 [INFO]   [Checking]    out: Transforming jackson-annotations-2.14.2.jar (com.fasterxml.jackson.core:jackson-annotations:2.14.2) with InstrumentationAnalysisTransform
12:45:30.009 [INFO]   [Checking]    out: Transforming jackson-annotations-2.14.2.jar (com.fasterxml.jackson.core:jackson-annotations:2.14.2) with MergeInstrumentationAnalysisTransform
12:45:30.009 [INFO]   [Checking]    out: Transforming jackson-core-2.14.2.jar (com.fasterxml.jackson.core:jackson-core:2.14.2) with InstrumentationAnalysisTransform
12:45:30.009 [INFO]   [Checking]    out: Transforming jackson-core-2.14.2.jar (com.fasterxml.jackson.core:jackson-core:2.14.2) with MergeInstrumentationAnalysisTransform
12:45:30.009 [INFO]   [Checking]    out: Transforming jackson-module-parameter-names-2.14.2.jar (com.fasterxml.jackson.module:jackson-module-parameter-names:2.14.2) with InstrumentationAnalysisTransform
12:45:30.009 [INFO]   [Checking]    out: Transforming jackson-module-parameter-names-2.14.2.jar (com.fasterxml.jackson.module:jackson-module-parameter-names:2.14.2) with MergeInstrumentationAnalysisTransform
12:45:30.009 [INFO]   [Checking]    out: Transforming jackson-databind-2.14.2.jar (com.fasterxml.jackson.core:jackson-databind:2.14.2) with InstrumentationAnalysisTransform
12:45:30.009 [INFO]   [Checking]    out: Transforming jackson-databind-2.14.2.jar (com.fasterxml.jackson.core:jackson-databind:2.14.2) with MergeInstrumentationAnalysisTransform
12:45:30.010 [INFO]   [Checking]    out: Transforming jna-platform-5.13.0.jar (net.java.dev.jna:jna-platform:5.13.0) with InstrumentationAnalysisTransform
12:45:30.010 [INFO]   [Checking]    out: Transforming jna-platform-5.13.0.jar (net.java.dev.jna:jna-platform:5.13.0) with MergeInstrumentationAnalysisTransform
12:45:30.010 [INFO]   [Checking]    out: Transforming dependency-management-plugin-1.1.6.jar (io.spring.gradle:dependency-management-plugin:1.1.6) with ExternalDependencyInstrumentingArtifactTransform
12:45:30.010 [INFO]   [Checking]    out: Transforming httpclient5-5.3.1.jar (org.apache.httpcomponents.client5:httpclient5:5.3.1) with InstrumentationAnalysisTransform
12:45:30.010 [INFO]   [Checking]    out: Transforming httpclient5-5.3.1.jar (org.apache.httpcomponents.client5:httpclient5:5.3.1) with MergeInstrumentationAnalysisTransform
12:45:30.010 [INFO]   [Checking]    out: Transforming spring-boot-gradle-plugin-3.3.3.jar (org.springframework.boot:spring-boot-gradle-plugin:3.3.3) with ExternalDependencyInstrumentingArtifactTransform
12:45:30.010 [INFO]   [Checking]    out: Transforming tomlj-1.0.0.jar (org.tomlj:tomlj:1.0.0) with InstrumentationAnalysisTransform
12:45:30.010 [INFO]   [Checking]    out: Transforming spring-boot-buildpack-platform-3.3.3.jar (org.springframework.boot:spring-boot-buildpack-platform:3.3.3) with ExternalDependencyInstrumentingArtifactTransform
12:45:30.010 [INFO]   [Checking]    out: Transforming tomlj-1.0.0.jar (org.tomlj:tomlj:1.0.0) with MergeInstrumentationAnalysisTransform
12:45:30.010 [INFO]   [Checking]    out: Transforming spring-jcl-6.1.12.jar (org.springframework:spring-jcl:6.1.12) with InstrumentationAnalysisTransform
12:45:30.010 [INFO]   [Checking]    out: Transforming spring-jcl-6.1.12.jar (org.springframework:spring-jcl:6.1.12) with MergeInstrumentationAnalysisTransform
12:45:30.011 [INFO]   [Checking]    out: Transforming jna-5.13.0.jar (net.java.dev.jna:jna:5.13.0) with InstrumentationAnalysisTransform
12:45:30.011 [INFO]   [Checking]    out: Transforming jna-5.13.0.jar (net.java.dev.jna:jna:5.13.0) with MergeInstrumentationAnalysisTransform
12:45:30.011 [INFO]   [Checking]    out: Transforming spring-boot-loader-tools-3.3.3.jar (org.springframework.boot:spring-boot-loader-tools:3.3.3) with ExternalDependencyInstrumentingArtifactTransform
12:45:30.011 [INFO]   [Checking]    out: Transforming httpcore5-h2-5.2.4.jar (org.apache.httpcomponents.core5:httpcore5-h2:5.2.4) with InstrumentationAnalysisTransform
12:45:30.011 [INFO]   [Checking]    out: Transforming commons-compress-1.25.0.jar (org.apache.commons:commons-compress:1.25.0) with ExternalDependencyInstrumentingArtifactTransform
12:45:30.011 [INFO]   [Checking]    out: Transforming spring-core-6.1.12.jar (org.springframework:spring-core:6.1.12) with ExternalDependencyInstrumentingArtifactTransform
12:45:30.011 [INFO]   [Checking]    out: Transforming httpcore5-h2-5.2.4.jar (org.apache.httpcomponents.core5:httpcore5-h2:5.2.4) with MergeInstrumentationAnalysisTransform
12:45:30.011 [INFO]   [Checking]    out: Transforming httpcore5-5.2.4.jar (org.apache.httpcomponents.core5:httpcore5:5.2.4) with InstrumentationAnalysisTransform
12:45:30.011 [INFO]   [Checking]    out: Transforming httpcore5-5.2.4.jar (org.apache.httpcomponents.core5:httpcore5:5.2.4) with MergeInstrumentationAnalysisTransform
12:45:30.011 [INFO]   [Checking]    out: Transforming slf4j-api-1.7.36.jar (org.slf4j:slf4j-api:1.7.36) with InstrumentationAnalysisTransform
12:45:30.011 [INFO]   [Checking]    out: Transforming slf4j-api-1.7.36.jar (org.slf4j:slf4j-api:1.7.36) with MergeInstrumentationAnalysisTransform
12:45:30.011 [INFO]   [Checking]    out: Transforming antlr4-runtime-4.7.2.jar (org.antlr:antlr4-runtime:4.7.2) with InstrumentationAnalysisTransform
12:45:30.011 [INFO]   [Checking]    out: Transforming antlr4-runtime-4.7.2.jar (org.antlr:antlr4-runtime:4.7.2) with MergeInstrumentationAnalysisTransform
12:45:30.011 [INFO]   [Checking]    out: Transforming jsr305-3.0.2.jar (com.google.code.findbugs:jsr305:3.0.2) with InstrumentationAnalysisTransform
12:45:30.011 [INFO]   [Checking]    out: Transforming jsr305-3.0.2.jar (com.google.code.findbugs:jsr305:3.0.2) with MergeInstrumentationAnalysisTransform
12:45:30.011 [INFO]   [Checking]    out: Transforming jackson-annotations-2.14.2.jar (com.fasterxml.jackson.core:jackson-annotations:2.14.2) with ExternalDependencyInstrumentingArtifactTransform
12:45:30.012 [INFO]   [Checking]    out: Transforming jackson-core-2.14.2.jar (com.fasterxml.jackson.core:jackson-core:2.14.2) with ExternalDependencyInstrumentingArtifactTransform
12:45:30.012 [INFO]   [Checking]    out: Transforming jackson-module-parameter-names-2.14.2.jar (com.fasterxml.jackson.module:jackson-module-parameter-names:2.14.2) with ExternalDependencyInstrumentingArtifactTransform
12:45:30.012 [INFO]   [Checking]    out: Transforming jna-platform-5.13.0.jar (net.java.dev.jna:jna-platform:5.13.0) with ExternalDependencyInstrumentingArtifactTransform
12:45:30.012 [INFO]   [Checking]    out: Transforming tomlj-1.0.0.jar (org.tomlj:tomlj:1.0.0) with ExternalDependencyInstrumentingArtifactTransform
12:45:30.012 [INFO]   [Checking]    out: Transforming httpclient5-5.3.1.jar (org.apache.httpcomponents.client5:httpclient5:5.3.1) with ExternalDependencyInstrumentingArtifactTransform
12:45:30.012 [INFO]   [Checking]    out: Transforming spring-jcl-6.1.12.jar (org.springframework:spring-jcl:6.1.12) with ExternalDependencyInstrumentingArtifactTransform
12:45:30.012 [INFO]   [Checking]    out: Transforming jackson-databind-2.14.2.jar (com.fasterxml.jackson.core:jackson-databind:2.14.2) with ExternalDependencyInstrumentingArtifactTransform
12:45:30.012 [INFO]   [Checking]    out: Transforming httpcore5-h2-5.2.4.jar (org.apache.httpcomponents.core5:httpcore5-h2:5.2.4) with ExternalDependencyInstrumentingArtifactTransform
12:45:30.012 [INFO]   [Checking]    out: Transforming httpcore5-5.2.4.jar (org.apache.httpcomponents.core5:httpcore5:5.2.4) with ExternalDependencyInstrumentingArtifactTransform
12:45:30.012 [INFO]   [Checking]    out: Transforming jna-5.13.0.jar (net.java.dev.jna:jna:5.13.0) with ExternalDependencyInstrumentingArtifactTransform
12:45:30.012 [INFO]   [Checking]    out: Transforming slf4j-api-1.7.36.jar (org.slf4j:slf4j-api:1.7.36) with ExternalDependencyInstrumentingArtifactTransform
12:45:30.012 [INFO]   [Checking]    out: Transforming antlr4-runtime-4.7.2.jar (org.antlr:antlr4-runtime:4.7.2) with ExternalDependencyInstrumentingArtifactTransform
12:45:30.012 [INFO]   [Checking]    out: Transforming jsr305-3.0.2.jar (com.google.code.findbugs:jsr305:3.0.2) with ExternalDependencyInstrumentingArtifactTransform
12:45:30.012 [INFO]   [Checking]    out: Applying dependency management to configuration 'annotationProcessor' in project 'account-service'
12:45:30.012 [INFO]   [Checking]    out: Applying dependency management to configuration 'apiElements' in project 'account-service'
12:45:30.012 [INFO]   [Checking]    out: Applying dependency management to configuration 'archives' in project 'account-service'
12:45:30.013 [INFO]   [Checking]    out: Applying dependency management to configuration 'bootArchives' in project 'account-service'
12:45:30.013 [INFO]   [Checking]    out: Applying dependency management to configuration 'compileClasspath' in project 'account-service'
12:45:30.013 [INFO]   [Checking]    out: Applying dependency management to configuration 'compileOnly' in project 'account-service'
12:45:30.013 [INFO]   [Checking]    out: Applying dependency management to configuration 'default' in project 'account-service'
12:45:30.013 [INFO]   [Checking]    out: Applying dependency management to configuration 'developmentOnly' in project 'account-service'
12:45:30.013 [INFO]   [Checking]    out: Applying dependency management to configuration 'implementation' in project 'account-service'
12:45:30.013 [INFO]   [Checking]    out: Applying dependency management to configuration 'mainSourceElements' in project 'account-service'
12:45:30.013 [INFO]   [Checking]    out: Applying dependency management to configuration 'productionRuntimeClasspath' in project 'account-service'
12:45:30.013 [INFO]   [Checking]    out: Applying dependency management to configuration 'runtimeClasspath' in project 'account-service'
12:45:30.013 [INFO]   [Checking]    out: Applying dependency management to configuration 'runtimeElements' in project 'account-service'
12:45:30.013 [INFO]   [Checking]    out: Applying dependency management to configuration 'runtimeOnly' in project 'account-service'
12:45:30.013 [INFO]   [Checking]    out: Applying dependency management to configuration 'testAndDevelopmentOnly' in project 'account-service'
12:45:30.013 [INFO]   [Checking]    out: Applying dependency management to configuration 'testAnnotationProcessor' in project 'account-service'
12:45:30.013 [INFO]   [Checking]    out: Applying dependency management to configuration 'testCompileClasspath' in project 'account-service'
12:45:30.013 [INFO]   [Checking]    out: Applying dependency management to configuration 'testCompileOnly' in project 'account-service'
12:45:30.014 [INFO]   [Checking]    out: Applying dependency management to configuration 'testImplementation' in project 'account-service'
12:45:30.014 [INFO]   [Checking]    out: Applying dependency management to configuration 'testResultsElementsForTest' in project 'account-service'
12:45:30.014 [INFO]   [Checking]    out: Applying dependency management to configuration 'testRuntimeClasspath' in project 'account-service'
12:45:30.014 [INFO]   [Checking]    out: Applying dependency management to configuration 'testRuntimeOnly' in project 'account-service'
12:45:30.014 [INFO]   [Checking]    out: Configuring Jacoco Plugin for use with Diffblue Cover
12:45:30.014 [INFO]   [Checking]    out: Applying dependency management to configuration 'jacocoAgent' in project 'account-service'
12:45:30.014 [INFO]   [Checking]    out: Applying dependency management to configuration 'jacocoAnt' in project 'account-service'
12:45:30.014 [INFO]   [Checking]    out: Applying dependency management to configuration 'coverageDataElementsForTest' in project 'account-service'
12:45:30.014 [INFO]   [Checking]    out: Configuring task :account-service:test for use with Diffblue Cover
12:45:30.014 [INFO]   [Checking]    out: ignoreFailures: false
12:45:30.014 [INFO]   [Checking]    out: excludes: []
12:45:30.014 [INFO]   [Checking]    out: includes: []
12:45:30.014 [INFO]   [Checking]    out: No group filtering configured
12:45:30.014 [INFO]   [Checking]    out: Saving execution data to: /home/jbergqvist/diffblue/finos-traderX/account-service/build/jacoco/test.exec
12:45:30.014 [INFO]   [Checking]    out: testFramework: class org.gradle.api.internal.tasks.testing.junitplatform.JUnitPlatformTestFramework
12:45:30.014 [INFO]   [Checking]    out: Getting testXMLPath
12:45:30.014 [INFO]   [Checking]    out: testXMLPath exists: true
12:45:30.015 [INFO]   [Checking]    out: diffblueTempPath: /home/jbergqvist/diffblue/finos-traderX/account-service/build/test-results/diffblueTemp
12:45:30.015 [INFO]   [Checking]    out: diffblueTempPath exists after mkdir: true
12:45:30.015 [INFO]   [Checking]    out: Configuring task :account-service:jacocoTestReport for use with Diffblue Cover
12:45:30.015 [INFO]   [Checking]    out: executionData: file collection
12:45:30.015 [INFO]   [Checking]    out: exec files to make report: [/home/jbergqvist/diffblue/finos-traderX/account-service/build/jacoco/test.exec]
12:45:30.015 [INFO]   [Checking]    out: exec files to make report from: [org.gradle.testing.jacoco.tasks.JacocoReportBase$2@219f8d6f]
12:45:30.015 [INFO]   [Checking]    out: Configuring task :account-service:jacocoTestReportDeletePrevious for use with Diffblue Cover
12:45:30.015 [INFO]   [Checking]    out: Adding /home/jbergqvist/diffblue/finos-traderX/account-service/build/reports/jacoco/test/jacocoTestReport.xml to be deleted
12:45:30.015 [INFO]   [Checking]    out: Configuring task :account-service:jacocoTestReportPrepareEmptyExec for use with Diffblue Cover
12:45:30.015 [INFO]   [Checking]    out: Configuring task :account-service:testMoveTestXMLBack for use with Diffblue Cover
12:45:30.015 [INFO]   [Checking]    out: testXMLPath exists: true
12:45:30.015 [INFO]   [Checking]    out: diffblueTempPath before: {}
12:45:30.015 [INFO]   [Checking]    out: textXmlPAth files before: /home/jbergqvist/diffblue/finos-traderX/account-service/build/test-results/test/binary
12:45:30.015 [INFO]   [Checking]    out: Configuring task :account-service:testMoveBackJacocoExec for use with Diffblue Cover
12:45:30.015 [INFO]   [Checking]    out: Configuring task :account-service:testDeletePreviousExecFiles for use with Diffblue Cover
12:45:30.105 [INFO]   [Checking]    out: 
12:45:30.106 [INFO]   [Checking]    out: > Configure project :database
12:45:30.106 [INFO]   [Checking]    out: Evaluating project ':database' using build file '/home/jbergqvist/diffblue/finos-traderX/database/build.gradle'.
12:45:30.106 [INFO]   [Checking]    out: Configuring Jacoco Plugin for use with Diffblue Cover
12:45:30.106 [INFO]   [Checking]    out: Configuring task :database:test for use with Diffblue Cover
12:45:30.106 [INFO]   [Checking]    out: ignoreFailures: false
12:45:30.106 [INFO]   [Checking]    out: excludes: []
12:45:30.106 [INFO]   [Checking]    out: includes: []
12:45:30.106 [INFO]   [Checking]    out: No group filtering configured
12:45:30.106 [INFO]   [Checking]    out: Saving execution data to: /home/jbergqvist/diffblue/finos-traderX/database/build/jacoco/test.exec
12:45:30.106 [INFO]   [Checking]    out: testFramework: class org.gradle.api.internal.tasks.testing.junitplatform.JUnitPlatformTestFramework
12:45:30.106 [INFO]   [Checking]    out: Getting testXMLPath
12:45:30.107 [INFO]   [Checking]    out: testXMLPath exists: false
12:45:30.107 [INFO]   [Checking]    out: diffblueTempPath: /home/jbergqvist/diffblue/finos-traderX/database/build/test-results/diffblueTemp
12:45:30.107 [INFO]   [Checking]    out: Creating diffblueTempPath
12:45:30.107 [INFO]   [Checking]    out: diffblueTempPath exists after mkdir: false
12:45:30.107 [INFO]   [Checking]    out: Configuring task :database:jacocoTestReport for use with Diffblue Cover
12:45:30.107 [INFO]   [Checking]    out: executionData: file collection
12:45:30.107 [INFO]   [Checking]    out: exec files to make report: [/home/jbergqvist/diffblue/finos-traderX/database/build/jacoco/test.exec]
12:45:30.107 [INFO]   [Checking]    out: exec files to make report from: [org.gradle.testing.jacoco.tasks.JacocoReportBase$2@16c890a6]
12:45:30.107 [INFO]   [Checking]    out: Configuring task :database:jacocoTestReportDeletePrevious for use with Diffblue Cover
12:45:30.107 [INFO]   [Checking]    out: Adding /home/jbergqvist/diffblue/finos-traderX/database/build/reports/jacoco/test/jacocoTestReport.xml to be deleted
12:45:30.107 [INFO]   [Checking]    out: Configuring task :database:jacocoTestReportPrepareEmptyExec for use with Diffblue Cover
12:45:30.107 [INFO]   [Checking]    out: Configuring task :database:testMoveTestXMLBack for use with Diffblue Cover
12:45:30.107 [INFO]   [Checking]    out: Configuring task :database:testMoveBackJacocoExec for use with Diffblue Cover
12:45:30.107 [INFO]   [Checking]    out: Configuring task :database:testDeletePreviousExecFiles for use with Diffblue Cover
12:45:30.205 [INFO]   [Checking]    out: 
12:45:30.206 [INFO]   [Checking]    out: > Configure project :position-service
12:45:30.206 [INFO]   [Checking]    out: Evaluating project ':position-service' using build file '/home/jbergqvist/diffblue/finos-traderX/position-service/build.gradle'.
12:45:30.206 [INFO]   [Checking]    out: Transforming spring-boot-gradle-plugin-3.3.3.jar (org.springframework.boot:spring-boot-gradle-plugin:3.3.3) with InstrumentationAnalysisTransform
12:45:30.206 [INFO]   [Checking]    out: Transforming dependency-management-plugin-1.1.6.jar (io.spring.gradle:dependency-management-plugin:1.1.6) with InstrumentationAnalysisTransform
12:45:30.206 [INFO]   [Checking]    out: Transforming spring-boot-buildpack-platform-3.3.3.jar (org.springframework.boot:spring-boot-buildpack-platform:3.3.3) with InstrumentationAnalysisTransform
12:45:30.206 [INFO]   [Checking]    out: Transforming spring-boot-loader-tools-3.3.3.jar (org.springframework.boot:spring-boot-loader-tools:3.3.3) with InstrumentationAnalysisTransform
12:45:30.207 [INFO]   [Checking]    out: Transforming commons-compress-1.25.0.jar (org.apache.commons:commons-compress:1.25.0) with InstrumentationAnalysisTransform
12:45:30.207 [INFO]   [Checking]    out: Transforming spring-core-6.1.12.jar (org.springframework:spring-core:6.1.12) with InstrumentationAnalysisTransform
12:45:30.207 [INFO]   [Checking]    out: Transforming jackson-annotations-2.14.2.jar (com.fasterxml.jackson.core:jackson-annotations:2.14.2) with InstrumentationAnalysisTransform
12:45:30.207 [INFO]   [Checking]    out: Transforming jackson-core-2.14.2.jar (com.fasterxml.jackson.core:jackson-core:2.14.2) with InstrumentationAnalysisTransform
12:45:30.207 [INFO]   [Checking]    out: Transforming jackson-module-parameter-names-2.14.2.jar (com.fasterxml.jackson.module:jackson-module-parameter-names:2.14.2) with InstrumentationAnalysisTransform
12:45:30.207 [INFO]   [Checking]    out: Transforming jackson-databind-2.14.2.jar (com.fasterxml.jackson.core:jackson-databind:2.14.2) with InstrumentationAnalysisTransform
12:45:30.207 [INFO]   [Checking]    out: Transforming jna-platform-5.13.0.jar (net.java.dev.jna:jna-platform:5.13.0) with InstrumentationAnalysisTransform
12:45:30.207 [INFO]   [Checking]    out: Transforming httpclient5-5.3.1.jar (org.apache.httpcomponents.client5:httpclient5:5.3.1) with InstrumentationAnalysisTransform
12:45:30.208 [INFO]   [Checking]    out: Transforming tomlj-1.0.0.jar (org.tomlj:tomlj:1.0.0) with InstrumentationAnalysisTransform
12:45:30.208 [INFO]   [Checking]    out: Transforming spring-jcl-6.1.12.jar (org.springframework:spring-jcl:6.1.12) with InstrumentationAnalysisTransform
12:45:30.208 [INFO]   [Checking]    out: Transforming jna-5.13.0.jar (net.java.dev.jna:jna:5.13.0) with InstrumentationAnalysisTransform
12:45:30.208 [INFO]   [Checking]    out: Transforming httpcore5-h2-5.2.4.jar (org.apache.httpcomponents.core5:httpcore5-h2:5.2.4) with InstrumentationAnalysisTransform
12:45:30.208 [INFO]   [Checking]    out: Transforming httpcore5-5.2.4.jar (org.apache.httpcomponents.core5:httpcore5:5.2.4) with InstrumentationAnalysisTransform
12:45:30.208 [INFO]   [Checking]    out: Transforming slf4j-api-1.7.36.jar (org.slf4j:slf4j-api:1.7.36) with InstrumentationAnalysisTransform
12:45:30.208 [INFO]   [Checking]    out: Transforming antlr4-runtime-4.7.2.jar (org.antlr:antlr4-runtime:4.7.2) with InstrumentationAnalysisTransform
12:45:30.208 [INFO]   [Checking]    out: Transforming jsr305-3.0.2.jar (com.google.code.findbugs:jsr305:3.0.2) with InstrumentationAnalysisTransform
12:45:30.208 [INFO]   [Checking]    out: Transforming spring-boot-gradle-plugin-3.3.3.jar (org.springframework.boot:spring-boot-gradle-plugin:3.3.3) with InstrumentationAnalysisTransform
12:45:30.208 [INFO]   [Checking]    out: Transforming spring-boot-gradle-plugin-3.3.3.jar (org.springframework.boot:spring-boot-gradle-plugin:3.3.3) with MergeInstrumentationAnalysisTransform
12:45:30.208 [INFO]   [Checking]    out: Transforming dependency-management-plugin-1.1.6.jar (io.spring.gradle:dependency-management-plugin:1.1.6) with InstrumentationAnalysisTransform
12:45:30.208 [INFO]   [Checking]    out: Transforming dependency-management-plugin-1.1.6.jar (io.spring.gradle:dependency-management-plugin:1.1.6) with MergeInstrumentationAnalysisTransform
12:45:30.208 [INFO]   [Checking]    out: Transforming spring-boot-buildpack-platform-3.3.3.jar (org.springframework.boot:spring-boot-buildpack-platform:3.3.3) with InstrumentationAnalysisTransform
12:45:30.208 [INFO]   [Checking]    out: Transforming spring-boot-gradle-plugin-3.3.3.jar (org.springframework.boot:spring-boot-gradle-plugin:3.3.3) with ExternalDependencyInstrumentingArtifactTransform
12:45:30.208 [INFO]   [Checking]    out: Transforming spring-boot-buildpack-platform-3.3.3.jar (org.springframework.boot:spring-boot-buildpack-platform:3.3.3) with MergeInstrumentationAnalysisTransform
12:45:30.209 [INFO]   [Checking]    out: Transforming spring-boot-loader-tools-3.3.3.jar (org.springframework.boot:spring-boot-loader-tools:3.3.3) with InstrumentationAnalysisTransform
12:45:30.209 [INFO]   [Checking]    out: Transforming dependency-management-plugin-1.1.6.jar (io.spring.gradle:dependency-management-plugin:1.1.6) with ExternalDependencyInstrumentingArtifactTransform
12:45:30.209 [INFO]   [Checking]    out: Transforming spring-boot-loader-tools-3.3.3.jar (org.springframework.boot:spring-boot-loader-tools:3.3.3) with MergeInstrumentationAnalysisTransform
12:45:30.209 [INFO]   [Checking]    out: Transforming commons-compress-1.25.0.jar (org.apache.commons:commons-compress:1.25.0) with InstrumentationAnalysisTransform
12:45:30.209 [INFO]   [Checking]    out: Transforming spring-boot-buildpack-platform-3.3.3.jar (org.springframework.boot:spring-boot-buildpack-platform:3.3.3) with ExternalDependencyInstrumentingArtifactTransform
12:45:30.209 [INFO]   [Checking]    out: Transforming commons-compress-1.25.0.jar (org.apache.commons:commons-compress:1.25.0) with MergeInstrumentationAnalysisTransform
12:45:30.209 [INFO]   [Checking]    out: Transforming spring-core-6.1.12.jar (org.springframework:spring-core:6.1.12) with InstrumentationAnalysisTransform
12:45:30.209 [INFO]   [Checking]    out: Transforming spring-boot-loader-tools-3.3.3.jar (org.springframework.boot:spring-boot-loader-tools:3.3.3) with ExternalDependencyInstrumentingArtifactTransform
12:45:30.209 [INFO]   [Checking]    out: Transforming spring-core-6.1.12.jar (org.springframework:spring-core:6.1.12) with MergeInstrumentationAnalysisTransform
12:45:30.209 [INFO]   [Checking]    out: Transforming commons-compress-1.25.0.jar (org.apache.commons:commons-compress:1.25.0) with ExternalDependencyInstrumentingArtifactTransform
12:45:30.209 [INFO]   [Checking]    out: Transforming jackson-annotations-2.14.2.jar (com.fasterxml.jackson.core:jackson-annotations:2.14.2) with InstrumentationAnalysisTransform
12:45:30.209 [INFO]   [Checking]    out: Transforming jackson-annotations-2.14.2.jar (com.fasterxml.jackson.core:jackson-annotations:2.14.2) with MergeInstrumentationAnalysisTransform
12:45:30.209 [INFO]   [Checking]    out: Transforming jackson-core-2.14.2.jar (com.fasterxml.jackson.core:jackson-core:2.14.2) with InstrumentationAnalysisTransform
12:45:30.209 [INFO]   [Checking]    out: Transforming jackson-core-2.14.2.jar (com.fasterxml.jackson.core:jackson-core:2.14.2) with MergeInstrumentationAnalysisTransform
12:45:30.209 [INFO]   [Checking]    out: Transforming spring-core-6.1.12.jar (org.springframework:spring-core:6.1.12) with ExternalDependencyInstrumentingArtifactTransform
12:45:30.209 [INFO]   [Checking]    out: Transforming jackson-module-parameter-names-2.14.2.jar (com.fasterxml.jackson.module:jackson-module-parameter-names:2.14.2) with InstrumentationAnalysisTransform
12:45:30.210 [INFO]   [Checking]    out: Transforming jackson-module-parameter-names-2.14.2.jar (com.fasterxml.jackson.module:jackson-module-parameter-names:2.14.2) with MergeInstrumentationAnalysisTransform
12:45:30.210 [INFO]   [Checking]    out: Transforming jackson-annotations-2.14.2.jar (com.fasterxml.jackson.core:jackson-annotations:2.14.2) with ExternalDependencyInstrumentingArtifactTransform
12:45:30.210 [INFO]   [Checking]    out: Transforming jackson-databind-2.14.2.jar (com.fasterxml.jackson.core:jackson-databind:2.14.2) with InstrumentationAnalysisTransform
12:45:30.210 [INFO]   [Checking]    out: Transforming jackson-databind-2.14.2.jar (com.fasterxml.jackson.core:jackson-databind:2.14.2) with MergeInstrumentationAnalysisTransform
12:45:30.210 [INFO]   [Checking]    out: Transforming jackson-core-2.14.2.jar (com.fasterxml.jackson.core:jackson-core:2.14.2) with ExternalDependencyInstrumentingArtifactTransform
12:45:30.210 [INFO]   [Checking]    out: Transforming jna-platform-5.13.0.jar (net.java.dev.jna:jna-platform:5.13.0) with InstrumentationAnalysisTransform
12:45:30.210 [INFO]   [Checking]    out: Transforming jackson-module-parameter-names-2.14.2.jar (com.fasterxml.jackson.module:jackson-module-parameter-names:2.14.2) with ExternalDependencyInstrumentingArtifactTransform
12:45:30.210 [INFO]   [Checking]    out: Transforming jna-platform-5.13.0.jar (net.java.dev.jna:jna-platform:5.13.0) with MergeInstrumentationAnalysisTransform
12:45:30.210 [INFO]   [Checking]    out: Transforming jackson-databind-2.14.2.jar (com.fasterxml.jackson.core:jackson-databind:2.14.2) with ExternalDependencyInstrumentingArtifactTransform
12:45:30.210 [INFO]   [Checking]    out: Transforming httpclient5-5.3.1.jar (org.apache.httpcomponents.client5:httpclient5:5.3.1) with InstrumentationAnalysisTransform
12:45:30.210 [INFO]   [Checking]    out: Transforming httpclient5-5.3.1.jar (org.apache.httpcomponents.client5:httpclient5:5.3.1) with MergeInstrumentationAnalysisTransform
12:45:30.210 [INFO]   [Checking]    out: Transforming jna-platform-5.13.0.jar (net.java.dev.jna:jna-platform:5.13.0) with ExternalDependencyInstrumentingArtifactTransform
12:45:30.210 [INFO]   [Checking]    out: Transforming tomlj-1.0.0.jar (org.tomlj:tomlj:1.0.0) with InstrumentationAnalysisTransform
12:45:30.210 [INFO]   [Checking]    out: Transforming tomlj-1.0.0.jar (org.tomlj:tomlj:1.0.0) with MergeInstrumentationAnalysisTransform
12:45:30.210 [INFO]   [Checking]    out: Transforming httpclient5-5.3.1.jar (org.apache.httpcomponents.client5:httpclient5:5.3.1) with ExternalDependencyInstrumentingArtifactTransform
12:45:30.210 [INFO]   [Checking]    out: Transforming spring-jcl-6.1.12.jar (org.springframework:spring-jcl:6.1.12) with InstrumentationAnalysisTransform
12:45:30.210 [INFO]   [Checking]    out: Transforming spring-jcl-6.1.12.jar (org.springframework:spring-jcl:6.1.12) with MergeInstrumentationAnalysisTransform
12:45:30.211 [INFO]   [Checking]    out: Transforming jna-5.13.0.jar (net.java.dev.jna:jna:5.13.0) with InstrumentationAnalysisTransform
12:45:30.211 [INFO]   [Checking]    out: Transforming tomlj-1.0.0.jar (org.tomlj:tomlj:1.0.0) with ExternalDependencyInstrumentingArtifactTransform
12:45:30.211 [INFO]   [Checking]    out: Transforming jna-5.13.0.jar (net.java.dev.jna:jna:5.13.0) with MergeInstrumentationAnalysisTransform
12:45:30.211 [INFO]   [Checking]    out: Transforming httpcore5-h2-5.2.4.jar (org.apache.httpcomponents.core5:httpcore5-h2:5.2.4) with InstrumentationAnalysisTransform
12:45:30.211 [INFO]   [Checking]    out: Transforming spring-jcl-6.1.12.jar (org.springframework:spring-jcl:6.1.12) with ExternalDependencyInstrumentingArtifactTransform
12:45:30.211 [INFO]   [Checking]    out: Transforming httpcore5-h2-5.2.4.jar (org.apache.httpcomponents.core5:httpcore5-h2:5.2.4) with MergeInstrumentationAnalysisTransform
12:45:30.211 [INFO]   [Checking]    out: Transforming jna-5.13.0.jar (net.java.dev.jna:jna:5.13.0) with ExternalDependencyInstrumentingArtifactTransform
12:45:30.211 [INFO]   [Checking]    out: Transforming httpcore5-5.2.4.jar (org.apache.httpcomponents.core5:httpcore5:5.2.4) with InstrumentationAnalysisTransform
12:45:30.211 [INFO]   [Checking]    out: Transforming httpcore5-5.2.4.jar (org.apache.httpcomponents.core5:httpcore5:5.2.4) with MergeInstrumentationAnalysisTransform
12:45:30.211 [INFO]   [Checking]    out: Transforming httpcore5-h2-5.2.4.jar (org.apache.httpcomponents.core5:httpcore5-h2:5.2.4) with ExternalDependencyInstrumentingArtifactTransform
12:45:30.211 [INFO]   [Checking]    out: Transforming slf4j-api-1.7.36.jar (org.slf4j:slf4j-api:1.7.36) with InstrumentationAnalysisTransform
12:45:30.211 [INFO]   [Checking]    out: Transforming slf4j-api-1.7.36.jar (org.slf4j:slf4j-api:1.7.36) with MergeInstrumentationAnalysisTransform
12:45:30.212 [INFO]   [Checking]    out: Transforming antlr4-runtime-4.7.2.jar (org.antlr:antlr4-runtime:4.7.2) with InstrumentationAnalysisTransform
12:45:30.212 [INFO]   [Checking]    out: Transforming httpcore5-5.2.4.jar (org.apache.httpcomponents.core5:httpcore5:5.2.4) with ExternalDependencyInstrumentingArtifactTransform
12:45:30.212 [INFO]   [Checking]    out: Transforming antlr4-runtime-4.7.2.jar (org.antlr:antlr4-runtime:4.7.2) with MergeInstrumentationAnalysisTransform
12:45:30.212 [INFO]   [Checking]    out: Transforming slf4j-api-1.7.36.jar (org.slf4j:slf4j-api:1.7.36) with ExternalDependencyInstrumentingArtifactTransform
12:45:30.212 [INFO]   [Checking]    out: Transforming jsr305-3.0.2.jar (com.google.code.findbugs:jsr305:3.0.2) with InstrumentationAnalysisTransform
12:45:30.212 [INFO]   [Checking]    out: Transforming jsr305-3.0.2.jar (com.google.code.findbugs:jsr305:3.0.2) with MergeInstrumentationAnalysisTransform
12:45:30.212 [INFO]   [Checking]    out: Transforming jsr305-3.0.2.jar (com.google.code.findbugs:jsr305:3.0.2) with ExternalDependencyInstrumentingArtifactTransform
12:45:30.212 [INFO]   [Checking]    out: Transforming antlr4-runtime-4.7.2.jar (org.antlr:antlr4-runtime:4.7.2) with ExternalDependencyInstrumentingArtifactTransform
12:45:30.212 [INFO]   [Checking]    out: Applying dependency management to configuration 'annotationProcessor' in project 'position-service'
12:45:30.212 [INFO]   [Checking]    out: Applying dependency management to configuration 'apiElements' in project 'position-service'
12:45:30.212 [INFO]   [Checking]    out: Applying dependency management to configuration 'archives' in project 'position-service'
12:45:30.212 [INFO]   [Checking]    out: Applying dependency management to configuration 'bootArchives' in project 'position-service'
12:45:30.212 [INFO]   [Checking]    out: Applying dependency management to configuration 'compileClasspath' in project 'position-service'
12:45:30.212 [INFO]   [Checking]    out: Applying dependency management to configuration 'compileOnly' in project 'position-service'
12:45:30.212 [INFO]   [Checking]    out: Applying dependency management to configuration 'default' in project 'position-service'
12:45:30.212 [INFO]   [Checking]    out: Applying dependency management to configuration 'developmentOnly' in project 'position-service'
12:45:30.212 [INFO]   [Checking]    out: Applying dependency management to configuration 'implementation' in project 'position-service'
12:45:30.212 [INFO]   [Checking]    out: Applying dependency management to configuration 'mainSourceElements' in project 'position-service'
12:45:30.212 [INFO]   [Checking]    out: Applying dependency management to configuration 'productionRuntimeClasspath' in project 'position-service'
12:45:30.212 [INFO]   [Checking]    out: Applying dependency management to configuration 'runtimeClasspath' in project 'position-service'
12:45:30.212 [INFO]   [Checking]    out: Applying dependency management to configuration 'runtimeElements' in project 'position-service'
12:45:30.212 [INFO]   [Checking]    out: Applying dependency management to configuration 'runtimeOnly' in project 'position-service'
12:45:30.212 [INFO]   [Checking]    out: Applying dependency management to configuration 'testAndDevelopmentOnly' in project 'position-service'
12:45:30.212 [INFO]   [Checking]    out: Applying dependency management to configuration 'testAnnotationProcessor' in project 'position-service'
12:45:30.212 [INFO]   [Checking]    out: Applying dependency management to configuration 'testCompileClasspath' in project 'position-service'
12:45:30.213 [INFO]   [Checking]    out: Applying dependency management to configuration 'testCompileOnly' in project 'position-service'
12:45:30.213 [INFO]   [Checking]    out: Applying dependency management to configuration 'testImplementation' in project 'position-service'
12:45:30.213 [INFO]   [Checking]    out: Applying dependency management to configuration 'testResultsElementsForTest' in project 'position-service'
12:45:30.213 [INFO]   [Checking]    out: Applying dependency management to configuration 'testRuntimeClasspath' in project 'position-service'
12:45:30.213 [INFO]   [Checking]    out: Applying dependency management to configuration 'testRuntimeOnly' in project 'position-service'
12:45:30.213 [INFO]   [Checking]    out: Configuring Jacoco Plugin for use with Diffblue Cover
12:45:30.213 [INFO]   [Checking]    out: Applying dependency management to configuration 'jacocoAgent' in project 'position-service'
12:45:30.213 [INFO]   [Checking]    out: Applying dependency management to configuration 'jacocoAnt' in project 'position-service'
12:45:30.213 [INFO]   [Checking]    out: Applying dependency management to configuration 'coverageDataElementsForTest' in project 'position-service'
12:45:30.213 [INFO]   [Checking]    out: Configuring task :position-service:test for use with Diffblue Cover
12:45:30.213 [INFO]   [Checking]    out: ignoreFailures: false
12:45:30.213 [INFO]   [Checking]    out: excludes: []
12:45:30.213 [INFO]   [Checking]    out: includes: []
12:45:30.213 [INFO]   [Checking]    out: No group filtering configured
12:45:30.213 [INFO]   [Checking]    out: Saving execution data to: /home/jbergqvist/diffblue/finos-traderX/position-service/build/jacoco/test.exec
12:45:30.213 [INFO]   [Checking]    out: testFramework: class org.gradle.api.internal.tasks.testing.junitplatform.JUnitPlatformTestFramework
12:45:30.213 [INFO]   [Checking]    out: Getting testXMLPath
12:45:30.213 [INFO]   [Checking]    out: testXMLPath exists: true
12:45:30.213 [INFO]   [Checking]    out: diffblueTempPath: /home/jbergqvist/diffblue/finos-traderX/position-service/build/test-results/diffblueTemp
12:45:30.213 [INFO]   [Checking]    out: diffblueTempPath exists after mkdir: true
12:45:30.213 [INFO]   [Checking]    out: Configuring task :position-service:jacocoTestReport for use with Diffblue Cover
12:45:30.213 [INFO]   [Checking]    out: executionData: file collection
12:45:30.213 [INFO]   [Checking]    out: exec files to make report: [/home/jbergqvist/diffblue/finos-traderX/position-service/build/jacoco/test.exec]
12:45:30.214 [INFO]   [Checking]    out: exec files to make report from: [org.gradle.testing.jacoco.tasks.JacocoReportBase$2@5943aade]
12:45:30.214 [INFO]   [Checking]    out: Configuring task :position-service:jacocoTestReportDeletePrevious for use with Diffblue Cover
12:45:30.214 [INFO]   [Checking]    out: Adding /home/jbergqvist/diffblue/finos-traderX/position-service/build/reports/jacoco/test/jacocoTestReport.xml to be deleted
12:45:30.214 [INFO]   [Checking]    out: Configuring task :position-service:jacocoTestReportPrepareEmptyExec for use with Diffblue Cover
12:45:30.214 [INFO]   [Checking]    out: Configuring task :position-service:testMoveTestXMLBack for use with Diffblue Cover
12:45:30.214 [INFO]   [Checking]    out: testXMLPath exists: true
12:45:30.214 [INFO]   [Checking]    out: diffblueTempPath before: {}
12:45:30.214 [INFO]   [Checking]    out: textXmlPAth files before: {}
12:45:30.214 [INFO]   [Checking]    out: Configuring task :position-service:testMoveBackJacocoExec for use with Diffblue Cover
12:45:30.214 [INFO]   [Checking]    out: Configuring task :position-service:testDeletePreviousExecFiles for use with Diffblue Cover
12:45:30.214 [INFO]   [Checking]    out: 
12:45:30.214 [INFO]   [Checking]    out: > Configure project :trade-processor
12:45:30.214 [INFO]   [Checking]    out: Evaluating project ':trade-processor' using build file '/home/jbergqvist/diffblue/finos-traderX/trade-processor/build.gradle'.
12:45:30.214 [INFO]   [Checking]    out: Transforming spring-boot-gradle-plugin-3.3.3.jar (org.springframework.boot:spring-boot-gradle-plugin:3.3.3) with InstrumentationAnalysisTransform
12:45:30.214 [INFO]   [Checking]    out: Transforming dependency-management-plugin-1.1.6.jar (io.spring.gradle:dependency-management-plugin:1.1.6) with InstrumentationAnalysisTransform
12:45:30.214 [INFO]   [Checking]    out: Transforming spring-boot-buildpack-platform-3.3.3.jar (org.springframework.boot:spring-boot-buildpack-platform:3.3.3) with InstrumentationAnalysisTransform
12:45:30.214 [INFO]   [Checking]    out: Transforming spring-boot-loader-tools-3.3.3.jar (org.springframework.boot:spring-boot-loader-tools:3.3.3) with InstrumentationAnalysisTransform
12:45:30.214 [INFO]   [Checking]    out: Transforming commons-compress-1.25.0.jar (org.apache.commons:commons-compress:1.25.0) with InstrumentationAnalysisTransform
12:45:30.214 [INFO]   [Checking]    out: Transforming spring-core-6.1.12.jar (org.springframework:spring-core:6.1.12) with InstrumentationAnalysisTransform
12:45:30.214 [INFO]   [Checking]    out: Transforming jackson-annotations-2.14.2.jar (com.fasterxml.jackson.core:jackson-annotations:2.14.2) with InstrumentationAnalysisTransform
12:45:30.214 [INFO]   [Checking]    out: Transforming jackson-core-2.14.2.jar (com.fasterxml.jackson.core:jackson-core:2.14.2) with InstrumentationAnalysisTransform
12:45:30.215 [INFO]   [Checking]    out: Transforming jackson-module-parameter-names-2.14.2.jar (com.fasterxml.jackson.module:jackson-module-parameter-names:2.14.2) with InstrumentationAnalysisTransform
12:45:30.215 [INFO]   [Checking]    out: Transforming jackson-databind-2.14.2.jar (com.fasterxml.jackson.core:jackson-databind:2.14.2) with InstrumentationAnalysisTransform
12:45:30.215 [INFO]   [Checking]    out: Transforming jna-platform-5.13.0.jar (net.java.dev.jna:jna-platform:5.13.0) with InstrumentationAnalysisTransform
12:45:30.215 [INFO]   [Checking]    out: Transforming httpclient5-5.3.1.jar (org.apache.httpcomponents.client5:httpclient5:5.3.1) with InstrumentationAnalysisTransform
12:45:30.215 [INFO]   [Checking]    out: Transforming tomlj-1.0.0.jar (org.tomlj:tomlj:1.0.0) with InstrumentationAnalysisTransform
12:45:30.215 [INFO]   [Checking]    out: Transforming spring-jcl-6.1.12.jar (org.springframework:spring-jcl:6.1.12) with InstrumentationAnalysisTransform
12:45:30.215 [INFO]   [Checking]    out: Transforming jna-5.13.0.jar (net.java.dev.jna:jna:5.13.0) with InstrumentationAnalysisTransform
12:45:30.215 [INFO]   [Checking]    out: Transforming httpcore5-h2-5.2.4.jar (org.apache.httpcomponents.core5:httpcore5-h2:5.2.4) with InstrumentationAnalysisTransform
12:45:30.215 [INFO]   [Checking]    out: Transforming httpcore5-5.2.4.jar (org.apache.httpcomponents.core5:httpcore5:5.2.4) with InstrumentationAnalysisTransform
12:45:30.215 [INFO]   [Checking]    out: Transforming slf4j-api-1.7.36.jar (org.slf4j:slf4j-api:1.7.36) with InstrumentationAnalysisTransform
12:45:30.215 [INFO]   [Checking]    out: Transforming antlr4-runtime-4.7.2.jar (org.antlr:antlr4-runtime:4.7.2) with InstrumentationAnalysisTransform
12:45:30.215 [INFO]   [Checking]    out: Transforming jsr305-3.0.2.jar (com.google.code.findbugs:jsr305:3.0.2) with InstrumentationAnalysisTransform
12:45:30.215 [INFO]   [Checking]    out: Transforming spring-boot-gradle-plugin-3.3.3.jar (org.springframework.boot:spring-boot-gradle-plugin:3.3.3) with InstrumentationAnalysisTransform
12:45:30.215 [INFO]   [Checking]    out: Transforming spring-boot-gradle-plugin-3.3.3.jar (org.springframework.boot:spring-boot-gradle-plugin:3.3.3) with MergeInstrumentationAnalysisTransform
12:45:30.215 [INFO]   [Checking]    out: Transforming dependency-management-plugin-1.1.6.jar (io.spring.gradle:dependency-management-plugin:1.1.6) with InstrumentationAnalysisTransform
12:45:30.215 [INFO]   [Checking]    out: Transforming dependency-management-plugin-1.1.6.jar (io.spring.gradle:dependency-management-plugin:1.1.6) with MergeInstrumentationAnalysisTransform
12:45:30.215 [INFO]   [Checking]    out: Transforming spring-boot-gradle-plugin-3.3.3.jar (org.springframework.boot:spring-boot-gradle-plugin:3.3.3) with ExternalDependencyInstrumentingArtifactTransform
12:45:30.215 [INFO]   [Checking]    out: Transforming spring-boot-buildpack-platform-3.3.3.jar (org.springframework.boot:spring-boot-buildpack-platform:3.3.3) with InstrumentationAnalysisTransform
12:45:30.215 [INFO]   [Checking]    out: Transforming spring-boot-buildpack-platform-3.3.3.jar (org.springframework.boot:spring-boot-buildpack-platform:3.3.3) with MergeInstrumentationAnalysisTransform
12:45:30.215 [INFO]   [Checking]    out: Transforming dependency-management-plugin-1.1.6.jar (io.spring.gradle:dependency-management-plugin:1.1.6) with ExternalDependencyInstrumentingArtifactTransform
12:45:30.215 [INFO]   [Checking]    out: Transforming spring-boot-loader-tools-3.3.3.jar (org.springframework.boot:spring-boot-loader-tools:3.3.3) with InstrumentationAnalysisTransform
12:45:30.215 [INFO]   [Checking]    out: Transforming spring-boot-loader-tools-3.3.3.jar (org.springframework.boot:spring-boot-loader-tools:3.3.3) with MergeInstrumentationAnalysisTransform
12:45:30.215 [INFO]   [Checking]    out: Transforming spring-boot-buildpack-platform-3.3.3.jar (org.springframework.boot:spring-boot-buildpack-platform:3.3.3) with ExternalDependencyInstrumentingArtifactTransform
12:45:30.215 [INFO]   [Checking]    out: Transforming commons-compress-1.25.0.jar (org.apache.commons:commons-compress:1.25.0) with InstrumentationAnalysisTransform
12:45:30.215 [INFO]   [Checking]    out: Transforming commons-compress-1.25.0.jar (org.apache.commons:commons-compress:1.25.0) with MergeInstrumentationAnalysisTransform
12:45:30.216 [INFO]   [Checking]    out: Transforming spring-boot-loader-tools-3.3.3.jar (org.springframework.boot:spring-boot-loader-tools:3.3.3) with ExternalDependencyInstrumentingArtifactTransform
12:45:30.216 [INFO]   [Checking]    out: Transforming spring-core-6.1.12.jar (org.springframework:spring-core:6.1.12) with InstrumentationAnalysisTransform
12:45:30.216 [INFO]   [Checking]    out: Transforming spring-core-6.1.12.jar (org.springframework:spring-core:6.1.12) with MergeInstrumentationAnalysisTransform
12:45:30.216 [INFO]   [Checking]    out: Transforming commons-compress-1.25.0.jar (org.apache.commons:commons-compress:1.25.0) with ExternalDependencyInstrumentingArtifactTransform
12:45:30.216 [INFO]   [Checking]    out: Transforming jackson-annotations-2.14.2.jar (com.fasterxml.jackson.core:jackson-annotations:2.14.2) with InstrumentationAnalysisTransform
12:45:30.216 [INFO]   [Checking]    out: Transforming jackson-annotations-2.14.2.jar (com.fasterxml.jackson.core:jackson-annotations:2.14.2) with MergeInstrumentationAnalysisTransform
12:45:30.216 [INFO]   [Checking]    out: Transforming spring-core-6.1.12.jar (org.springframework:spring-core:6.1.12) with ExternalDependencyInstrumentingArtifactTransform
12:45:30.216 [INFO]   [Checking]    out: Transforming jackson-core-2.14.2.jar (com.fasterxml.jackson.core:jackson-core:2.14.2) with InstrumentationAnalysisTransform
12:45:30.216 [INFO]   [Checking]    out: Transforming jackson-core-2.14.2.jar (com.fasterxml.jackson.core:jackson-core:2.14.2) with MergeInstrumentationAnalysisTransform
12:45:30.216 [INFO]   [Checking]    out: Transforming jackson-annotations-2.14.2.jar (com.fasterxml.jackson.core:jackson-annotations:2.14.2) with ExternalDependencyInstrumentingArtifactTransform
12:45:30.216 [INFO]   [Checking]    out: Transforming jackson-module-parameter-names-2.14.2.jar (com.fasterxml.jackson.module:jackson-module-parameter-names:2.14.2) with InstrumentationAnalysisTransform
12:45:30.216 [INFO]   [Checking]    out: Transforming jackson-module-parameter-names-2.14.2.jar (com.fasterxml.jackson.module:jackson-module-parameter-names:2.14.2) with MergeInstrumentationAnalysisTransform
12:45:30.216 [INFO]   [Checking]    out: Transforming jackson-core-2.14.2.jar (com.fasterxml.jackson.core:jackson-core:2.14.2) with ExternalDependencyInstrumentingArtifactTransform
12:45:30.216 [INFO]   [Checking]    out: Transforming jackson-databind-2.14.2.jar (com.fasterxml.jackson.core:jackson-databind:2.14.2) with InstrumentationAnalysisTransform
12:45:30.216 [INFO]   [Checking]    out: Transforming jackson-databind-2.14.2.jar (com.fasterxml.jackson.core:jackson-databind:2.14.2) with MergeInstrumentationAnalysisTransform
12:45:30.216 [INFO]   [Checking]    out: Transforming jackson-module-parameter-names-2.14.2.jar (com.fasterxml.jackson.module:jackson-module-parameter-names:2.14.2) with ExternalDependencyInstrumentingArtifactTransform
12:45:30.216 [INFO]   [Checking]    out: Transforming jna-platform-5.13.0.jar (net.java.dev.jna:jna-platform:5.13.0) with InstrumentationAnalysisTransform
12:45:30.216 [INFO]   [Checking]    out: Transforming jna-platform-5.13.0.jar (net.java.dev.jna:jna-platform:5.13.0) with MergeInstrumentationAnalysisTransform
12:45:30.216 [INFO]   [Checking]    out: Transforming jackson-databind-2.14.2.jar (com.fasterxml.jackson.core:jackson-databind:2.14.2) with ExternalDependencyInstrumentingArtifactTransform
12:45:30.216 [INFO]   [Checking]    out: Transforming httpclient5-5.3.1.jar (org.apache.httpcomponents.client5:httpclient5:5.3.1) with InstrumentationAnalysisTransform
12:45:30.216 [INFO]   [Checking]    out: Transforming httpclient5-5.3.1.jar (org.apache.httpcomponents.client5:httpclient5:5.3.1) with MergeInstrumentationAnalysisTransform
12:45:30.216 [INFO]   [Checking]    out: Transforming jna-platform-5.13.0.jar (net.java.dev.jna:jna-platform:5.13.0) with ExternalDependencyInstrumentingArtifactTransform
12:45:30.216 [INFO]   [Checking]    out: Transforming tomlj-1.0.0.jar (org.tomlj:tomlj:1.0.0) with InstrumentationAnalysisTransform
12:45:30.217 [INFO]   [Checking]    out: Transforming tomlj-1.0.0.jar (org.tomlj:tomlj:1.0.0) with MergeInstrumentationAnalysisTransform
12:45:30.217 [INFO]   [Checking]    out: Transforming httpclient5-5.3.1.jar (org.apache.httpcomponents.client5:httpclient5:5.3.1) with ExternalDependencyInstrumentingArtifactTransform
12:45:30.217 [INFO]   [Checking]    out: Transforming spring-jcl-6.1.12.jar (org.springframework:spring-jcl:6.1.12) with InstrumentationAnalysisTransform
12:45:30.217 [INFO]   [Checking]    out: Transforming spring-jcl-6.1.12.jar (org.springframework:spring-jcl:6.1.12) with MergeInstrumentationAnalysisTransform
12:45:30.217 [INFO]   [Checking]    out: Transforming tomlj-1.0.0.jar (org.tomlj:tomlj:1.0.0) with ExternalDependencyInstrumentingArtifactTransform
12:45:30.217 [INFO]   [Checking]    out: Transforming jna-5.13.0.jar (net.java.dev.jna:jna:5.13.0) with InstrumentationAnalysisTransform
12:45:30.217 [INFO]   [Checking]    out: Transforming jna-5.13.0.jar (net.java.dev.jna:jna:5.13.0) with MergeInstrumentationAnalysisTransform
12:45:30.217 [INFO]   [Checking]    out: Transforming spring-jcl-6.1.12.jar (org.springframework:spring-jcl:6.1.12) with ExternalDependencyInstrumentingArtifactTransform
12:45:30.217 [INFO]   [Checking]    out: Transforming httpcore5-h2-5.2.4.jar (org.apache.httpcomponents.core5:httpcore5-h2:5.2.4) with InstrumentationAnalysisTransform
12:45:30.217 [INFO]   [Checking]    out: Transforming httpcore5-h2-5.2.4.jar (org.apache.httpcomponents.core5:httpcore5-h2:5.2.4) with MergeInstrumentationAnalysisTransform
12:45:30.217 [INFO]   [Checking]    out: Transforming jna-5.13.0.jar (net.java.dev.jna:jna:5.13.0) with ExternalDependencyInstrumentingArtifactTransform
12:45:30.217 [INFO]   [Checking]    out: Transforming httpcore5-5.2.4.jar (org.apache.httpcomponents.core5:httpcore5:5.2.4) with InstrumentationAnalysisTransform
12:45:30.217 [INFO]   [Checking]    out: Transforming httpcore5-5.2.4.jar (org.apache.httpcomponents.core5:httpcore5:5.2.4) with MergeInstrumentationAnalysisTransform
12:45:30.217 [INFO]   [Checking]    out: Transforming httpcore5-h2-5.2.4.jar (org.apache.httpcomponents.core5:httpcore5-h2:5.2.4) with ExternalDependencyInstrumentingArtifactTransform
12:45:30.217 [INFO]   [Checking]    out: Transforming slf4j-api-1.7.36.jar (org.slf4j:slf4j-api:1.7.36) with InstrumentationAnalysisTransform
12:45:30.217 [INFO]   [Checking]    out: Transforming slf4j-api-1.7.36.jar (org.slf4j:slf4j-api:1.7.36) with MergeInstrumentationAnalysisTransform
12:45:30.217 [INFO]   [Checking]    out: Transforming httpcore5-5.2.4.jar (org.apache.httpcomponents.core5:httpcore5:5.2.4) with ExternalDependencyInstrumentingArtifactTransform
12:45:30.217 [INFO]   [Checking]    out: Transforming antlr4-runtime-4.7.2.jar (org.antlr:antlr4-runtime:4.7.2) with InstrumentationAnalysisTransform
12:45:30.217 [INFO]   [Checking]    out: Transforming antlr4-runtime-4.7.2.jar (org.antlr:antlr4-runtime:4.7.2) with MergeInstrumentationAnalysisTransform
12:45:30.217 [INFO]   [Checking]    out: Transforming slf4j-api-1.7.36.jar (org.slf4j:slf4j-api:1.7.36) with ExternalDependencyInstrumentingArtifactTransform
12:45:30.217 [INFO]   [Checking]    out: Transforming jsr305-3.0.2.jar (com.google.code.findbugs:jsr305:3.0.2) with InstrumentationAnalysisTransform
12:45:30.217 [INFO]   [Checking]    out: Transforming jsr305-3.0.2.jar (com.google.code.findbugs:jsr305:3.0.2) with MergeInstrumentationAnalysisTransform
12:45:30.218 [INFO]   [Checking]    out: Transforming antlr4-runtime-4.7.2.jar (org.antlr:antlr4-runtime:4.7.2) with ExternalDependencyInstrumentingArtifactTransform
12:45:30.218 [INFO]   [Checking]    out: Transforming jsr305-3.0.2.jar (com.google.code.findbugs:jsr305:3.0.2) with ExternalDependencyInstrumentingArtifactTransform
12:45:30.218 [INFO]   [Checking]    out: Applying dependency management to configuration 'annotationProcessor' in project 'trade-processor'
12:45:30.218 [INFO]   [Checking]    out: Applying dependency management to configuration 'apiElements' in project 'trade-processor'
12:45:30.218 [INFO]   [Checking]    out: Applying dependency management to configuration 'archives' in project 'trade-processor'
12:45:30.218 [INFO]   [Checking]    out: Applying dependency management to configuration 'bootArchives' in project 'trade-processor'
12:45:30.218 [INFO]   [Checking]    out: Applying dependency management to configuration 'compileClasspath' in project 'trade-processor'
12:45:30.218 [INFO]   [Checking]    out: Applying dependency management to configuration 'compileOnly' in project 'trade-processor'
12:45:30.218 [INFO]   [Checking]    out: Applying dependency management to configuration 'default' in project 'trade-processor'
12:45:30.218 [INFO]   [Checking]    out: Applying dependency management to configuration 'developmentOnly' in project 'trade-processor'
12:45:30.218 [INFO]   [Checking]    out: Applying dependency management to configuration 'implementation' in project 'trade-processor'
12:45:30.218 [INFO]   [Checking]    out: Applying dependency management to configuration 'mainSourceElements' in project 'trade-processor'
12:45:30.218 [INFO]   [Checking]    out: Applying dependency management to configuration 'productionRuntimeClasspath' in project 'trade-processor'
12:45:30.218 [INFO]   [Checking]    out: Applying dependency management to configuration 'runtimeClasspath' in project 'trade-processor'
12:45:30.218 [INFO]   [Checking]    out: Applying dependency management to configuration 'runtimeElements' in project 'trade-processor'
12:45:30.218 [INFO]   [Checking]    out: Applying dependency management to configuration 'runtimeOnly' in project 'trade-processor'
12:45:30.218 [INFO]   [Checking]    out: Applying dependency management to configuration 'testAndDevelopmentOnly' in project 'trade-processor'
12:45:30.218 [INFO]   [Checking]    out: Applying dependency management to configuration 'testAnnotationProcessor' in project 'trade-processor'
12:45:30.218 [INFO]   [Checking]    out: Applying dependency management to configuration 'testCompileClasspath' in project 'trade-processor'
12:45:30.218 [INFO]   [Checking]    out: Applying dependency management to configuration 'testCompileOnly' in project 'trade-processor'
12:45:30.219 [INFO]   [Checking]    out: Applying dependency management to configuration 'testImplementation' in project 'trade-processor'
12:45:30.219 [INFO]   [Checking]    out: Applying dependency management to configuration 'testResultsElementsForTest' in project 'trade-processor'
12:45:30.219 [INFO]   [Checking]    out: Applying dependency management to configuration 'testRuntimeClasspath' in project 'trade-processor'
12:45:30.219 [INFO]   [Checking]    out: Applying dependency management to configuration 'testRuntimeOnly' in project 'trade-processor'
12:45:30.219 [INFO]   [Checking]    out: Configuring Jacoco Plugin for use with Diffblue Cover
12:45:30.219 [INFO]   [Checking]    out: Applying dependency management to configuration 'jacocoAgent' in project 'trade-processor'
12:45:30.219 [INFO]   [Checking]    out: Applying dependency management to configuration 'jacocoAnt' in project 'trade-processor'
12:45:30.219 [INFO]   [Checking]    out: Applying dependency management to configuration 'coverageDataElementsForTest' in project 'trade-processor'
12:45:30.219 [INFO]   [Checking]    out: Configuring task :trade-processor:test for use with Diffblue Cover
12:45:30.219 [INFO]   [Checking]    out: ignoreFailures: false
12:45:30.219 [INFO]   [Checking]    out: excludes: []
12:45:30.219 [INFO]   [Checking]    out: includes: []
12:45:30.219 [INFO]   [Checking]    out: No group filtering configured
12:45:30.219 [INFO]   [Checking]    out: Saving execution data to: /home/jbergqvist/diffblue/finos-traderX/trade-processor/build/jacoco/test.exec
12:45:30.219 [INFO]   [Checking]    out: testFramework: class org.gradle.api.internal.tasks.testing.junitplatform.JUnitPlatformTestFramework
12:45:30.219 [INFO]   [Checking]    out: Getting testXMLPath
12:45:30.219 [INFO]   [Checking]    out: testXMLPath exists: true
12:45:30.219 [INFO]   [Checking]    out: diffblueTempPath: /home/jbergqvist/diffblue/finos-traderX/trade-processor/build/test-results/diffblueTemp
12:45:30.220 [INFO]   [Checking]    out: diffblueTempPath exists after mkdir: true
12:45:30.220 [INFO]   [Checking]    out: Configuring task :trade-processor:jacocoTestReport for use with Diffblue Cover
12:45:30.220 [INFO]   [Checking]    out: executionData: file collection
12:45:30.220 [INFO]   [Checking]    out: exec files to make report: [/home/jbergqvist/diffblue/finos-traderX/trade-processor/build/jacoco/test.exec]
12:45:30.220 [INFO]   [Checking]    out: exec files to make report from: [org.gradle.testing.jacoco.tasks.JacocoReportBase$2@22e57c66]
12:45:30.220 [INFO]   [Checking]    out: Configuring task :trade-processor:jacocoTestReportDeletePrevious for use with Diffblue Cover
12:45:30.220 [INFO]   [Checking]    out: Adding /home/jbergqvist/diffblue/finos-traderX/trade-processor/build/reports/jacoco/test/jacocoTestReport.xml to be deleted
12:45:30.220 [INFO]   [Checking]    out: Configuring task :trade-processor:jacocoTestReportPrepareEmptyExec for use with Diffblue Cover
12:45:30.220 [INFO]   [Checking]    out: Configuring task :trade-processor:testMoveTestXMLBack for use with Diffblue Cover
12:45:30.220 [INFO]   [Checking]    out: testXMLPath exists: true
12:45:30.220 [INFO]   [Checking]    out: diffblueTempPath before: {}
12:45:30.220 [INFO]   [Checking]    out: textXmlPAth files before: {}
12:45:30.220 [INFO]   [Checking]    out: Configuring task :trade-processor:testMoveBackJacocoExec for use with Diffblue Cover
12:45:30.220 [INFO]   [Checking]    out: Configuring task :trade-processor:testDeletePreviousExecFiles for use with Diffblue Cover
12:45:30.405 [INFO]   [Checking]    out: 
12:45:30.406 [INFO]   [Checking]    out: > Configure project :trade-service
12:45:30.406 [INFO]   [Checking]    out: Evaluating project ':trade-service' using build file '/home/jbergqvist/diffblue/finos-traderX/trade-service/build.gradle'.
12:45:30.406 [INFO]   [Checking]    out: Transforming spring-boot-gradle-plugin-3.3.3.jar (org.springframework.boot:spring-boot-gradle-plugin:3.3.3) with InstrumentationAnalysisTransform
12:45:30.406 [INFO]   [Checking]    out: Transforming dependency-management-plugin-1.1.6.jar (io.spring.gradle:dependency-management-plugin:1.1.6) with InstrumentationAnalysisTransform
12:45:30.406 [INFO]   [Checking]    out: Transforming spring-boot-buildpack-platform-3.3.3.jar (org.springframework.boot:spring-boot-buildpack-platform:3.3.3) with InstrumentationAnalysisTransform
12:45:30.406 [INFO]   [Checking]    out: Transforming spring-boot-loader-tools-3.3.3.jar (org.springframework.boot:spring-boot-loader-tools:3.3.3) with InstrumentationAnalysisTransform
12:45:30.406 [INFO]   [Checking]    out: Transforming commons-compress-1.25.0.jar (org.apache.commons:commons-compress:1.25.0) with InstrumentationAnalysisTransform
12:45:30.408 [INFO]   [Checking]    out: Transforming spring-core-6.1.12.jar (org.springframework:spring-core:6.1.12) with InstrumentationAnalysisTransform
12:45:30.408 [INFO]   [Checking]    out: Transforming jackson-annotations-2.14.2.jar (com.fasterxml.jackson.core:jackson-annotations:2.14.2) with InstrumentationAnalysisTransform
12:45:30.408 [INFO]   [Checking]    out: Transforming jackson-core-2.14.2.jar (com.fasterxml.jackson.core:jackson-core:2.14.2) with InstrumentationAnalysisTransform
12:45:30.408 [INFO]   [Checking]    out: Transforming jackson-module-parameter-names-2.14.2.jar (com.fasterxml.jackson.module:jackson-module-parameter-names:2.14.2) with InstrumentationAnalysisTransform
12:45:30.408 [INFO]   [Checking]    out: Transforming jackson-databind-2.14.2.jar (com.fasterxml.jackson.core:jackson-databind:2.14.2) with InstrumentationAnalysisTransform
12:45:30.408 [INFO]   [Checking]    out: Transforming jna-platform-5.13.0.jar (net.java.dev.jna:jna-platform:5.13.0) with InstrumentationAnalysisTransform
12:45:30.408 [INFO]   [Checking]    out: Transforming httpclient5-5.3.1.jar (org.apache.httpcomponents.client5:httpclient5:5.3.1) with InstrumentationAnalysisTransform
12:45:30.408 [INFO]   [Checking]    out: Transforming tomlj-1.0.0.jar (org.tomlj:tomlj:1.0.0) with InstrumentationAnalysisTransform
12:45:30.408 [INFO]   [Checking]    out: Transforming spring-jcl-6.1.12.jar (org.springframework:spring-jcl:6.1.12) with InstrumentationAnalysisTransform
12:45:30.408 [INFO]   [Checking]    out: Transforming jna-5.13.0.jar (net.java.dev.jna:jna:5.13.0) with InstrumentationAnalysisTransform
12:45:30.408 [INFO]   [Checking]    out: Transforming httpcore5-h2-5.2.4.jar (org.apache.httpcomponents.core5:httpcore5-h2:5.2.4) with InstrumentationAnalysisTransform
12:45:30.408 [INFO]   [Checking]    out: Transforming httpcore5-5.2.4.jar (org.apache.httpcomponents.core5:httpcore5:5.2.4) with InstrumentationAnalysisTransform
12:45:30.408 [INFO]   [Checking]    out: Transforming slf4j-api-1.7.36.jar (org.slf4j:slf4j-api:1.7.36) with InstrumentationAnalysisTransform
12:45:30.408 [INFO]   [Checking]    out: Transforming antlr4-runtime-4.7.2.jar (org.antlr:antlr4-runtime:4.7.2) with InstrumentationAnalysisTransform
12:45:30.408 [INFO]   [Checking]    out: Transforming jsr305-3.0.2.jar (com.google.code.findbugs:jsr305:3.0.2) with InstrumentationAnalysisTransform
12:45:30.408 [INFO]   [Checking]    out: Transforming spring-boot-gradle-plugin-3.3.3.jar (org.springframework.boot:spring-boot-gradle-plugin:3.3.3) with InstrumentationAnalysisTransform
12:45:30.408 [INFO]   [Checking]    out: Transforming spring-boot-gradle-plugin-3.3.3.jar (org.springframework.boot:spring-boot-gradle-plugin:3.3.3) with MergeInstrumentationAnalysisTransform
12:45:30.408 [INFO]   [Checking]    out: Transforming dependency-management-plugin-1.1.6.jar (io.spring.gradle:dependency-management-plugin:1.1.6) with InstrumentationAnalysisTransform
12:45:30.408 [INFO]   [Checking]    out: Transforming dependency-management-plugin-1.1.6.jar (io.spring.gradle:dependency-management-plugin:1.1.6) with MergeInstrumentationAnalysisTransform
12:45:30.408 [INFO]   [Checking]    out: Transforming spring-boot-gradle-plugin-3.3.3.jar (org.springframework.boot:spring-boot-gradle-plugin:3.3.3) with ExternalDependencyInstrumentingArtifactTransform
12:45:30.408 [INFO]   [Checking]    out: Transforming spring-boot-buildpack-platform-3.3.3.jar (org.springframework.boot:spring-boot-buildpack-platform:3.3.3) with InstrumentationAnalysisTransform
12:45:30.408 [INFO]   [Checking]    out: Transforming spring-boot-buildpack-platform-3.3.3.jar (org.springframework.boot:spring-boot-buildpack-platform:3.3.3) with MergeInstrumentationAnalysisTransform
12:45:30.409 [INFO]   [Checking]    out: Transforming dependency-management-plugin-1.1.6.jar (io.spring.gradle:dependency-management-plugin:1.1.6) with ExternalDependencyInstrumentingArtifactTransform
12:45:30.409 [INFO]   [Checking]    out: Transforming spring-boot-loader-tools-3.3.3.jar (org.springframework.boot:spring-boot-loader-tools:3.3.3) with InstrumentationAnalysisTransform
12:45:30.409 [INFO]   [Checking]    out: Transforming spring-boot-loader-tools-3.3.3.jar (org.springframework.boot:spring-boot-loader-tools:3.3.3) with MergeInstrumentationAnalysisTransform
12:45:30.409 [INFO]   [Checking]    out: Transforming spring-boot-buildpack-platform-3.3.3.jar (org.springframework.boot:spring-boot-buildpack-platform:3.3.3) with ExternalDependencyInstrumentingArtifactTransform
12:45:30.409 [INFO]   [Checking]    out: Transforming commons-compress-1.25.0.jar (org.apache.commons:commons-compress:1.25.0) with InstrumentationAnalysisTransform
12:45:30.409 [INFO]   [Checking]    out: Transforming spring-boot-loader-tools-3.3.3.jar (org.springframework.boot:spring-boot-loader-tools:3.3.3) with ExternalDependencyInstrumentingArtifactTransform
12:45:30.409 [INFO]   [Checking]    out: Transforming commons-compress-1.25.0.jar (org.apache.commons:commons-compress:1.25.0) with MergeInstrumentationAnalysisTransform
12:45:30.409 [INFO]   [Checking]    out: Transforming spring-core-6.1.12.jar (org.springframework:spring-core:6.1.12) with InstrumentationAnalysisTransform
12:45:30.409 [INFO]   [Checking]    out: Transforming spring-core-6.1.12.jar (org.springframework:spring-core:6.1.12) with MergeInstrumentationAnalysisTransform
12:45:30.409 [INFO]   [Checking]    out: Transforming commons-compress-1.25.0.jar (org.apache.commons:commons-compress:1.25.0) with ExternalDependencyInstrumentingArtifactTransform
12:45:30.409 [INFO]   [Checking]    out: Transforming jackson-annotations-2.14.2.jar (com.fasterxml.jackson.core:jackson-annotations:2.14.2) with InstrumentationAnalysisTransform
12:45:30.409 [INFO]   [Checking]    out: Transforming jackson-annotations-2.14.2.jar (com.fasterxml.jackson.core:jackson-annotations:2.14.2) with MergeInstrumentationAnalysisTransform
12:45:30.409 [INFO]   [Checking]    out: Transforming spring-core-6.1.12.jar (org.springframework:spring-core:6.1.12) with ExternalDependencyInstrumentingArtifactTransform
12:45:30.409 [INFO]   [Checking]    out: Transforming jackson-core-2.14.2.jar (com.fasterxml.jackson.core:jackson-core:2.14.2) with InstrumentationAnalysisTransform
12:45:30.409 [INFO]   [Checking]    out: Transforming jackson-core-2.14.2.jar (com.fasterxml.jackson.core:jackson-core:2.14.2) with MergeInstrumentationAnalysisTransform
12:45:30.409 [INFO]   [Checking]    out: Transforming jackson-annotations-2.14.2.jar (com.fasterxml.jackson.core:jackson-annotations:2.14.2) with ExternalDependencyInstrumentingArtifactTransform
12:45:30.409 [INFO]   [Checking]    out: Transforming jackson-module-parameter-names-2.14.2.jar (com.fasterxml.jackson.module:jackson-module-parameter-names:2.14.2) with InstrumentationAnalysisTransform
12:45:30.409 [INFO]   [Checking]    out: Transforming jackson-module-parameter-names-2.14.2.jar (com.fasterxml.jackson.module:jackson-module-parameter-names:2.14.2) with MergeInstrumentationAnalysisTransform
12:45:30.409 [INFO]   [Checking]    out: Transforming jackson-core-2.14.2.jar (com.fasterxml.jackson.core:jackson-core:2.14.2) with ExternalDependencyInstrumentingArtifactTransform
12:45:30.409 [INFO]   [Checking]    out: Transforming jackson-databind-2.14.2.jar (com.fasterxml.jackson.core:jackson-databind:2.14.2) with InstrumentationAnalysisTransform
12:45:30.409 [INFO]   [Checking]    out: Transforming jackson-databind-2.14.2.jar (com.fasterxml.jackson.core:jackson-databind:2.14.2) with MergeInstrumentationAnalysisTransform
12:45:30.409 [INFO]   [Checking]    out: Transforming jackson-module-parameter-names-2.14.2.jar (com.fasterxml.jackson.module:jackson-module-parameter-names:2.14.2) with ExternalDependencyInstrumentingArtifactTransform
12:45:30.409 [INFO]   [Checking]    out: Transforming jna-platform-5.13.0.jar (net.java.dev.jna:jna-platform:5.13.0) with InstrumentationAnalysisTransform
12:45:30.409 [INFO]   [Checking]    out: Transforming jna-platform-5.13.0.jar (net.java.dev.jna:jna-platform:5.13.0) with MergeInstrumentationAnalysisTransform
12:45:30.409 [INFO]   [Checking]    out: Transforming jackson-databind-2.14.2.jar (com.fasterxml.jackson.core:jackson-databind:2.14.2) with ExternalDependencyInstrumentingArtifactTransform
12:45:30.409 [INFO]   [Checking]    out: Transforming httpclient5-5.3.1.jar (org.apache.httpcomponents.client5:httpclient5:5.3.1) with InstrumentationAnalysisTransform
12:45:30.409 [INFO]   [Checking]    out: Transforming httpclient5-5.3.1.jar (org.apache.httpcomponents.client5:httpclient5:5.3.1) with MergeInstrumentationAnalysisTransform
12:45:30.409 [INFO]   [Checking]    out: Transforming jna-platform-5.13.0.jar (net.java.dev.jna:jna-platform:5.13.0) with ExternalDependencyInstrumentingArtifactTransform
12:45:30.409 [INFO]   [Checking]    out: Transforming tomlj-1.0.0.jar (org.tomlj:tomlj:1.0.0) with InstrumentationAnalysisTransform
12:45:30.409 [INFO]   [Checking]    out: Transforming tomlj-1.0.0.jar (org.tomlj:tomlj:1.0.0) with MergeInstrumentationAnalysisTransform
12:45:30.409 [INFO]   [Checking]    out: Transforming httpclient5-5.3.1.jar (org.apache.httpcomponents.client5:httpclient5:5.3.1) with ExternalDependencyInstrumentingArtifactTransform
12:45:30.410 [INFO]   [Checking]    out: Transforming spring-jcl-6.1.12.jar (org.springframework:spring-jcl:6.1.12) with InstrumentationAnalysisTransform
12:45:30.410 [INFO]   [Checking]    out: Transforming spring-jcl-6.1.12.jar (org.springframework:spring-jcl:6.1.12) with MergeInstrumentationAnalysisTransform
12:45:30.410 [INFO]   [Checking]    out: Transforming tomlj-1.0.0.jar (org.tomlj:tomlj:1.0.0) with ExternalDependencyInstrumentingArtifactTransform
12:45:30.410 [INFO]   [Checking]    out: Transforming jna-5.13.0.jar (net.java.dev.jna:jna:5.13.0) with InstrumentationAnalysisTransform
12:45:30.410 [INFO]   [Checking]    out: Transforming spring-jcl-6.1.12.jar (org.springframework:spring-jcl:6.1.12) with ExternalDependencyInstrumentingArtifactTransform
12:45:30.410 [INFO]   [Checking]    out: Transforming jna-5.13.0.jar (net.java.dev.jna:jna:5.13.0) with MergeInstrumentationAnalysisTransform
12:45:30.410 [INFO]   [Checking]    out: Transforming httpcore5-h2-5.2.4.jar (org.apache.httpcomponents.core5:httpcore5-h2:5.2.4) with InstrumentationAnalysisTransform
12:45:30.410 [INFO]   [Checking]    out: Transforming httpcore5-h2-5.2.4.jar (org.apache.httpcomponents.core5:httpcore5-h2:5.2.4) with MergeInstrumentationAnalysisTransform
12:45:30.410 [INFO]   [Checking]    out: Transforming jna-5.13.0.jar (net.java.dev.jna:jna:5.13.0) with ExternalDependencyInstrumentingArtifactTransform
12:45:30.410 [INFO]   [Checking]    out: Transforming httpcore5-5.2.4.jar (org.apache.httpcomponents.core5:httpcore5:5.2.4) with InstrumentationAnalysisTransform
12:45:30.410 [INFO]   [Checking]    out: Transforming httpcore5-5.2.4.jar (org.apache.httpcomponents.core5:httpcore5:5.2.4) with MergeInstrumentationAnalysisTransform
12:45:30.410 [INFO]   [Checking]    out: Transforming httpcore5-h2-5.2.4.jar (org.apache.httpcomponents.core5:httpcore5-h2:5.2.4) with ExternalDependencyInstrumentingArtifactTransform
12:45:30.410 [INFO]   [Checking]    out: Transforming slf4j-api-1.7.36.jar (org.slf4j:slf4j-api:1.7.36) with InstrumentationAnalysisTransform
12:45:30.410 [INFO]   [Checking]    out: Transforming slf4j-api-1.7.36.jar (org.slf4j:slf4j-api:1.7.36) with MergeInstrumentationAnalysisTransform
12:45:30.410 [INFO]   [Checking]    out: Transforming httpcore5-5.2.4.jar (org.apache.httpcomponents.core5:httpcore5:5.2.4) with ExternalDependencyInstrumentingArtifactTransform
12:45:30.410 [INFO]   [Checking]    out: Transforming antlr4-runtime-4.7.2.jar (org.antlr:antlr4-runtime:4.7.2) with InstrumentationAnalysisTransform
12:45:30.411 [INFO]   [Checking]    out: Transforming antlr4-runtime-4.7.2.jar (org.antlr:antlr4-runtime:4.7.2) with MergeInstrumentationAnalysisTransform
12:45:30.411 [INFO]   [Checking]    out: Transforming slf4j-api-1.7.36.jar (org.slf4j:slf4j-api:1.7.36) with ExternalDependencyInstrumentingArtifactTransform
12:45:30.411 [INFO]   [Checking]    out: Transforming jsr305-3.0.2.jar (com.google.code.findbugs:jsr305:3.0.2) with InstrumentationAnalysisTransform
12:45:30.411 [INFO]   [Checking]    out: Transforming jsr305-3.0.2.jar (com.google.code.findbugs:jsr305:3.0.2) with MergeInstrumentationAnalysisTransform
12:45:30.411 [INFO]   [Checking]    out: Transforming antlr4-runtime-4.7.2.jar (org.antlr:antlr4-runtime:4.7.2) with ExternalDependencyInstrumentingArtifactTransform
12:45:30.411 [INFO]   [Checking]    out: Transforming jsr305-3.0.2.jar (com.google.code.findbugs:jsr305:3.0.2) with ExternalDependencyInstrumentingArtifactTransform
12:45:30.411 [INFO]   [Checking]    out: Applying dependency management to configuration 'annotationProcessor' in project 'trade-service'
12:45:30.411 [INFO]   [Checking]    out: Applying dependency management to configuration 'apiElements' in project 'trade-service'
12:45:30.411 [INFO]   [Checking]    out: Applying dependency management to configuration 'archives' in project 'trade-service'
12:45:30.411 [INFO]   [Checking]    out: Applying dependency management to configuration 'bootArchives' in project 'trade-service'
12:45:30.411 [INFO]   [Checking]    out: Applying dependency management to configuration 'compileClasspath' in project 'trade-service'
12:45:30.411 [INFO]   [Checking]    out: Applying dependency management to configuration 'compileOnly' in project 'trade-service'
12:45:30.411 [INFO]   [Checking]    out: Applying dependency management to configuration 'default' in project 'trade-service'
12:45:30.411 [INFO]   [Checking]    out: Applying dependency management to configuration 'developmentOnly' in project 'trade-service'
12:45:30.411 [INFO]   [Checking]    out: Applying dependency management to configuration 'implementation' in project 'trade-service'
12:45:30.411 [INFO]   [Checking]    out: Applying dependency management to configuration 'mainSourceElements' in project 'trade-service'
12:45:30.411 [INFO]   [Checking]    out: Applying dependency management to configuration 'productionRuntimeClasspath' in project 'trade-service'
12:45:30.411 [INFO]   [Checking]    out: Applying dependency management to configuration 'runtimeClasspath' in project 'trade-service'
12:45:30.411 [INFO]   [Checking]    out: Applying dependency management to configuration 'runtimeElements' in project 'trade-service'
12:45:30.411 [INFO]   [Checking]    out: Applying dependency management to configuration 'runtimeOnly' in project 'trade-service'
12:45:30.411 [INFO]   [Checking]    out: Applying dependency management to configuration 'testAndDevelopmentOnly' in project 'trade-service'
12:45:30.411 [INFO]   [Checking]    out: Applying dependency management to configuration 'testAnnotationProcessor' in project 'trade-service'
12:45:30.411 [INFO]   [Checking]    out: Applying dependency management to configuration 'testCompileClasspath' in project 'trade-service'
12:45:30.411 [INFO]   [Checking]    out: Applying dependency management to configuration 'testCompileOnly' in project 'trade-service'
12:45:30.411 [INFO]   [Checking]    out: Applying dependency management to configuration 'testImplementation' in project 'trade-service'
12:45:30.411 [INFO]   [Checking]    out: Applying dependency management to configuration 'testResultsElementsForTest' in project 'trade-service'
12:45:30.411 [INFO]   [Checking]    out: Applying dependency management to configuration 'testRuntimeClasspath' in project 'trade-service'
12:45:30.411 [INFO]   [Checking]    out: Applying dependency management to configuration 'testRuntimeOnly' in project 'trade-service'
12:45:30.411 [INFO]   [Checking]    out: Configuring Jacoco Plugin for use with Diffblue Cover
12:45:30.411 [INFO]   [Checking]    out: Applying dependency management to configuration 'jacocoAgent' in project 'trade-service'
12:45:30.411 [INFO]   [Checking]    out: Applying dependency management to configuration 'jacocoAnt' in project 'trade-service'
12:45:30.411 [INFO]   [Checking]    out: Applying dependency management to configuration 'coverageDataElementsForTest' in project 'trade-service'
12:45:30.411 [INFO]   [Checking]    out: Configuring task :trade-service:test for use with Diffblue Cover
12:45:30.411 [INFO]   [Checking]    out: ignoreFailures: false
12:45:30.411 [INFO]   [Checking]    out: excludes: []
12:45:30.412 [INFO]   [Checking]    out: includes: []
12:45:30.412 [INFO]   [Checking]    out: No group filtering configured
12:45:30.412 [INFO]   [Checking]    out: Saving execution data to: /home/jbergqvist/diffblue/finos-traderX/trade-service/build/jacoco/test.exec
12:45:30.412 [INFO]   [Checking]    out: testFramework: class org.gradle.api.internal.tasks.testing.junitplatform.JUnitPlatformTestFramework
12:45:30.412 [INFO]   [Checking]    out: Getting testXMLPath
12:45:30.412 [INFO]   [Checking]    out: testXMLPath exists: true
12:45:30.412 [INFO]   [Checking]    out: diffblueTempPath: /home/jbergqvist/diffblue/finos-traderX/trade-service/build/test-results/diffblueTemp
12:45:30.412 [INFO]   [Checking]    out: diffblueTempPath exists after mkdir: true
12:45:30.412 [INFO]   [Checking]    out: Configuring task :trade-service:jacocoTestReport for use with Diffblue Cover
12:45:30.412 [INFO]   [Checking]    out: executionData: file collection
12:45:30.412 [INFO]   [Checking]    out: exec files to make report: [/home/jbergqvist/diffblue/finos-traderX/trade-service/build/jacoco/test.exec]
12:45:30.412 [INFO]   [Checking]    out: exec files to make report from: [org.gradle.testing.jacoco.tasks.JacocoReportBase$2@d2bc00d]
12:45:30.412 [INFO]   [Checking]    out: Configuring task :trade-service:jacocoTestReportDeletePrevious for use with Diffblue Cover
12:45:30.412 [INFO]   [Checking]    out: Adding /home/jbergqvist/diffblue/finos-traderX/trade-service/build/reports/jacoco/test/jacocoTestReport.xml to be deleted
12:45:30.412 [INFO]   [Checking]    out: Configuring task :trade-service:jacocoTestReportPrepareEmptyExec for use with Diffblue Cover
12:45:30.412 [INFO]   [Checking]    out: Configuring task :trade-service:testMoveTestXMLBack for use with Diffblue Cover
12:45:30.412 [INFO]   [Checking]    out: testXMLPath exists: true
12:45:30.412 [INFO]   [Checking]    out: diffblueTempPath before: {}
12:45:30.412 [INFO]   [Checking]    out: textXmlPAth files before: {}
12:45:30.412 [INFO]   [Checking]    out: Configuring task :trade-service:testMoveBackJacocoExec for use with Diffblue Cover
12:45:30.412 [INFO]   [Checking]    out: Configuring task :trade-service:testDeletePreviousExecFiles for use with Diffblue Cover
12:45:30.412 [INFO]   [Checking]    out: All projects evaluated.
12:45:30.412 [INFO]   [Checking]    out: Resolving global dependency management for project 'trade-processor'
12:45:31.105 [INFO]   [Checking]    out: Excluding []
12:45:31.106 [INFO]   [Checking]    out: Excluding []
12:45:31.106 [INFO]   [Checking]    out: Excluding []
12:45:31.106 [INFO]   [Checking]    out: Resolving global dependency management for project 'trade-service'
12:45:31.405 [INFO]   [Checking]    out: Excluding []
12:45:31.405 [INFO]   [Checking]    out: Excluding []
12:45:31.405 [INFO]   [Checking]    out: Excluding []
12:45:31.406 [INFO]   [Checking]    out: Resolving global dependency management for project 'position-service'
12:45:31.605 [INFO]   [Checking]    out: Excluding []
12:45:31.606 [INFO]   [Checking]    out: Excluding []
12:45:31.606 [INFO]   [Checking]    out: Excluding []
12:45:31.606 [INFO]   [Checking]    out: Resolving global dependency management for project 'account-service'
12:45:31.805 [INFO]   [Checking]    out: Excluding []
12:45:31.806 [INFO]   [Checking]    out: Excluding []
12:45:31.905 [INFO]   [Checking]    out: Excluding []
12:45:31.905 [INFO]   [Checking]    out: Writing Diffblue message (project module type)
12:45:32.006 [INFO]   [Checking]    deserializing line [DIFFBLUE]{"__type":"com.diffblue.cover.buildsystem.model.DefaultProjectModuleMessage","project":{"__type":"DefaultProjectModule","junitReport":[],"jacocoReport":[],"jacocoDestFile":[],"jacocoFormats":null,"jacocoSkipped":false,"classpath":null,"complianceLevel":null,"productionSources":null,"testSources":null,"productionClasses":null,"testClasses":null,"sourceToBuildPathMap":{},"testSourceToBuildPathMap":{},"buildDirectory":null,"plugins":[{"__type":"DefaultPlugin","groupId":null,"artefactId":null,"version":null,"pluginClassName":"com.diffblue.cover.buildsystem.gradle.plugin.CoverPlugin"},{"__type":"DefaultPlugin","groupId":null,"artefactId":null,"version":"8.8","pluginClassName":"org.gradle.api.plugins.HelpTasksPlugin$Inject"},{"__type":"DefaultPlugin","groupId":null,"artefactId":null,"version":"8.8","pluginClassName":"org.gradle.buildinit.plugins.BuildInitPlugin$Inject"},{"__type":"DefaultPlugin","groupId":null,"artefactId":null,"version":"8.8","pluginClassName":"org.gradle.buildinit.plugins.WrapperPlugin$Inject"}],"version":"8.8","encoding":null,"name":"gradle","subModules":[{"__type":"DefaultProjectModule","junitReport":["/home/jbergqvist/diffblue/finos-traderX/database/build/test-results/test"],"jacocoReport":["/home/jbergqvist/diffblue/finos-traderX/database/build/reports/jacoco/test/jacocoTestReport.xml"],"jacocoDestFile":["/home/jbergqvist/diffblue/finos-traderX/database/build/jacoco/test.exec"],"jacocoFormats":null,"jacocoSkipped":false,"classpath":["/home/jbergqvist/diffblue/finos-traderX/database/build/classes/java/test","/home/jbergqvist/diffblue/finos-traderX/database/build/resources/test","/home/jbergqvist/diffblue/finos-traderX/database/build/classes/java/main","/home/jbergqvist/diffblue/finos-traderX/database/build/resources/main","/home/jbergqvist/.gradle/caches/modules-2/files-2.1/com.h2database/h2/2.2.224/7bdade27d8cd197d9b5ce9dc251f41d2edc5f7ad/h2-2.2.224.jar"],"complianceLevel":"21","productionSources":["/home/jbergqvist/diffblue/finos-traderX/database/src/main/java"],"testSources":["/home/jbergqvist/diffblue/finos-traderX/database/src/test/java"],"productionClasses":"/home/jbergqvist/diffblue/finos-traderX/database/build/classes/java/main","testClasses":"/home/jbergqvist/diffblue/finos-traderX/database/build/classes/java/test","sourceToBuildPathMap":{},"testSourceToBuildPathMap":{},"buildDirectory":null,"plugins":[{"__type":"DefaultPlugin","groupId":null,"artefactId":null,"version":null,"pluginClassName":"com.diffblue.cover.buildsystem.gradle.plugin.CoverPlugin"},{"__type":"DefaultPlugin","groupId":null,"artefactId":null,"version":"8.8","pluginClassName":"org.gradle.api.plugins.HelpTasksPlugin$Inject"},{"__type":"DefaultPlugin","groupId":null,"artefactId":null,"version":"8.8","pluginClassName":"org.gradle.buildinit.plugins.BuildInitPlugin$Inject"},{"__type":"DefaultPlugin","groupId":null,"artefactId":null,"version":"8.8","pluginClassName":"org.gradle.buildinit.plugins.WrapperPlugin$Inject"},{"__type":"DefaultPlugin","groupId":null,"artefactId":null,"version":"8.8","pluginClassName":"org.gradle.language.base.plugins.LifecycleBasePlugin$Inject"},{"__type":"DefaultPlugin","groupId":null,"artefactId":null,"version":"8.8","pluginClassName":"org.gradle.api.plugins.BasePlugin$Inject"},{"__type":"DefaultPlugin","groupId":null,"artefactId":null,"version":"8.8","pluginClassName":"org.gradle.api.plugins.JvmEcosystemPlugin$Inject"},{"__type":"DefaultPlugin","groupId":null,"artefactId":null,"version":"8.8","pluginClassName":"org.gradle.api.plugins.ReportingBasePlugin$Inject"},{"__type":"DefaultPlugin","groupId":null,"artefactId":null,"version":"8.8","pluginClassName":"org.gradle.api.plugins.JvmToolchainsPlugin$Inject"},{"__type":"DefaultPlugin","groupId":null,"artefactId":null,"version":"8.8","pluginClassName":"org.gradle.api.plugins.JavaBasePlugin$Inject"},{"__type":"DefaultPlugin","groupId":null,"artefactId":null,"version":"8.8","pluginClassName":"org.gradle.testing.base.plugins.TestSuiteBasePlugin$Inject"},{"__type":"DefaultPlugin","groupId":null,"artefactId":null,"version":"8.8","pluginClassName":"org.gradle.api.plugins.JvmTestSuitePlugin$Inject"},{"__type":"DefaultPlugin","groupId":null,"artefactId":null,"version":"8.8","pluginClassName":"org.gradle.api.plugins.JavaPlugin$Inject"},{"__type":"DefaultPlugin","groupId":null,"artefactId":null,"version":"8.8","pluginClassName":"org.gradle.api.distribution.plugins.DistributionPlugin$Inject"},{"__type":"DefaultPlugin","groupId":null,"artefactId":null,"version":"8.8","pluginClassName":"org.gradle.api.plugins.ApplicationPlugin$Inject"},{"__type":"DefaultPlugin","groupId":null,"artefactId":null,"version":"0.8.11","pluginClassName":"org.gradle.testing.jacoco.plugins.JacocoPlugin$Inject"}],"version":"8.8","encoding":null,"name":"gradle","subModules":[],"simpleModuleName":"database","parentModuleName":"","location":"/home/jbergqvist/diffblue/finos-traderX/database","fullModuleName":"database"},{"__type":"DefaultProjectModule","junitReport":["/home/jbergqvist/diffblue/finos-traderX/trade-processor/build/test-results/test"],"jacocoReport":["/home/jbergqvist/diffblue/finos-traderX/trade-processor/build/reports/jacoco/test/jacocoTestReport.xml"],"jacocoDestFile":["/home/jbergqvist/diffblue/finos-traderX/trade-processor/build/jacoco/test.exec"],"jacocoFormats":null,"jacocoSkipped":false,"classpath":["/home/jbergqvist/diffblue/finos-traderX/trade-processor/build/classes/java/test","/home/jbergqvist/diffblue/finos-traderX/trade-processor/build/resources/test","/home/jbergqvist/diffblue/finos-traderX/trade-processor/build/classes/java/main","/home/jbergqvist/diffblue/finos-traderX/trade-processor/build/resources/main","/home/jbergqvist/.gradle/caches/modules-2/files-2.1/org.springframework.boot/spring-boot-starter-data-jpa/3.3.3/7eeb176d6130f7aa83405fe2985fe7cadc11ebc5/spring-boot-starter-data-jpa-3.3.3.jar","/home/jbergqvist/.gradle/caches/modules-2/files-2.1/org.springframework.boot/spring-boot-starter-web/3.3.3/f19325fefd33dc920c0f68547a798ed731a8c70c/spring-boot-starter-web-3.3.3.jar","/home/jbergqvist/.gradle/caches/modules-2/files-2.1/com.h2database/h2/2.2.224/7bdade27d8cd197d9b5ce9dc251f41d2edc5f7ad/h2-2.2.224.jar","/home/jbergqvist/.gradle/caches/modules-2/files-2.1/org.springdoc/springdoc-openapi-starter-webmvc-ui/2.6.0/2dddebb56441dbaa1009c4de434a83c65596f6ad/springdoc-openapi-starter-webmvc-ui-2.6.0.jar","/home/jbergqvist/.gradle/caches/modules-2/files-2.1/org.json/json/20240303/ebb88e8fb5122b7506d5cf1d69f1ccdb790d22a/json-20240303.jar","/home/jbergqvist/.gradle/caches/modules-2/files-2.1/io.socket/socket.io-client/2.1.0/d49d37d8c62bddec4d7d0a65add9859fab666d0e/socket.io-client-2.1.0.jar","/home/jbergqvist/.gradle/caches/modules-2/files-2.1/com.diffblue.cover/cover-annotations/1.8.0/9eb3621b5f61d1dd8d7fa1af6b2c8c3fcf8ee857/cover-annotations-1.8.0.jar","/home/jbergqvist/.gradle/caches/modules-2/files-2.1/org.springframework.boot/spring-boot-starter-test/3.3.3/6774cadaa893fce1f18ff5e528e17f75d32f6670/spring-boot-starter-test-3.3.3.jar","/home/jbergqvist/.gradle/caches/modules-2/files-2.1/org.springframework.boot/spring-boot-starter-aop/3.3.3/f64c22484c1ab36ae70abc752509ec4c7b1abcfc/spring-boot-starter-aop-3.3.3.jar","/home/jbergqvist/.gradle/caches/modules-2/files-2.1/org.springframework.boot/spring-boot-starter-jdbc/3.3.3/c97a56c12c79d1ce419a306ddee4ccb89b7d3728/spring-boot-starter-jdbc-3.3.3.jar","/home/jbergqvist/.gradle/caches/modules-2/files-2.1/org.hibernate.orm/hibernate-core/6.5.2.Final/e9e0cc47f6cd2b2553968aee66bd9e55e7485221/hibernate-core-6.5.2.Final.jar","/home/jbergqvist/.gradle/caches/modules-2/files-2.1/org.springframework.data/spring-data-jpa/3.3.3/9b89dbd19eee24c4dc4df12564efc603c614aa91/spring-data-jpa-3.3.3.jar","/home/jbergqvist/.gradle/caches/modules-2/files-2.1/org.springframework/spring-aspects/6.1.12/b72435b5813755a894531e2cf1565eff1b313574/spring-aspects-6.1.12.jar","/home/jbergqvist/.gradle/caches/modules-2/files-2.1/org.springframework.boot/spring-boot-starter-json/3.3.3/3dde3b6089f772a77763020cc97a219307a8f39f/spring-boot-starter-json-3.3.3.jar","/home/jbergqvist/.gradle/caches/modules-2/files-2.1/org.springframework.boot/spring-boot-starter/3.3.3/174d6cb1c59036a01756d6bf4d8945325f94155f/spring-boot-starter-3.3.3.jar","/home/jbergqvist/.gradle/caches/modules-2/files-2.1/org.springframework.boot/spring-boot-starter-tomcat/3.3.3/8ca660b0ecba2f0ff8ce27603fe89953dc4ec18d/spring-boot-starter-tomcat-3.3.3.jar","/home/jbergqvist/.gradle/caches/modules-2/files-2.1/org.springdoc/springdoc-openapi-starter-webmvc-api/2.6.0/d235c2989247641e5dfe764d7add3a11e4d54a5f/springdoc-openapi-starter-webmvc-api-2.6.0.jar","/home/jbergqvist/.gradle/caches/modules-2/files-2.1/org.springframework/spring-webmvc/6.1.12/86bb0c203d68adb4b2675765f5a372f4c5254b2d/spring-webmvc-6.1.12.jar","/home/jbergqvist/.gradle/caches/modules-2/files-2.1/org.springframework/spring-web/6.1.12/b60e69b3ec87f8e001537a0fa7e3e2732dfafa7e/spring-web-6.1.12.jar","/home/jbergqvist/.gradle/caches/modules-2/files-2.1/org.webjars/swagger-ui/5.17.14/7c746d197424eb721b4e08fcaa9e85231662d81f/swagger-ui-5.17.14.jar","/home/jbergqvist/.gradle/caches/modules-2/files-2.1/io.socket/engine.io-client/2.1.0/fb421e5575e69e1181e5fed3eea351929017f08e/engine.io-client-2.1.0.jar","/home/jbergqvist/.gradle/caches/modules-2/files-2.1/org.springframework.boot/spring-boot-test-autoconfigure/3.3.3/ebce486202d965dc984ff8013a8f87fdb9b6fe46/spring-boot-test-autoconfigure-3.3.3.jar","/home/jbergqvist/.gradle/caches/modules-2/files-2.1/org.springframework.boot/spring-boot-test/3.3.3/42a314ffe171b6fb3932a86a884ef721467dc704/spring-boot-test-3.3.3.jar","/home/jbergqvist/.gradle/caches/modules-2/files-2.1/com.jayway.jsonpath/json-path/2.9.0/37fe2217f577b0b68b18e62c4d17a8858ecf9b69/json-path-2.9.0.jar","/home/jbergqvist/.gradle/caches/modules-2/files-2.1/org.glassfish.jaxb/jaxb-runtime/4.0.5/ca84c2a7169b5293e232b9d00d1e4e36d4c3914a/jaxb-runtime-4.0.5.jar","/home/jbergqvist/.gradle/caches/modules-2/files-2.1/org.glassfish.jaxb/jaxb-core/4.0.5/7b4b11ea5542eea4ad55e1080b23be436795b3/jaxb-core-4.0.5.jar","/home/jbergqvist/.gradle/caches/modules-2/files-2.1/org.springdoc/springdoc-openapi-starter-common/2.6.0/c8cf5fbd1f9e4c410d67f1de27dfc3529de13620/springdoc-openapi-starter-common-2.6.0.jar","/home/jbergqvist/.gradle/caches/modules-2/files-2.1/io.swagger.core.v3/swagger-core-jakarta/2.2.22/9ed5daaaa1c94c9a6b56c058c9d1b3190044a2e2/swagger-core-jakarta-2.2.22.jar","/home/jbergqvist/.gradle/caches/modules-2/files-2.1/jakarta.xml.bind/jakarta.xml.bind-api/4.0.2/6cd5a999b834b63238005b7144136379dc36cad2/jakarta.xml.bind-api-4.0.2.jar","/home/jbergqvist/.gradle/caches/modules-2/files-2.1/net.minidev/json-smart/2.5.1/4c11d2808d009132dfbbf947ebf37de6bf266c8e/json-smart-2.5.1.jar","/home/jbergqvist/.gradle/caches/modules-2/files-2.1/org.assertj/assertj-core/3.25.3/792b270e73aa1cfc28fa135be0b95e69ea451432/assertj-core-3.25.3.jar","/home/jbergqvist/.gradle/caches/modules-2/files-2.1/org.awaitility/awaitility/4.2.2/7336242073ebf83fe034e42b46a403c5501b63c9/awaitility-4.2.2.jar","/home/jbergqvist/.gradle/caches/modules-2/files-2.1/org.hamcrest/hamcrest/2.2/1820c0968dba3a11a1b30669bb1f01978a91dedc/hamcrest-2.2.jar","/home/jbergqvist/.gradle/caches/modules-2/files-2.1/org.mockito/mockito-junit-jupiter/5.11.0/8e658dd339f40305ed4293db25545b5df98b171b/mockito-junit-jupiter-5.11.0.jar","/home/jbergqvist/.gradle/caches/modules-2/files-2.1/org.junit.jupiter/junit-jupiter-params/5.10.3/4852f4e4af9074d9214213b199751f99efeab8b9/junit-jupiter-params-5.10.3.jar","/home/jbergqvist/.gradle/caches/modules-2/files-2.1/org.junit.jupiter/junit-jupiter-engine/5.10.3/48c14e866bb1a87ca35d24ff068463bb202ada24/junit-jupiter-engine-5.10.3.jar","/home/jbergqvist/.gradle/caches/modules-2/files-2.1/org.junit.jupiter/junit-jupiter-api/5.10.3/a22aa91d1d6c69b2020a9aeb6d095ea81132bfa5/junit-jupiter-api-5.10.3.jar","/home/jbergqvist/.gradle/caches/modules-2/files-2.1/org.junit.platform/junit-platform-engine/1.10.3/365a320c3cfd47f3346625e541e424e35dc75c42/junit-platform-engine-1.10.3.jar","/home/jbergqvist/.gradle/caches/modules-2/files-2.1/org.junit.platform/junit-platform-commons/1.10.3/a353d42a2f13343a7cb80c5228ae66ff64495481/junit-platform-commons-1.10.3.jar","/home/jbergqvist/.gradle/caches/modules-2/files-2.1/org.junit.jupiter/junit-jupiter/5.10.3/6686d8fbf251f9bf8ecba413cab57b9e00f9134d/junit-jupiter-5.10.3.jar","/home/jbergqvist/.gradle/caches/modules-2/files-2.1/org.mockito/mockito-core/5.11.0/e4069fa4f4ff2c94322cfec5f2e45341c6c70aff/mockito-core-5.11.0.jar","/home/jbergqvist/.gradle/caches/modules-2/files-2.1/org.skyscreamer/jsonassert/1.5.3/aaa43e0823d2a0e106e8754d6a9c4ab24e05e9bc/jsonassert-1.5.3.jar","/home/jbergqvist/.gradle/caches/modules-2/files-2.1/org.springframework/spring-test/6.1.12/ea59acc56a32e6a46f66c06e5d4c2b8e8c6a2869/spring-test-6.1.12.jar","/home/jbergqvist/.gradle/caches/modules-2/files-2.1/org.springframework.boot/spring-boot-autoconfigure/3.3.3/4445f0bbf838c1e3aeb5a83bf2367fbd1013237f/spring-boot-autoconfigure-3.3.3.jar","/home/jbergqvist/.gradle/caches/modules-2/files-2.1/org.springframework.boot/spring-boot/3.3.3/f34dba93611823e521800a47043267715184911b/spring-boot-3.3.3.jar","/home/jbergqvist/.gradle/caches/modules-2/files-2.1/org.springframework/spring-context/6.1.12/e69d476d1334935529a61f403749c6b8593e3272/spring-context-6.1.12.jar","/home/jbergqvist/.gradle/caches/modules-2/files-2.1/org.springframework/spring-aop/6.1.12/5fce5ff02455fad179fc0ea05435dfb79bbeaa66/spring-aop-6.1.12.jar","/home/jbergqvist/.gradle/caches/modules-2/files-2.1/org.springframework/spring-orm/6.1.12/9df98d9ebdfcf5359dbda945de515d8af2cabe89/spring-orm-6.1.12.jar","/home/jbergqvist/.gradle/caches/modules-2/files-2.1/org.springframework/spring-jdbc/6.1.12/feb177a07e109f633c3fb1892d22a2867d0b2284/spring-jdbc-6.1.12.jar","/home/jbergqvist/.gradle/caches/modules-2/files-2.1/org.springframework.data/spring-data-commons/3.3.3/89ab77494e1e56b058001354265e381a0a2868e6/spring-data-commons-3.3.3.jar","/home/jbergqvist/.gradle/caches/modules-2/files-2.1/org.springframework/spring-tx/6.1.12/c47885e494845584e08407b611031ea2bcef0ef7/spring-tx-6.1.12.jar","/home/jbergqvist/.gradle/caches/modules-2/files-2.1/org.springframework/spring-beans/6.1.12/f0344fa934f114a15f02c2b1a199189ec12b7eb5/spring-beans-6.1.12.jar","/home/jbergqvist/.gradle/caches/modules-2/files-2.1/org.springframework/spring-expression/6.1.12/644bbc2e65eb40feb7284b8570d7a7eb8b1fe8df/spring-expression-6.1.12.jar","/home/jbergqvist/.gradle/caches/modules-2/files-2.1/org.springframework/spring-core/6.1.12/5f4162fb645c4f72b57b21d721fce9f26edb9bb9/spring-core-6.1.12.jar","/home/jbergqvist/.gradle/caches/modules-2/files-2.1/org.xmlunit/xmlunit-core/2.9.1/e5833662d9a1279a37da3ef6f62a1da29fcd68c4/xmlunit-core-2.9.1.jar","/home/jbergqvist/.gradle/caches/modules-2/files-2.1/org.aspectj/aspectjweaver/1.9.22.1/bca243d0af0db4758fbae45c5f4995cb5dabb612/aspectjweaver-1.9.22.1.jar","/home/jbergqvist/.gradle/caches/modules-2/files-2.1/com.zaxxer/HikariCP/5.1.0/8c96e36c14461fc436bb02b264b96ef3ca5dca8c/HikariCP-5.1.0.jar","/home/jbergqvist/.gradle/caches/modules-2/files-2.1/jakarta.persistence/jakarta.persistence-api/3.1.0/66901fa1c373c6aff65c13791cc11da72060a8d6/jakarta.persistence-api-3.1.0.jar","/home/jbergqvist/.gradle/caches/modules-2/files-2.1/jakarta.transaction/jakarta.transaction-api/2.0.1/51a520e3fae406abb84e2e1148e6746ce3f80a1a/jakarta.transaction-api-2.0.1.jar","/home/jbergqvist/.gradle/caches/modules-2/files-2.1/org.jboss.logging/jboss-logging/3.5.3.Final/c88fc1d8a96d4c3491f55d4317458ccad53ca663/jboss-logging-3.5.3.Final.jar","/home/jbergqvist/.gradle/caches/modules-2/files-2.1/org.hibernate.common/hibernate-commons-annotations/6.0.6.Final/77a5f94b56d49508e0ee334751db5b78e5ccd50c/hibernate-commons-annotations-6.0.6.Final.jar","/home/jbergqvist/.gradle/caches/modules-2/files-2.1/io.smallrye/jandex/3.1.2/a6c1c89925c7df06242b03dddb353116ceb9584c/jandex-3.1.2.jar","/home/jbergqvist/.gradle/caches/modules-2/files-2.1/com.fasterxml/classmate/1.7.0/e98374da1f2143ac8e6e0a95036994bb19137a3/classmate-1.7.0.jar","/home/jbergqvist/.gradle/caches/modules-2/files-2.1/net.bytebuddy/byte-buddy/1.14.19/4c0c637b8f47dc08f89240e6f59900011752c97b/byte-buddy-1.14.19.jar","/home/jbergqvist/.gradle/caches/modules-2/files-2.1/jakarta.inject/jakarta.inject-api/2.0.1/4c28afe1991a941d7702fe1362c365f0a8641d1e/jakarta.inject-api-2.0.1.jar","/home/jbergqvist/.gradle/caches/modules-2/files-2.1/org.antlr/antlr4-runtime/4.13.0/5a02e48521624faaf5ff4d99afc88b01686af655/antlr4-runtime-4.13.0.jar","/home/jbergqvist/.gradle/caches/modules-2/files-2.1/jakarta.annotation/jakarta.annotation-api/2.1.1/48b9bda22b091b1f48b13af03fe36db3be6e1ae3/jakarta.annotation-api-2.1.1.jar","/home/jbergqvist/.gradle/caches/modules-2/files-2.1/org.springframework.boot/spring-boot-starter-logging/3.3.3/43d07b2e6bbb628c7fc5df103d35ee2eb091522/spring-boot-starter-logging-3.3.3.jar","/home/jbergqvist/.gradle/caches/modules-2/files-2.1/ch.qos.logback/logback-classic/1.5.7/ad4ff8ca015737ade8e8a9de07de565c423e5b7a/logback-classic-1.5.7.jar","/home/jbergqvist/.gradle/caches/modules-2/files-2.1/org.apache.logging.log4j/log4j-to-slf4j/2.23.1/425ad1eb8a39904d2830e907a324e956fb456520/log4j-to-slf4j-2.23.1.jar","/home/jbergqvist/.gradle/caches/modules-2/files-2.1/org.slf4j/jul-to-slf4j/2.0.16/6d57da3e961daac65bcca0dd3def6cd11e48a24a/jul-to-slf4j-2.0.16.jar","/home/jbergqvist/.gradle/caches/modules-2/files-2.1/org.slf4j/slf4j-api/2.0.16/172931663a09a1fa515567af5fbef00897d3c04/slf4j-api-2.0.16.jar","/home/jbergqvist/.gradle/caches/modules-2/files-2.1/com.fasterxml.jackson.datatype/jackson-datatype-jdk8/2.17.2/efd3dd0e1d0db8bc72abbe71c15e697bb83b4b45/jackson-datatype-jdk8-2.17.2.jar","/home/jbergqvist/.gradle/caches/modules-2/files-2.1/com.fasterxml.jackson.datatype/jackson-datatype-jsr310/2.17.2/267b85e9ba2892a37be6d80aa9ca1438a0d8c210/jackson-datatype-jsr310-2.17.2.jar","/home/jbergqvist/.gradle/caches/modules-2/files-2.1/com.fasterxml.jackson.module/jackson-module-parameter-names/2.17.2/d27b9f95ccce98984c1ba58d61c5a9c072b1ad95/jackson-module-parameter-names-2.17.2.jar","/home/jbergqvist/.gradle/caches/modules-2/files-2.1/com.fasterxml.jackson.core/jackson-databind/2.17.2/e6deb029e5901e027c129341fac39e515066b68c/jackson-databind-2.17.2.jar","/home/jbergqvist/.gradle/caches/modules-2/files-2.1/io.swagger.core.v3/swagger-models-jakarta/2.2.22/bc2809b2efa1f7b062bc9668304a84b198fececd/swagger-models-jakarta-2.2.22.jar","/home/jbergqvist/.gradle/caches/modules-2/files-2.1/com.fasterxml.jackson.core/jackson-annotations/2.17.2/147b7b9412ffff24339f8aba080b292448e08698/jackson-annotations-2.17.2.jar","/home/jbergqvist/.gradle/caches/modules-2/files-2.1/com.fasterxml.jackson.core/jackson-core/2.17.2/969a35cb35c86512acbadcdbbbfb044c877db814/jackson-core-2.17.2.jar","/home/jbergqvist/.gradle/caches/modules-2/files-2.1/com.fasterxml.jackson.dataformat/jackson-dataformat-yaml/2.17.2/78d2c73dbec62044d7cf3b544b2e0d24a1a093b0/jackson-dataformat-yaml-2.17.2.jar","/home/jbergqvist/.gradle/caches/modules-2/files-2.1/org.yaml/snakeyaml/2.2/3af797a25458550a16bf89acc8e4ab2b7f2bfce0/snakeyaml-2.2.jar","/home/jbergqvist/.gradle/caches/modules-2/files-2.1/org.apache.tomcat.embed/tomcat-embed-websocket/10.1.28/1a5ee88106795215e8a7b6cfea46e57cdfc96430/tomcat-embed-websocket-10.1.28.jar","/home/jbergqvist/.gradle/caches/modules-2/files-2.1/org.apache.tomcat.embed/tomcat-embed-core/10.1.28/624f53789b7ba96bc3c8e871fb5eed4cab5a7c89/tomcat-embed-core-10.1.28.jar","/home/jbergqvist/.gradle/caches/modules-2/files-2.1/org.apache.tomcat.embed/tomcat-embed-el/10.1.28/3220f687c5ffc8650559f08ecac5b149838627b3/tomcat-embed-el-10.1.28.jar","/home/jbergqvist/.gradle/caches/modules-2/files-2.1/io.micrometer/micrometer-observation/1.13.3/99840eb14ecf95d349f39123c867c2ca33808d/micrometer-observation-1.13.3.jar","/home/jbergqvist/.gradle/caches/modules-2/files-2.1/com.squareup.okhttp3/okhttp/4.12.0/2f4525d4a200e97e1b87449c2cd9bd2e25b7e8cd/okhttp-4.12.0.jar","/home/jbergqvist/.gradle/caches/modules-2/files-2.1/org.eclipse.angus/angus-activation/2.0.2/41f1e0ddd157c856926ed149ab837d110955a9fc/angus-activation-2.0.2.jar","/home/jbergqvist/.gradle/caches/modules-2/files-2.1/jakarta.activation/jakarta.activation-api/2.1.3/fa165bd70cda600368eee31555222776a46b881f/jakarta.activation-api-2.1.3.jar","/home/jbergqvist/.gradle/caches/modules-2/files-2.1/net.minidev/accessors-smart/2.5.1/19b820261eb2e7de7d5bde11d1c06e4501dd7e5f/accessors-smart-2.5.1.jar","/home/jbergqvist/.gradle/caches/modules-2/files-2.1/net.bytebuddy/byte-buddy-agent/1.14.19/154da3a65b4f4a909d3e5bdec55d1b2b4cbb6ce1/byte-buddy-agent-1.14.19.jar","/home/jbergqvist/.gradle/caches/modules-2/files-2.1/org.objenesis/objenesis/3.3/1049c09f1de4331e8193e579448d0916d75b7631/objenesis-3.3.jar","/home/jbergqvist/.gradle/caches/modules-2/files-2.1/com.vaadin.external.google/android-json/0.0.20131108.vaadin1/fa26d351fe62a6a17f5cda1287c1c6110dec413f/android-json-0.0.20131108.vaadin1.jar","/home/jbergqvist/.gradle/caches/modules-2/files-2.1/org.springframework/spring-jcl/6.1.12/f46d6016fd1dd3801a0e6fcd64789ac468254944/spring-jcl-6.1.12.jar","/home/jbergqvist/.gradle/caches/modules-2/files-2.1/io.micrometer/micrometer-commons/1.13.3/47b6b093cd6ba80c9da8d973ea79c7ef69a878d5/micrometer-commons-1.13.3.jar","/home/jbergqvist/.gradle/caches/modules-2/files-2.1/com.squareup.okio/okio-jvm/3.6.0/5600569133b7bdefe1daf9ec7f4abeb6d13e1786/okio-jvm-3.6.0.jar","/home/jbergqvist/.gradle/caches/modules-2/files-2.1/org.jetbrains.kotlin/kotlin-stdlib-jdk7/1.9.25/1c166692314a2639e5edfed0d23ed7eee4a5c7a5/kotlin-stdlib-jdk7-1.9.25.jar","/home/jbergqvist/.gradle/caches/modules-2/files-2.1/org.jetbrains.kotlin/kotlin-stdlib/1.9.25/f700a2f2b8f0d6d0fde48f56d894dc722fb029d7/kotlin-stdlib-1.9.25.jar","/home/jbergqvist/.gradle/caches/modules-2/files-2.1/org.jetbrains.kotlin/kotlin-stdlib-jdk8/1.9.25/20d44e880a284f7b5cd99dd69450b403073f49b2/kotlin-stdlib-jdk8-1.9.25.jar","/home/jbergqvist/.gradle/caches/modules-2/files-2.1/org.ow2.asm/asm/9.6/aa205cf0a06dbd8e04ece91c0b37c3f5d567546a/asm-9.6.jar","/home/jbergqvist/.gradle/caches/modules-2/files-2.1/org.opentest4j/opentest4j/1.3.0/152ea56b3a72f655d4fd677fc0ef2596c3dd5e6e/opentest4j-1.3.0.jar","/home/jbergqvist/.gradle/caches/modules-2/files-2.1/org.glassfish.jaxb/txw2/4.0.5/f36a4ef12120a9bb06d766d6a0e54b144fd7ed98/txw2-4.0.5.jar","/home/jbergqvist/.gradle/caches/modules-2/files-2.1/com.sun.istack/istack-commons-runtime/4.1.2/18ec117c85f3ba0ac65409136afa8e42bc74e739/istack-commons-runtime-4.1.2.jar","/home/jbergqvist/.gradle/caches/modules-2/files-2.1/ch.qos.logback/logback-core/1.5.7/ba0d0cbac3f21abd28faed3b4931d5b49cc5887e/logback-core-1.5.7.jar","/home/jbergqvist/.gradle/caches/modules-2/files-2.1/org.apache.logging.log4j/log4j-api/2.23.1/9c15c29c526d9c6783049c0a77722693c66706e1/log4j-api-2.23.1.jar","/home/jbergqvist/.gradle/caches/modules-2/files-2.1/org.apache.commons/commons-lang3/3.14.0/1ed471194b02f2c6cb734a0cd6f6f107c673afae/commons-lang3-3.14.0.jar","/home/jbergqvist/.gradle/caches/modules-2/files-2.1/io.swagger.core.v3/swagger-annotations-jakarta/2.2.22/1efc0b0af32fce629f0786062c89e8b117abe120/swagger-annotations-jakarta-2.2.22.jar","/home/jbergqvist/.gradle/caches/modules-2/files-2.1/jakarta.validation/jakarta.validation-api/3.0.2/92b6631659ba35ca09e44874d3eb936edfeee532/jakarta.validation-api-3.0.2.jar","/home/jbergqvist/.gradle/caches/modules-2/files-2.1/org.jetbrains/annotations/13.0/919f0dfe192fb4e063e7dacadee7f8bb9a2672a9/annotations-13.0.jar","/home/jbergqvist/.gradle/caches/modules-2/files-2.1/org.apiguardian/apiguardian-api/1.1.2/a231e0d844d2721b0fa1b238006d15c6ded6842a/apiguardian-api-1.1.2.jar"],"complianceLevel":"21","productionSources":["/home/jbergqvist/diffblue/finos-traderX/trade-processor/src/main/java"],"testSources":["/home/jbergqvist/diffblue/finos-traderX/trade-processor/src/test/java"],"productionClasses":"/home/jbergqvist/diffblue/finos-traderX/trade-processor/build/classes/java/main","testClasses":"/home/jbergqvist/diffblue/finos-traderX/trade-processor/build/classes/java/test","sourceToBuildPathMap":{"/home/jbergqvist/diffblue/finos-traderX/trade-processor/src/main/java":"/home/jbergqvist/diffblue/finos-traderX/trade-processor/build/classes/java/main"},"testSourceToBuildPathMap":{"/home/jbergqvist/diffblue/finos-traderX/trade-processor/src/test/java":"/home/jbergqvist/diffblue/finos-traderX/trade-processor/build/classes/java/test"},"buildDirectory":null,"plugins":[{"__type":"DefaultPlugin","groupId":null,"artefactId":null,"version":null,"pluginClassName":"com.diffblue.cover.buildsystem.gradle.plugin.CoverPlugin"},{"__type":"DefaultPlugin","groupId":null,"artefactId":null,"version":"8.8","pluginClassName":"org.gradle.api.plugins.HelpTasksPlugin$Inject"},{"__type":"DefaultPlugin","groupId":null,"artefactId":null,"version":"8.8","pluginClassName":"org.gradle.buildinit.plugins.BuildInitPlugin$Inject"},{"__type":"DefaultPlugin","groupId":null,"artefactId":null,"version":"8.8","pluginClassName":"org.gradle.buildinit.plugins.WrapperPlugin$Inject"},{"__type":"DefaultPlugin","groupId":null,"artefactId":null,"version":"8.8","pluginClassName":"org.gradle.language.base.plugins.LifecycleBasePlugin$Inject"},{"__type":"DefaultPlugin","groupId":null,"artefactId":null,"version":"8.8","pluginClassName":"org.gradle.api.plugins.BasePlugin$Inject"},{"__type":"DefaultPlugin","groupId":null,"artefactId":null,"version":"8.8","pluginClassName":"org.gradle.api.plugins.JvmEcosystemPlugin$Inject"},{"__type":"DefaultPlugin","groupId":null,"artefactId":null,"version":"8.8","pluginClassName":"org.gradle.api.plugins.ReportingBasePlugin$Inject"},{"__type":"DefaultPlugin","groupId":null,"artefactId":null,"version":"8.8","pluginClassName":"org.gradle.api.plugins.JvmToolchainsPlugin$Inject"},{"__type":"DefaultPlugin","groupId":null,"artefactId":null,"version":"8.8","pluginClassName":"org.gradle.api.plugins.JavaBasePlugin$Inject"},{"__type":"DefaultPlugin","groupId":null,"artefactId":null,"version":"8.8","pluginClassName":"org.gradle.testing.base.plugins.TestSuiteBasePlugin$Inject"},{"__type":"DefaultPlugin","groupId":null,"artefactId":null,"version":"8.8","pluginClassName":"org.gradle.api.plugins.JvmTestSuitePlugin$Inject"},{"__type":"DefaultPlugin","groupId":null,"artefactId":null,"version":"8.8","pluginClassName":"org.gradle.api.plugins.JavaPlugin$Inject"},{"__type":"DefaultPlugin","groupId":null,"artefactId":null,"version":"3.3.3","pluginClassName":"org.springframework.boot.gradle.plugin.SpringBootPlugin"},{"__type":"DefaultPlugin","groupId":null,"artefactId":null,"version":"1.1.6","pluginClassName":"io.spring.gradle.dependencymanagement.DependencyManagementPlugin"},{"__type":"DefaultPlugin","groupId":null,"artefactId":null,"version":"0.8.11","pluginClassName":"org.gradle.testing.jacoco.plugins.JacocoPlugin$Inject"}],"version":"8.8","encoding":"UTF-8","name":"gradle","subModules":[],"simpleModuleName":"trade-processor","parentModuleName":"","location":"/home/jbergqvist/diffblue/finos-traderX/trade-processor","fullModuleName":"trade-processor"},{"__type":"DefaultProjectModule","junitReport":["/home/jbergqvist/diffblue/finos-traderX/trade-service/build/test-results/test"],"jacocoReport":["/home/jbergqvist/diffblue/finos-traderX/trade-service/build/reports/jacoco/test/jacocoTestReport.xml"],"jacocoDestFile":["/home/jbergqvist/diffblue/finos-traderX/trade-service/build/jacoco/test.exec"],"jacocoFormats":null,"jacocoSkipped":false,"classpath":["/home/jbergqvist/diffblue/finos-traderX/trade-service/build/classes/java/test","/home/jbergqvist/diffblue/finos-traderX/trade-service/build/resources/test","/home/jbergqvist/diffblue/finos-traderX/trade-service/build/classes/java/main","/home/jbergqvist/diffblue/finos-traderX/trade-service/build/resources/main","/home/jbergqvist/.gradle/caches/modules-2/files-2.1/org.springframework.boot/spring-boot-starter-data-jpa/3.3.3/7eeb176d6130f7aa83405fe2985fe7cadc11ebc5/spring-boot-starter-data-jpa-3.3.3.jar","/home/jbergqvist/.gradle/caches/modules-2/files-2.1/org.springframework.boot/spring-boot-starter-web/3.3.3/f19325fefd33dc920c0f68547a798ed731a8c70c/spring-boot-starter-web-3.3.3.jar","/home/jbergqvist/.gradle/caches/modules-2/files-2.1/com.h2database/h2/2.2.224/7bdade27d8cd197d9b5ce9dc251f41d2edc5f7ad/h2-2.2.224.jar","/home/jbergqvist/.gradle/caches/modules-2/files-2.1/org.springdoc/springdoc-openapi-starter-webmvc-ui/2.6.0/2dddebb56441dbaa1009c4de434a83c65596f6ad/springdoc-openapi-starter-webmvc-ui-2.6.0.jar","/home/jbergqvist/.gradle/caches/modules-2/files-2.1/org.json/json/20240303/ebb88e8fb5122b7506d5cf1d69f1ccdb790d22a/json-20240303.jar","/home/jbergqvist/.gradle/caches/modules-2/files-2.1/io.socket/socket.io-client/2.1.0/d49d37d8c62bddec4d7d0a65add9859fab666d0e/socket.io-client-2.1.0.jar","/home/jbergqvist/.gradle/caches/modules-2/files-2.1/com.diffblue.cover/cover-annotations/1.8.0/9eb3621b5f61d1dd8d7fa1af6b2c8c3fcf8ee857/cover-annotations-1.8.0.jar","/home/jbergqvist/.gradle/caches/modules-2/files-2.1/org.springframework.boot/spring-boot-starter-test/3.3.3/6774cadaa893fce1f18ff5e528e17f75d32f6670/spring-boot-starter-test-3.3.3.jar","/home/jbergqvist/.gradle/caches/modules-2/files-2.1/org.springframework.boot/spring-boot-starter-aop/3.3.3/f64c22484c1ab36ae70abc752509ec4c7b1abcfc/spring-boot-starter-aop-3.3.3.jar","/home/jbergqvist/.gradle/caches/modules-2/files-2.1/org.springframework.boot/spring-boot-starter-jdbc/3.3.3/c97a56c12c79d1ce419a306ddee4ccb89b7d3728/spring-boot-starter-jdbc-3.3.3.jar","/home/jbergqvist/.gradle/caches/modules-2/files-2.1/org.hibernate.orm/hibernate-core/6.5.2.Final/e9e0cc47f6cd2b2553968aee66bd9e55e7485221/hibernate-core-6.5.2.Final.jar","/home/jbergqvist/.gradle/caches/modules-2/files-2.1/org.springframework.data/spring-data-jpa/3.3.3/9b89dbd19eee24c4dc4df12564efc603c614aa91/spring-data-jpa-3.3.3.jar","/home/jbergqvist/.gradle/caches/modules-2/files-2.1/org.springframework/spring-aspects/6.1.12/b72435b5813755a894531e2cf1565eff1b313574/spring-aspects-6.1.12.jar","/home/jbergqvist/.gradle/caches/modules-2/files-2.1/org.springframework.boot/spring-boot-starter-json/3.3.3/3dde3b6089f772a77763020cc97a219307a8f39f/spring-boot-starter-json-3.3.3.jar","/home/jbergqvist/.gradle/caches/modules-2/files-2.1/org.springframework.boot/spring-boot-starter/3.3.3/174d6cb1c59036a01756d6bf4d8945325f94155f/spring-boot-starter-3.3.3.jar","/home/jbergqvist/.gradle/caches/modules-2/files-2.1/org.springframework.boot/spring-boot-starter-tomcat/3.3.3/8ca660b0ecba2f0ff8ce27603fe89953dc4ec18d/spring-boot-starter-tomcat-3.3.3.jar","/home/jbergqvist/.gradle/caches/modules-2/files-2.1/org.springdoc/springdoc-openapi-starter-webmvc-api/2.6.0/d235c2989247641e5dfe764d7add3a11e4d54a5f/springdoc-openapi-starter-webmvc-api-2.6.0.jar","/home/jbergqvist/.gradle/caches/modules-2/files-2.1/org.springframework/spring-webmvc/6.1.12/86bb0c203d68adb4b2675765f5a372f4c5254b2d/spring-webmvc-6.1.12.jar","/home/jbergqvist/.gradle/caches/modules-2/files-2.1/org.springframework/spring-web/6.1.12/b60e69b3ec87f8e001537a0fa7e3e2732dfafa7e/spring-web-6.1.12.jar","/home/jbergqvist/.gradle/caches/modules-2/files-2.1/org.webjars/swagger-ui/5.17.14/7c746d197424eb721b4e08fcaa9e85231662d81f/swagger-ui-5.17.14.jar","/home/jbergqvist/.gradle/caches/modules-2/files-2.1/io.socket/engine.io-client/2.1.0/fb421e5575e69e1181e5fed3eea351929017f08e/engine.io-client-2.1.0.jar","/home/jbergqvist/.gradle/caches/modules-2/files-2.1/org.springframework.boot/spring-boot-test-autoconfigure/3.3.3/ebce486202d965dc984ff8013a8f87fdb9b6fe46/spring-boot-test-autoconfigure-3.3.3.jar","/home/jbergqvist/.gradle/caches/modules-2/files-2.1/org.springframework.boot/spring-boot-test/3.3.3/42a314ffe171b6fb3932a86a884ef721467dc704/spring-boot-test-3.3.3.jar","/home/jbergqvist/.gradle/caches/modules-2/files-2.1/com.jayway.jsonpath/json-path/2.9.0/37fe2217f577b0b68b18e62c4d17a8858ecf9b69/json-path-2.9.0.jar","/home/jbergqvist/.gradle/caches/modules-2/files-2.1/org.glassfish.jaxb/jaxb-runtime/4.0.5/ca84c2a7169b5293e232b9d00d1e4e36d4c3914a/jaxb-runtime-4.0.5.jar","/home/jbergqvist/.gradle/caches/modules-2/files-2.1/org.glassfish.jaxb/jaxb-core/4.0.5/7b4b11ea5542eea4ad55e1080b23be436795b3/jaxb-core-4.0.5.jar","/home/jbergqvist/.gradle/caches/modules-2/files-2.1/org.springdoc/springdoc-openapi-starter-common/2.6.0/c8cf5fbd1f9e4c410d67f1de27dfc3529de13620/springdoc-openapi-starter-common-2.6.0.jar","/home/jbergqvist/.gradle/caches/modules-2/files-2.1/io.swagger.core.v3/swagger-core-jakarta/2.2.22/9ed5daaaa1c94c9a6b56c058c9d1b3190044a2e2/swagger-core-jakarta-2.2.22.jar","/home/jbergqvist/.gradle/caches/modules-2/files-2.1/jakarta.xml.bind/jakarta.xml.bind-api/4.0.2/6cd5a999b834b63238005b7144136379dc36cad2/jakarta.xml.bind-api-4.0.2.jar","/home/jbergqvist/.gradle/caches/modules-2/files-2.1/net.minidev/json-smart/2.5.1/4c11d2808d009132dfbbf947ebf37de6bf266c8e/json-smart-2.5.1.jar","/home/jbergqvist/.gradle/caches/modules-2/files-2.1/org.assertj/assertj-core/3.25.3/792b270e73aa1cfc28fa135be0b95e69ea451432/assertj-core-3.25.3.jar","/home/jbergqvist/.gradle/caches/modules-2/files-2.1/org.awaitility/awaitility/4.2.2/7336242073ebf83fe034e42b46a403c5501b63c9/awaitility-4.2.2.jar","/home/jbergqvist/.gradle/caches/modules-2/files-2.1/org.hamcrest/hamcrest/2.2/1820c0968dba3a11a1b30669bb1f01978a91dedc/hamcrest-2.2.jar","/home/jbergqvist/.gradle/caches/modules-2/files-2.1/org.mockito/mockito-junit-jupiter/5.11.0/8e658dd339f40305ed4293db25545b5df98b171b/mockito-junit-jupiter-5.11.0.jar","/home/jbergqvist/.gradle/caches/modules-2/files-2.1/org.junit.jupiter/junit-jupiter-params/5.10.3/4852f4e4af9074d9214213b199751f99efeab8b9/junit-jupiter-params-5.10.3.jar","/home/jbergqvist/.gradle/caches/modules-2/files-2.1/org.junit.jupiter/junit-jupiter-engine/5.10.3/48c14e866bb1a87ca35d24ff068463bb202ada24/junit-jupiter-engine-5.10.3.jar","/home/jbergqvist/.gradle/caches/modules-2/files-2.1/org.junit.jupiter/junit-jupiter-api/5.10.3/a22aa91d1d6c69b2020a9aeb6d095ea81132bfa5/junit-jupiter-api-5.10.3.jar","/home/jbergqvist/.gradle/caches/modules-2/files-2.1/org.junit.platform/junit-platform-engine/1.10.3/365a320c3cfd47f3346625e541e424e35dc75c42/junit-platform-engine-1.10.3.jar","/home/jbergqvist/.gradle/caches/modules-2/files-2.1/org.junit.platform/junit-platform-commons/1.10.3/a353d42a2f13343a7cb80c5228ae66ff64495481/junit-platform-commons-1.10.3.jar","/home/jbergqvist/.gradle/caches/modules-2/files-2.1/org.junit.jupiter/junit-jupiter/5.10.3/6686d8fbf251f9bf8ecba413cab57b9e00f9134d/junit-jupiter-5.10.3.jar","/home/jbergqvist/.gradle/caches/modules-2/files-2.1/org.mockito/mockito-core/5.11.0/e4069fa4f4ff2c94322cfec5f2e45341c6c70aff/mockito-core-5.11.0.jar","/home/jbergqvist/.gradle/caches/modules-2/files-2.1/org.skyscreamer/jsonassert/1.5.3/aaa43e0823d2a0e106e8754d6a9c4ab24e05e9bc/jsonassert-1.5.3.jar","/home/jbergqvist/.gradle/caches/modules-2/files-2.1/org.springframework/spring-test/6.1.12/ea59acc56a32e6a46f66c06e5d4c2b8e8c6a2869/spring-test-6.1.12.jar","/home/jbergqvist/.gradle/caches/modules-2/files-2.1/org.springframework.boot/spring-boot-autoconfigure/3.3.3/4445f0bbf838c1e3aeb5a83bf2367fbd1013237f/spring-boot-autoconfigure-3.3.3.jar","/home/jbergqvist/.gradle/caches/modules-2/files-2.1/org.springframework.boot/spring-boot/3.3.3/f34dba93611823e521800a47043267715184911b/spring-boot-3.3.3.jar","/home/jbergqvist/.gradle/caches/modules-2/files-2.1/org.springframework/spring-context/6.1.12/e69d476d1334935529a61f403749c6b8593e3272/spring-context-6.1.12.jar","/home/jbergqvist/.gradle/caches/modules-2/files-2.1/org.springframework/spring-aop/6.1.12/5fce5ff02455fad179fc0ea05435dfb79bbeaa66/spring-aop-6.1.12.jar","/home/jbergqvist/.gradle/caches/modules-2/files-2.1/org.springframework/spring-orm/6.1.12/9df98d9ebdfcf5359dbda945de515d8af2cabe89/spring-orm-6.1.12.jar","/home/jbergqvist/.gradle/caches/modules-2/files-2.1/org.springframework/spring-jdbc/6.1.12/feb177a07e109f633c3fb1892d22a2867d0b2284/spring-jdbc-6.1.12.jar","/home/jbergqvist/.gradle/caches/modules-2/files-2.1/org.springframework.data/spring-data-commons/3.3.3/89ab77494e1e56b058001354265e381a0a2868e6/spring-data-commons-3.3.3.jar","/home/jbergqvist/.gradle/caches/modules-2/files-2.1/org.springframework/spring-tx/6.1.12/c47885e494845584e08407b611031ea2bcef0ef7/spring-tx-6.1.12.jar","/home/jbergqvist/.gradle/caches/modules-2/files-2.1/org.springframework/spring-beans/6.1.12/f0344fa934f114a15f02c2b1a199189ec12b7eb5/spring-beans-6.1.12.jar","/home/jbergqvist/.gradle/caches/modules-2/files-2.1/org.springframework/spring-expression/6.1.12/644bbc2e65eb40feb7284b8570d7a7eb8b1fe8df/spring-expression-6.1.12.jar","/home/jbergqvist/.gradle/caches/modules-2/files-2.1/org.springframework/spring-core/6.1.12/5f4162fb645c4f72b57b21d721fce9f26edb9bb9/spring-core-6.1.12.jar","/home/jbergqvist/.gradle/caches/modules-2/files-2.1/org.xmlunit/xmlunit-core/2.9.1/e5833662d9a1279a37da3ef6f62a1da29fcd68c4/xmlunit-core-2.9.1.jar","/home/jbergqvist/.gradle/caches/modules-2/files-2.1/org.aspectj/aspectjweaver/1.9.22.1/bca243d0af0db4758fbae45c5f4995cb5dabb612/aspectjweaver-1.9.22.1.jar","/home/jbergqvist/.gradle/caches/modules-2/files-2.1/com.zaxxer/HikariCP/5.1.0/8c96e36c14461fc436bb02b264b96ef3ca5dca8c/HikariCP-5.1.0.jar","/home/jbergqvist/.gradle/caches/modules-2/files-2.1/jakarta.persistence/jakarta.persistence-api/3.1.0/66901fa1c373c6aff65c13791cc11da72060a8d6/jakarta.persistence-api-3.1.0.jar","/home/jbergqvist/.gradle/caches/modules-2/files-2.1/jakarta.transaction/jakarta.transaction-api/2.0.1/51a520e3fae406abb84e2e1148e6746ce3f80a1a/jakarta.transaction-api-2.0.1.jar","/home/jbergqvist/.gradle/caches/modules-2/files-2.1/org.jboss.logging/jboss-logging/3.5.3.Final/c88fc1d8a96d4c3491f55d4317458ccad53ca663/jboss-logging-3.5.3.Final.jar","/home/jbergqvist/.gradle/caches/modules-2/files-2.1/org.hibernate.common/hibernate-commons-annotations/6.0.6.Final/77a5f94b56d49508e0ee334751db5b78e5ccd50c/hibernate-commons-annotations-6.0.6.Final.jar","/home/jbergqvist/.gradle/caches/modules-2/files-2.1/io.smallrye/jandex/3.1.2/a6c1c89925c7df06242b03dddb353116ceb9584c/jandex-3.1.2.jar","/home/jbergqvist/.gradle/caches/modules-2/files-2.1/com.fasterxml/classmate/1.7.0/e98374da1f2143ac8e6e0a95036994bb19137a3/classmate-1.7.0.jar","/home/jbergqvist/.gradle/caches/modules-2/files-2.1/net.bytebuddy/byte-buddy/1.14.19/4c0c637b8f47dc08f89240e6f59900011752c97b/byte-buddy-1.14.19.jar","/home/jbergqvist/.gradle/caches/modules-2/files-2.1/jakarta.inject/jakarta.inject-api/2.0.1/4c28afe1991a941d7702fe1362c365f0a8641d1e/jakarta.inject-api-2.0.1.jar","/home/jbergqvist/.gradle/caches/modules-2/files-2.1/org.antlr/antlr4-runtime/4.13.0/5a02e48521624faaf5ff4d99afc88b01686af655/antlr4-runtime-4.13.0.jar","/home/jbergqvist/.gradle/caches/modules-2/files-2.1/jakarta.annotation/jakarta.annotation-api/2.1.1/48b9bda22b091b1f48b13af03fe36db3be6e1ae3/jakarta.annotation-api-2.1.1.jar","/home/jbergqvist/.gradle/caches/modules-2/files-2.1/org.springframework.boot/spring-boot-starter-logging/3.3.3/43d07b2e6bbb628c7fc5df103d35ee2eb091522/spring-boot-starter-logging-3.3.3.jar","/home/jbergqvist/.gradle/caches/modules-2/files-2.1/ch.qos.logback/logback-classic/1.5.7/ad4ff8ca015737ade8e8a9de07de565c423e5b7a/logback-classic-1.5.7.jar","/home/jbergqvist/.gradle/caches/modules-2/files-2.1/org.apache.logging.log4j/log4j-to-slf4j/2.23.1/425ad1eb8a39904d2830e907a324e956fb456520/log4j-to-slf4j-2.23.1.jar","/home/jbergqvist/.gradle/caches/modules-2/files-2.1/org.slf4j/jul-to-slf4j/2.0.16/6d57da3e961daac65bcca0dd3def6cd11e48a24a/jul-to-slf4j-2.0.16.jar","/home/jbergqvist/.gradle/caches/modules-2/files-2.1/org.slf4j/slf4j-api/2.0.16/172931663a09a1fa515567af5fbef00897d3c04/slf4j-api-2.0.16.jar","/home/jbergqvist/.gradle/caches/modules-2/files-2.1/com.fasterxml.jackson.datatype/jackson-datatype-jsr310/2.17.2/267b85e9ba2892a37be6d80aa9ca1438a0d8c210/jackson-datatype-jsr310-2.17.2.jar","/home/jbergqvist/.gradle/caches/modules-2/files-2.1/com.fasterxml.jackson.module/jackson-module-parameter-names/2.17.2/d27b9f95ccce98984c1ba58d61c5a9c072b1ad95/jackson-module-parameter-names-2.17.2.jar","/home/jbergqvist/.gradle/caches/modules-2/files-2.1/io.swagger.core.v3/swagger-models-jakarta/2.2.22/bc2809b2efa1f7b062bc9668304a84b198fececd/swagger-models-jakarta-2.2.22.jar","/home/jbergqvist/.gradle/caches/modules-2/files-2.1/com.fasterxml.jackson.core/jackson-annotations/2.17.2/147b7b9412ffff24339f8aba080b292448e08698/jackson-annotations-2.17.2.jar","/home/jbergqvist/.gradle/caches/modules-2/files-2.1/com.fasterxml.jackson.dataformat/jackson-dataformat-yaml/2.17.2/78d2c73dbec62044d7cf3b544b2e0d24a1a093b0/jackson-dataformat-yaml-2.17.2.jar","/home/jbergqvist/.gradle/caches/modules-2/files-2.1/com.fasterxml.jackson.core/jackson-core/2.17.2/969a35cb35c86512acbadcdbbbfb044c877db814/jackson-core-2.17.2.jar","/home/jbergqvist/.gradle/caches/modules-2/files-2.1/com.fasterxml.jackson.datatype/jackson-datatype-jdk8/2.17.2/efd3dd0e1d0db8bc72abbe71c15e697bb83b4b45/jackson-datatype-jdk8-2.17.2.jar","/home/jbergqvist/.gradle/caches/modules-2/files-2.1/com.fasterxml.jackson.core/jackson-databind/2.17.2/e6deb029e5901e027c129341fac39e515066b68c/jackson-databind-2.17.2.jar","/home/jbergqvist/.gradle/caches/modules-2/files-2.1/org.apache.tomcat.embed/tomcat-embed-websocket/10.1.28/1a5ee88106795215e8a7b6cfea46e57cdfc96430/tomcat-embed-websocket-10.1.28.jar","/home/jbergqvist/.gradle/caches/modules-2/files-2.1/org.apache.tomcat.embed/tomcat-embed-core/10.1.28/624f53789b7ba96bc3c8e871fb5eed4cab5a7c89/tomcat-embed-core-10.1.28.jar","/home/jbergqvist/.gradle/caches/modules-2/files-2.1/org.apache.tomcat.embed/tomcat-embed-el/10.1.28/3220f687c5ffc8650559f08ecac5b149838627b3/tomcat-embed-el-10.1.28.jar","/home/jbergqvist/.gradle/caches/modules-2/files-2.1/io.micrometer/micrometer-observation/1.13.3/99840eb14ecf95d349f39123c867c2ca33808d/micrometer-observation-1.13.3.jar","/home/jbergqvist/.gradle/caches/modules-2/files-2.1/com.squareup.okhttp3/okhttp/4.12.0/2f4525d4a200e97e1b87449c2cd9bd2e25b7e8cd/okhttp-4.12.0.jar","/home/jbergqvist/.gradle/caches/modules-2/files-2.1/org.eclipse.angus/angus-activation/2.0.2/41f1e0ddd157c856926ed149ab837d110955a9fc/angus-activation-2.0.2.jar","/home/jbergqvist/.gradle/caches/modules-2/files-2.1/jakarta.activation/jakarta.activation-api/2.1.3/fa165bd70cda600368eee31555222776a46b881f/jakarta.activation-api-2.1.3.jar","/home/jbergqvist/.gradle/caches/modules-2/files-2.1/net.minidev/accessors-smart/2.5.1/19b820261eb2e7de7d5bde11d1c06e4501dd7e5f/accessors-smart-2.5.1.jar","/home/jbergqvist/.gradle/caches/modules-2/files-2.1/net.bytebuddy/byte-buddy-agent/1.14.19/154da3a65b4f4a909d3e5bdec55d1b2b4cbb6ce1/byte-buddy-agent-1.14.19.jar","/home/jbergqvist/.gradle/caches/modules-2/files-2.1/org.objenesis/objenesis/3.3/1049c09f1de4331e8193e579448d0916d75b7631/objenesis-3.3.jar","/home/jbergqvist/.gradle/caches/modules-2/files-2.1/com.vaadin.external.google/android-json/0.0.20131108.vaadin1/fa26d351fe62a6a17f5cda1287c1c6110dec413f/android-json-0.0.20131108.vaadin1.jar","/home/jbergqvist/.gradle/caches/modules-2/files-2.1/org.springframework/spring-jcl/6.1.12/f46d6016fd1dd3801a0e6fcd64789ac468254944/spring-jcl-6.1.12.jar","/home/jbergqvist/.gradle/caches/modules-2/files-2.1/io.micrometer/micrometer-commons/1.13.3/47b6b093cd6ba80c9da8d973ea79c7ef69a878d5/micrometer-commons-1.13.3.jar","/home/jbergqvist/.gradle/caches/modules-2/files-2.1/com.squareup.okio/okio-jvm/3.6.0/5600569133b7bdefe1daf9ec7f4abeb6d13e1786/okio-jvm-3.6.0.jar","/home/jbergqvist/.gradle/caches/modules-2/files-2.1/org.jetbrains.kotlin/kotlin-stdlib-jdk7/1.9.25/1c166692314a2639e5edfed0d23ed7eee4a5c7a5/kotlin-stdlib-jdk7-1.9.25.jar","/home/jbergqvist/.gradle/caches/modules-2/files-2.1/org.jetbrains.kotlin/kotlin-stdlib/1.9.25/f700a2f2b8f0d6d0fde48f56d894dc722fb029d7/kotlin-stdlib-1.9.25.jar","/home/jbergqvist/.gradle/caches/modules-2/files-2.1/org.jetbrains.kotlin/kotlin-stdlib-jdk8/1.9.25/20d44e880a284f7b5cd99dd69450b403073f49b2/kotlin-stdlib-jdk8-1.9.25.jar","/home/jbergqvist/.gradle/caches/modules-2/files-2.1/org.ow2.asm/asm/9.6/aa205cf0a06dbd8e04ece91c0b37c3f5d567546a/asm-9.6.jar","/home/jbergqvist/.gradle/caches/modules-2/files-2.1/org.opentest4j/opentest4j/1.3.0/152ea56b3a72f655d4fd677fc0ef2596c3dd5e6e/opentest4j-1.3.0.jar","/home/jbergqvist/.gradle/caches/modules-2/files-2.1/org.glassfish.jaxb/txw2/4.0.5/f36a4ef12120a9bb06d766d6a0e54b144fd7ed98/txw2-4.0.5.jar","/home/jbergqvist/.gradle/caches/modules-2/files-2.1/com.sun.istack/istack-commons-runtime/4.1.2/18ec117c85f3ba0ac65409136afa8e42bc74e739/istack-commons-runtime-4.1.2.jar","/home/jbergqvist/.gradle/caches/modules-2/files-2.1/ch.qos.logback/logback-core/1.5.7/ba0d0cbac3f21abd28faed3b4931d5b49cc5887e/logback-core-1.5.7.jar","/home/jbergqvist/.gradle/caches/modules-2/files-2.1/org.apache.logging.log4j/log4j-api/2.23.1/9c15c29c526d9c6783049c0a77722693c66706e1/log4j-api-2.23.1.jar","/home/jbergqvist/.gradle/caches/modules-2/files-2.1/org.apache.commons/commons-lang3/3.14.0/1ed471194b02f2c6cb734a0cd6f6f107c673afae/commons-lang3-3.14.0.jar","/home/jbergqvist/.gradle/caches/modules-2/files-2.1/io.swagger.core.v3/swagger-annotations-jakarta/2.2.22/1efc0b0af32fce629f0786062c89e8b117abe120/swagger-annotations-jakarta-2.2.22.jar","/home/jbergqvist/.gradle/caches/modules-2/files-2.1/jakarta.validation/jakarta.validation-api/3.0.2/92b6631659ba35ca09e44874d3eb936edfeee532/jakarta.validation-api-3.0.2.jar","/home/jbergqvist/.gradle/caches/modules-2/files-2.1/org.jetbrains/annotations/13.0/919f0dfe192fb4e063e7dacadee7f8bb9a2672a9/annotations-13.0.jar","/home/jbergqvist/.gradle/caches/modules-2/files-2.1/org.apiguardian/apiguardian-api/1.1.2/a231e0d844d2721b0fa1b238006d15c6ded6842a/apiguardian-api-1.1.2.jar"],"complianceLevel":"21","productionSources":["/home/jbergqvist/diffblue/finos-traderX/trade-service/src/main/java"],"testSources":["/home/jbergqvist/diffblue/finos-traderX/trade-service/src/test/java"],"productionClasses":"/home/jbergqvist/diffblue/finos-traderX/trade-service/build/classes/java/main","testClasses":"/home/jbergqvist/diffblue/finos-traderX/trade-service/build/classes/java/test","sourceToBuildPathMap":{"/home/jbergqvist/diffblue/finos-traderX/trade-service/src/main/java":"/home/jbergqvist/diffblue/finos-traderX/trade-service/build/classes/java/main"},"testSourceToBuildPathMap":{"/home/jbergqvist/diffblue/finos-traderX/trade-service/src/test/java":"/home/jbergqvist/diffblue/finos-traderX/trade-service/build/classes/java/test"},"buildDirectory":null,"plugins":[{"__type":"DefaultPlugin","groupId":null,"artefactId":null,"version":null,"pluginClassName":"com.diffblue.cover.buildsystem.gradle.plugin.CoverPlugin"},{"__type":"DefaultPlugin","groupId":null,"artefactId":null,"version":"8.8","pluginClassName":"org.gradle.api.plugins.HelpTasksPlugin$Inject"},{"__type":"DefaultPlugin","groupId":null,"artefactId":null,"version":"8.8","pluginClassName":"org.gradle.buildinit.plugins.BuildInitPlugin$Inject"},{"__type":"DefaultPlugin","groupId":null,"artefactId":null,"version":"8.8","pluginClassName":"org.gradle.buildinit.plugins.WrapperPlugin$Inject"},{"__type":"DefaultPlugin","groupId":null,"artefactId":null,"version":"8.8","pluginClassName":"org.gradle.language.base.plugins.LifecycleBasePlugin$Inject"},{"__type":"DefaultPlugin","groupId":null,"artefactId":null,"version":"8.8","pluginClassName":"org.gradle.api.plugins.BasePlugin$Inject"},{"__type":"DefaultPlugin","groupId":null,"artefactId":null,"version":"8.8","pluginClassName":"org.gradle.api.plugins.JvmEcosystemPlugin$Inject"},{"__type":"DefaultPlugin","groupId":null,"artefactId":null,"version":"8.8","pluginClassName":"org.gradle.api.plugins.ReportingBasePlugin$Inject"},{"__type":"DefaultPlugin","groupId":null,"artefactId":null,"version":"8.8","pluginClassName":"org.gradle.api.plugins.JvmToolchainsPlugin$Inject"},{"__type":"DefaultPlugin","groupId":null,"artefactId":null,"version":"8.8","pluginClassName":"org.gradle.api.plugins.JavaBasePlugin$Inject"},{"__type":"DefaultPlugin","groupId":null,"artefactId":null,"version":"8.8","pluginClassName":"org.gradle.testing.base.plugins.TestSuiteBasePlugin$Inject"},{"__type":"DefaultPlugin","groupId":null,"artefactId":null,"version":"8.8","pluginClassName":"org.gradle.api.plugins.JvmTestSuitePlugin$Inject"},{"__type":"DefaultPlugin","groupId":null,"artefactId":null,"version":"8.8","pluginClassName":"org.gradle.api.plugins.JavaPlugin$Inject"},{"__type":"DefaultPlugin","groupId":null,"artefactId":null,"version":"3.3.3","pluginClassName":"org.springframework.boot.gradle.plugin.SpringBootPlugin"},{"__type":"DefaultPlugin","groupId":null,"artefactId":null,"version":"1.1.6","pluginClassName":"io.spring.gradle.dependencymanagement.DependencyManagementPlugin"},{"__type":"DefaultPlugin","groupId":null,"artefactId":null,"version":"0.8.11","pluginClassName":"org.gradle.testing.jacoco.plugins.JacocoPlugin$Inject"}],"version":"8.8","encoding":"UTF-8","name":"gradle","subModules":[],"simpleModuleName":"trade-service","parentModuleName":"","location":"/home/jbergqvist/diffblue/finos-traderX/trade-service","fullModuleName":"trade-service"},{"__type":"DefaultProjectModule","junitReport":["/home/jbergqvist/diffblue/finos-traderX/position-service/build/test-results/test"],"jacocoReport":["/home/jbergqvist/diffblue/finos-traderX/position-service/build/reports/jacoco/test/jacocoTestReport.xml"],"jacocoDestFile":["/home/jbergqvist/diffblue/finos-traderX/position-service/build/jacoco/test.exec"],"jacocoFormats":null,"jacocoSkipped":false,"classpath":["/home/jbergqvist/diffblue/finos-traderX/position-service/build/classes/java/test","/home/jbergqvist/diffblue/finos-traderX/position-service/build/resources/test","/home/jbergqvist/diffblue/finos-traderX/position-service/build/classes/java/main","/home/jbergqvist/diffblue/finos-traderX/position-service/build/resources/main","/home/jbergqvist/.gradle/caches/modules-2/files-2.1/org.springframework.boot/spring-boot-starter-data-jpa/3.3.3/7eeb176d6130f7aa83405fe2985fe7cadc11ebc5/spring-boot-starter-data-jpa-3.3.3.jar","/home/jbergqvist/.gradle/caches/modules-2/files-2.1/org.springframework.boot/spring-boot-starter-web/3.3.3/f19325fefd33dc920c0f68547a798ed731a8c70c/spring-boot-starter-web-3.3.3.jar","/home/jbergqvist/.gradle/caches/modules-2/files-2.1/com.h2database/h2/2.2.224/7bdade27d8cd197d9b5ce9dc251f41d2edc5f7ad/h2-2.2.224.jar","/home/jbergqvist/.gradle/caches/modules-2/files-2.1/org.springdoc/springdoc-openapi-starter-webmvc-ui/2.6.0/2dddebb56441dbaa1009c4de434a83c65596f6ad/springdoc-openapi-starter-webmvc-ui-2.6.0.jar","/home/jbergqvist/.gradle/caches/modules-2/files-2.1/com.diffblue.cover/cover-annotations/1.8.0/9eb3621b5f61d1dd8d7fa1af6b2c8c3fcf8ee857/cover-annotations-1.8.0.jar","/home/jbergqvist/.gradle/caches/modules-2/files-2.1/org.springframework.boot/spring-boot-starter-test/3.3.3/6774cadaa893fce1f18ff5e528e17f75d32f6670/spring-boot-starter-test-3.3.3.jar","/home/jbergqvist/.gradle/caches/modules-2/files-2.1/org.springframework.boot/spring-boot-starter-aop/3.3.3/f64c22484c1ab36ae70abc752509ec4c7b1abcfc/spring-boot-starter-aop-3.3.3.jar","/home/jbergqvist/.gradle/caches/modules-2/files-2.1/org.springframework.boot/spring-boot-starter-jdbc/3.3.3/c97a56c12c79d1ce419a306ddee4ccb89b7d3728/spring-boot-starter-jdbc-3.3.3.jar","/home/jbergqvist/.gradle/caches/modules-2/files-2.1/org.hibernate.orm/hibernate-core/6.5.2.Final/e9e0cc47f6cd2b2553968aee66bd9e55e7485221/hibernate-core-6.5.2.Final.jar","/home/jbergqvist/.gradle/caches/modules-2/files-2.1/org.springframework.data/spring-data-jpa/3.3.3/9b89dbd19eee24c4dc4df12564efc603c614aa91/spring-data-jpa-3.3.3.jar","/home/jbergqvist/.gradle/caches/modules-2/files-2.1/org.springframework/spring-aspects/6.1.12/b72435b5813755a894531e2cf1565eff1b313574/spring-aspects-6.1.12.jar","/home/jbergqvist/.gradle/caches/modules-2/files-2.1/org.springframework.boot/spring-boot-starter-json/3.3.3/3dde3b6089f772a77763020cc97a219307a8f39f/spring-boot-starter-json-3.3.3.jar","/home/jbergqvist/.gradle/caches/modules-2/files-2.1/org.springframework.boot/spring-boot-starter/3.3.3/174d6cb1c59036a01756d6bf4d8945325f94155f/spring-boot-starter-3.3.3.jar","/home/jbergqvist/.gradle/caches/modules-2/files-2.1/org.springframework.boot/spring-boot-starter-tomcat/3.3.3/8ca660b0ecba2f0ff8ce27603fe89953dc4ec18d/spring-boot-starter-tomcat-3.3.3.jar","/home/jbergqvist/.gradle/caches/modules-2/files-2.1/org.springdoc/springdoc-openapi-starter-webmvc-api/2.6.0/d235c2989247641e5dfe764d7add3a11e4d54a5f/springdoc-openapi-starter-webmvc-api-2.6.0.jar","/home/jbergqvist/.gradle/caches/modules-2/files-2.1/org.springframework/spring-webmvc/6.1.12/86bb0c203d68adb4b2675765f5a372f4c5254b2d/spring-webmvc-6.1.12.jar","/home/jbergqvist/.gradle/caches/modules-2/files-2.1/org.springframework/spring-web/6.1.12/b60e69b3ec87f8e001537a0fa7e3e2732dfafa7e/spring-web-6.1.12.jar","/home/jbergqvist/.gradle/caches/modules-2/files-2.1/org.webjars/swagger-ui/5.17.14/7c746d197424eb721b4e08fcaa9e85231662d81f/swagger-ui-5.17.14.jar","/home/jbergqvist/.gradle/caches/modules-2/files-2.1/org.springframework.boot/spring-boot-test-autoconfigure/3.3.3/ebce486202d965dc984ff8013a8f87fdb9b6fe46/spring-boot-test-autoconfigure-3.3.3.jar","/home/jbergqvist/.gradle/caches/modules-2/files-2.1/org.springframework.boot/spring-boot-test/3.3.3/42a314ffe171b6fb3932a86a884ef721467dc704/spring-boot-test-3.3.3.jar","/home/jbergqvist/.gradle/caches/modules-2/files-2.1/com.jayway.jsonpath/json-path/2.9.0/37fe2217f577b0b68b18e62c4d17a8858ecf9b69/json-path-2.9.0.jar","/home/jbergqvist/.gradle/caches/modules-2/files-2.1/org.glassfish.jaxb/jaxb-runtime/4.0.5/ca84c2a7169b5293e232b9d00d1e4e36d4c3914a/jaxb-runtime-4.0.5.jar","/home/jbergqvist/.gradle/caches/modules-2/files-2.1/org.glassfish.jaxb/jaxb-core/4.0.5/7b4b11ea5542eea4ad55e1080b23be436795b3/jaxb-core-4.0.5.jar","/home/jbergqvist/.gradle/caches/modules-2/files-2.1/org.springdoc/springdoc-openapi-starter-common/2.6.0/c8cf5fbd1f9e4c410d67f1de27dfc3529de13620/springdoc-openapi-starter-common-2.6.0.jar","/home/jbergqvist/.gradle/caches/modules-2/files-2.1/io.swagger.core.v3/swagger-core-jakarta/2.2.22/9ed5daaaa1c94c9a6b56c058c9d1b3190044a2e2/swagger-core-jakarta-2.2.22.jar","/home/jbergqvist/.gradle/caches/modules-2/files-2.1/jakarta.xml.bind/jakarta.xml.bind-api/4.0.2/6cd5a999b834b63238005b7144136379dc36cad2/jakarta.xml.bind-api-4.0.2.jar","/home/jbergqvist/.gradle/caches/modules-2/files-2.1/net.minidev/json-smart/2.5.1/4c11d2808d009132dfbbf947ebf37de6bf266c8e/json-smart-2.5.1.jar","/home/jbergqvist/.gradle/caches/modules-2/files-2.1/org.assertj/assertj-core/3.25.3/792b270e73aa1cfc28fa135be0b95e69ea451432/assertj-core-3.25.3.jar","/home/jbergqvist/.gradle/caches/modules-2/files-2.1/org.awaitility/awaitility/4.2.2/7336242073ebf83fe034e42b46a403c5501b63c9/awaitility-4.2.2.jar","/home/jbergqvist/.gradle/caches/modules-2/files-2.1/org.hamcrest/hamcrest/2.2/1820c0968dba3a11a1b30669bb1f01978a91dedc/hamcrest-2.2.jar","/home/jbergqvist/.gradle/caches/modules-2/files-2.1/org.mockito/mockito-junit-jupiter/5.11.0/8e658dd339f40305ed4293db25545b5df98b171b/mockito-junit-jupiter-5.11.0.jar","/home/jbergqvist/.gradle/caches/modules-2/files-2.1/org.junit.jupiter/junit-jupiter-params/5.10.3/4852f4e4af9074d9214213b199751f99efeab8b9/junit-jupiter-params-5.10.3.jar","/home/jbergqvist/.gradle/caches/modules-2/files-2.1/org.junit.jupiter/junit-jupiter-engine/5.10.3/48c14e866bb1a87ca35d24ff068463bb202ada24/junit-jupiter-engine-5.10.3.jar","/home/jbergqvist/.gradle/caches/modules-2/files-2.1/org.junit.jupiter/junit-jupiter-api/5.10.3/a22aa91d1d6c69b2020a9aeb6d095ea81132bfa5/junit-jupiter-api-5.10.3.jar","/home/jbergqvist/.gradle/caches/modules-2/files-2.1/org.junit.platform/junit-platform-engine/1.10.3/365a320c3cfd47f3346625e541e424e35dc75c42/junit-platform-engine-1.10.3.jar","/home/jbergqvist/.gradle/caches/modules-2/files-2.1/org.junit.platform/junit-platform-commons/1.10.3/a353d42a2f13343a7cb80c5228ae66ff64495481/junit-platform-commons-1.10.3.jar","/home/jbergqvist/.gradle/caches/modules-2/files-2.1/org.junit.jupiter/junit-jupiter/5.10.3/6686d8fbf251f9bf8ecba413cab57b9e00f9134d/junit-jupiter-5.10.3.jar","/home/jbergqvist/.gradle/caches/modules-2/files-2.1/org.mockito/mockito-core/5.11.0/e4069fa4f4ff2c94322cfec5f2e45341c6c70aff/mockito-core-5.11.0.jar","/home/jbergqvist/.gradle/caches/modules-2/files-2.1/org.skyscreamer/jsonassert/1.5.3/aaa43e0823d2a0e106e8754d6a9c4ab24e05e9bc/jsonassert-1.5.3.jar","/home/jbergqvist/.gradle/caches/modules-2/files-2.1/org.springframework/spring-test/6.1.12/ea59acc56a32e6a46f66c06e5d4c2b8e8c6a2869/spring-test-6.1.12.jar","/home/jbergqvist/.gradle/caches/modules-2/files-2.1/org.springframework.boot/spring-boot-autoconfigure/3.3.3/4445f0bbf838c1e3aeb5a83bf2367fbd1013237f/spring-boot-autoconfigure-3.3.3.jar","/home/jbergqvist/.gradle/caches/modules-2/files-2.1/org.springframework.boot/spring-boot/3.3.3/f34dba93611823e521800a47043267715184911b/spring-boot-3.3.3.jar","/home/jbergqvist/.gradle/caches/modules-2/files-2.1/org.springframework/spring-context/6.1.12/e69d476d1334935529a61f403749c6b8593e3272/spring-context-6.1.12.jar","/home/jbergqvist/.gradle/caches/modules-2/files-2.1/org.springframework/spring-aop/6.1.12/5fce5ff02455fad179fc0ea05435dfb79bbeaa66/spring-aop-6.1.12.jar","/home/jbergqvist/.gradle/caches/modules-2/files-2.1/org.springframework/spring-orm/6.1.12/9df98d9ebdfcf5359dbda945de515d8af2cabe89/spring-orm-6.1.12.jar","/home/jbergqvist/.gradle/caches/modules-2/files-2.1/org.springframework/spring-jdbc/6.1.12/feb177a07e109f633c3fb1892d22a2867d0b2284/spring-jdbc-6.1.12.jar","/home/jbergqvist/.gradle/caches/modules-2/files-2.1/org.springframework.data/spring-data-commons/3.3.3/89ab77494e1e56b058001354265e381a0a2868e6/spring-data-commons-3.3.3.jar","/home/jbergqvist/.gradle/caches/modules-2/files-2.1/org.springframework/spring-tx/6.1.12/c47885e494845584e08407b611031ea2bcef0ef7/spring-tx-6.1.12.jar","/home/jbergqvist/.gradle/caches/modules-2/files-2.1/org.springframework/spring-beans/6.1.12/f0344fa934f114a15f02c2b1a199189ec12b7eb5/spring-beans-6.1.12.jar","/home/jbergqvist/.gradle/caches/modules-2/files-2.1/org.springframework/spring-expression/6.1.12/644bbc2e65eb40feb7284b8570d7a7eb8b1fe8df/spring-expression-6.1.12.jar","/home/jbergqvist/.gradle/caches/modules-2/files-2.1/org.springframework/spring-core/6.1.12/5f4162fb645c4f72b57b21d721fce9f26edb9bb9/spring-core-6.1.12.jar","/home/jbergqvist/.gradle/caches/modules-2/files-2.1/org.xmlunit/xmlunit-core/2.9.1/e5833662d9a1279a37da3ef6f62a1da29fcd68c4/xmlunit-core-2.9.1.jar","/home/jbergqvist/.gradle/caches/modules-2/files-2.1/org.aspectj/aspectjweaver/1.9.22.1/bca243d0af0db4758fbae45c5f4995cb5dabb612/aspectjweaver-1.9.22.1.jar","/home/jbergqvist/.gradle/caches/modules-2/files-2.1/com.zaxxer/HikariCP/5.1.0/8c96e36c14461fc436bb02b264b96ef3ca5dca8c/HikariCP-5.1.0.jar","/home/jbergqvist/.gradle/caches/modules-2/files-2.1/jakarta.persistence/jakarta.persistence-api/3.1.0/66901fa1c373c6aff65c13791cc11da72060a8d6/jakarta.persistence-api-3.1.0.jar","/home/jbergqvist/.gradle/caches/modules-2/files-2.1/jakarta.transaction/jakarta.transaction-api/2.0.1/51a520e3fae406abb84e2e1148e6746ce3f80a1a/jakarta.transaction-api-2.0.1.jar","/home/jbergqvist/.gradle/caches/modules-2/files-2.1/org.jboss.logging/jboss-logging/3.5.3.Final/c88fc1d8a96d4c3491f55d4317458ccad53ca663/jboss-logging-3.5.3.Final.jar","/home/jbergqvist/.gradle/caches/modules-2/files-2.1/org.hibernate.common/hibernate-commons-annotations/6.0.6.Final/77a5f94b56d49508e0ee334751db5b78e5ccd50c/hibernate-commons-annotations-6.0.6.Final.jar","/home/jbergqvist/.gradle/caches/modules-2/files-2.1/io.smallrye/jandex/3.1.2/a6c1c89925c7df06242b03dddb353116ceb9584c/jandex-3.1.2.jar","/home/jbergqvist/.gradle/caches/modules-2/files-2.1/com.fasterxml/classmate/1.7.0/e98374da1f2143ac8e6e0a95036994bb19137a3/classmate-1.7.0.jar","/home/jbergqvist/.gradle/caches/modules-2/files-2.1/net.bytebuddy/byte-buddy/1.14.19/4c0c637b8f47dc08f89240e6f59900011752c97b/byte-buddy-1.14.19.jar","/home/jbergqvist/.gradle/caches/modules-2/files-2.1/jakarta.inject/jakarta.inject-api/2.0.1/4c28afe1991a941d7702fe1362c365f0a8641d1e/jakarta.inject-api-2.0.1.jar","/home/jbergqvist/.gradle/caches/modules-2/files-2.1/org.antlr/antlr4-runtime/4.13.0/5a02e48521624faaf5ff4d99afc88b01686af655/antlr4-runtime-4.13.0.jar","/home/jbergqvist/.gradle/caches/modules-2/files-2.1/jakarta.annotation/jakarta.annotation-api/2.1.1/48b9bda22b091b1f48b13af03fe36db3be6e1ae3/jakarta.annotation-api-2.1.1.jar","/home/jbergqvist/.gradle/caches/modules-2/files-2.1/org.springframework.boot/spring-boot-starter-logging/3.3.3/43d07b2e6bbb628c7fc5df103d35ee2eb091522/spring-boot-starter-logging-3.3.3.jar","/home/jbergqvist/.gradle/caches/modules-2/files-2.1/ch.qos.logback/logback-classic/1.5.7/ad4ff8ca015737ade8e8a9de07de565c423e5b7a/logback-classic-1.5.7.jar","/home/jbergqvist/.gradle/caches/modules-2/files-2.1/org.apache.logging.log4j/log4j-to-slf4j/2.23.1/425ad1eb8a39904d2830e907a324e956fb456520/log4j-to-slf4j-2.23.1.jar","/home/jbergqvist/.gradle/caches/modules-2/files-2.1/org.slf4j/jul-to-slf4j/2.0.16/6d57da3e961daac65bcca0dd3def6cd11e48a24a/jul-to-slf4j-2.0.16.jar","/home/jbergqvist/.gradle/caches/modules-2/files-2.1/org.slf4j/slf4j-api/2.0.16/172931663a09a1fa515567af5fbef00897d3c04/slf4j-api-2.0.16.jar","/home/jbergqvist/.gradle/caches/modules-2/files-2.1/com.fasterxml.jackson.datatype/jackson-datatype-jdk8/2.17.2/efd3dd0e1d0db8bc72abbe71c15e697bb83b4b45/jackson-datatype-jdk8-2.17.2.jar","/home/jbergqvist/.gradle/caches/modules-2/files-2.1/com.fasterxml.jackson.datatype/jackson-datatype-jsr310/2.17.2/267b85e9ba2892a37be6d80aa9ca1438a0d8c210/jackson-datatype-jsr310-2.17.2.jar","/home/jbergqvist/.gradle/caches/modules-2/files-2.1/com.fasterxml.jackson.module/jackson-module-parameter-names/2.17.2/d27b9f95ccce98984c1ba58d61c5a9c072b1ad95/jackson-module-parameter-names-2.17.2.jar","/home/jbergqvist/.gradle/caches/modules-2/files-2.1/com.fasterxml.jackson.core/jackson-databind/2.17.2/e6deb029e5901e027c129341fac39e515066b68c/jackson-databind-2.17.2.jar","/home/jbergqvist/.gradle/caches/modules-2/files-2.1/io.swagger.core.v3/swagger-models-jakarta/2.2.22/bc2809b2efa1f7b062bc9668304a84b198fececd/swagger-models-jakarta-2.2.22.jar","/home/jbergqvist/.gradle/caches/modules-2/files-2.1/com.fasterxml.jackson.core/jackson-annotations/2.17.2/147b7b9412ffff24339f8aba080b292448e08698/jackson-annotations-2.17.2.jar","/home/jbergqvist/.gradle/caches/modules-2/files-2.1/com.fasterxml.jackson.core/jackson-core/2.17.2/969a35cb35c86512acbadcdbbbfb044c877db814/jackson-core-2.17.2.jar","/home/jbergqvist/.gradle/caches/modules-2/files-2.1/com.fasterxml.jackson.dataformat/jackson-dataformat-yaml/2.17.2/78d2c73dbec62044d7cf3b544b2e0d24a1a093b0/jackson-dataformat-yaml-2.17.2.jar","/home/jbergqvist/.gradle/caches/modules-2/files-2.1/org.yaml/snakeyaml/2.2/3af797a25458550a16bf89acc8e4ab2b7f2bfce0/snakeyaml-2.2.jar","/home/jbergqvist/.gradle/caches/modules-2/files-2.1/org.apache.tomcat.embed/tomcat-embed-websocket/10.1.28/1a5ee88106795215e8a7b6cfea46e57cdfc96430/tomcat-embed-websocket-10.1.28.jar","/home/jbergqvist/.gradle/caches/modules-2/files-2.1/org.apache.tomcat.embed/tomcat-embed-core/10.1.28/624f53789b7ba96bc3c8e871fb5eed4cab5a7c89/tomcat-embed-core-10.1.28.jar","/home/jbergqvist/.gradle/caches/modules-2/files-2.1/org.apache.tomcat.embed/tomcat-embed-el/10.1.28/3220f687c5ffc8650559f08ecac5b149838627b3/tomcat-embed-el-10.1.28.jar","/home/jbergqvist/.gradle/caches/modules-2/files-2.1/io.micrometer/micrometer-observation/1.13.3/99840eb14ecf95d349f39123c867c2ca33808d/micrometer-observation-1.13.3.jar","/home/jbergqvist/.gradle/caches/modules-2/files-2.1/org.eclipse.angus/angus-activation/2.0.2/41f1e0ddd157c856926ed149ab837d110955a9fc/angus-activation-2.0.2.jar","/home/jbergqvist/.gradle/caches/modules-2/files-2.1/jakarta.activation/jakarta.activation-api/2.1.3/fa165bd70cda600368eee31555222776a46b881f/jakarta.activation-api-2.1.3.jar","/home/jbergqvist/.gradle/caches/modules-2/files-2.1/net.minidev/accessors-smart/2.5.1/19b820261eb2e7de7d5bde11d1c06e4501dd7e5f/accessors-smart-2.5.1.jar","/home/jbergqvist/.gradle/caches/modules-2/files-2.1/net.bytebuddy/byte-buddy-agent/1.14.19/154da3a65b4f4a909d3e5bdec55d1b2b4cbb6ce1/byte-buddy-agent-1.14.19.jar","/home/jbergqvist/.gradle/caches/modules-2/files-2.1/org.objenesis/objenesis/3.3/1049c09f1de4331e8193e579448d0916d75b7631/objenesis-3.3.jar","/home/jbergqvist/.gradle/caches/modules-2/files-2.1/com.vaadin.external.google/android-json/0.0.20131108.vaadin1/fa26d351fe62a6a17f5cda1287c1c6110dec413f/android-json-0.0.20131108.vaadin1.jar","/home/jbergqvist/.gradle/caches/modules-2/files-2.1/org.springframework/spring-jcl/6.1.12/f46d6016fd1dd3801a0e6fcd64789ac468254944/spring-jcl-6.1.12.jar","/home/jbergqvist/.gradle/caches/modules-2/files-2.1/io.micrometer/micrometer-commons/1.13.3/47b6b093cd6ba80c9da8d973ea79c7ef69a878d5/micrometer-commons-1.13.3.jar","/home/jbergqvist/.gradle/caches/modules-2/files-2.1/org.ow2.asm/asm/9.6/aa205cf0a06dbd8e04ece91c0b37c3f5d567546a/asm-9.6.jar","/home/jbergqvist/.gradle/caches/modules-2/files-2.1/org.opentest4j/opentest4j/1.3.0/152ea56b3a72f655d4fd677fc0ef2596c3dd5e6e/opentest4j-1.3.0.jar","/home/jbergqvist/.gradle/caches/modules-2/files-2.1/org.glassfish.jaxb/txw2/4.0.5/f36a4ef12120a9bb06d766d6a0e54b144fd7ed98/txw2-4.0.5.jar","/home/jbergqvist/.gradle/caches/modules-2/files-2.1/com.sun.istack/istack-commons-runtime/4.1.2/18ec117c85f3ba0ac65409136afa8e42bc74e739/istack-commons-runtime-4.1.2.jar","/home/jbergqvist/.gradle/caches/modules-2/files-2.1/ch.qos.logback/logback-core/1.5.7/ba0d0cbac3f21abd28faed3b4931d5b49cc5887e/logback-core-1.5.7.jar","/home/jbergqvist/.gradle/caches/modules-2/files-2.1/org.apache.logging.log4j/log4j-api/2.23.1/9c15c29c526d9c6783049c0a77722693c66706e1/log4j-api-2.23.1.jar","/home/jbergqvist/.gradle/caches/modules-2/files-2.1/org.apache.commons/commons-lang3/3.14.0/1ed471194b02f2c6cb734a0cd6f6f107c673afae/commons-lang3-3.14.0.jar","/home/jbergqvist/.gradle/caches/modules-2/files-2.1/io.swagger.core.v3/swagger-annotations-jakarta/2.2.22/1efc0b0af32fce629f0786062c89e8b117abe120/swagger-annotations-jakarta-2.2.22.jar","/home/jbergqvist/.gradle/caches/modules-2/files-2.1/jakarta.validation/jakarta.validation-api/3.0.2/92b6631659ba35ca09e44874d3eb936edfeee532/jakarta.validation-api-3.0.2.jar","/home/jbergqvist/.gradle/caches/modules-2/files-2.1/org.apiguardian/apiguardian-api/1.1.2/a231e0d844d2721b0fa1b238006d15c6ded6842a/apiguardian-api-1.1.2.jar"],"complianceLevel":"21","productionSources":["/home/jbergqvist/diffblue/finos-traderX/position-service/src/main/java"],"testSources":["/home/jbergqvist/diffblue/finos-traderX/position-service/src/test/java"],"productionClasses":"/home/jbergqvist/diffblue/finos-traderX/position-service/build/classes/java/main","testClasses":"/home/jbergqvist/diffblue/finos-traderX/position-service/build/classes/java/test","sourceToBuildPathMap":{"/home/jbergqvist/diffblue/finos-traderX/position-service/src/main/java":"/home/jbergqvist/diffblue/finos-traderX/position-service/build/classes/java/main"},"testSourceToBuildPathMap":{"/home/jbergqvist/diffblue/finos-traderX/position-service/src/test/java":"/home/jbergqvist/diffblue/finos-traderX/position-service/build/classes/java/test"},"buildDirectory":null,"plugins":[{"__type":"DefaultPlugin","groupId":null,"artefactId":null,"version":null,"pluginClassName":"com.diffblue.cover.buildsystem.gradle.plugin.CoverPlugin"},{"__type":"DefaultPlugin","groupId":null,"artefactId":null,"version":"8.8","pluginClassName":"org.gradle.api.plugins.HelpTasksPlugin$Inject"},{"__type":"DefaultPlugin","groupId":null,"artefactId":null,"version":"8.8","pluginClassName":"org.gradle.buildinit.plugins.BuildInitPlugin$Inject"},{"__type":"DefaultPlugin","groupId":null,"artefactId":null,"version":"8.8","pluginClassName":"org.gradle.buildinit.plugins.WrapperPlugin$Inject"},{"__type":"DefaultPlugin","groupId":null,"artefactId":null,"version":"8.8","pluginClassName":"org.gradle.language.base.plugins.LifecycleBasePlugin$Inject"},{"__type":"DefaultPlugin","groupId":null,"artefactId":null,"version":"8.8","pluginClassName":"org.gradle.api.plugins.BasePlugin$Inject"},{"__type":"DefaultPlugin","groupId":null,"artefactId":null,"version":"8.8","pluginClassName":"org.gradle.api.plugins.JvmEcosystemPlugin$Inject"},{"__type":"DefaultPlugin","groupId":null,"artefactId":null,"version":"8.8","pluginClassName":"org.gradle.api.plugins.ReportingBasePlugin$Inject"},{"__type":"DefaultPlugin","groupId":null,"artefactId":null,"version":"8.8","pluginClassName":"org.gradle.api.plugins.JvmToolchainsPlugin$Inject"},{"__type":"DefaultPlugin","groupId":null,"artefactId":null,"version":"8.8","pluginClassName":"org.gradle.api.plugins.JavaBasePlugin$Inject"},{"__type":"DefaultPlugin","groupId":null,"artefactId":null,"version":"8.8","pluginClassName":"org.gradle.testing.base.plugins.TestSuiteBasePlugin$Inject"},{"__type":"DefaultPlugin","groupId":null,"artefactId":null,"version":"8.8","pluginClassName":"org.gradle.api.plugins.JvmTestSuitePlugin$Inject"},{"__type":"DefaultPlugin","groupId":null,"artefactId":null,"version":"8.8","pluginClassName":"org.gradle.api.plugins.JavaPlugin$Inject"},{"__type":"DefaultPlugin","groupId":null,"artefactId":null,"version":"3.3.3","pluginClassName":"org.springframework.boot.gradle.plugin.SpringBootPlugin"},{"__type":"DefaultPlugin","groupId":null,"artefactId":null,"version":"1.1.6","pluginClassName":"io.spring.gradle.dependencymanagement.DependencyManagementPlugin"},{"__type":"DefaultPlugin","groupId":null,"artefactId":null,"version":"0.8.11","pluginClassName":"org.gradle.testing.jacoco.plugins.JacocoPlugin$Inject"}],"version":"8.8","encoding":"UTF-8","name":"gradle","subModules":[],"simpleModuleName":"position-service","parentModuleName":"","location":"/home/jbergqvist/diffblue/finos-traderX/position-service","fullModuleName":"position-service"},{"__type":"DefaultProjectModule","junitReport":["/home/jbergqvist/diffblue/finos-traderX/account-service/build/test-results/test"],"jacocoReport":["/home/jbergqvist/diffblue/finos-traderX/account-service/build/reports/jacoco/test/jacocoTestReport.xml"],"jacocoDestFile":["/home/jbergqvist/diffblue/finos-traderX/account-service/build/jacoco/test.exec"],"jacocoFormats":null,"jacocoSkipped":false,"classpath":["/home/jbergqvist/diffblue/finos-traderX/account-service/build/classes/java/test","/home/jbergqvist/diffblue/finos-traderX/account-service/build/resources/test","/home/jbergqvist/diffblue/finos-traderX/account-service/build/classes/java/main","/home/jbergqvist/diffblue/finos-traderX/account-service/build/resources/main","/home/jbergqvist/.gradle/caches/modules-2/files-2.1/org.springframework.boot/spring-boot-starter-data-jpa/3.3.3/7eeb176d6130f7aa83405fe2985fe7cadc11ebc5/spring-boot-starter-data-jpa-3.3.3.jar","/home/jbergqvist/.gradle/caches/modules-2/files-2.1/org.springframework.boot/spring-boot-starter-web/3.3.3/f19325fefd33dc920c0f68547a798ed731a8c70c/spring-boot-starter-web-3.3.3.jar","/home/jbergqvist/.gradle/caches/modules-2/files-2.1/com.h2database/h2/2.2.224/7bdade27d8cd197d9b5ce9dc251f41d2edc5f7ad/h2-2.2.224.jar","/home/jbergqvist/.gradle/caches/modules-2/files-2.1/org.springdoc/springdoc-openapi-starter-webmvc-ui/2.6.0/2dddebb56441dbaa1009c4de434a83c65596f6ad/springdoc-openapi-starter-webmvc-ui-2.6.0.jar","/home/jbergqvist/.gradle/caches/modules-2/files-2.1/com.diffblue.cover/cover-annotations/1.8.0/9eb3621b5f61d1dd8d7fa1af6b2c8c3fcf8ee857/cover-annotations-1.8.0.jar","/home/jbergqvist/.gradle/caches/modules-2/files-2.1/org.springframework.boot/spring-boot-starter-test/3.3.3/6774cadaa893fce1f18ff5e528e17f75d32f6670/spring-boot-starter-test-3.3.3.jar","/home/jbergqvist/.gradle/caches/modules-2/files-2.1/org.springframework.boot/spring-boot-starter-aop/3.3.3/f64c22484c1ab36ae70abc752509ec4c7b1abcfc/spring-boot-starter-aop-3.3.3.jar","/home/jbergqvist/.gradle/caches/modules-2/files-2.1/org.springframework.boot/spring-boot-starter-jdbc/3.3.3/c97a56c12c79d1ce419a306ddee4ccb89b7d3728/spring-boot-starter-jdbc-3.3.3.jar","/home/jbergqvist/.gradle/caches/modules-2/files-2.1/org.hibernate.orm/hibernate-core/6.5.2.Final/e9e0cc47f6cd2b2553968aee66bd9e55e7485221/hibernate-core-6.5.2.Final.jar","/home/jbergqvist/.gradle/caches/modules-2/files-2.1/org.springframework.data/spring-data-jpa/3.3.3/9b89dbd19eee24c4dc4df12564efc603c614aa91/spring-data-jpa-3.3.3.jar","/home/jbergqvist/.gradle/caches/modules-2/files-2.1/org.springframework/spring-aspects/6.1.12/b72435b5813755a894531e2cf1565eff1b313574/spring-aspects-6.1.12.jar","/home/jbergqvist/.gradle/caches/modules-2/files-2.1/org.springframework.boot/spring-boot-starter-json/3.3.3/3dde3b6089f772a77763020cc97a219307a8f39f/spring-boot-starter-json-3.3.3.jar","/home/jbergqvist/.gradle/caches/modules-2/files-2.1/org.springframework.boot/spring-boot-starter/3.3.3/174d6cb1c59036a01756d6bf4d8945325f94155f/spring-boot-starter-3.3.3.jar","/home/jbergqvist/.gradle/caches/modules-2/files-2.1/org.springframework.boot/spring-boot-starter-tomcat/3.3.3/8ca660b0ecba2f0ff8ce27603fe89953dc4ec18d/spring-boot-starter-tomcat-3.3.3.jar","/home/jbergqvist/.gradle/caches/modules-2/files-2.1/org.springdoc/springdoc-openapi-starter-webmvc-api/2.6.0/d235c2989247641e5dfe764d7add3a11e4d54a5f/springdoc-openapi-starter-webmvc-api-2.6.0.jar","/home/jbergqvist/.gradle/caches/modules-2/files-2.1/org.springframework/spring-webmvc/6.1.12/86bb0c203d68adb4b2675765f5a372f4c5254b2d/spring-webmvc-6.1.12.jar","/home/jbergqvist/.gradle/caches/modules-2/files-2.1/org.springframework/spring-web/6.1.12/b60e69b3ec87f8e001537a0fa7e3e2732dfafa7e/spring-web-6.1.12.jar","/home/jbergqvist/.gradle/caches/modules-2/files-2.1/org.webjars/swagger-ui/5.17.14/7c746d197424eb721b4e08fcaa9e85231662d81f/swagger-ui-5.17.14.jar","/home/jbergqvist/.gradle/caches/modules-2/files-2.1/org.springframework.boot/spring-boot-test-autoconfigure/3.3.3/ebce486202d965dc984ff8013a8f87fdb9b6fe46/spring-boot-test-autoconfigure-3.3.3.jar","/home/jbergqvist/.gradle/caches/modules-2/files-2.1/org.springframework.boot/spring-boot-test/3.3.3/42a314ffe171b6fb3932a86a884ef721467dc704/spring-boot-test-3.3.3.jar","/home/jbergqvist/.gradle/caches/modules-2/files-2.1/com.jayway.jsonpath/json-path/2.9.0/37fe2217f577b0b68b18e62c4d17a8858ecf9b69/json-path-2.9.0.jar","/home/jbergqvist/.gradle/caches/modules-2/files-2.1/org.glassfish.jaxb/jaxb-runtime/4.0.5/ca84c2a7169b5293e232b9d00d1e4e36d4c3914a/jaxb-runtime-4.0.5.jar","/home/jbergqvist/.gradle/caches/modules-2/files-2.1/org.glassfish.jaxb/jaxb-core/4.0.5/7b4b11ea5542eea4ad55e1080b23be436795b3/jaxb-core-4.0.5.jar","/home/jbergqvist/.gradle/caches/modules-2/files-2.1/org.springdoc/springdoc-openapi-starter-common/2.6.0/c8cf5fbd1f9e4c410d67f1de27dfc3529de13620/springdoc-openapi-starter-common-2.6.0.jar","/home/jbergqvist/.gradle/caches/modules-2/files-2.1/io.swagger.core.v3/swagger-core-jakarta/2.2.22/9ed5daaaa1c94c9a6b56c058c9d1b3190044a2e2/swagger-core-jakarta-2.2.22.jar","/home/jbergqvist/.gradle/caches/modules-2/files-2.1/jakarta.xml.bind/jakarta.xml.bind-api/4.0.2/6cd5a999b834b63238005b7144136379dc36cad2/jakarta.xml.bind-api-4.0.2.jar","/home/jbergqvist/.gradle/caches/modules-2/files-2.1/net.minidev/json-smart/2.5.1/4c11d2808d009132dfbbf947ebf37de6bf266c8e/json-smart-2.5.1.jar","/home/jbergqvist/.gradle/caches/modules-2/files-2.1/org.assertj/assertj-core/3.25.3/792b270e73aa1cfc28fa135be0b95e69ea451432/assertj-core-3.25.3.jar","/home/jbergqvist/.gradle/caches/modules-2/files-2.1/org.awaitility/awaitility/4.2.2/7336242073ebf83fe034e42b46a403c5501b63c9/awaitility-4.2.2.jar","/home/jbergqvist/.gradle/caches/modules-2/files-2.1/org.hamcrest/hamcrest/2.2/1820c0968dba3a11a1b30669bb1f01978a91dedc/hamcrest-2.2.jar","/home/jbergqvist/.gradle/caches/modules-2/files-2.1/org.mockito/mockito-junit-jupiter/5.11.0/8e658dd339f40305ed4293db25545b5df98b171b/mockito-junit-jupiter-5.11.0.jar","/home/jbergqvist/.gradle/caches/modules-2/files-2.1/org.junit.jupiter/junit-jupiter-params/5.10.3/4852f4e4af9074d9214213b199751f99efeab8b9/junit-jupiter-params-5.10.3.jar","/home/jbergqvist/.gradle/caches/modules-2/files-2.1/org.junit.jupiter/junit-jupiter-engine/5.10.3/48c14e866bb1a87ca35d24ff068463bb202ada24/junit-jupiter-engine-5.10.3.jar","/home/jbergqvist/.gradle/caches/modules-2/files-2.1/org.junit.jupiter/junit-jupiter-api/5.10.3/a22aa91d1d6c69b2020a9aeb6d095ea81132bfa5/junit-jupiter-api-5.10.3.jar","/home/jbergqvist/.gradle/caches/modules-2/files-2.1/org.junit.platform/junit-platform-engine/1.10.3/365a320c3cfd47f3346625e541e424e35dc75c42/junit-platform-engine-1.10.3.jar","/home/jbergqvist/.gradle/caches/modules-2/files-2.1/org.junit.platform/junit-platform-commons/1.10.3/a353d42a2f13343a7cb80c5228ae66ff64495481/junit-platform-commons-1.10.3.jar","/home/jbergqvist/.gradle/caches/modules-2/files-2.1/org.junit.jupiter/junit-jupiter/5.10.3/6686d8fbf251f9bf8ecba413cab57b9e00f9134d/junit-jupiter-5.10.3.jar","/home/jbergqvist/.gradle/caches/modules-2/files-2.1/org.mockito/mockito-core/5.11.0/e4069fa4f4ff2c94322cfec5f2e45341c6c70aff/mockito-core-5.11.0.jar","/home/jbergqvist/.gradle/caches/modules-2/files-2.1/org.skyscreamer/jsonassert/1.5.3/aaa43e0823d2a0e106e8754d6a9c4ab24e05e9bc/jsonassert-1.5.3.jar","/home/jbergqvist/.gradle/caches/modules-2/files-2.1/org.springframework/spring-test/6.1.12/ea59acc56a32e6a46f66c06e5d4c2b8e8c6a2869/spring-test-6.1.12.jar","/home/jbergqvist/.gradle/caches/modules-2/files-2.1/org.springframework.boot/spring-boot-autoconfigure/3.3.3/4445f0bbf838c1e3aeb5a83bf2367fbd1013237f/spring-boot-autoconfigure-3.3.3.jar","/home/jbergqvist/.gradle/caches/modules-2/files-2.1/org.springframework.boot/spring-boot/3.3.3/f34dba93611823e521800a47043267715184911b/spring-boot-3.3.3.jar","/home/jbergqvist/.gradle/caches/modules-2/files-2.1/org.springframework/spring-context/6.1.12/e69d476d1334935529a61f403749c6b8593e3272/spring-context-6.1.12.jar","/home/jbergqvist/.gradle/caches/modules-2/files-2.1/org.springframework/spring-aop/6.1.12/5fce5ff02455fad179fc0ea05435dfb79bbeaa66/spring-aop-6.1.12.jar","/home/jbergqvist/.gradle/caches/modules-2/files-2.1/org.springframework/spring-orm/6.1.12/9df98d9ebdfcf5359dbda945de515d8af2cabe89/spring-orm-6.1.12.jar","/home/jbergqvist/.gradle/caches/modules-2/files-2.1/org.springframework/spring-jdbc/6.1.12/feb177a07e109f633c3fb1892d22a2867d0b2284/spring-jdbc-6.1.12.jar","/home/jbergqvist/.gradle/caches/modules-2/files-2.1/org.springframework.data/spring-data-commons/3.3.3/89ab77494e1e56b058001354265e381a0a2868e6/spring-data-commons-3.3.3.jar","/home/jbergqvist/.gradle/caches/modules-2/files-2.1/org.springframework/spring-tx/6.1.12/c47885e494845584e08407b611031ea2bcef0ef7/spring-tx-6.1.12.jar","/home/jbergqvist/.gradle/caches/modules-2/files-2.1/org.springframework/spring-beans/6.1.12/f0344fa934f114a15f02c2b1a199189ec12b7eb5/spring-beans-6.1.12.jar","/home/jbergqvist/.gradle/caches/modules-2/files-2.1/org.springframework/spring-expression/6.1.12/644bbc2e65eb40feb7284b8570d7a7eb8b1fe8df/spring-expression-6.1.12.jar","/home/jbergqvist/.gradle/caches/modules-2/files-2.1/org.springframework/spring-core/6.1.12/5f4162fb645c4f72b57b21d721fce9f26edb9bb9/spring-core-6.1.12.jar","/home/jbergqvist/.gradle/caches/modules-2/files-2.1/org.xmlunit/xmlunit-core/2.9.1/e5833662d9a1279a37da3ef6f62a1da29fcd68c4/xmlunit-core-2.9.1.jar","/home/jbergqvist/.gradle/caches/modules-2/files-2.1/org.aspectj/aspectjweaver/1.9.22.1/bca243d0af0db4758fbae45c5f4995cb5dabb612/aspectjweaver-1.9.22.1.jar","/home/jbergqvist/.gradle/caches/modules-2/files-2.1/com.zaxxer/HikariCP/5.1.0/8c96e36c14461fc436bb02b264b96ef3ca5dca8c/HikariCP-5.1.0.jar","/home/jbergqvist/.gradle/caches/modules-2/files-2.1/jakarta.persistence/jakarta.persistence-api/3.1.0/66901fa1c373c6aff65c13791cc11da72060a8d6/jakarta.persistence-api-3.1.0.jar","/home/jbergqvist/.gradle/caches/modules-2/files-2.1/jakarta.transaction/jakarta.transaction-api/2.0.1/51a520e3fae406abb84e2e1148e6746ce3f80a1a/jakarta.transaction-api-2.0.1.jar","/home/jbergqvist/.gradle/caches/modules-2/files-2.1/org.jboss.logging/jboss-logging/3.5.3.Final/c88fc1d8a96d4c3491f55d4317458ccad53ca663/jboss-logging-3.5.3.Final.jar","/home/jbergqvist/.gradle/caches/modules-2/files-2.1/org.hibernate.common/hibernate-commons-annotations/6.0.6.Final/77a5f94b56d49508e0ee334751db5b78e5ccd50c/hibernate-commons-annotations-6.0.6.Final.jar","/home/jbergqvist/.gradle/caches/modules-2/files-2.1/io.smallrye/jandex/3.1.2/a6c1c89925c7df06242b03dddb353116ceb9584c/jandex-3.1.2.jar","/home/jbergqvist/.gradle/caches/modules-2/files-2.1/com.fasterxml/classmate/1.7.0/e98374da1f2143ac8e6e0a95036994bb19137a3/classmate-1.7.0.jar","/home/jbergqvist/.gradle/caches/modules-2/files-2.1/net.bytebuddy/byte-buddy/1.14.19/4c0c637b8f47dc08f89240e6f59900011752c97b/byte-buddy-1.14.19.jar","/home/jbergqvist/.gradle/caches/modules-2/files-2.1/jakarta.inject/jakarta.inject-api/2.0.1/4c28afe1991a941d7702fe1362c365f0a8641d1e/jakarta.inject-api-2.0.1.jar","/home/jbergqvist/.gradle/caches/modules-2/files-2.1/org.antlr/antlr4-runtime/4.13.0/5a02e48521624faaf5ff4d99afc88b01686af655/antlr4-runtime-4.13.0.jar","/home/jbergqvist/.gradle/caches/modules-2/files-2.1/jakarta.annotation/jakarta.annotation-api/2.1.1/48b9bda22b091b1f48b13af03fe36db3be6e1ae3/jakarta.annotation-api-2.1.1.jar","/home/jbergqvist/.gradle/caches/modules-2/files-2.1/org.springframework.boot/spring-boot-starter-logging/3.3.3/43d07b2e6bbb628c7fc5df103d35ee2eb091522/spring-boot-starter-logging-3.3.3.jar","/home/jbergqvist/.gradle/caches/modules-2/files-2.1/ch.qos.logback/logback-classic/1.5.7/ad4ff8ca015737ade8e8a9de07de565c423e5b7a/logback-classic-1.5.7.jar","/home/jbergqvist/.gradle/caches/modules-2/files-2.1/org.apache.logging.log4j/log4j-to-slf4j/2.23.1/425ad1eb8a39904d2830e907a324e956fb456520/log4j-to-slf4j-2.23.1.jar","/home/jbergqvist/.gradle/caches/modules-2/files-2.1/org.slf4j/jul-to-slf4j/2.0.16/6d57da3e961daac65bcca0dd3def6cd11e48a24a/jul-to-slf4j-2.0.16.jar","/home/jbergqvist/.gradle/caches/modules-2/files-2.1/org.slf4j/slf4j-api/2.0.16/172931663a09a1fa515567af5fbef00897d3c04/slf4j-api-2.0.16.jar","/home/jbergqvist/.gradle/caches/modules-2/files-2.1/com.fasterxml.jackson.datatype/jackson-datatype-jdk8/2.17.2/efd3dd0e1d0db8bc72abbe71c15e697bb83b4b45/jackson-datatype-jdk8-2.17.2.jar","/home/jbergqvist/.gradle/caches/modules-2/files-2.1/com.fasterxml.jackson.datatype/jackson-datatype-jsr310/2.17.2/267b85e9ba2892a37be6d80aa9ca1438a0d8c210/jackson-datatype-jsr310-2.17.2.jar","/home/jbergqvist/.gradle/caches/modules-2/files-2.1/com.fasterxml.jackson.module/jackson-module-parameter-names/2.17.2/d27b9f95ccce98984c1ba58d61c5a9c072b1ad95/jackson-module-parameter-names-2.17.2.jar","/home/jbergqvist/.gradle/caches/modules-2/files-2.1/com.fasterxml.jackson.core/jackson-databind/2.17.2/e6deb029e5901e027c129341fac39e515066b68c/jackson-databind-2.17.2.jar","/home/jbergqvist/.gradle/caches/modules-2/files-2.1/io.swagger.core.v3/swagger-models-jakarta/2.2.22/bc2809b2efa1f7b062bc9668304a84b198fececd/swagger-models-jakarta-2.2.22.jar","/home/jbergqvist/.gradle/caches/modules-2/files-2.1/com.fasterxml.jackson.core/jackson-annotations/2.17.2/147b7b9412ffff24339f8aba080b292448e08698/jackson-annotations-2.17.2.jar","/home/jbergqvist/.gradle/caches/modules-2/files-2.1/com.fasterxml.jackson.core/jackson-core/2.17.2/969a35cb35c86512acbadcdbbbfb044c877db814/jackson-core-2.17.2.jar","/home/jbergqvist/.gradle/caches/modules-2/files-2.1/com.fasterxml.jackson.dataformat/jackson-dataformat-yaml/2.17.2/78d2c73dbec62044d7cf3b544b2e0d24a1a093b0/jackson-dataformat-yaml-2.17.2.jar","/home/jbergqvist/.gradle/caches/modules-2/files-2.1/org.yaml/snakeyaml/2.2/3af797a25458550a16bf89acc8e4ab2b7f2bfce0/snakeyaml-2.2.jar","/home/jbergqvist/.gradle/caches/modules-2/files-2.1/org.apache.tomcat.embed/tomcat-embed-websocket/10.1.28/1a5ee88106795215e8a7b6cfea46e57cdfc96430/tomcat-embed-websocket-10.1.28.jar","/home/jbergqvist/.gradle/caches/modules-2/files-2.1/org.apache.tomcat.embed/tomcat-embed-core/10.1.28/624f53789b7ba96bc3c8e871fb5eed4cab5a7c89/tomcat-embed-core-10.1.28.jar","/home/jbergqvist/.gradle/caches/modules-2/files-2.1/org.apache.tomcat.embed/tomcat-embed-el/10.1.28/3220f687c5ffc8650559f08ecac5b149838627b3/tomcat-embed-el-10.1.28.jar","/home/jbergqvist/.gradle/caches/modules-2/files-2.1/io.micrometer/micrometer-observation/1.13.3/99840eb14ecf95d349f39123c867c2ca33808d/micrometer-observation-1.13.3.jar","/home/jbergqvist/.gradle/caches/modules-2/files-2.1/org.eclipse.angus/angus-activation/2.0.2/41f1e0ddd157c856926ed149ab837d110955a9fc/angus-activation-2.0.2.jar","/home/jbergqvist/.gradle/caches/modules-2/files-2.1/jakarta.activation/jakarta.activation-api/2.1.3/fa165bd70cda600368eee31555222776a46b881f/jakarta.activation-api-2.1.3.jar","/home/jbergqvist/.gradle/caches/modules-2/files-2.1/net.minidev/accessors-smart/2.5.1/19b820261eb2e7de7d5bde11d1c06e4501dd7e5f/accessors-smart-2.5.1.jar","/home/jbergqvist/.gradle/caches/modules-2/files-2.1/net.bytebuddy/byte-buddy-agent/1.14.19/154da3a65b4f4a909d3e5bdec55d1b2b4cbb6ce1/byte-buddy-agent-1.14.19.jar","/home/jbergqvist/.gradle/caches/modules-2/files-2.1/org.objenesis/objenesis/3.3/1049c09f1de4331e8193e579448d0916d75b7631/objenesis-3.3.jar","/home/jbergqvist/.gradle/caches/modules-2/files-2.1/com.vaadin.external.google/android-json/0.0.20131108.vaadin1/fa26d351fe62a6a17f5cda1287c1c6110dec413f/android-json-0.0.20131108.vaadin1.jar","/home/jbergqvist/.gradle/caches/modules-2/files-2.1/org.springframework/spring-jcl/6.1.12/f46d6016fd1dd3801a0e6fcd64789ac468254944/spring-jcl-6.1.12.jar","/home/jbergqvist/.gradle/caches/modules-2/files-2.1/io.micrometer/micrometer-commons/1.13.3/47b6b093cd6ba80c9da8d973ea79c7ef69a878d5/micrometer-commons-1.13.3.jar","/home/jbergqvist/.gradle/caches/modules-2/files-2.1/org.ow2.asm/asm/9.6/aa205cf0a06dbd8e04ece91c0b37c3f5d567546a/asm-9.6.jar","/home/jbergqvist/.gradle/caches/modules-2/files-2.1/org.opentest4j/opentest4j/1.3.0/152ea56b3a72f655d4fd677fc0ef2596c3dd5e6e/opentest4j-1.3.0.jar","/home/jbergqvist/.gradle/caches/modules-2/files-2.1/org.glassfish.jaxb/txw2/4.0.5/f36a4ef12120a9bb06d766d6a0e54b144fd7ed98/txw2-4.0.5.jar","/home/jbergqvist/.gradle/caches/modules-2/files-2.1/com.sun.istack/istack-commons-runtime/4.1.2/18ec117c85f3ba0ac65409136afa8e42bc74e739/istack-commons-runtime-4.1.2.jar","/home/jbergqvist/.gradle/caches/modules-2/files-2.1/ch.qos.logback/logback-core/1.5.7/ba0d0cbac3f21abd28faed3b4931d5b49cc5887e/logback-core-1.5.7.jar","/home/jbergqvist/.gradle/caches/modules-2/files-2.1/org.apache.logging.log4j/log4j-api/2.23.1/9c15c29c526d9c6783049c0a77722693c66706e1/log4j-api-2.23.1.jar","/home/jbergqvist/.gradle/caches/modules-2/files-2.1/org.apache.commons/commons-lang3/3.14.0/1ed471194b02f2c6cb734a0cd6f6f107c673afae/commons-lang3-3.14.0.jar","/home/jbergqvist/.gradle/caches/modules-2/files-2.1/io.swagger.core.v3/swagger-annotations-jakarta/2.2.22/1efc0b0af32fce629f0786062c89e8b117abe120/swagger-annotations-jakarta-2.2.22.jar","/home/jbergqvist/.gradle/caches/modules-2/files-2.1/jakarta.validation/jakarta.validation-api/3.0.2/92b6631659ba35ca09e44874d3eb936edfeee532/jakarta.validation-api-3.0.2.jar","/home/jbergqvist/.gradle/caches/modules-2/files-2.1/org.apiguardian/apiguardian-api/1.1.2/a231e0d844d2721b0fa1b238006d15c6ded6842a/apiguardian-api-1.1.2.jar"],"complianceLevel":"21","productionSources":["/home/jbergqvist/diffblue/finos-traderX/account-service/src/main/java"],"testSources":["/home/jbergqvist/diffblue/finos-traderX/account-service/src/test/java"],"productionClasses":"/home/jbergqvist/diffblue/finos-traderX/account-service/build/classes/java/main","testClasses":"/home/jbergqvist/diffblue/finos-traderX/account-service/build/classes/java/test","sourceToBuildPathMap":{"/home/jbergqvist/diffblue/finos-traderX/account-service/src/main/java":"/home/jbergqvist/diffblue/finos-traderX/account-service/build/classes/java/main"},"testSourceToBuildPathMap":{"/home/jbergqvist/diffblue/finos-traderX/account-service/src/test/java":"/home/jbergqvist/diffblue/finos-traderX/account-service/build/classes/java/test"},"buildDirectory":null,"plugins":[{"__type":"DefaultPlugin","groupId":null,"artefactId":null,"version":null,"pluginClassName":"com.diffblue.cover.buildsystem.gradle.plugin.CoverPlugin"},{"__type":"DefaultPlugin","groupId":null,"artefactId":null,"version":"8.8","pluginClassName":"org.gradle.api.plugins.HelpTasksPlugin$Inject"},{"__type":"DefaultPlugin","groupId":null,"artefactId":null,"version":"8.8","pluginClassName":"org.gradle.buildinit.plugins.BuildInitPlugin$Inject"},{"__type":"DefaultPlugin","groupId":null,"artefactId":null,"version":"8.8","pluginClassName":"org.gradle.buildinit.plugins.WrapperPlugin$Inject"},{"__type":"DefaultPlugin","groupId":null,"artefactId":null,"version":"8.8","pluginClassName":"org.gradle.language.base.plugins.LifecycleBasePlugin$Inject"},{"__type":"DefaultPlugin","groupId":null,"artefactId":null,"version":"8.8","pluginClassName":"org.gradle.api.plugins.BasePlugin$Inject"},{"__type":"DefaultPlugin","groupId":null,"artefactId":null,"version":"8.8","pluginClassName":"org.gradle.api.plugins.JvmEcosystemPlugin$Inject"},{"__type":"DefaultPlugin","groupId":null,"artefactId":null,"version":"8.8","pluginClassName":"org.gradle.api.plugins.ReportingBasePlugin$Inject"},{"__type":"DefaultPlugin","groupId":null,"artefactId":null,"version":"8.8","pluginClassName":"org.gradle.api.plugins.JvmToolchainsPlugin$Inject"},{"__type":"DefaultPlugin","groupId":null,"artefactId":null,"version":"8.8","pluginClassName":"org.gradle.api.plugins.JavaBasePlugin$Inject"},{"__type":"DefaultPlugin","groupId":null,"artefactId":null,"version":"8.8","pluginClassName":"org.gradle.testing.base.plugins.TestSuiteBasePlugin$Inject"},{"__type":"DefaultPlugin","groupId":null,"artefactId":null,"version":"8.8","pluginClassName":"org.gradle.api.plugins.JvmTestSuitePlugin$Inject"},{"__type":"DefaultPlugin","groupId":null,"artefactId":null,"version":"8.8","pluginClassName":"org.gradle.api.plugins.JavaPlugin$Inject"},{"__type":"DefaultPlugin","groupId":null,"artefactId":null,"version":"3.3.3","pluginClassName":"org.springframework.boot.gradle.plugin.SpringBootPlugin"},{"__type":"DefaultPlugin","groupId":null,"artefactId":null,"version":"1.1.6","pluginClassName":"io.spring.gradle.dependencymanagement.DependencyManagementPlugin"},{"__type":"DefaultPlugin","groupId":null,"artefactId":null,"version":"0.8.11","pluginClassName":"org.gradle.testing.jacoco.plugins.JacocoPlugin$Inject"}],"version":"8.8","encoding":"UTF-8","name":"gradle","subModules":[],"simpleModuleName":"account-service","parentModuleName":"","location":"/home/jbergqvist/diffblue/finos-traderX/account-service","fullModuleName":"account-service"}],"simpleModuleName":"finos-traderX","parentModuleName":null,"location":"/home/jbergqvist/diffblue/finos-traderX","fullModuleName":"finos-traderX"}}
12:45:32.065 [INFO]   [Checking]    out: No tasks specified. Using default task 'help'
12:45:32.065 [INFO]   [Checking]    out: Task name matched 'help'
12:45:32.065 [INFO]   [Checking]    out: Selected primary task 'help' from project :
12:45:32.065 [INFO]   [Checking]    out: Tasks to be executed: [task ':help']
12:45:32.065 [INFO]   [Checking]    out: Tasks that were excluded: []
12:45:32.065 [INFO]   [Checking]    out: Resolve mutations for :help (Thread[#285,Execution worker,5,main]) started.
12:45:32.076 [INFO]   [Checking]    out: :help (Thread[#285,Execution worker,5,main]) started.
12:45:32.076 [INFO]   [Checking]    out: 
12:45:32.076 [INFO]   [Checking]    out: > Task :help
12:45:32.076 [INFO]   [Checking]    out: Writing Diffblue message (event type)
12:45:32.076 [INFO]   [Checking]    deserializing line [DIFFBLUE]{"__type":"com.diffblue.cover.buildsystem.model.DefaultEventMessage","project":"finos-traderX","goal":"help","cause":null,"state":"STARTED"}
12:45:32.082 [INFO]   [Checking]    out: Caching disabled for task ':help' because:
12:45:32.082 [INFO]   [Checking]    out:   Build cache is disabled
12:45:32.082 [INFO]   [Checking]    out: Task ':help' is not up-to-date because:
12:45:32.082 [INFO]   [Checking]    out:   Task has not declared any outputs despite executing actions.
12:45:32.082 [INFO]   [Checking]    out: 
12:45:32.082 [INFO]   [Checking]    out: Welcome to Gradle 8.8.
12:45:32.082 [INFO]   [Checking]    out: 
12:45:32.082 [INFO]   [Checking]    out: To run a build, run gradlew <task> ...
12:45:32.082 [INFO]   [Checking]    out: 
12:45:32.082 [INFO]   [Checking]    out: To see a list of available tasks, run gradlew tasks
12:45:32.082 [INFO]   [Checking]    out: 
12:45:32.083 [INFO]   [Checking]    out: To see more detail about a task, run gradlew help --task <task>
12:45:32.083 [INFO]   [Checking]    out: 
12:45:32.083 [INFO]   [Checking]    out: To see a list of command-line options, run gradlew --help
12:45:32.083 [INFO]   [Checking]    out: 
12:45:32.083 [INFO]   [Checking]    out: For more detail on using Gradle, see https://docs.gradle.org/8.8/userguide/command_line_interface.html
12:45:32.083 [INFO]   [Checking]    out: 
12:45:32.083 [INFO]   [Checking]    out: For troubleshooting, visit https://help.gradle.org
12:45:32.083 [INFO]   [Checking]    out: Writing Diffblue message (event type)
12:45:32.083 [INFO]   [Checking]    deserializing line [DIFFBLUE]{"__type":"com.diffblue.cover.buildsystem.model.DefaultEventMessage","project":"finos-traderX","goal":"help","cause":null,"state":"SUCCESS"}
12:45:32.084 [INFO]   [Checking]    out: 
12:45:32.084 [INFO]   [Checking]    out: Deprecated Gradle features were used in this build, making it incompatible with Gradle 9.0.
12:45:32.085 [INFO]   [Checking]    out: 
12:45:32.085 [INFO]   [Checking]    out: You can use '--warning-mode all' to show the individual deprecation warnings and determine if they come from your own scripts or plugins.
12:45:32.085 [INFO]   [Checking]    out: 
12:45:32.085 [INFO]   [Checking]    out: For more on this, please refer to https://docs.gradle.org/8.8/userguide/command_line_interface.html#sec:command_line_warnings in the Gradle documentation.
12:45:32.085 [INFO]   [Checking]    out: 
12:45:32.085 [INFO]   [Checking]    out: BUILD SUCCESSFUL in 5s
12:45:32.085 [INFO]   [Checking]    out: 1 actionable task: 1 executed
12:45:32.413 [INFO]   [Checking]    gradle:err process not stopped, joining thread
12:45:32.413 [INFO]   [Checking]    gradle:out process not stopped, joining thread
12:45:32.418 [INFO]   [Checking]    Deserializing project module message
12:45:32.433 [INFO]   [Checking]    deserializing line [DIFFBLUE]{"__type":"com.diffblue.cover.buildsystem.model.DefaultProjectModuleMessage","project":{"__type":"DefaultProjectModule","junitReport":[],"jacocoReport":[],"jacocoDestFile":[],"jacocoFormats":null,"jacocoSkipped":false,"classpath":null,"complianceLevel":null,"productionSources":null,"testSources":null,"productionClasses":null,"testClasses":null,"sourceToBuildPathMap":{},"testSourceToBuildPathMap":{},"buildDirectory":null,"plugins":[{"__type":"DefaultPlugin","groupId":null,"artefactId":null,"version":null,"pluginClassName":"com.diffblue.cover.buildsystem.gradle.plugin.CoverPlugin"},{"__type":"DefaultPlugin","groupId":null,"artefactId":null,"version":"8.8","pluginClassName":"org.gradle.api.plugins.HelpTasksPlugin$Inject"},{"__type":"DefaultPlugin","groupId":null,"artefactId":null,"version":"8.8","pluginClassName":"org.gradle.buildinit.plugins.BuildInitPlugin$Inject"},{"__type":"DefaultPlugin","groupId":null,"artefactId":null,"version":"8.8","pluginClassName":"org.gradle.buildinit.plugins.WrapperPlugin$Inject"}],"version":"8.8","encoding":null,"name":"gradle","subModules":[{"__type":"DefaultProjectModule","junitReport":["/home/jbergqvist/diffblue/finos-traderX/database/build/test-results/test"],"jacocoReport":["/home/jbergqvist/diffblue/finos-traderX/database/build/reports/jacoco/test/jacocoTestReport.xml"],"jacocoDestFile":["/home/jbergqvist/diffblue/finos-traderX/database/build/jacoco/test.exec"],"jacocoFormats":null,"jacocoSkipped":false,"classpath":["/home/jbergqvist/diffblue/finos-traderX/database/build/classes/java/test","/home/jbergqvist/diffblue/finos-traderX/database/build/resources/test","/home/jbergqvist/diffblue/finos-traderX/database/build/classes/java/main","/home/jbergqvist/diffblue/finos-traderX/database/build/resources/main","/home/jbergqvist/.gradle/caches/modules-2/files-2.1/com.h2database/h2/2.2.224/7bdade27d8cd197d9b5ce9dc251f41d2edc5f7ad/h2-2.2.224.jar"],"complianceLevel":"21","productionSources":["/home/jbergqvist/diffblue/finos-traderX/database/src/main/java"],"testSources":["/home/jbergqvist/diffblue/finos-traderX/database/src/test/java"],"productionClasses":"/home/jbergqvist/diffblue/finos-traderX/database/build/classes/java/main","testClasses":"/home/jbergqvist/diffblue/finos-traderX/database/build/classes/java/test","sourceToBuildPathMap":{},"testSourceToBuildPathMap":{},"buildDirectory":null,"plugins":[{"__type":"DefaultPlugin","groupId":null,"artefactId":null,"version":null,"pluginClassName":"com.diffblue.cover.buildsystem.gradle.plugin.CoverPlugin"},{"__type":"DefaultPlugin","groupId":null,"artefactId":null,"version":"8.8","pluginClassName":"org.gradle.api.plugins.HelpTasksPlugin$Inject"},{"__type":"DefaultPlugin","groupId":null,"artefactId":null,"version":"8.8","pluginClassName":"org.gradle.buildinit.plugins.BuildInitPlugin$Inject"},{"__type":"DefaultPlugin","groupId":null,"artefactId":null,"version":"8.8","pluginClassName":"org.gradle.buildinit.plugins.WrapperPlugin$Inject"},{"__type":"DefaultPlugin","groupId":null,"artefactId":null,"version":"8.8","pluginClassName":"org.gradle.language.base.plugins.LifecycleBasePlugin$Inject"},{"__type":"DefaultPlugin","groupId":null,"artefactId":null,"version":"8.8","pluginClassName":"org.gradle.api.plugins.BasePlugin$Inject"},{"__type":"DefaultPlugin","groupId":null,"artefactId":null,"version":"8.8","pluginClassName":"org.gradle.api.plugins.JvmEcosystemPlugin$Inject"},{"__type":"DefaultPlugin","groupId":null,"artefactId":null,"version":"8.8","pluginClassName":"org.gradle.api.plugins.ReportingBasePlugin$Inject"},{"__type":"DefaultPlugin","groupId":null,"artefactId":null,"version":"8.8","pluginClassName":"org.gradle.api.plugins.JvmToolchainsPlugin$Inject"},{"__type":"DefaultPlugin","groupId":null,"artefactId":null,"version":"8.8","pluginClassName":"org.gradle.api.plugins.JavaBasePlugin$Inject"},{"__type":"DefaultPlugin","groupId":null,"artefactId":null,"version":"8.8","pluginClassName":"org.gradle.testing.base.plugins.TestSuiteBasePlugin$Inject"},{"__type":"DefaultPlugin","groupId":null,"artefactId":null,"version":"8.8","pluginClassName":"org.gradle.api.plugins.JvmTestSuitePlugin$Inject"},{"__type":"DefaultPlugin","groupId":null,"artefactId":null,"version":"8.8","pluginClassName":"org.gradle.api.plugins.JavaPlugin$Inject"},{"__type":"DefaultPlugin","groupId":null,"artefactId":null,"version":"8.8","pluginClassName":"org.gradle.api.distribution.plugins.DistributionPlugin$Inject"},{"__type":"DefaultPlugin","groupId":null,"artefactId":null,"version":"8.8","pluginClassName":"org.gradle.api.plugins.ApplicationPlugin$Inject"},{"__type":"DefaultPlugin","groupId":null,"artefactId":null,"version":"0.8.11","pluginClassName":"org.gradle.testing.jacoco.plugins.JacocoPlugin$Inject"}],"version":"8.8","encoding":null,"name":"gradle","subModules":[],"simpleModuleName":"database","parentModuleName":"","location":"/home/jbergqvist/diffblue/finos-traderX/database","fullModuleName":"database"},{"__type":"DefaultProjectModule","junitReport":["/home/jbergqvist/diffblue/finos-traderX/trade-processor/build/test-results/test"],"jacocoReport":["/home/jbergqvist/diffblue/finos-traderX/trade-processor/build/reports/jacoco/test/jacocoTestReport.xml"],"jacocoDestFile":["/home/jbergqvist/diffblue/finos-traderX/trade-processor/build/jacoco/test.exec"],"jacocoFormats":null,"jacocoSkipped":false,"classpath":["/home/jbergqvist/diffblue/finos-traderX/trade-processor/build/classes/java/test","/home/jbergqvist/diffblue/finos-traderX/trade-processor/build/resources/test","/home/jbergqvist/diffblue/finos-traderX/trade-processor/build/classes/java/main","/home/jbergqvist/diffblue/finos-traderX/trade-processor/build/resources/main","/home/jbergqvist/.gradle/caches/modules-2/files-2.1/org.springframework.boot/spring-boot-starter-data-jpa/3.3.3/7eeb176d6130f7aa83405fe2985fe7cadc11ebc5/spring-boot-starter-data-jpa-3.3.3.jar","/home/jbergqvist/.gradle/caches/modules-2/files-2.1/org.springframework.boot/spring-boot-starter-web/3.3.3/f19325fefd33dc920c0f68547a798ed731a8c70c/spring-boot-starter-web-3.3.3.jar","/home/jbergqvist/.gradle/caches/modules-2/files-2.1/com.h2database/h2/2.2.224/7bdade27d8cd197d9b5ce9dc251f41d2edc5f7ad/h2-2.2.224.jar","/home/jbergqvist/.gradle/caches/modules-2/files-2.1/org.springdoc/springdoc-openapi-starter-webmvc-ui/2.6.0/2dddebb56441dbaa1009c4de434a83c65596f6ad/springdoc-openapi-starter-webmvc-ui-2.6.0.jar","/home/jbergqvist/.gradle/caches/modules-2/files-2.1/org.json/json/20240303/ebb88e8fb5122b7506d5cf1d69f1ccdb790d22a/json-20240303.jar","/home/jbergqvist/.gradle/caches/modules-2/files-2.1/io.socket/socket.io-client/2.1.0/d49d37d8c62bddec4d7d0a65add9859fab666d0e/socket.io-client-2.1.0.jar","/home/jbergqvist/.gradle/caches/modules-2/files-2.1/com.diffblue.cover/cover-annotations/1.8.0/9eb3621b5f61d1dd8d7fa1af6b2c8c3fcf8ee857/cover-annotations-1.8.0.jar","/home/jbergqvist/.gradle/caches/modules-2/files-2.1/org.springframework.boot/spring-boot-starter-test/3.3.3/6774cadaa893fce1f18ff5e528e17f75d32f6670/spring-boot-starter-test-3.3.3.jar","/home/jbergqvist/.gradle/caches/modules-2/files-2.1/org.springframework.boot/spring-boot-starter-aop/3.3.3/f64c22484c1ab36ae70abc752509ec4c7b1abcfc/spring-boot-starter-aop-3.3.3.jar","/home/jbergqvist/.gradle/caches/modules-2/files-2.1/org.springframework.boot/spring-boot-starter-jdbc/3.3.3/c97a56c12c79d1ce419a306ddee4ccb89b7d3728/spring-boot-starter-jdbc-3.3.3.jar","/home/jbergqvist/.gradle/caches/modules-2/files-2.1/org.hibernate.orm/hibernate-core/6.5.2.Final/e9e0cc47f6cd2b2553968aee66bd9e55e7485221/hibernate-core-6.5.2.Final.jar","/home/jbergqvist/.gradle/caches/modules-2/files-2.1/org.springframework.data/spring-data-jpa/3.3.3/9b89dbd19eee24c4dc4df12564efc603c614aa91/spring-data-jpa-3.3.3.jar","/home/jbergqvist/.gradle/caches/modules-2/files-2.1/org.springframework/spring-aspects/6.1.12/b72435b5813755a894531e2cf1565eff1b313574/spring-aspects-6.1.12.jar","/home/jbergqvist/.gradle/caches/modules-2/files-2.1/org.springframework.boot/spring-boot-starter-json/3.3.3/3dde3b6089f772a77763020cc97a219307a8f39f/spring-boot-starter-json-3.3.3.jar","/home/jbergqvist/.gradle/caches/modules-2/files-2.1/org.springframework.boot/spring-boot-starter/3.3.3/174d6cb1c59036a01756d6bf4d8945325f94155f/spring-boot-starter-3.3.3.jar","/home/jbergqvist/.gradle/caches/modules-2/files-2.1/org.springframework.boot/spring-boot-starter-tomcat/3.3.3/8ca660b0ecba2f0ff8ce27603fe89953dc4ec18d/spring-boot-starter-tomcat-3.3.3.jar","/home/jbergqvist/.gradle/caches/modules-2/files-2.1/org.springdoc/springdoc-openapi-starter-webmvc-api/2.6.0/d235c2989247641e5dfe764d7add3a11e4d54a5f/springdoc-openapi-starter-webmvc-api-2.6.0.jar","/home/jbergqvist/.gradle/caches/modules-2/files-2.1/org.springframework/spring-webmvc/6.1.12/86bb0c203d68adb4b2675765f5a372f4c5254b2d/spring-webmvc-6.1.12.jar","/home/jbergqvist/.gradle/caches/modules-2/files-2.1/org.springframework/spring-web/6.1.12/b60e69b3ec87f8e001537a0fa7e3e2732dfafa7e/spring-web-6.1.12.jar","/home/jbergqvist/.gradle/caches/modules-2/files-2.1/org.webjars/swagger-ui/5.17.14/7c746d197424eb721b4e08fcaa9e85231662d81f/swagger-ui-5.17.14.jar","/home/jbergqvist/.gradle/caches/modules-2/files-2.1/io.socket/engine.io-client/2.1.0/fb421e5575e69e1181e5fed3eea351929017f08e/engine.io-client-2.1.0.jar","/home/jbergqvist/.gradle/caches/modules-2/files-2.1/org.springframework.boot/spring-boot-test-autoconfigure/3.3.3/ebce486202d965dc984ff8013a8f87fdb9b6fe46/spring-boot-test-autoconfigure-3.3.3.jar","/home/jbergqvist/.gradle/caches/modules-2/files-2.1/org.springframework.boot/spring-boot-test/3.3.3/42a314ffe171b6fb3932a86a884ef721467dc704/spring-boot-test-3.3.3.jar","/home/jbergqvist/.gradle/caches/modules-2/files-2.1/com.jayway.jsonpath/json-path/2.9.0/37fe2217f577b0b68b18e62c4d17a8858ecf9b69/json-path-2.9.0.jar","/home/jbergqvist/.gradle/caches/modules-2/files-2.1/org.glassfish.jaxb/jaxb-runtime/4.0.5/ca84c2a7169b5293e232b9d00d1e4e36d4c3914a/jaxb-runtime-4.0.5.jar","/home/jbergqvist/.gradle/caches/modules-2/files-2.1/org.glassfish.jaxb/jaxb-core/4.0.5/7b4b11ea5542eea4ad55e1080b23be436795b3/jaxb-core-4.0.5.jar","/home/jbergqvist/.gradle/caches/modules-2/files-2.1/org.springdoc/springdoc-openapi-starter-common/2.6.0/c8cf5fbd1f9e4c410d67f1de27dfc3529de13620/springdoc-openapi-starter-common-2.6.0.jar","/home/jbergqvist/.gradle/caches/modules-2/files-2.1/io.swagger.core.v3/swagger-core-jakarta/2.2.22/9ed5daaaa1c94c9a6b56c058c9d1b3190044a2e2/swagger-core-jakarta-2.2.22.jar","/home/jbergqvist/.gradle/caches/modules-2/files-2.1/jakarta.xml.bind/jakarta.xml.bind-api/4.0.2/6cd5a999b834b63238005b7144136379dc36cad2/jakarta.xml.bind-api-4.0.2.jar","/home/jbergqvist/.gradle/caches/modules-2/files-2.1/net.minidev/json-smart/2.5.1/4c11d2808d009132dfbbf947ebf37de6bf266c8e/json-smart-2.5.1.jar","/home/jbergqvist/.gradle/caches/modules-2/files-2.1/org.assertj/assertj-core/3.25.3/792b270e73aa1cfc28fa135be0b95e69ea451432/assertj-core-3.25.3.jar","/home/jbergqvist/.gradle/caches/modules-2/files-2.1/org.awaitility/awaitility/4.2.2/7336242073ebf83fe034e42b46a403c5501b63c9/awaitility-4.2.2.jar","/home/jbergqvist/.gradle/caches/modules-2/files-2.1/org.hamcrest/hamcrest/2.2/1820c0968dba3a11a1b30669bb1f01978a91dedc/hamcrest-2.2.jar","/home/jbergqvist/.gradle/caches/modules-2/files-2.1/org.mockito/mockito-junit-jupiter/5.11.0/8e658dd339f40305ed4293db25545b5df98b171b/mockito-junit-jupiter-5.11.0.jar","/home/jbergqvist/.gradle/caches/modules-2/files-2.1/org.junit.jupiter/junit-jupiter-params/5.10.3/4852f4e4af9074d9214213b199751f99efeab8b9/junit-jupiter-params-5.10.3.jar","/home/jbergqvist/.gradle/caches/modules-2/files-2.1/org.junit.jupiter/junit-jupiter-engine/5.10.3/48c14e866bb1a87ca35d24ff068463bb202ada24/junit-jupiter-engine-5.10.3.jar","/home/jbergqvist/.gradle/caches/modules-2/files-2.1/org.junit.jupiter/junit-jupiter-api/5.10.3/a22aa91d1d6c69b2020a9aeb6d095ea81132bfa5/junit-jupiter-api-5.10.3.jar","/home/jbergqvist/.gradle/caches/modules-2/files-2.1/org.junit.platform/junit-platform-engine/1.10.3/365a320c3cfd47f3346625e541e424e35dc75c42/junit-platform-engine-1.10.3.jar","/home/jbergqvist/.gradle/caches/modules-2/files-2.1/org.junit.platform/junit-platform-commons/1.10.3/a353d42a2f13343a7cb80c5228ae66ff64495481/junit-platform-commons-1.10.3.jar","/home/jbergqvist/.gradle/caches/modules-2/files-2.1/org.junit.jupiter/junit-jupiter/5.10.3/6686d8fbf251f9bf8ecba413cab57b9e00f9134d/junit-jupiter-5.10.3.jar","/home/jbergqvist/.gradle/caches/modules-2/files-2.1/org.mockito/mockito-core/5.11.0/e4069fa4f4ff2c94322cfec5f2e45341c6c70aff/mockito-core-5.11.0.jar","/home/jbergqvist/.gradle/caches/modules-2/files-2.1/org.skyscreamer/jsonassert/1.5.3/aaa43e0823d2a0e106e8754d6a9c4ab24e05e9bc/jsonassert-1.5.3.jar","/home/jbergqvist/.gradle/caches/modules-2/files-2.1/org.springframework/spring-test/6.1.12/ea59acc56a32e6a46f66c06e5d4c2b8e8c6a2869/spring-test-6.1.12.jar","/home/jbergqvist/.gradle/caches/modules-2/files-2.1/org.springframework.boot/spring-boot-autoconfigure/3.3.3/4445f0bbf838c1e3aeb5a83bf2367fbd1013237f/spring-boot-autoconfigure-3.3.3.jar","/home/jbergqvist/.gradle/caches/modules-2/files-2.1/org.springframework.boot/spring-boot/3.3.3/f34dba93611823e521800a47043267715184911b/spring-boot-3.3.3.jar","/home/jbergqvist/.gradle/caches/modules-2/files-2.1/org.springframework/spring-context/6.1.12/e69d476d1334935529a61f403749c6b8593e3272/spring-context-6.1.12.jar","/home/jbergqvist/.gradle/caches/modules-2/files-2.1/org.springframework/spring-aop/6.1.12/5fce5ff02455fad179fc0ea05435dfb79bbeaa66/spring-aop-6.1.12.jar","/home/jbergqvist/.gradle/caches/modules-2/files-2.1/org.springframework/spring-orm/6.1.12/9df98d9ebdfcf5359dbda945de515d8af2cabe89/spring-orm-6.1.12.jar","/home/jbergqvist/.gradle/caches/modules-2/files-2.1/org.springframework/spring-jdbc/6.1.12/feb177a07e109f633c3fb1892d22a2867d0b2284/spring-jdbc-6.1.12.jar","/home/jbergqvist/.gradle/caches/modules-2/files-2.1/org.springframework.data/spring-data-commons/3.3.3/89ab77494e1e56b058001354265e381a0a2868e6/spring-data-commons-3.3.3.jar","/home/jbergqvist/.gradle/caches/modules-2/files-2.1/org.springframework/spring-tx/6.1.12/c47885e494845584e08407b611031ea2bcef0ef7/spring-tx-6.1.12.jar","/home/jbergqvist/.gradle/caches/modules-2/files-2.1/org.springframework/spring-beans/6.1.12/f0344fa934f114a15f02c2b1a199189ec12b7eb5/spring-beans-6.1.12.jar","/home/jbergqvist/.gradle/caches/modules-2/files-2.1/org.springframework/spring-expression/6.1.12/644bbc2e65eb40feb7284b8570d7a7eb8b1fe8df/spring-expression-6.1.12.jar","/home/jbergqvist/.gradle/caches/modules-2/files-2.1/org.springframework/spring-core/6.1.12/5f4162fb645c4f72b57b21d721fce9f26edb9bb9/spring-core-6.1.12.jar","/home/jbergqvist/.gradle/caches/modules-2/files-2.1/org.xmlunit/xmlunit-core/2.9.1/e5833662d9a1279a37da3ef6f62a1da29fcd68c4/xmlunit-core-2.9.1.jar","/home/jbergqvist/.gradle/caches/modules-2/files-2.1/org.aspectj/aspectjweaver/1.9.22.1/bca243d0af0db4758fbae45c5f4995cb5dabb612/aspectjweaver-1.9.22.1.jar","/home/jbergqvist/.gradle/caches/modules-2/files-2.1/com.zaxxer/HikariCP/5.1.0/8c96e36c14461fc436bb02b264b96ef3ca5dca8c/HikariCP-5.1.0.jar","/home/jbergqvist/.gradle/caches/modules-2/files-2.1/jakarta.persistence/jakarta.persistence-api/3.1.0/66901fa1c373c6aff65c13791cc11da72060a8d6/jakarta.persistence-api-3.1.0.jar","/home/jbergqvist/.gradle/caches/modules-2/files-2.1/jakarta.transaction/jakarta.transaction-api/2.0.1/51a520e3fae406abb84e2e1148e6746ce3f80a1a/jakarta.transaction-api-2.0.1.jar","/home/jbergqvist/.gradle/caches/modules-2/files-2.1/org.jboss.logging/jboss-logging/3.5.3.Final/c88fc1d8a96d4c3491f55d4317458ccad53ca663/jboss-logging-3.5.3.Final.jar","/home/jbergqvist/.gradle/caches/modules-2/files-2.1/org.hibernate.common/hibernate-commons-annotations/6.0.6.Final/77a5f94b56d49508e0ee334751db5b78e5ccd50c/hibernate-commons-annotations-6.0.6.Final.jar","/home/jbergqvist/.gradle/caches/modules-2/files-2.1/io.smallrye/jandex/3.1.2/a6c1c89925c7df06242b03dddb353116ceb9584c/jandex-3.1.2.jar","/home/jbergqvist/.gradle/caches/modules-2/files-2.1/com.fasterxml/classmate/1.7.0/e98374da1f2143ac8e6e0a95036994bb19137a3/classmate-1.7.0.jar","/home/jbergqvist/.gradle/caches/modules-2/files-2.1/net.bytebuddy/byte-buddy/1.14.19/4c0c637b8f47dc08f89240e6f59900011752c97b/byte-buddy-1.14.19.jar","/home/jbergqvist/.gradle/caches/modules-2/files-2.1/jakarta.inject/jakarta.inject-api/2.0.1/4c28afe1991a941d7702fe1362c365f0a8641d1e/jakarta.inject-api-2.0.1.jar","/home/jbergqvist/.gradle/caches/modules-2/files-2.1/org.antlr/antlr4-runtime/4.13.0/5a02e48521624faaf5ff4d99afc88b01686af655/antlr4-runtime-4.13.0.jar","/home/jbergqvist/.gradle/caches/modules-2/files-2.1/jakarta.annotation/jakarta.annotation-api/2.1.1/48b9bda22b091b1f48b13af03fe36db3be6e1ae3/jakarta.annotation-api-2.1.1.jar","/home/jbergqvist/.gradle/caches/modules-2/files-2.1/org.springframework.boot/spring-boot-starter-logging/3.3.3/43d07b2e6bbb628c7fc5df103d35ee2eb091522/spring-boot-starter-logging-3.3.3.jar","/home/jbergqvist/.gradle/caches/modules-2/files-2.1/ch.qos.logback/logback-classic/1.5.7/ad4ff8ca015737ade8e8a9de07de565c423e5b7a/logback-classic-1.5.7.jar","/home/jbergqvist/.gradle/caches/modules-2/files-2.1/org.apache.logging.log4j/log4j-to-slf4j/2.23.1/425ad1eb8a39904d2830e907a324e956fb456520/log4j-to-slf4j-2.23.1.jar","/home/jbergqvist/.gradle/caches/modules-2/files-2.1/org.slf4j/jul-to-slf4j/2.0.16/6d57da3e961daac65bcca0dd3def6cd11e48a24a/jul-to-slf4j-2.0.16.jar","/home/jbergqvist/.gradle/caches/modules-2/files-2.1/org.slf4j/slf4j-api/2.0.16/172931663a09a1fa515567af5fbef00897d3c04/slf4j-api-2.0.16.jar","/home/jbergqvist/.gradle/caches/modules-2/files-2.1/com.fasterxml.jackson.datatype/jackson-datatype-jdk8/2.17.2/efd3dd0e1d0db8bc72abbe71c15e697bb83b4b45/jackson-datatype-jdk8-2.17.2.jar","/home/jbergqvist/.gradle/caches/modules-2/files-2.1/com.fasterxml.jackson.datatype/jackson-datatype-jsr310/2.17.2/267b85e9ba2892a37be6d80aa9ca1438a0d8c210/jackson-datatype-jsr310-2.17.2.jar","/home/jbergqvist/.gradle/caches/modules-2/files-2.1/com.fasterxml.jackson.module/jackson-module-parameter-names/2.17.2/d27b9f95ccce98984c1ba58d61c5a9c072b1ad95/jackson-module-parameter-names-2.17.2.jar","/home/jbergqvist/.gradle/caches/modules-2/files-2.1/com.fasterxml.jackson.core/jackson-databind/2.17.2/e6deb029e5901e027c129341fac39e515066b68c/jackson-databind-2.17.2.jar","/home/jbergqvist/.gradle/caches/modules-2/files-2.1/io.swagger.core.v3/swagger-models-jakarta/2.2.22/bc2809b2efa1f7b062bc9668304a84b198fececd/swagger-models-jakarta-2.2.22.jar","/home/jbergqvist/.gradle/caches/modules-2/files-2.1/com.fasterxml.jackson.core/jackson-annotations/2.17.2/147b7b9412ffff24339f8aba080b292448e08698/jackson-annotations-2.17.2.jar","/home/jbergqvist/.gradle/caches/modules-2/files-2.1/com.fasterxml.jackson.core/jackson-core/2.17.2/969a35cb35c86512acbadcdbbbfb044c877db814/jackson-core-2.17.2.jar","/home/jbergqvist/.gradle/caches/modules-2/files-2.1/com.fasterxml.jackson.dataformat/jackson-dataformat-yaml/2.17.2/78d2c73dbec62044d7cf3b544b2e0d24a1a093b0/jackson-dataformat-yaml-2.17.2.jar","/home/jbergqvist/.gradle/caches/modules-2/files-2.1/org.yaml/snakeyaml/2.2/3af797a25458550a16bf89acc8e4ab2b7f2bfce0/snakeyaml-2.2.jar","/home/jbergqvist/.gradle/caches/modules-2/files-2.1/org.apache.tomcat.embed/tomcat-embed-websocket/10.1.28/1a5ee88106795215e8a7b6cfea46e57cdfc96430/tomcat-embed-websocket-10.1.28.jar","/home/jbergqvist/.gradle/caches/modules-2/files-2.1/org.apache.tomcat.embed/tomcat-embed-core/10.1.28/624f53789b7ba96bc3c8e871fb5eed4cab5a7c89/tomcat-embed-core-10.1.28.jar","/home/jbergqvist/.gradle/caches/modules-2/files-2.1/org.apache.tomcat.embed/tomcat-embed-el/10.1.28/3220f687c5ffc8650559f08ecac5b149838627b3/tomcat-embed-el-10.1.28.jar","/home/jbergqvist/.gradle/caches/modules-2/files-2.1/io.micrometer/micrometer-observation/1.13.3/99840eb14ecf95d349f39123c867c2ca33808d/micrometer-observation-1.13.3.jar","/home/jbergqvist/.gradle/caches/modules-2/files-2.1/com.squareup.okhttp3/okhttp/4.12.0/2f4525d4a200e97e1b87449c2cd9bd2e25b7e8cd/okhttp-4.12.0.jar","/home/jbergqvist/.gradle/caches/modules-2/files-2.1/org.eclipse.angus/angus-activation/2.0.2/41f1e0ddd157c856926ed149ab837d110955a9fc/angus-activation-2.0.2.jar","/home/jbergqvist/.gradle/caches/modules-2/files-2.1/jakarta.activation/jakarta.activation-api/2.1.3/fa165bd70cda600368eee31555222776a46b881f/jakarta.activation-api-2.1.3.jar","/home/jbergqvist/.gradle/caches/modules-2/files-2.1/net.minidev/accessors-smart/2.5.1/19b820261eb2e7de7d5bde11d1c06e4501dd7e5f/accessors-smart-2.5.1.jar","/home/jbergqvist/.gradle/caches/modules-2/files-2.1/net.bytebuddy/byte-buddy-agent/1.14.19/154da3a65b4f4a909d3e5bdec55d1b2b4cbb6ce1/byte-buddy-agent-1.14.19.jar","/home/jbergqvist/.gradle/caches/modules-2/files-2.1/org.objenesis/objenesis/3.3/1049c09f1de4331e8193e579448d0916d75b7631/objenesis-3.3.jar","/home/jbergqvist/.gradle/caches/modules-2/files-2.1/com.vaadin.external.google/android-json/0.0.20131108.vaadin1/fa26d351fe62a6a17f5cda1287c1c6110dec413f/android-json-0.0.20131108.vaadin1.jar","/home/jbergqvist/.gradle/caches/modules-2/files-2.1/org.springframework/spring-jcl/6.1.12/f46d6016fd1dd3801a0e6fcd64789ac468254944/spring-jcl-6.1.12.jar","/home/jbergqvist/.gradle/caches/modules-2/files-2.1/io.micrometer/micrometer-commons/1.13.3/47b6b093cd6ba80c9da8d973ea79c7ef69a878d5/micrometer-commons-1.13.3.jar","/home/jbergqvist/.gradle/caches/modules-2/files-2.1/com.squareup.okio/okio-jvm/3.6.0/5600569133b7bdefe1daf9ec7f4abeb6d13e1786/okio-jvm-3.6.0.jar","/home/jbergqvist/.gradle/caches/modules-2/files-2.1/org.jetbrains.kotlin/kotlin-stdlib-jdk7/1.9.25/1c166692314a2639e5edfed0d23ed7eee4a5c7a5/kotlin-stdlib-jdk7-1.9.25.jar","/home/jbergqvist/.gradle/caches/modules-2/files-2.1/org.jetbrains.kotlin/kotlin-stdlib/1.9.25/f700a2f2b8f0d6d0fde48f56d894dc722fb029d7/kotlin-stdlib-1.9.25.jar","/home/jbergqvist/.gradle/caches/modules-2/files-2.1/org.jetbrains.kotlin/kotlin-stdlib-jdk8/1.9.25/20d44e880a284f7b5cd99dd69450b403073f49b2/kotlin-stdlib-jdk8-1.9.25.jar","/home/jbergqvist/.gradle/caches/modules-2/files-2.1/org.ow2.asm/asm/9.6/aa205cf0a06dbd8e04ece91c0b37c3f5d567546a/asm-9.6.jar","/home/jbergqvist/.gradle/caches/modules-2/files-2.1/org.opentest4j/opentest4j/1.3.0/152ea56b3a72f655d4fd677fc0ef2596c3dd5e6e/opentest4j-1.3.0.jar","/home/jbergqvist/.gradle/caches/modules-2/files-2.1/org.glassfish.jaxb/txw2/4.0.5/f36a4ef12120a9bb06d766d6a0e54b144fd7ed98/txw2-4.0.5.jar","/home/jbergqvist/.gradle/caches/modules-2/files-2.1/com.sun.istack/istack-commons-runtime/4.1.2/18ec117c85f3ba0ac65409136afa8e42bc74e739/istack-commons-runtime-4.1.2.jar","/home/jbergqvist/.gradle/caches/modules-2/files-2.1/ch.qos.logback/logback-core/1.5.7/ba0d0cbac3f21abd28faed3b4931d5b49cc5887e/logback-core-1.5.7.jar","/home/jbergqvist/.gradle/caches/modules-2/files-2.1/org.apache.logging.log4j/log4j-api/2.23.1/9c15c29c526d9c6783049c0a77722693c66706e1/log4j-api-2.23.1.jar","/home/jbergqvist/.gradle/caches/modules-2/files-2.1/org.apache.commons/commons-lang3/3.14.0/1ed471194b02f2c6cb734a0cd6f6f107c673afae/commons-lang3-3.14.0.jar","/home/jbergqvist/.gradle/caches/modules-2/files-2.1/io.swagger.core.v3/swagger-annotations-jakarta/2.2.22/1efc0b0af32fce629f0786062c89e8b117abe120/swagger-annotations-jakarta-2.2.22.jar","/home/jbergqvist/.gradle/caches/modules-2/files-2.1/jakarta.validation/jakarta.validation-api/3.0.2/92b6631659ba35ca09e44874d3eb936edfeee532/jakarta.validation-api-3.0.2.jar","/home/jbergqvist/.gradle/caches/modules-2/files-2.1/org.jetbrains/annotations/13.0/919f0dfe192fb4e063e7dacadee7f8bb9a2672a9/annotations-13.0.jar","/home/jbergqvist/.gradle/caches/modules-2/files-2.1/org.apiguardian/apiguardian-api/1.1.2/a231e0d844d2721b0fa1b238006d15c6ded6842a/apiguardian-api-1.1.2.jar"],"complianceLevel":"21","productionSources":["/home/jbergqvist/diffblue/finos-traderX/trade-processor/src/main/java"],"testSources":["/home/jbergqvist/diffblue/finos-traderX/trade-processor/src/test/java"],"productionClasses":"/home/jbergqvist/diffblue/finos-traderX/trade-processor/build/classes/java/main","testClasses":"/home/jbergqvist/diffblue/finos-traderX/trade-processor/build/classes/java/test","sourceToBuildPathMap":{"/home/jbergqvist/diffblue/finos-traderX/trade-processor/src/main/java":"/home/jbergqvist/diffblue/finos-traderX/trade-processor/build/classes/java/main"},"testSourceToBuildPathMap":{"/home/jbergqvist/diffblue/finos-traderX/trade-processor/src/test/java":"/home/jbergqvist/diffblue/finos-traderX/trade-processor/build/classes/java/test"},"buildDirectory":null,"plugins":[{"__type":"DefaultPlugin","groupId":null,"artefactId":null,"version":null,"pluginClassName":"com.diffblue.cover.buildsystem.gradle.plugin.CoverPlugin"},{"__type":"DefaultPlugin","groupId":null,"artefactId":null,"version":"8.8","pluginClassName":"org.gradle.api.plugins.HelpTasksPlugin$Inject"},{"__type":"DefaultPlugin","groupId":null,"artefactId":null,"version":"8.8","pluginClassName":"org.gradle.buildinit.plugins.BuildInitPlugin$Inject"},{"__type":"DefaultPlugin","groupId":null,"artefactId":null,"version":"8.8","pluginClassName":"org.gradle.buildinit.plugins.WrapperPlugin$Inject"},{"__type":"DefaultPlugin","groupId":null,"artefactId":null,"version":"8.8","pluginClassName":"org.gradle.language.base.plugins.LifecycleBasePlugin$Inject"},{"__type":"DefaultPlugin","groupId":null,"artefactId":null,"version":"8.8","pluginClassName":"org.gradle.api.plugins.BasePlugin$Inject"},{"__type":"DefaultPlugin","groupId":null,"artefactId":null,"version":"8.8","pluginClassName":"org.gradle.api.plugins.JvmEcosystemPlugin$Inject"},{"__type":"DefaultPlugin","groupId":null,"artefactId":null,"version":"8.8","pluginClassName":"org.gradle.api.plugins.ReportingBasePlugin$Inject"},{"__type":"DefaultPlugin","groupId":null,"artefactId":null,"version":"8.8","pluginClassName":"org.gradle.api.plugins.JvmToolchainsPlugin$Inject"},{"__type":"DefaultPlugin","groupId":null,"artefactId":null,"version":"8.8","pluginClassName":"org.gradle.api.plugins.JavaBasePlugin$Inject"},{"__type":"DefaultPlugin","groupId":null,"artefactId":null,"version":"8.8","pluginClassName":"org.gradle.testing.base.plugins.TestSuiteBasePlugin$Inject"},{"__type":"DefaultPlugin","groupId":null,"artefactId":null,"version":"8.8","pluginClassName":"org.gradle.api.plugins.JvmTestSuitePlugin$Inject"},{"__type":"DefaultPlugin","groupId":null,"artefactId":null,"version":"8.8","pluginClassName":"org.gradle.api.plugins.JavaPlugin$Inject"},{"__type":"DefaultPlugin","groupId":null,"artefactId":null,"version":"3.3.3","pluginClassName":"org.springframework.boot.gradle.plugin.SpringBootPlugin"},{"__type":"DefaultPlugin","groupId":null,"artefactId":null,"version":"1.1.6","pluginClassName":"io.spring.gradle.dependencymanagement.DependencyManagementPlugin"},{"__type":"DefaultPlugin","groupId":null,"artefactId":null,"version":"0.8.11","pluginClassName":"org.gradle.testing.jacoco.plugins.JacocoPlugin$Inject"}],"version":"8.8","encoding":"UTF-8","name":"gradle","subModules":[],"simpleModuleName":"trade-processor","parentModuleName":"","location":"/home/jbergqvist/diffblue/finos-traderX/trade-processor","fullModuleName":"trade-processor"},{"__type":"DefaultProjectModule","junitReport":["/home/jbergqvist/diffblue/finos-traderX/trade-service/build/test-results/test"],"jacocoReport":["/home/jbergqvist/diffblue/finos-traderX/trade-service/build/reports/jacoco/test/jacocoTestReport.xml"],"jacocoDestFile":["/home/jbergqvist/diffblue/finos-traderX/trade-service/build/jacoco/test.exec"],"jacocoFormats":null,"jacocoSkipped":false,"classpath":["/home/jbergqvist/diffblue/finos-traderX/trade-service/build/classes/java/test","/home/jbergqvist/diffblue/finos-traderX/trade-service/build/resources/test","/home/jbergqvist/diffblue/finos-traderX/trade-service/build/classes/java/main","/home/jbergqvist/diffblue/finos-traderX/trade-service/build/resources/main","/home/jbergqvist/.gradle/caches/modules-2/files-2.1/org.springframework.boot/spring-boot-starter-data-jpa/3.3.3/7eeb176d6130f7aa83405fe2985fe7cadc11ebc5/spring-boot-starter-data-jpa-3.3.3.jar","/home/jbergqvist/.gradle/caches/modules-2/files-2.1/org.springframework.boot/spring-boot-starter-web/3.3.3/f19325fefd33dc920c0f68547a798ed731a8c70c/spring-boot-starter-web-3.3.3.jar","/home/jbergqvist/.gradle/caches/modules-2/files-2.1/com.h2database/h2/2.2.224/7bdade27d8cd197d9b5ce9dc251f41d2edc5f7ad/h2-2.2.224.jar","/home/jbergqvist/.gradle/caches/modules-2/files-2.1/org.springdoc/springdoc-openapi-starter-webmvc-ui/2.6.0/2dddebb56441dbaa1009c4de434a83c65596f6ad/springdoc-openapi-starter-webmvc-ui-2.6.0.jar","/home/jbergqvist/.gradle/caches/modules-2/files-2.1/org.json/json/20240303/ebb88e8fb5122b7506d5cf1d69f1ccdb790d22a/json-20240303.jar","/home/jbergqvist/.gradle/caches/modules-2/files-2.1/io.socket/socket.io-client/2.1.0/d49d37d8c62bddec4d7d0a65add9859fab666d0e/socket.io-client-2.1.0.jar","/home/jbergqvist/.gradle/caches/modules-2/files-2.1/com.diffblue.cover/cover-annotations/1.8.0/9eb3621b5f61d1dd8d7fa1af6b2c8c3fcf8ee857/cover-annotations-1.8.0.jar","/home/jbergqvist/.gradle/caches/modules-2/files-2.1/org.springframework.boot/spring-boot-starter-test/3.3.3/6774cadaa893fce1f18ff5e528e17f75d32f6670/spring-boot-starter-test-3.3.3.jar","/home/jbergqvist/.gradle/caches/modules-2/files-2.1/org.springframework.boot/spring-boot-starter-aop/3.3.3/f64c22484c1ab36ae70abc752509ec4c7b1abcfc/spring-boot-starter-aop-3.3.3.jar","/home/jbergqvist/.gradle/caches/modules-2/files-2.1/org.springframework.boot/spring-boot-starter-jdbc/3.3.3/c97a56c12c79d1ce419a306ddee4ccb89b7d3728/spring-boot-starter-jdbc-3.3.3.jar","/home/jbergqvist/.gradle/caches/modules-2/files-2.1/org.hibernate.orm/hibernate-core/6.5.2.Final/e9e0cc47f6cd2b2553968aee66bd9e55e7485221/hibernate-core-6.5.2.Final.jar","/home/jbergqvist/.gradle/caches/modules-2/files-2.1/org.springframework.data/spring-data-jpa/3.3.3/9b89dbd19eee24c4dc4df12564efc603c614aa91/spring-data-jpa-3.3.3.jar","/home/jbergqvist/.gradle/caches/modules-2/files-2.1/org.springframework/spring-aspects/6.1.12/b72435b5813755a894531e2cf1565eff1b313574/spring-aspects-6.1.12.jar","/home/jbergqvist/.gradle/caches/modules-2/files-2.1/org.springframework.boot/spring-boot-starter-json/3.3.3/3dde3b6089f772a77763020cc97a219307a8f39f/spring-boot-starter-json-3.3.3.jar","/home/jbergqvist/.gradle/caches/modules-2/files-2.1/org.springframework.boot/spring-boot-starter/3.3.3/174d6cb1c59036a01756d6bf4d8945325f94155f/spring-boot-starter-3.3.3.jar","/home/jbergqvist/.gradle/caches/modules-2/files-2.1/org.springframework.boot/spring-boot-starter-tomcat/3.3.3/8ca660b0ecba2f0ff8ce27603fe89953dc4ec18d/spring-boot-starter-tomcat-3.3.3.jar","/home/jbergqvist/.gradle/caches/modules-2/files-2.1/org.springdoc/springdoc-openapi-starter-webmvc-api/2.6.0/d235c2989247641e5dfe764d7add3a11e4d54a5f/springdoc-openapi-starter-webmvc-api-2.6.0.jar","/home/jbergqvist/.gradle/caches/modules-2/files-2.1/org.springframework/spring-webmvc/6.1.12/86bb0c203d68adb4b2675765f5a372f4c5254b2d/spring-webmvc-6.1.12.jar","/home/jbergqvist/.gradle/caches/modules-2/files-2.1/org.springframework/spring-web/6.1.12/b60e69b3ec87f8e001537a0fa7e3e2732dfafa7e/spring-web-6.1.12.jar","/home/jbergqvist/.gradle/caches/modules-2/files-2.1/org.webjars/swagger-ui/5.17.14/7c746d197424eb721b4e08fcaa9e85231662d81f/swagger-ui-5.17.14.jar","/home/jbergqvist/.gradle/caches/modules-2/files-2.1/io.socket/engine.io-client/2.1.0/fb421e5575e69e1181e5fed3eea351929017f08e/engine.io-client-2.1.0.jar","/home/jbergqvist/.gradle/caches/modules-2/files-2.1/org.springframework.boot/spring-boot-test-autoconfigure/3.3.3/ebce486202d965dc984ff8013a8f87fdb9b6fe46/spring-boot-test-autoconfigure-3.3.3.jar","/home/jbergqvist/.gradle/caches/modules-2/files-2.1/org.springframework.boot/spring-boot-test/3.3.3/42a314ffe171b6fb3932a86a884ef721467dc704/spring-boot-test-3.3.3.jar","/home/jbergqvist/.gradle/caches/modules-2/files-2.1/com.jayway.jsonpath/json-path/2.9.0/37fe2217f577b0b68b18e62c4d17a8858ecf9b69/json-path-2.9.0.jar","/home/jbergqvist/.gradle/caches/modules-2/files-2.1/org.glassfish.jaxb/jaxb-runtime/4.0.5/ca84c2a7169b5293e232b9d00d1e4e36d4c3914a/jaxb-runtime-4.0.5.jar","/home/jbergqvist/.gradle/caches/modules-2/files-2.1/org.glassfish.jaxb/jaxb-core/4.0.5/7b4b11ea5542eea4ad55e1080b23be436795b3/jaxb-core-4.0.5.jar","/home/jbergqvist/.gradle/caches/modules-2/files-2.1/org.springdoc/springdoc-openapi-starter-common/2.6.0/c8cf5fbd1f9e4c410d67f1de27dfc3529de13620/springdoc-openapi-starter-common-2.6.0.jar","/home/jbergqvist/.gradle/caches/modules-2/files-2.1/io.swagger.core.v3/swagger-core-jakarta/2.2.22/9ed5daaaa1c94c9a6b56c058c9d1b3190044a2e2/swagger-core-jakarta-2.2.22.jar","/home/jbergqvist/.gradle/caches/modules-2/files-2.1/jakarta.xml.bind/jakarta.xml.bind-api/4.0.2/6cd5a999b834b63238005b7144136379dc36cad2/jakarta.xml.bind-api-4.0.2.jar","/home/jbergqvist/.gradle/caches/modules-2/files-2.1/net.minidev/json-smart/2.5.1/4c11d2808d009132dfbbf947ebf37de6bf266c8e/json-smart-2.5.1.jar","/home/jbergqvist/.gradle/caches/modules-2/files-2.1/org.assertj/assertj-core/3.25.3/792b270e73aa1cfc28fa135be0b95e69ea451432/assertj-core-3.25.3.jar","/home/jbergqvist/.gradle/caches/modules-2/files-2.1/org.awaitility/awaitility/4.2.2/7336242073ebf83fe034e42b46a403c5501b63c9/awaitility-4.2.2.jar","/home/jbergqvist/.gradle/caches/modules-2/files-2.1/org.hamcrest/hamcrest/2.2/1820c0968dba3a11a1b30669bb1f01978a91dedc/hamcrest-2.2.jar","/home/jbergqvist/.gradle/caches/modules-2/files-2.1/org.mockito/mockito-junit-jupiter/5.11.0/8e658dd339f40305ed4293db25545b5df98b171b/mockito-junit-jupiter-5.11.0.jar","/home/jbergqvist/.gradle/caches/modules-2/files-2.1/org.junit.jupiter/junit-jupiter-params/5.10.3/4852f4e4af9074d9214213b199751f99efeab8b9/junit-jupiter-params-5.10.3.jar","/home/jbergqvist/.gradle/caches/modules-2/files-2.1/org.junit.jupiter/junit-jupiter-engine/5.10.3/48c14e866bb1a87ca35d24ff068463bb202ada24/junit-jupiter-engine-5.10.3.jar","/home/jbergqvist/.gradle/caches/modules-2/files-2.1/org.junit.jupiter/junit-jupiter-api/5.10.3/a22aa91d1d6c69b2020a9aeb6d095ea81132bfa5/junit-jupiter-api-5.10.3.jar","/home/jbergqvist/.gradle/caches/modules-2/files-2.1/org.junit.platform/junit-platform-engine/1.10.3/365a320c3cfd47f3346625e541e424e35dc75c42/junit-platform-engine-1.10.3.jar","/home/jbergqvist/.gradle/caches/modules-2/files-2.1/org.junit.platform/junit-platform-commons/1.10.3/a353d42a2f13343a7cb80c5228ae66ff64495481/junit-platform-commons-1.10.3.jar","/home/jbergqvist/.gradle/caches/modules-2/files-2.1/org.junit.jupiter/junit-jupiter/5.10.3/6686d8fbf251f9bf8ecba413cab57b9e00f9134d/junit-jupiter-5.10.3.jar","/home/jbergqvist/.gradle/caches/modules-2/files-2.1/org.mockito/mockito-core/5.11.0/e4069fa4f4ff2c94322cfec5f2e45341c6c70aff/mockito-core-5.11.0.jar","/home/jbergqvist/.gradle/caches/modules-2/files-2.1/org.skyscreamer/jsonassert/1.5.3/aaa43e0823d2a0e106e8754d6a9c4ab24e05e9bc/jsonassert-1.5.3.jar","/home/jbergqvist/.gradle/caches/modules-2/files-2.1/org.springframework/spring-test/6.1.12/ea59acc56a32e6a46f66c06e5d4c2b8e8c6a2869/spring-test-6.1.12.jar","/home/jbergqvist/.gradle/caches/modules-2/files-2.1/org.springframework.boot/spring-boot-autoconfigure/3.3.3/4445f0bbf838c1e3aeb5a83bf2367fbd1013237f/spring-boot-autoconfigure-3.3.3.jar","/home/jbergqvist/.gradle/caches/modules-2/files-2.1/org.springframework.boot/spring-boot/3.3.3/f34dba93611823e521800a47043267715184911b/spring-boot-3.3.3.jar","/home/jbergqvist/.gradle/caches/modules-2/files-2.1/org.springframework/spring-context/6.1.12/e69d476d1334935529a61f403749c6b8593e3272/spring-context-6.1.12.jar","/home/jbergqvist/.gradle/caches/modules-2/files-2.1/org.springframework/spring-aop/6.1.12/5fce5ff02455fad179fc0ea05435dfb79bbeaa66/spring-aop-6.1.12.jar","/home/jbergqvist/.gradle/caches/modules-2/files-2.1/org.springframework/spring-orm/6.1.12/9df98d9ebdfcf5359dbda945de515d8af2cabe89/spring-orm-6.1.12.jar","/home/jbergqvist/.gradle/caches/modules-2/files-2.1/org.springframework/spring-jdbc/6.1.12/feb177a07e109f633c3fb1892d22a2867d0b2284/spring-jdbc-6.1.12.jar","/home/jbergqvist/.gradle/caches/modules-2/files-2.1/org.springframework.data/spring-data-commons/3.3.3/89ab77494e1e56b058001354265e381a0a2868e6/spring-data-commons-3.3.3.jar","/home/jbergqvist/.gradle/caches/modules-2/files-2.1/org.springframework/spring-tx/6.1.12/c47885e494845584e08407b611031ea2bcef0ef7/spring-tx-6.1.12.jar","/home/jbergqvist/.gradle/caches/modules-2/files-2.1/org.springframework/spring-beans/6.1.12/f0344fa934f114a15f02c2b1a199189ec12b7eb5/spring-beans-6.1.12.jar","/home/jbergqvist/.gradle/caches/modules-2/files-2.1/org.springframework/spring-expression/6.1.12/644bbc2e65eb40feb7284b8570d7a7eb8b1fe8df/spring-expression-6.1.12.jar","/home/jbergqvist/.gradle/caches/modules-2/files-2.1/org.springframework/spring-core/6.1.12/5f4162fb645c4f72b57b21d721fce9f26edb9bb9/spring-core-6.1.12.jar","/home/jbergqvist/.gradle/caches/modules-2/files-2.1/org.xmlunit/xmlunit-core/2.9.1/e5833662d9a1279a37da3ef6f62a1da29fcd68c4/xmlunit-core-2.9.1.jar","/home/jbergqvist/.gradle/caches/modules-2/files-2.1/org.aspectj/aspectjweaver/1.9.22.1/bca243d0af0db4758fbae45c5f4995cb5dabb612/aspectjweaver-1.9.22.1.jar","/home/jbergqvist/.gradle/caches/modules-2/files-2.1/com.zaxxer/HikariCP/5.1.0/8c96e36c14461fc436bb02b264b96ef3ca5dca8c/HikariCP-5.1.0.jar","/home/jbergqvist/.gradle/caches/modules-2/files-2.1/jakarta.persistence/jakarta.persistence-api/3.1.0/66901fa1c373c6aff65c13791cc11da72060a8d6/jakarta.persistence-api-3.1.0.jar","/home/jbergqvist/.gradle/caches/modules-2/files-2.1/jakarta.transaction/jakarta.transaction-api/2.0.1/51a520e3fae406abb84e2e1148e6746ce3f80a1a/jakarta.transaction-api-2.0.1.jar","/home/jbergqvist/.gradle/caches/modules-2/files-2.1/org.jboss.logging/jboss-logging/3.5.3.Final/c88fc1d8a96d4c3491f55d4317458ccad53ca663/jboss-logging-3.5.3.Final.jar","/home/jbergqvist/.gradle/caches/modules-2/files-2.1/org.hibernate.common/hibernate-commons-annotations/6.0.6.Final/77a5f94b56d49508e0ee334751db5b78e5ccd50c/hibernate-commons-annotations-6.0.6.Final.jar","/home/jbergqvist/.gradle/caches/modules-2/files-2.1/io.smallrye/jandex/3.1.2/a6c1c89925c7df06242b03dddb353116ceb9584c/jandex-3.1.2.jar","/home/jbergqvist/.gradle/caches/modules-2/files-2.1/com.fasterxml/classmate/1.7.0/e98374da1f2143ac8e6e0a95036994bb19137a3/classmate-1.7.0.jar","/home/jbergqvist/.gradle/caches/modules-2/files-2.1/net.bytebuddy/byte-buddy/1.14.19/4c0c637b8f47dc08f89240e6f59900011752c97b/byte-buddy-1.14.19.jar","/home/jbergqvist/.gradle/caches/modules-2/files-2.1/jakarta.inject/jakarta.inject-api/2.0.1/4c28afe1991a941d7702fe1362c365f0a8641d1e/jakarta.inject-api-2.0.1.jar","/home/jbergqvist/.gradle/caches/modules-2/files-2.1/org.antlr/antlr4-runtime/4.13.0/5a02e48521624faaf5ff4d99afc88b01686af655/antlr4-runtime-4.13.0.jar","/home/jbergqvist/.gradle/caches/modules-2/files-2.1/jakarta.annotation/jakarta.annotation-api/2.1.1/48b9bda22b091b1f48b13af03fe36db3be6e1ae3/jakarta.annotation-api-2.1.1.jar","/home/jbergqvist/.gradle/caches/modules-2/files-2.1/org.springframework.boot/spring-boot-starter-logging/3.3.3/43d07b2e6bbb628c7fc5df103d35ee2eb091522/spring-boot-starter-logging-3.3.3.jar","/home/jbergqvist/.gradle/caches/modules-2/files-2.1/ch.qos.logback/logback-classic/1.5.7/ad4ff8ca015737ade8e8a9de07de565c423e5b7a/logback-classic-1.5.7.jar","/home/jbergqvist/.gradle/caches/modules-2/files-2.1/org.apache.logging.log4j/log4j-to-slf4j/2.23.1/425ad1eb8a39904d2830e907a324e956fb456520/log4j-to-slf4j-2.23.1.jar","/home/jbergqvist/.gradle/caches/modules-2/files-2.1/org.slf4j/jul-to-slf4j/2.0.16/6d57da3e961daac65bcca0dd3def6cd11e48a24a/jul-to-slf4j-2.0.16.jar","/home/jbergqvist/.gradle/caches/modules-2/files-2.1/org.slf4j/slf4j-api/2.0.16/172931663a09a1fa515567af5fbef00897d3c04/slf4j-api-2.0.16.jar","/home/jbergqvist/.gradle/caches/modules-2/files-2.1/com.fasterxml.jackson.datatype/jackson-datatype-jsr310/2.17.2/267b85e9ba2892a37be6d80aa9ca1438a0d8c210/jackson-datatype-jsr310-2.17.2.jar","/home/jbergqvist/.gradle/caches/modules-2/files-2.1/com.fasterxml.jackson.module/jackson-module-parameter-names/2.17.2/d27b9f95ccce98984c1ba58d61c5a9c072b1ad95/jackson-module-parameter-names-2.17.2.jar","/home/jbergqvist/.gradle/caches/modules-2/files-2.1/io.swagger.core.v3/swagger-models-jakarta/2.2.22/bc2809b2efa1f7b062bc9668304a84b198fececd/swagger-models-jakarta-2.2.22.jar","/home/jbergqvist/.gradle/caches/modules-2/files-2.1/com.fasterxml.jackson.core/jackson-annotations/2.17.2/147b7b9412ffff24339f8aba080b292448e08698/jackson-annotations-2.17.2.jar","/home/jbergqvist/.gradle/caches/modules-2/files-2.1/com.fasterxml.jackson.dataformat/jackson-dataformat-yaml/2.17.2/78d2c73dbec62044d7cf3b544b2e0d24a1a093b0/jackson-dataformat-yaml-2.17.2.jar","/home/jbergqvist/.gradle/caches/modules-2/files-2.1/com.fasterxml.jackson.core/jackson-core/2.17.2/969a35cb35c86512acbadcdbbbfb044c877db814/jackson-core-2.17.2.jar","/home/jbergqvist/.gradle/caches/modules-2/files-2.1/com.fasterxml.jackson.datatype/jackson-datatype-jdk8/2.17.2/efd3dd0e1d0db8bc72abbe71c15e697bb83b4b45/jackson-datatype-jdk8-2.17.2.jar","/home/jbergqvist/.gradle/caches/modules-2/files-2.1/com.fasterxml.jackson.core/jackson-databind/2.17.2/e6deb029e5901e027c129341fac39e515066b68c/jackson-databind-2.17.2.jar","/home/jbergqvist/.gradle/caches/modules-2/files-2.1/org.apache.tomcat.embed/tomcat-embed-websocket/10.1.28/1a5ee88106795215e8a7b6cfea46e57cdfc96430/tomcat-embed-websocket-10.1.28.jar","/home/jbergqvist/.gradle/caches/modules-2/files-2.1/org.apache.tomcat.embed/tomcat-embed-core/10.1.28/624f53789b7ba96bc3c8e871fb5eed4cab5a7c89/tomcat-embed-core-10.1.28.jar","/home/jbergqvist/.gradle/caches/modules-2/files-2.1/org.apache.tomcat.embed/tomcat-embed-el/10.1.28/3220f687c5ffc8650559f08ecac5b149838627b3/tomcat-embed-el-10.1.28.jar","/home/jbergqvist/.gradle/caches/modules-2/files-2.1/io.micrometer/micrometer-observation/1.13.3/99840eb14ecf95d349f39123c867c2ca33808d/micrometer-observation-1.13.3.jar","/home/jbergqvist/.gradle/caches/modules-2/files-2.1/com.squareup.okhttp3/okhttp/4.12.0/2f4525d4a200e97e1b87449c2cd9bd2e25b7e8cd/okhttp-4.12.0.jar","/home/jbergqvist/.gradle/caches/modules-2/files-2.1/org.eclipse.angus/angus-activation/2.0.2/41f1e0ddd157c856926ed149ab837d110955a9fc/angus-activation-2.0.2.jar","/home/jbergqvist/.gradle/caches/modules-2/files-2.1/jakarta.activation/jakarta.activation-api/2.1.3/fa165bd70cda600368eee31555222776a46b881f/jakarta.activation-api-2.1.3.jar","/home/jbergqvist/.gradle/caches/modules-2/files-2.1/net.minidev/accessors-smart/2.5.1/19b820261eb2e7de7d5bde11d1c06e4501dd7e5f/accessors-smart-2.5.1.jar","/home/jbergqvist/.gradle/caches/modules-2/files-2.1/net.bytebuddy/byte-buddy-agent/1.14.19/154da3a65b4f4a909d3e5bdec55d1b2b4cbb6ce1/byte-buddy-agent-1.14.19.jar","/home/jbergqvist/.gradle/caches/modules-2/files-2.1/org.objenesis/objenesis/3.3/1049c09f1de4331e8193e579448d0916d75b7631/objenesis-3.3.jar","/home/jbergqvist/.gradle/caches/modules-2/files-2.1/com.vaadin.external.google/android-json/0.0.20131108.vaadin1/fa26d351fe62a6a17f5cda1287c1c6110dec413f/android-json-0.0.20131108.vaadin1.jar","/home/jbergqvist/.gradle/caches/modules-2/files-2.1/org.springframework/spring-jcl/6.1.12/f46d6016fd1dd3801a0e6fcd64789ac468254944/spring-jcl-6.1.12.jar","/home/jbergqvist/.gradle/caches/modules-2/files-2.1/io.micrometer/micrometer-commons/1.13.3/47b6b093cd6ba80c9da8d973ea79c7ef69a878d5/micrometer-commons-1.13.3.jar","/home/jbergqvist/.gradle/caches/modules-2/files-2.1/com.squareup.okio/okio-jvm/3.6.0/5600569133b7bdefe1daf9ec7f4abeb6d13e1786/okio-jvm-3.6.0.jar","/home/jbergqvist/.gradle/caches/modules-2/files-2.1/org.jetbrains.kotlin/kotlin-stdlib-jdk7/1.9.25/1c166692314a2639e5edfed0d23ed7eee4a5c7a5/kotlin-stdlib-jdk7-1.9.25.jar","/home/jbergqvist/.gradle/caches/modules-2/files-2.1/org.jetbrains.kotlin/kotlin-stdlib/1.9.25/f700a2f2b8f0d6d0fde48f56d894dc722fb029d7/kotlin-stdlib-1.9.25.jar","/home/jbergqvist/.gradle/caches/modules-2/files-2.1/org.jetbrains.kotlin/kotlin-stdlib-jdk8/1.9.25/20d44e880a284f7b5cd99dd69450b403073f49b2/kotlin-stdlib-jdk8-1.9.25.jar","/home/jbergqvist/.gradle/caches/modules-2/files-2.1/org.ow2.asm/asm/9.6/aa205cf0a06dbd8e04ece91c0b37c3f5d567546a/asm-9.6.jar","/home/jbergqvist/.gradle/caches/modules-2/files-2.1/org.opentest4j/opentest4j/1.3.0/152ea56b3a72f655d4fd677fc0ef2596c3dd5e6e/opentest4j-1.3.0.jar","/home/jbergqvist/.gradle/caches/modules-2/files-2.1/org.glassfish.jaxb/txw2/4.0.5/f36a4ef12120a9bb06d766d6a0e54b144fd7ed98/txw2-4.0.5.jar","/home/jbergqvist/.gradle/caches/modules-2/files-2.1/com.sun.istack/istack-commons-runtime/4.1.2/18ec117c85f3ba0ac65409136afa8e42bc74e739/istack-commons-runtime-4.1.2.jar","/home/jbergqvist/.gradle/caches/modules-2/files-2.1/ch.qos.logback/logback-core/1.5.7/ba0d0cbac3f21abd28faed3b4931d5b49cc5887e/logback-core-1.5.7.jar","/home/jbergqvist/.gradle/caches/modules-2/files-2.1/org.apache.logging.log4j/log4j-api/2.23.1/9c15c29c526d9c6783049c0a77722693c66706e1/log4j-api-2.23.1.jar","/home/jbergqvist/.gradle/caches/modules-2/files-2.1/org.apache.commons/commons-lang3/3.14.0/1ed471194b02f2c6cb734a0cd6f6f107c673afae/commons-lang3-3.14.0.jar","/home/jbergqvist/.gradle/caches/modules-2/files-2.1/io.swagger.core.v3/swagger-annotations-jakarta/2.2.22/1efc0b0af32fce629f0786062c89e8b117abe120/swagger-annotations-jakarta-2.2.22.jar","/home/jbergqvist/.gradle/caches/modules-2/files-2.1/jakarta.validation/jakarta.validation-api/3.0.2/92b6631659ba35ca09e44874d3eb936edfeee532/jakarta.validation-api-3.0.2.jar","/home/jbergqvist/.gradle/caches/modules-2/files-2.1/org.jetbrains/annotations/13.0/919f0dfe192fb4e063e7dacadee7f8bb9a2672a9/annotations-13.0.jar","/home/jbergqvist/.gradle/caches/modules-2/files-2.1/org.apiguardian/apiguardian-api/1.1.2/a231e0d844d2721b0fa1b238006d15c6ded6842a/apiguardian-api-1.1.2.jar"],"complianceLevel":"21","productionSources":["/home/jbergqvist/diffblue/finos-traderX/trade-service/src/main/java"],"testSources":["/home/jbergqvist/diffblue/finos-traderX/trade-service/src/test/java"],"productionClasses":"/home/jbergqvist/diffblue/finos-traderX/trade-service/build/classes/java/main","testClasses":"/home/jbergqvist/diffblue/finos-traderX/trade-service/build/classes/java/test","sourceToBuildPathMap":{"/home/jbergqvist/diffblue/finos-traderX/trade-service/src/main/java":"/home/jbergqvist/diffblue/finos-traderX/trade-service/build/classes/java/main"},"testSourceToBuildPathMap":{"/home/jbergqvist/diffblue/finos-traderX/trade-service/src/test/java":"/home/jbergqvist/diffblue/finos-traderX/trade-service/build/classes/java/test"},"buildDirectory":null,"plugins":[{"__type":"DefaultPlugin","groupId":null,"artefactId":null,"version":null,"pluginClassName":"com.diffblue.cover.buildsystem.gradle.plugin.CoverPlugin"},{"__type":"DefaultPlugin","groupId":null,"artefactId":null,"version":"8.8","pluginClassName":"org.gradle.api.plugins.HelpTasksPlugin$Inject"},{"__type":"DefaultPlugin","groupId":null,"artefactId":null,"version":"8.8","pluginClassName":"org.gradle.buildinit.plugins.BuildInitPlugin$Inject"},{"__type":"DefaultPlugin","groupId":null,"artefactId":null,"version":"8.8","pluginClassName":"org.gradle.buildinit.plugins.WrapperPlugin$Inject"},{"__type":"DefaultPlugin","groupId":null,"artefactId":null,"version":"8.8","pluginClassName":"org.gradle.language.base.plugins.LifecycleBasePlugin$Inject"},{"__type":"DefaultPlugin","groupId":null,"artefactId":null,"version":"8.8","pluginClassName":"org.gradle.api.plugins.BasePlugin$Inject"},{"__type":"DefaultPlugin","groupId":null,"artefactId":null,"version":"8.8","pluginClassName":"org.gradle.api.plugins.JvmEcosystemPlugin$Inject"},{"__type":"DefaultPlugin","groupId":null,"artefactId":null,"version":"8.8","pluginClassName":"org.gradle.api.plugins.ReportingBasePlugin$Inject"},{"__type":"DefaultPlugin","groupId":null,"artefactId":null,"version":"8.8","pluginClassName":"org.gradle.api.plugins.JvmToolchainsPlugin$Inject"},{"__type":"DefaultPlugin","groupId":null,"artefactId":null,"version":"8.8","pluginClassName":"org.gradle.api.plugins.JavaBasePlugin$Inject"},{"__type":"DefaultPlugin","groupId":null,"artefactId":null,"version":"8.8","pluginClassName":"org.gradle.testing.base.plugins.TestSuiteBasePlugin$Inject"},{"__type":"DefaultPlugin","groupId":null,"artefactId":null,"version":"8.8","pluginClassName":"org.gradle.api.plugins.JvmTestSuitePlugin$Inject"},{"__type":"DefaultPlugin","groupId":null,"artefactId":null,"version":"8.8","pluginClassName":"org.gradle.api.plugins.JavaPlugin$Inject"},{"__type":"DefaultPlugin","groupId":null,"artefactId":null,"version":"3.3.3","pluginClassName":"org.springframework.boot.gradle.plugin.SpringBootPlugin"},{"__type":"DefaultPlugin","groupId":null,"artefactId":null,"version":"1.1.6","pluginClassName":"io.spring.gradle.dependencymanagement.DependencyManagementPlugin"},{"__type":"DefaultPlugin","groupId":null,"artefactId":null,"version":"0.8.11","pluginClassName":"org.gradle.testing.jacoco.plugins.JacocoPlugin$Inject"}],"version":"8.8","encoding":"UTF-8","name":"gradle","subModules":[],"simpleModuleName":"trade-service","parentModuleName":"","location":"/home/jbergqvist/diffblue/finos-traderX/trade-service","fullModuleName":"trade-service"},{"__type":"DefaultProjectModule","junitReport":["/home/jbergqvist/diffblue/finos-traderX/position-service/build/test-results/test"],"jacocoReport":["/home/jbergqvist/diffblue/finos-traderX/position-service/build/reports/jacoco/test/jacocoTestReport.xml"],"jacocoDestFile":["/home/jbergqvist/diffblue/finos-traderX/position-service/build/jacoco/test.exec"],"jacocoFormats":null,"jacocoSkipped":false,"classpath":["/home/jbergqvist/diffblue/finos-traderX/position-service/build/classes/java/test","/home/jbergqvist/diffblue/finos-traderX/position-service/build/resources/test","/home/jbergqvist/diffblue/finos-traderX/position-service/build/classes/java/main","/home/jbergqvist/diffblue/finos-traderX/position-service/build/resources/main","/home/jbergqvist/.gradle/caches/modules-2/files-2.1/org.springframework.boot/spring-boot-starter-data-jpa/3.3.3/7eeb176d6130f7aa83405fe2985fe7cadc11ebc5/spring-boot-starter-data-jpa-3.3.3.jar","/home/jbergqvist/.gradle/caches/modules-2/files-2.1/org.springframework.boot/spring-boot-starter-web/3.3.3/f19325fefd33dc920c0f68547a798ed731a8c70c/spring-boot-starter-web-3.3.3.jar","/home/jbergqvist/.gradle/caches/modules-2/files-2.1/com.h2database/h2/2.2.224/7bdade27d8cd197d9b5ce9dc251f41d2edc5f7ad/h2-2.2.224.jar","/home/jbergqvist/.gradle/caches/modules-2/files-2.1/org.springdoc/springdoc-openapi-starter-webmvc-ui/2.6.0/2dddebb56441dbaa1009c4de434a83c65596f6ad/springdoc-openapi-starter-webmvc-ui-2.6.0.jar","/home/jbergqvist/.gradle/caches/modules-2/files-2.1/com.diffblue.cover/cover-annotations/1.8.0/9eb3621b5f61d1dd8d7fa1af6b2c8c3fcf8ee857/cover-annotations-1.8.0.jar","/home/jbergqvist/.gradle/caches/modules-2/files-2.1/org.springframework.boot/spring-boot-starter-test/3.3.3/6774cadaa893fce1f18ff5e528e17f75d32f6670/spring-boot-starter-test-3.3.3.jar","/home/jbergqvist/.gradle/caches/modules-2/files-2.1/org.springframework.boot/spring-boot-starter-aop/3.3.3/f64c22484c1ab36ae70abc752509ec4c7b1abcfc/spring-boot-starter-aop-3.3.3.jar","/home/jbergqvist/.gradle/caches/modules-2/files-2.1/org.springframework.boot/spring-boot-starter-jdbc/3.3.3/c97a56c12c79d1ce419a306ddee4ccb89b7d3728/spring-boot-starter-jdbc-3.3.3.jar","/home/jbergqvist/.gradle/caches/modules-2/files-2.1/org.hibernate.orm/hibernate-core/6.5.2.Final/e9e0cc47f6cd2b2553968aee66bd9e55e7485221/hibernate-core-6.5.2.Final.jar","/home/jbergqvist/.gradle/caches/modules-2/files-2.1/org.springframework.data/spring-data-jpa/3.3.3/9b89dbd19eee24c4dc4df12564efc603c614aa91/spring-data-jpa-3.3.3.jar","/home/jbergqvist/.gradle/caches/modules-2/files-2.1/org.springframework/spring-aspects/6.1.12/b72435b5813755a894531e2cf1565eff1b313574/spring-aspects-6.1.12.jar","/home/jbergqvist/.gradle/caches/modules-2/files-2.1/org.springframework.boot/spring-boot-starter-json/3.3.3/3dde3b6089f772a77763020cc97a219307a8f39f/spring-boot-starter-json-3.3.3.jar","/home/jbergqvist/.gradle/caches/modules-2/files-2.1/org.springframework.boot/spring-boot-starter/3.3.3/174d6cb1c59036a01756d6bf4d8945325f94155f/spring-boot-starter-3.3.3.jar","/home/jbergqvist/.gradle/caches/modules-2/files-2.1/org.springframework.boot/spring-boot-starter-tomcat/3.3.3/8ca660b0ecba2f0ff8ce27603fe89953dc4ec18d/spring-boot-starter-tomcat-3.3.3.jar","/home/jbergqvist/.gradle/caches/modules-2/files-2.1/org.springdoc/springdoc-openapi-starter-webmvc-api/2.6.0/d235c2989247641e5dfe764d7add3a11e4d54a5f/springdoc-openapi-starter-webmvc-api-2.6.0.jar","/home/jbergqvist/.gradle/caches/modules-2/files-2.1/org.springframework/spring-webmvc/6.1.12/86bb0c203d68adb4b2675765f5a372f4c5254b2d/spring-webmvc-6.1.12.jar","/home/jbergqvist/.gradle/caches/modules-2/files-2.1/org.springframework/spring-web/6.1.12/b60e69b3ec87f8e001537a0fa7e3e2732dfafa7e/spring-web-6.1.12.jar","/home/jbergqvist/.gradle/caches/modules-2/files-2.1/org.webjars/swagger-ui/5.17.14/7c746d197424eb721b4e08fcaa9e85231662d81f/swagger-ui-5.17.14.jar","/home/jbergqvist/.gradle/caches/modules-2/files-2.1/org.springframework.boot/spring-boot-test-autoconfigure/3.3.3/ebce486202d965dc984ff8013a8f87fdb9b6fe46/spring-boot-test-autoconfigure-3.3.3.jar","/home/jbergqvist/.gradle/caches/modules-2/files-2.1/org.springframework.boot/spring-boot-test/3.3.3/42a314ffe171b6fb3932a86a884ef721467dc704/spring-boot-test-3.3.3.jar","/home/jbergqvist/.gradle/caches/modules-2/files-2.1/com.jayway.jsonpath/json-path/2.9.0/37fe2217f577b0b68b18e62c4d17a8858ecf9b69/json-path-2.9.0.jar","/home/jbergqvist/.gradle/caches/modules-2/files-2.1/org.glassfish.jaxb/jaxb-runtime/4.0.5/ca84c2a7169b5293e232b9d00d1e4e36d4c3914a/jaxb-runtime-4.0.5.jar","/home/jbergqvist/.gradle/caches/modules-2/files-2.1/org.glassfish.jaxb/jaxb-core/4.0.5/7b4b11ea5542eea4ad55e1080b23be436795b3/jaxb-core-4.0.5.jar","/home/jbergqvist/.gradle/caches/modules-2/files-2.1/org.springdoc/springdoc-openapi-starter-common/2.6.0/c8cf5fbd1f9e4c410d67f1de27dfc3529de13620/springdoc-openapi-starter-common-2.6.0.jar","/home/jbergqvist/.gradle/caches/modules-2/files-2.1/io.swagger.core.v3/swagger-core-jakarta/2.2.22/9ed5daaaa1c94c9a6b56c058c9d1b3190044a2e2/swagger-core-jakarta-2.2.22.jar","/home/jbergqvist/.gradle/caches/modules-2/files-2.1/jakarta.xml.bind/jakarta.xml.bind-api/4.0.2/6cd5a999b834b63238005b7144136379dc36cad2/jakarta.xml.bind-api-4.0.2.jar","/home/jbergqvist/.gradle/caches/modules-2/files-2.1/net.minidev/json-smart/2.5.1/4c11d2808d009132dfbbf947ebf37de6bf266c8e/json-smart-2.5.1.jar","/home/jbergqvist/.gradle/caches/modules-2/files-2.1/org.assertj/assertj-core/3.25.3/792b270e73aa1cfc28fa135be0b95e69ea451432/assertj-core-3.25.3.jar","/home/jbergqvist/.gradle/caches/modules-2/files-2.1/org.awaitility/awaitility/4.2.2/7336242073ebf83fe034e42b46a403c5501b63c9/awaitility-4.2.2.jar","/home/jbergqvist/.gradle/caches/modules-2/files-2.1/org.hamcrest/hamcrest/2.2/1820c0968dba3a11a1b30669bb1f01978a91dedc/hamcrest-2.2.jar","/home/jbergqvist/.gradle/caches/modules-2/files-2.1/org.mockito/mockito-junit-jupiter/5.11.0/8e658dd339f40305ed4293db25545b5df98b171b/mockito-junit-jupiter-5.11.0.jar","/home/jbergqvist/.gradle/caches/modules-2/files-2.1/org.junit.jupiter/junit-jupiter-params/5.10.3/4852f4e4af9074d9214213b199751f99efeab8b9/junit-jupiter-params-5.10.3.jar","/home/jbergqvist/.gradle/caches/modules-2/files-2.1/org.junit.jupiter/junit-jupiter-engine/5.10.3/48c14e866bb1a87ca35d24ff068463bb202ada24/junit-jupiter-engine-5.10.3.jar","/home/jbergqvist/.gradle/caches/modules-2/files-2.1/org.junit.jupiter/junit-jupiter-api/5.10.3/a22aa91d1d6c69b2020a9aeb6d095ea81132bfa5/junit-jupiter-api-5.10.3.jar","/home/jbergqvist/.gradle/caches/modules-2/files-2.1/org.junit.platform/junit-platform-engine/1.10.3/365a320c3cfd47f3346625e541e424e35dc75c42/junit-platform-engine-1.10.3.jar","/home/jbergqvist/.gradle/caches/modules-2/files-2.1/org.junit.platform/junit-platform-commons/1.10.3/a353d42a2f13343a7cb80c5228ae66ff64495481/junit-platform-commons-1.10.3.jar","/home/jbergqvist/.gradle/caches/modules-2/files-2.1/org.junit.jupiter/junit-jupiter/5.10.3/6686d8fbf251f9bf8ecba413cab57b9e00f9134d/junit-jupiter-5.10.3.jar","/home/jbergqvist/.gradle/caches/modules-2/files-2.1/org.mockito/mockito-core/5.11.0/e4069fa4f4ff2c94322cfec5f2e45341c6c70aff/mockito-core-5.11.0.jar","/home/jbergqvist/.gradle/caches/modules-2/files-2.1/org.skyscreamer/jsonassert/1.5.3/aaa43e0823d2a0e106e8754d6a9c4ab24e05e9bc/jsonassert-1.5.3.jar","/home/jbergqvist/.gradle/caches/modules-2/files-2.1/org.springframework/spring-test/6.1.12/ea59acc56a32e6a46f66c06e5d4c2b8e8c6a2869/spring-test-6.1.12.jar","/home/jbergqvist/.gradle/caches/modules-2/files-2.1/org.springframework.boot/spring-boot-autoconfigure/3.3.3/4445f0bbf838c1e3aeb5a83bf2367fbd1013237f/spring-boot-autoconfigure-3.3.3.jar","/home/jbergqvist/.gradle/caches/modules-2/files-2.1/org.springframework.boot/spring-boot/3.3.3/f34dba93611823e521800a47043267715184911b/spring-boot-3.3.3.jar","/home/jbergqvist/.gradle/caches/modules-2/files-2.1/org.springframework/spring-context/6.1.12/e69d476d1334935529a61f403749c6b8593e3272/spring-context-6.1.12.jar","/home/jbergqvist/.gradle/caches/modules-2/files-2.1/org.springframework/spring-aop/6.1.12/5fce5ff02455fad179fc0ea05435dfb79bbeaa66/spring-aop-6.1.12.jar","/home/jbergqvist/.gradle/caches/modules-2/files-2.1/org.springframework/spring-orm/6.1.12/9df98d9ebdfcf5359dbda945de515d8af2cabe89/spring-orm-6.1.12.jar","/home/jbergqvist/.gradle/caches/modules-2/files-2.1/org.springframework/spring-jdbc/6.1.12/feb177a07e109f633c3fb1892d22a2867d0b2284/spring-jdbc-6.1.12.jar","/home/jbergqvist/.gradle/caches/modules-2/files-2.1/org.springframework.data/spring-data-commons/3.3.3/89ab77494e1e56b058001354265e381a0a2868e6/spring-data-commons-3.3.3.jar","/home/jbergqvist/.gradle/caches/modules-2/files-2.1/org.springframework/spring-tx/6.1.12/c47885e494845584e08407b611031ea2bcef0ef7/spring-tx-6.1.12.jar","/home/jbergqvist/.gradle/caches/modules-2/files-2.1/org.springframework/spring-beans/6.1.12/f0344fa934f114a15f02c2b1a199189ec12b7eb5/spring-beans-6.1.12.jar","/home/jbergqvist/.gradle/caches/modules-2/files-2.1/org.springframework/spring-expression/6.1.12/644bbc2e65eb40feb7284b8570d7a7eb8b1fe8df/spring-expression-6.1.12.jar","/home/jbergqvist/.gradle/caches/modules-2/files-2.1/org.springframework/spring-core/6.1.12/5f4162fb645c4f72b57b21d721fce9f26edb9bb9/spring-core-6.1.12.jar","/home/jbergqvist/.gradle/caches/modules-2/files-2.1/org.xmlunit/xmlunit-core/2.9.1/e5833662d9a1279a37da3ef6f62a1da29fcd68c4/xmlunit-core-2.9.1.jar","/home/jbergqvist/.gradle/caches/modules-2/files-2.1/org.aspectj/aspectjweaver/1.9.22.1/bca243d0af0db4758fbae45c5f4995cb5dabb612/aspectjweaver-1.9.22.1.jar","/home/jbergqvist/.gradle/caches/modules-2/files-2.1/com.zaxxer/HikariCP/5.1.0/8c96e36c14461fc436bb02b264b96ef3ca5dca8c/HikariCP-5.1.0.jar","/home/jbergqvist/.gradle/caches/modules-2/files-2.1/jakarta.persistence/jakarta.persistence-api/3.1.0/66901fa1c373c6aff65c13791cc11da72060a8d6/jakarta.persistence-api-3.1.0.jar","/home/jbergqvist/.gradle/caches/modules-2/files-2.1/jakarta.transaction/jakarta.transaction-api/2.0.1/51a520e3fae406abb84e2e1148e6746ce3f80a1a/jakarta.transaction-api-2.0.1.jar","/home/jbergqvist/.gradle/caches/modules-2/files-2.1/org.jboss.logging/jboss-logging/3.5.3.Final/c88fc1d8a96d4c3491f55d4317458ccad53ca663/jboss-logging-3.5.3.Final.jar","/home/jbergqvist/.gradle/caches/modules-2/files-2.1/org.hibernate.common/hibernate-commons-annotations/6.0.6.Final/77a5f94b56d49508e0ee334751db5b78e5ccd50c/hibernate-commons-annotations-6.0.6.Final.jar","/home/jbergqvist/.gradle/caches/modules-2/files-2.1/io.smallrye/jandex/3.1.2/a6c1c89925c7df06242b03dddb353116ceb9584c/jandex-3.1.2.jar","/home/jbergqvist/.gradle/caches/modules-2/files-2.1/com.fasterxml/classmate/1.7.0/e98374da1f2143ac8e6e0a95036994bb19137a3/classmate-1.7.0.jar","/home/jbergqvist/.gradle/caches/modules-2/files-2.1/net.bytebuddy/byte-buddy/1.14.19/4c0c637b8f47dc08f89240e6f59900011752c97b/byte-buddy-1.14.19.jar","/home/jbergqvist/.gradle/caches/modules-2/files-2.1/jakarta.inject/jakarta.inject-api/2.0.1/4c28afe1991a941d7702fe1362c365f0a8641d1e/jakarta.inject-api-2.0.1.jar","/home/jbergqvist/.gradle/caches/modules-2/files-2.1/org.antlr/antlr4-runtime/4.13.0/5a02e48521624faaf5ff4d99afc88b01686af655/antlr4-runtime-4.13.0.jar","/home/jbergqvist/.gradle/caches/modules-2/files-2.1/jakarta.annotation/jakarta.annotation-api/2.1.1/48b9bda22b091b1f48b13af03fe36db3be6e1ae3/jakarta.annotation-api-2.1.1.jar","/home/jbergqvist/.gradle/caches/modules-2/files-2.1/org.springframework.boot/spring-boot-starter-logging/3.3.3/43d07b2e6bbb628c7fc5df103d35ee2eb091522/spring-boot-starter-logging-3.3.3.jar","/home/jbergqvist/.gradle/caches/modules-2/files-2.1/ch.qos.logback/logback-classic/1.5.7/ad4ff8ca015737ade8e8a9de07de565c423e5b7a/logback-classic-1.5.7.jar","/home/jbergqvist/.gradle/caches/modules-2/files-2.1/org.apache.logging.log4j/log4j-to-slf4j/2.23.1/425ad1eb8a39904d2830e907a324e956fb456520/log4j-to-slf4j-2.23.1.jar","/home/jbergqvist/.gradle/caches/modules-2/files-2.1/org.slf4j/jul-to-slf4j/2.0.16/6d57da3e961daac65bcca0dd3def6cd11e48a24a/jul-to-slf4j-2.0.16.jar","/home/jbergqvist/.gradle/caches/modules-2/files-2.1/org.slf4j/slf4j-api/2.0.16/172931663a09a1fa515567af5fbef00897d3c04/slf4j-api-2.0.16.jar","/home/jbergqvist/.gradle/caches/modules-2/files-2.1/com.fasterxml.jackson.datatype/jackson-datatype-jdk8/2.17.2/efd3dd0e1d0db8bc72abbe71c15e697bb83b4b45/jackson-datatype-jdk8-2.17.2.jar","/home/jbergqvist/.gradle/caches/modules-2/files-2.1/com.fasterxml.jackson.datatype/jackson-datatype-jsr310/2.17.2/267b85e9ba2892a37be6d80aa9ca1438a0d8c210/jackson-datatype-jsr310-2.17.2.jar","/home/jbergqvist/.gradle/caches/modules-2/files-2.1/com.fasterxml.jackson.module/jackson-module-parameter-names/2.17.2/d27b9f95ccce98984c1ba58d61c5a9c072b1ad95/jackson-module-parameter-names-2.17.2.jar","/home/jbergqvist/.gradle/caches/modules-2/files-2.1/com.fasterxml.jackson.core/jackson-databind/2.17.2/e6deb029e5901e027c129341fac39e515066b68c/jackson-databind-2.17.2.jar","/home/jbergqvist/.gradle/caches/modules-2/files-2.1/io.swagger.core.v3/swagger-models-jakarta/2.2.22/bc2809b2efa1f7b062bc9668304a84b198fececd/swagger-models-jakarta-2.2.22.jar","/home/jbergqvist/.gradle/caches/modules-2/files-2.1/com.fasterxml.jackson.core/jackson-annotations/2.17.2/147b7b9412ffff24339f8aba080b292448e08698/jackson-annotations-2.17.2.jar","/home/jbergqvist/.gradle/caches/modules-2/files-2.1/com.fasterxml.jackson.core/jackson-core/2.17.2/969a35cb35c86512acbadcdbbbfb044c877db814/jackson-core-2.17.2.jar","/home/jbergqvist/.gradle/caches/modules-2/files-2.1/com.fasterxml.jackson.dataformat/jackson-dataformat-yaml/2.17.2/78d2c73dbec62044d7cf3b544b2e0d24a1a093b0/jackson-dataformat-yaml-2.17.2.jar","/home/jbergqvist/.gradle/caches/modules-2/files-2.1/org.yaml/snakeyaml/2.2/3af797a25458550a16bf89acc8e4ab2b7f2bfce0/snakeyaml-2.2.jar","/home/jbergqvist/.gradle/caches/modules-2/files-2.1/org.apache.tomcat.embed/tomcat-embed-websocket/10.1.28/1a5ee88106795215e8a7b6cfea46e57cdfc96430/tomcat-embed-websocket-10.1.28.jar","/home/jbergqvist/.gradle/caches/modules-2/files-2.1/org.apache.tomcat.embed/tomcat-embed-core/10.1.28/624f53789b7ba96bc3c8e871fb5eed4cab5a7c89/tomcat-embed-core-10.1.28.jar","/home/jbergqvist/.gradle/caches/modules-2/files-2.1/org.apache.tomcat.embed/tomcat-embed-el/10.1.28/3220f687c5ffc8650559f08ecac5b149838627b3/tomcat-embed-el-10.1.28.jar","/home/jbergqvist/.gradle/caches/modules-2/files-2.1/io.micrometer/micrometer-observation/1.13.3/99840eb14ecf95d349f39123c867c2ca33808d/micrometer-observation-1.13.3.jar","/home/jbergqvist/.gradle/caches/modules-2/files-2.1/org.eclipse.angus/angus-activation/2.0.2/41f1e0ddd157c856926ed149ab837d110955a9fc/angus-activation-2.0.2.jar","/home/jbergqvist/.gradle/caches/modules-2/files-2.1/jakarta.activation/jakarta.activation-api/2.1.3/fa165bd70cda600368eee31555222776a46b881f/jakarta.activation-api-2.1.3.jar","/home/jbergqvist/.gradle/caches/modules-2/files-2.1/net.minidev/accessors-smart/2.5.1/19b820261eb2e7de7d5bde11d1c06e4501dd7e5f/accessors-smart-2.5.1.jar","/home/jbergqvist/.gradle/caches/modules-2/files-2.1/net.bytebuddy/byte-buddy-agent/1.14.19/154da3a65b4f4a909d3e5bdec55d1b2b4cbb6ce1/byte-buddy-agent-1.14.19.jar","/home/jbergqvist/.gradle/caches/modules-2/files-2.1/org.objenesis/objenesis/3.3/1049c09f1de4331e8193e579448d0916d75b7631/objenesis-3.3.jar","/home/jbergqvist/.gradle/caches/modules-2/files-2.1/com.vaadin.external.google/android-json/0.0.20131108.vaadin1/fa26d351fe62a6a17f5cda1287c1c6110dec413f/android-json-0.0.20131108.vaadin1.jar","/home/jbergqvist/.gradle/caches/modules-2/files-2.1/org.springframework/spring-jcl/6.1.12/f46d6016fd1dd3801a0e6fcd64789ac468254944/spring-jcl-6.1.12.jar","/home/jbergqvist/.gradle/caches/modules-2/files-2.1/io.micrometer/micrometer-commons/1.13.3/47b6b093cd6ba80c9da8d973ea79c7ef69a878d5/micrometer-commons-1.13.3.jar","/home/jbergqvist/.gradle/caches/modules-2/files-2.1/org.ow2.asm/asm/9.6/aa205cf0a06dbd8e04ece91c0b37c3f5d567546a/asm-9.6.jar","/home/jbergqvist/.gradle/caches/modules-2/files-2.1/org.opentest4j/opentest4j/1.3.0/152ea56b3a72f655d4fd677fc0ef2596c3dd5e6e/opentest4j-1.3.0.jar","/home/jbergqvist/.gradle/caches/modules-2/files-2.1/org.glassfish.jaxb/txw2/4.0.5/f36a4ef12120a9bb06d766d6a0e54b144fd7ed98/txw2-4.0.5.jar","/home/jbergqvist/.gradle/caches/modules-2/files-2.1/com.sun.istack/istack-commons-runtime/4.1.2/18ec117c85f3ba0ac65409136afa8e42bc74e739/istack-commons-runtime-4.1.2.jar","/home/jbergqvist/.gradle/caches/modules-2/files-2.1/ch.qos.logback/logback-core/1.5.7/ba0d0cbac3f21abd28faed3b4931d5b49cc5887e/logback-core-1.5.7.jar","/home/jbergqvist/.gradle/caches/modules-2/files-2.1/org.apache.logging.log4j/log4j-api/2.23.1/9c15c29c526d9c6783049c0a77722693c66706e1/log4j-api-2.23.1.jar","/home/jbergqvist/.gradle/caches/modules-2/files-2.1/org.apache.commons/commons-lang3/3.14.0/1ed471194b02f2c6cb734a0cd6f6f107c673afae/commons-lang3-3.14.0.jar","/home/jbergqvist/.gradle/caches/modules-2/files-2.1/io.swagger.core.v3/swagger-annotations-jakarta/2.2.22/1efc0b0af32fce629f0786062c89e8b117abe120/swagger-annotations-jakarta-2.2.22.jar","/home/jbergqvist/.gradle/caches/modules-2/files-2.1/jakarta.validation/jakarta.validation-api/3.0.2/92b6631659ba35ca09e44874d3eb936edfeee532/jakarta.validation-api-3.0.2.jar","/home/jbergqvist/.gradle/caches/modules-2/files-2.1/org.apiguardian/apiguardian-api/1.1.2/a231e0d844d2721b0fa1b238006d15c6ded6842a/apiguardian-api-1.1.2.jar"],"complianceLevel":"21","productionSources":["/home/jbergqvist/diffblue/finos-traderX/position-service/src/main/java"],"testSources":["/home/jbergqvist/diffblue/finos-traderX/position-service/src/test/java"],"productionClasses":"/home/jbergqvist/diffblue/finos-traderX/position-service/build/classes/java/main","testClasses":"/home/jbergqvist/diffblue/finos-traderX/position-service/build/classes/java/test","sourceToBuildPathMap":{"/home/jbergqvist/diffblue/finos-traderX/position-service/src/main/java":"/home/jbergqvist/diffblue/finos-traderX/position-service/build/classes/java/main"},"testSourceToBuildPathMap":{"/home/jbergqvist/diffblue/finos-traderX/position-service/src/test/java":"/home/jbergqvist/diffblue/finos-traderX/position-service/build/classes/java/test"},"buildDirectory":null,"plugins":[{"__type":"DefaultPlugin","groupId":null,"artefactId":null,"version":null,"pluginClassName":"com.diffblue.cover.buildsystem.gradle.plugin.CoverPlugin"},{"__type":"DefaultPlugin","groupId":null,"artefactId":null,"version":"8.8","pluginClassName":"org.gradle.api.plugins.HelpTasksPlugin$Inject"},{"__type":"DefaultPlugin","groupId":null,"artefactId":null,"version":"8.8","pluginClassName":"org.gradle.buildinit.plugins.BuildInitPlugin$Inject"},{"__type":"DefaultPlugin","groupId":null,"artefactId":null,"version":"8.8","pluginClassName":"org.gradle.buildinit.plugins.WrapperPlugin$Inject"},{"__type":"DefaultPlugin","groupId":null,"artefactId":null,"version":"8.8","pluginClassName":"org.gradle.language.base.plugins.LifecycleBasePlugin$Inject"},{"__type":"DefaultPlugin","groupId":null,"artefactId":null,"version":"8.8","pluginClassName":"org.gradle.api.plugins.BasePlugin$Inject"},{"__type":"DefaultPlugin","groupId":null,"artefactId":null,"version":"8.8","pluginClassName":"org.gradle.api.plugins.JvmEcosystemPlugin$Inject"},{"__type":"DefaultPlugin","groupId":null,"artefactId":null,"version":"8.8","pluginClassName":"org.gradle.api.plugins.ReportingBasePlugin$Inject"},{"__type":"DefaultPlugin","groupId":null,"artefactId":null,"version":"8.8","pluginClassName":"org.gradle.api.plugins.JvmToolchainsPlugin$Inject"},{"__type":"DefaultPlugin","groupId":null,"artefactId":null,"version":"8.8","pluginClassName":"org.gradle.api.plugins.JavaBasePlugin$Inject"},{"__type":"DefaultPlugin","groupId":null,"artefactId":null,"version":"8.8","pluginClassName":"org.gradle.testing.base.plugins.TestSuiteBasePlugin$Inject"},{"__type":"DefaultPlugin","groupId":null,"artefactId":null,"version":"8.8","pluginClassName":"org.gradle.api.plugins.JvmTestSuitePlugin$Inject"},{"__type":"DefaultPlugin","groupId":null,"artefactId":null,"version":"8.8","pluginClassName":"org.gradle.api.plugins.JavaPlugin$Inject"},{"__type":"DefaultPlugin","groupId":null,"artefactId":null,"version":"3.3.3","pluginClassName":"org.springframework.boot.gradle.plugin.SpringBootPlugin"},{"__type":"DefaultPlugin","groupId":null,"artefactId":null,"version":"1.1.6","pluginClassName":"io.spring.gradle.dependencymanagement.DependencyManagementPlugin"},{"__type":"DefaultPlugin","groupId":null,"artefactId":null,"version":"0.8.11","pluginClassName":"org.gradle.testing.jacoco.plugins.JacocoPlugin$Inject"}],"version":"8.8","encoding":"UTF-8","name":"gradle","subModules":[],"simpleModuleName":"position-service","parentModuleName":"","location":"/home/jbergqvist/diffblue/finos-traderX/position-service","fullModuleName":"position-service"},{"__type":"DefaultProjectModule","junitReport":["/home/jbergqvist/diffblue/finos-traderX/account-service/build/test-results/test"],"jacocoReport":["/home/jbergqvist/diffblue/finos-traderX/account-service/build/reports/jacoco/test/jacocoTestReport.xml"],"jacocoDestFile":["/home/jbergqvist/diffblue/finos-traderX/account-service/build/jacoco/test.exec"],"jacocoFormats":null,"jacocoSkipped":false,"classpath":["/home/jbergqvist/diffblue/finos-traderX/account-service/build/classes/java/test","/home/jbergqvist/diffblue/finos-traderX/account-service/build/resources/test","/home/jbergqvist/diffblue/finos-traderX/account-service/build/classes/java/main","/home/jbergqvist/diffblue/finos-traderX/account-service/build/resources/main","/home/jbergqvist/.gradle/caches/modules-2/files-2.1/org.springframework.boot/spring-boot-starter-data-jpa/3.3.3/7eeb176d6130f7aa83405fe2985fe7cadc11ebc5/spring-boot-starter-data-jpa-3.3.3.jar","/home/jbergqvist/.gradle/caches/modules-2/files-2.1/org.springframework.boot/spring-boot-starter-web/3.3.3/f19325fefd33dc920c0f68547a798ed731a8c70c/spring-boot-starter-web-3.3.3.jar","/home/jbergqvist/.gradle/caches/modules-2/files-2.1/com.h2database/h2/2.2.224/7bdade27d8cd197d9b5ce9dc251f41d2edc5f7ad/h2-2.2.224.jar","/home/jbergqvist/.gradle/caches/modules-2/files-2.1/org.springdoc/springdoc-openapi-starter-webmvc-ui/2.6.0/2dddebb56441dbaa1009c4de434a83c65596f6ad/springdoc-openapi-starter-webmvc-ui-2.6.0.jar","/home/jbergqvist/.gradle/caches/modules-2/files-2.1/com.diffblue.cover/cover-annotations/1.8.0/9eb3621b5f61d1dd8d7fa1af6b2c8c3fcf8ee857/cover-annotations-1.8.0.jar","/home/jbergqvist/.gradle/caches/modules-2/files-2.1/org.springframework.boot/spring-boot-starter-test/3.3.3/6774cadaa893fce1f18ff5e528e17f75d32f6670/spring-boot-starter-test-3.3.3.jar","/home/jbergqvist/.gradle/caches/modules-2/files-2.1/org.springframework.boot/spring-boot-starter-aop/3.3.3/f64c22484c1ab36ae70abc752509ec4c7b1abcfc/spring-boot-starter-aop-3.3.3.jar","/home/jbergqvist/.gradle/caches/modules-2/files-2.1/org.springframework.boot/spring-boot-starter-jdbc/3.3.3/c97a56c12c79d1ce419a306ddee4ccb89b7d3728/spring-boot-starter-jdbc-3.3.3.jar","/home/jbergqvist/.gradle/caches/modules-2/files-2.1/org.hibernate.orm/hibernate-core/6.5.2.Final/e9e0cc47f6cd2b2553968aee66bd9e55e7485221/hibernate-core-6.5.2.Final.jar","/home/jbergqvist/.gradle/caches/modules-2/files-2.1/org.springframework.data/spring-data-jpa/3.3.3/9b89dbd19eee24c4dc4df12564efc603c614aa91/spring-data-jpa-3.3.3.jar","/home/jbergqvist/.gradle/caches/modules-2/files-2.1/org.springframework/spring-aspects/6.1.12/b72435b5813755a894531e2cf1565eff1b313574/spring-aspects-6.1.12.jar","/home/jbergqvist/.gradle/caches/modules-2/files-2.1/org.springframework.boot/spring-boot-starter-json/3.3.3/3dde3b6089f772a77763020cc97a219307a8f39f/spring-boot-starter-json-3.3.3.jar","/home/jbergqvist/.gradle/caches/modules-2/files-2.1/org.springframework.boot/spring-boot-starter/3.3.3/174d6cb1c59036a01756d6bf4d8945325f94155f/spring-boot-starter-3.3.3.jar","/home/jbergqvist/.gradle/caches/modules-2/files-2.1/org.springframework.boot/spring-boot-starter-tomcat/3.3.3/8ca660b0ecba2f0ff8ce27603fe89953dc4ec18d/spring-boot-starter-tomcat-3.3.3.jar","/home/jbergqvist/.gradle/caches/modules-2/files-2.1/org.springdoc/springdoc-openapi-starter-webmvc-api/2.6.0/d235c2989247641e5dfe764d7add3a11e4d54a5f/springdoc-openapi-starter-webmvc-api-2.6.0.jar","/home/jbergqvist/.gradle/caches/modules-2/files-2.1/org.springframework/spring-webmvc/6.1.12/86bb0c203d68adb4b2675765f5a372f4c5254b2d/spring-webmvc-6.1.12.jar","/home/jbergqvist/.gradle/caches/modules-2/files-2.1/org.springframework/spring-web/6.1.12/b60e69b3ec87f8e001537a0fa7e3e2732dfafa7e/spring-web-6.1.12.jar","/home/jbergqvist/.gradle/caches/modules-2/files-2.1/org.webjars/swagger-ui/5.17.14/7c746d197424eb721b4e08fcaa9e85231662d81f/swagger-ui-5.17.14.jar","/home/jbergqvist/.gradle/caches/modules-2/files-2.1/org.springframework.boot/spring-boot-test-autoconfigure/3.3.3/ebce486202d965dc984ff8013a8f87fdb9b6fe46/spring-boot-test-autoconfigure-3.3.3.jar","/home/jbergqvist/.gradle/caches/modules-2/files-2.1/org.springframework.boot/spring-boot-test/3.3.3/42a314ffe171b6fb3932a86a884ef721467dc704/spring-boot-test-3.3.3.jar","/home/jbergqvist/.gradle/caches/modules-2/files-2.1/com.jayway.jsonpath/json-path/2.9.0/37fe2217f577b0b68b18e62c4d17a8858ecf9b69/json-path-2.9.0.jar","/home/jbergqvist/.gradle/caches/modules-2/files-2.1/org.glassfish.jaxb/jaxb-runtime/4.0.5/ca84c2a7169b5293e232b9d00d1e4e36d4c3914a/jaxb-runtime-4.0.5.jar","/home/jbergqvist/.gradle/caches/modules-2/files-2.1/org.glassfish.jaxb/jaxb-core/4.0.5/7b4b11ea5542eea4ad55e1080b23be436795b3/jaxb-core-4.0.5.jar","/home/jbergqvist/.gradle/caches/modules-2/files-2.1/org.springdoc/springdoc-openapi-starter-common/2.6.0/c8cf5fbd1f9e4c410d67f1de27dfc3529de13620/springdoc-openapi-starter-common-2.6.0.jar","/home/jbergqvist/.gradle/caches/modules-2/files-2.1/io.swagger.core.v3/swagger-core-jakarta/2.2.22/9ed5daaaa1c94c9a6b56c058c9d1b3190044a2e2/swagger-core-jakarta-2.2.22.jar","/home/jbergqvist/.gradle/caches/modules-2/files-2.1/jakarta.xml.bind/jakarta.xml.bind-api/4.0.2/6cd5a999b834b63238005b7144136379dc36cad2/jakarta.xml.bind-api-4.0.2.jar","/home/jbergqvist/.gradle/caches/modules-2/files-2.1/net.minidev/json-smart/2.5.1/4c11d2808d009132dfbbf947ebf37de6bf266c8e/json-smart-2.5.1.jar","/home/jbergqvist/.gradle/caches/modules-2/files-2.1/org.assertj/assertj-core/3.25.3/792b270e73aa1cfc28fa135be0b95e69ea451432/assertj-core-3.25.3.jar","/home/jbergqvist/.gradle/caches/modules-2/files-2.1/org.awaitility/awaitility/4.2.2/7336242073ebf83fe034e42b46a403c5501b63c9/awaitility-4.2.2.jar","/home/jbergqvist/.gradle/caches/modules-2/files-2.1/org.hamcrest/hamcrest/2.2/1820c0968dba3a11a1b30669bb1f01978a91dedc/hamcrest-2.2.jar","/home/jbergqvist/.gradle/caches/modules-2/files-2.1/org.mockito/mockito-junit-jupiter/5.11.0/8e658dd339f40305ed4293db25545b5df98b171b/mockito-junit-jupiter-5.11.0.jar","/home/jbergqvist/.gradle/caches/modules-2/files-2.1/org.junit.jupiter/junit-jupiter-params/5.10.3/4852f4e4af9074d9214213b199751f99efeab8b9/junit-jupiter-params-5.10.3.jar","/home/jbergqvist/.gradle/caches/modules-2/files-2.1/org.junit.jupiter/junit-jupiter-engine/5.10.3/48c14e866bb1a87ca35d24ff068463bb202ada24/junit-jupiter-engine-5.10.3.jar","/home/jbergqvist/.gradle/caches/modules-2/files-2.1/org.junit.jupiter/junit-jupiter-api/5.10.3/a22aa91d1d6c69b2020a9aeb6d095ea81132bfa5/junit-jupiter-api-5.10.3.jar","/home/jbergqvist/.gradle/caches/modules-2/files-2.1/org.junit.platform/junit-platform-engine/1.10.3/365a320c3cfd47f3346625e541e424e35dc75c42/junit-platform-engine-1.10.3.jar","/home/jbergqvist/.gradle/caches/modules-2/files-2.1/org.junit.platform/junit-platform-commons/1.10.3/a353d42a2f13343a7cb80c5228ae66ff64495481/junit-platform-commons-1.10.3.jar","/home/jbergqvist/.gradle/caches/modules-2/files-2.1/org.junit.jupiter/junit-jupiter/5.10.3/6686d8fbf251f9bf8ecba413cab57b9e00f9134d/junit-jupiter-5.10.3.jar","/home/jbergqvist/.gradle/caches/modules-2/files-2.1/org.mockito/mockito-core/5.11.0/e4069fa4f4ff2c94322cfec5f2e45341c6c70aff/mockito-core-5.11.0.jar","/home/jbergqvist/.gradle/caches/modules-2/files-2.1/org.skyscreamer/jsonassert/1.5.3/aaa43e0823d2a0e106e8754d6a9c4ab24e05e9bc/jsonassert-1.5.3.jar","/home/jbergqvist/.gradle/caches/modules-2/files-2.1/org.springframework/spring-test/6.1.12/ea59acc56a32e6a46f66c06e5d4c2b8e8c6a2869/spring-test-6.1.12.jar","/home/jbergqvist/.gradle/caches/modules-2/files-2.1/org.springframework.boot/spring-boot-autoconfigure/3.3.3/4445f0bbf838c1e3aeb5a83bf2367fbd1013237f/spring-boot-autoconfigure-3.3.3.jar","/home/jbergqvist/.gradle/caches/modules-2/files-2.1/org.springframework.boot/spring-boot/3.3.3/f34dba93611823e521800a47043267715184911b/spring-boot-3.3.3.jar","/home/jbergqvist/.gradle/caches/modules-2/files-2.1/org.springframework/spring-context/6.1.12/e69d476d1334935529a61f403749c6b8593e3272/spring-context-6.1.12.jar","/home/jbergqvist/.gradle/caches/modules-2/files-2.1/org.springframework/spring-aop/6.1.12/5fce5ff02455fad179fc0ea05435dfb79bbeaa66/spring-aop-6.1.12.jar","/home/jbergqvist/.gradle/caches/modules-2/files-2.1/org.springframework/spring-orm/6.1.12/9df98d9ebdfcf5359dbda945de515d8af2cabe89/spring-orm-6.1.12.jar","/home/jbergqvist/.gradle/caches/modules-2/files-2.1/org.springframework/spring-jdbc/6.1.12/feb177a07e109f633c3fb1892d22a2867d0b2284/spring-jdbc-6.1.12.jar","/home/jbergqvist/.gradle/caches/modules-2/files-2.1/org.springframework.data/spring-data-commons/3.3.3/89ab77494e1e56b058001354265e381a0a2868e6/spring-data-commons-3.3.3.jar","/home/jbergqvist/.gradle/caches/modules-2/files-2.1/org.springframework/spring-tx/6.1.12/c47885e494845584e08407b611031ea2bcef0ef7/spring-tx-6.1.12.jar","/home/jbergqvist/.gradle/caches/modules-2/files-2.1/org.springframework/spring-beans/6.1.12/f0344fa934f114a15f02c2b1a199189ec12b7eb5/spring-beans-6.1.12.jar","/home/jbergqvist/.gradle/caches/modules-2/files-2.1/org.springframework/spring-expression/6.1.12/644bbc2e65eb40feb7284b8570d7a7eb8b1fe8df/spring-expression-6.1.12.jar","/home/jbergqvist/.gradle/caches/modules-2/files-2.1/org.springframework/spring-core/6.1.12/5f4162fb645c4f72b57b21d721fce9f26edb9bb9/spring-core-6.1.12.jar","/home/jbergqvist/.gradle/caches/modules-2/files-2.1/org.xmlunit/xmlunit-core/2.9.1/e5833662d9a1279a37da3ef6f62a1da29fcd68c4/xmlunit-core-2.9.1.jar","/home/jbergqvist/.gradle/caches/modules-2/files-2.1/org.aspectj/aspectjweaver/1.9.22.1/bca243d0af0db4758fbae45c5f4995cb5dabb612/aspectjweaver-1.9.22.1.jar","/home/jbergqvist/.gradle/caches/modules-2/files-2.1/com.zaxxer/HikariCP/5.1.0/8c96e36c14461fc436bb02b264b96ef3ca5dca8c/HikariCP-5.1.0.jar","/home/jbergqvist/.gradle/caches/modules-2/files-2.1/jakarta.persistence/jakarta.persistence-api/3.1.0/66901fa1c373c6aff65c13791cc11da72060a8d6/jakarta.persistence-api-3.1.0.jar","/home/jbergqvist/.gradle/caches/modules-2/files-2.1/jakarta.transaction/jakarta.transaction-api/2.0.1/51a520e3fae406abb84e2e1148e6746ce3f80a1a/jakarta.transaction-api-2.0.1.jar","/home/jbergqvist/.gradle/caches/modules-2/files-2.1/org.jboss.logging/jboss-logging/3.5.3.Final/c88fc1d8a96d4c3491f55d4317458ccad53ca663/jboss-logging-3.5.3.Final.jar","/home/jbergqvist/.gradle/caches/modules-2/files-2.1/org.hibernate.common/hibernate-commons-annotations/6.0.6.Final/77a5f94b56d49508e0ee334751db5b78e5ccd50c/hibernate-commons-annotations-6.0.6.Final.jar","/home/jbergqvist/.gradle/caches/modules-2/files-2.1/io.smallrye/jandex/3.1.2/a6c1c89925c7df06242b03dddb353116ceb9584c/jandex-3.1.2.jar","/home/jbergqvist/.gradle/caches/modules-2/files-2.1/com.fasterxml/classmate/1.7.0/e98374da1f2143ac8e6e0a95036994bb19137a3/classmate-1.7.0.jar","/home/jbergqvist/.gradle/caches/modules-2/files-2.1/net.bytebuddy/byte-buddy/1.14.19/4c0c637b8f47dc08f89240e6f59900011752c97b/byte-buddy-1.14.19.jar","/home/jbergqvist/.gradle/caches/modules-2/files-2.1/jakarta.inject/jakarta.inject-api/2.0.1/4c28afe1991a941d7702fe1362c365f0a8641d1e/jakarta.inject-api-2.0.1.jar","/home/jbergqvist/.gradle/caches/modules-2/files-2.1/org.antlr/antlr4-runtime/4.13.0/5a02e48521624faaf5ff4d99afc88b01686af655/antlr4-runtime-4.13.0.jar","/home/jbergqvist/.gradle/caches/modules-2/files-2.1/jakarta.annotation/jakarta.annotation-api/2.1.1/48b9bda22b091b1f48b13af03fe36db3be6e1ae3/jakarta.annotation-api-2.1.1.jar","/home/jbergqvist/.gradle/caches/modules-2/files-2.1/org.springframework.boot/spring-boot-starter-logging/3.3.3/43d07b2e6bbb628c7fc5df103d35ee2eb091522/spring-boot-starter-logging-3.3.3.jar","/home/jbergqvist/.gradle/caches/modules-2/files-2.1/ch.qos.logback/logback-classic/1.5.7/ad4ff8ca015737ade8e8a9de07de565c423e5b7a/logback-classic-1.5.7.jar","/home/jbergqvist/.gradle/caches/modules-2/files-2.1/org.apache.logging.log4j/log4j-to-slf4j/2.23.1/425ad1eb8a39904d2830e907a324e956fb456520/log4j-to-slf4j-2.23.1.jar","/home/jbergqvist/.gradle/caches/modules-2/files-2.1/org.slf4j/jul-to-slf4j/2.0.16/6d57da3e961daac65bcca0dd3def6cd11e48a24a/jul-to-slf4j-2.0.16.jar","/home/jbergqvist/.gradle/caches/modules-2/files-2.1/org.slf4j/slf4j-api/2.0.16/172931663a09a1fa515567af5fbef00897d3c04/slf4j-api-2.0.16.jar","/home/jbergqvist/.gradle/caches/modules-2/files-2.1/com.fasterxml.jackson.datatype/jackson-datatype-jdk8/2.17.2/efd3dd0e1d0db8bc72abbe71c15e697bb83b4b45/jackson-datatype-jdk8-2.17.2.jar","/home/jbergqvist/.gradle/caches/modules-2/files-2.1/com.fasterxml.jackson.datatype/jackson-datatype-jsr310/2.17.2/267b85e9ba2892a37be6d80aa9ca1438a0d8c210/jackson-datatype-jsr310-2.17.2.jar","/home/jbergqvist/.gradle/caches/modules-2/files-2.1/com.fasterxml.jackson.module/jackson-module-parameter-names/2.17.2/d27b9f95ccce98984c1ba58d61c5a9c072b1ad95/jackson-module-parameter-names-2.17.2.jar","/home/jbergqvist/.gradle/caches/modules-2/files-2.1/com.fasterxml.jackson.core/jackson-databind/2.17.2/e6deb029e5901e027c129341fac39e515066b68c/jackson-databind-2.17.2.jar","/home/jbergqvist/.gradle/caches/modules-2/files-2.1/io.swagger.core.v3/swagger-models-jakarta/2.2.22/bc2809b2efa1f7b062bc9668304a84b198fececd/swagger-models-jakarta-2.2.22.jar","/home/jbergqvist/.gradle/caches/modules-2/files-2.1/com.fasterxml.jackson.core/jackson-annotations/2.17.2/147b7b9412ffff24339f8aba080b292448e08698/jackson-annotations-2.17.2.jar","/home/jbergqvist/.gradle/caches/modules-2/files-2.1/com.fasterxml.jackson.core/jackson-core/2.17.2/969a35cb35c86512acbadcdbbbfb044c877db814/jackson-core-2.17.2.jar","/home/jbergqvist/.gradle/caches/modules-2/files-2.1/com.fasterxml.jackson.dataformat/jackson-dataformat-yaml/2.17.2/78d2c73dbec62044d7cf3b544b2e0d24a1a093b0/jackson-dataformat-yaml-2.17.2.jar","/home/jbergqvist/.gradle/caches/modules-2/files-2.1/org.yaml/snakeyaml/2.2/3af797a25458550a16bf89acc8e4ab2b7f2bfce0/snakeyaml-2.2.jar","/home/jbergqvist/.gradle/caches/modules-2/files-2.1/org.apache.tomcat.embed/tomcat-embed-websocket/10.1.28/1a5ee88106795215e8a7b6cfea46e57cdfc96430/tomcat-embed-websocket-10.1.28.jar","/home/jbergqvist/.gradle/caches/modules-2/files-2.1/org.apache.tomcat.embed/tomcat-embed-core/10.1.28/624f53789b7ba96bc3c8e871fb5eed4cab5a7c89/tomcat-embed-core-10.1.28.jar","/home/jbergqvist/.gradle/caches/modules-2/files-2.1/org.apache.tomcat.embed/tomcat-embed-el/10.1.28/3220f687c5ffc8650559f08ecac5b149838627b3/tomcat-embed-el-10.1.28.jar","/home/jbergqvist/.gradle/caches/modules-2/files-2.1/io.micrometer/micrometer-observation/1.13.3/99840eb14ecf95d349f39123c867c2ca33808d/micrometer-observation-1.13.3.jar","/home/jbergqvist/.gradle/caches/modules-2/files-2.1/org.eclipse.angus/angus-activation/2.0.2/41f1e0ddd157c856926ed149ab837d110955a9fc/angus-activation-2.0.2.jar","/home/jbergqvist/.gradle/caches/modules-2/files-2.1/jakarta.activation/jakarta.activation-api/2.1.3/fa165bd70cda600368eee31555222776a46b881f/jakarta.activation-api-2.1.3.jar","/home/jbergqvist/.gradle/caches/modules-2/files-2.1/net.minidev/accessors-smart/2.5.1/19b820261eb2e7de7d5bde11d1c06e4501dd7e5f/accessors-smart-2.5.1.jar","/home/jbergqvist/.gradle/caches/modules-2/files-2.1/net.bytebuddy/byte-buddy-agent/1.14.19/154da3a65b4f4a909d3e5bdec55d1b2b4cbb6ce1/byte-buddy-agent-1.14.19.jar","/home/jbergqvist/.gradle/caches/modules-2/files-2.1/org.objenesis/objenesis/3.3/1049c09f1de4331e8193e579448d0916d75b7631/objenesis-3.3.jar","/home/jbergqvist/.gradle/caches/modules-2/files-2.1/com.vaadin.external.google/android-json/0.0.20131108.vaadin1/fa26d351fe62a6a17f5cda1287c1c6110dec413f/android-json-0.0.20131108.vaadin1.jar","/home/jbergqvist/.gradle/caches/modules-2/files-2.1/org.springframework/spring-jcl/6.1.12/f46d6016fd1dd3801a0e6fcd64789ac468254944/spring-jcl-6.1.12.jar","/home/jbergqvist/.gradle/caches/modules-2/files-2.1/io.micrometer/micrometer-commons/1.13.3/47b6b093cd6ba80c9da8d973ea79c7ef69a878d5/micrometer-commons-1.13.3.jar","/home/jbergqvist/.gradle/caches/modules-2/files-2.1/org.ow2.asm/asm/9.6/aa205cf0a06dbd8e04ece91c0b37c3f5d567546a/asm-9.6.jar","/home/jbergqvist/.gradle/caches/modules-2/files-2.1/org.opentest4j/opentest4j/1.3.0/152ea56b3a72f655d4fd677fc0ef2596c3dd5e6e/opentest4j-1.3.0.jar","/home/jbergqvist/.gradle/caches/modules-2/files-2.1/org.glassfish.jaxb/txw2/4.0.5/f36a4ef12120a9bb06d766d6a0e54b144fd7ed98/txw2-4.0.5.jar","/home/jbergqvist/.gradle/caches/modules-2/files-2.1/com.sun.istack/istack-commons-runtime/4.1.2/18ec117c85f3ba0ac65409136afa8e42bc74e739/istack-commons-runtime-4.1.2.jar","/home/jbergqvist/.gradle/caches/modules-2/files-2.1/ch.qos.logback/logback-core/1.5.7/ba0d0cbac3f21abd28faed3b4931d5b49cc5887e/logback-core-1.5.7.jar","/home/jbergqvist/.gradle/caches/modules-2/files-2.1/org.apache.logging.log4j/log4j-api/2.23.1/9c15c29c526d9c6783049c0a77722693c66706e1/log4j-api-2.23.1.jar","/home/jbergqvist/.gradle/caches/modules-2/files-2.1/org.apache.commons/commons-lang3/3.14.0/1ed471194b02f2c6cb734a0cd6f6f107c673afae/commons-lang3-3.14.0.jar","/home/jbergqvist/.gradle/caches/modules-2/files-2.1/io.swagger.core.v3/swagger-annotations-jakarta/2.2.22/1efc0b0af32fce629f0786062c89e8b117abe120/swagger-annotations-jakarta-2.2.22.jar","/home/jbergqvist/.gradle/caches/modules-2/files-2.1/jakarta.validation/jakarta.validation-api/3.0.2/92b6631659ba35ca09e44874d3eb936edfeee532/jakarta.validation-api-3.0.2.jar","/home/jbergqvist/.gradle/caches/modules-2/files-2.1/org.apiguardian/apiguardian-api/1.1.2/a231e0d844d2721b0fa1b238006d15c6ded6842a/apiguardian-api-1.1.2.jar"],"complianceLevel":"21","productionSources":["/home/jbergqvist/diffblue/finos-traderX/account-service/src/main/java"],"testSources":["/home/jbergqvist/diffblue/finos-traderX/account-service/src/test/java"],"productionClasses":"/home/jbergqvist/diffblue/finos-traderX/account-service/build/classes/java/main","testClasses":"/home/jbergqvist/diffblue/finos-traderX/account-service/build/classes/java/test","sourceToBuildPathMap":{"/home/jbergqvist/diffblue/finos-traderX/account-service/src/main/java":"/home/jbergqvist/diffblue/finos-traderX/account-service/build/classes/java/main"},"testSourceToBuildPathMap":{"/home/jbergqvist/diffblue/finos-traderX/account-service/src/test/java":"/home/jbergqvist/diffblue/finos-traderX/account-service/build/classes/java/test"},"buildDirectory":null,"plugins":[{"__type":"DefaultPlugin","groupId":null,"artefactId":null,"version":null,"pluginClassName":"com.diffblue.cover.buildsystem.gradle.plugin.CoverPlugin"},{"__type":"DefaultPlugin","groupId":null,"artefactId":null,"version":"8.8","pluginClassName":"org.gradle.api.plugins.HelpTasksPlugin$Inject"},{"__type":"DefaultPlugin","groupId":null,"artefactId":null,"version":"8.8","pluginClassName":"org.gradle.buildinit.plugins.BuildInitPlugin$Inject"},{"__type":"DefaultPlugin","groupId":null,"artefactId":null,"version":"8.8","pluginClassName":"org.gradle.buildinit.plugins.WrapperPlugin$Inject"},{"__type":"DefaultPlugin","groupId":null,"artefactId":null,"version":"8.8","pluginClassName":"org.gradle.language.base.plugins.LifecycleBasePlugin$Inject"},{"__type":"DefaultPlugin","groupId":null,"artefactId":null,"version":"8.8","pluginClassName":"org.gradle.api.plugins.BasePlugin$Inject"},{"__type":"DefaultPlugin","groupId":null,"artefactId":null,"version":"8.8","pluginClassName":"org.gradle.api.plugins.JvmEcosystemPlugin$Inject"},{"__type":"DefaultPlugin","groupId":null,"artefactId":null,"version":"8.8","pluginClassName":"org.gradle.api.plugins.ReportingBasePlugin$Inject"},{"__type":"DefaultPlugin","groupId":null,"artefactId":null,"version":"8.8","pluginClassName":"org.gradle.api.plugins.JvmToolchainsPlugin$Inject"},{"__type":"DefaultPlugin","groupId":null,"artefactId":null,"version":"8.8","pluginClassName":"org.gradle.api.plugins.JavaBasePlugin$Inject"},{"__type":"DefaultPlugin","groupId":null,"artefactId":null,"version":"8.8","pluginClassName":"org.gradle.testing.base.plugins.TestSuiteBasePlugin$Inject"},{"__type":"DefaultPlugin","groupId":null,"artefactId":null,"version":"8.8","pluginClassName":"org.gradle.api.plugins.JvmTestSuitePlugin$Inject"},{"__type":"DefaultPlugin","groupId":null,"artefactId":null,"version":"8.8","pluginClassName":"org.gradle.api.plugins.JavaPlugin$Inject"},{"__type":"DefaultPlugin","groupId":null,"artefactId":null,"version":"3.3.3","pluginClassName":"org.springframework.boot.gradle.plugin.SpringBootPlugin"},{"__type":"DefaultPlugin","groupId":null,"artefactId":null,"version":"1.1.6","pluginClassName":"io.spring.gradle.dependencymanagement.DependencyManagementPlugin"},{"__type":"DefaultPlugin","groupId":null,"artefactId":null,"version":"0.8.11","pluginClassName":"org.gradle.testing.jacoco.plugins.JacocoPlugin$Inject"}],"version":"8.8","encoding":"UTF-8","name":"gradle","subModules":[],"simpleModuleName":"account-service","parentModuleName":"","location":"/home/jbergqvist/diffblue/finos-traderX/account-service","fullModuleName":"account-service"}],"simpleModuleName":"finos-traderX","parentModuleName":null,"location":"/home/jbergqvist/diffblue/finos-traderX","fullModuleName":"finos-traderX"}}
12:45:32.463 [INFO]   [Checking]    deserializing line [DIFFBLUE]{"__type":"com.diffblue.cover.buildsystem.model.DefaultEventMessage","project":"finos-traderX","goal":"help","cause":null,"state":"STARTED"}
12:45:32.465 [INFO]   [Checking]    deserializing line [DIFFBLUE]{"__type":"com.diffblue.cover.buildsystem.model.DefaultEventMessage","project":"finos-traderX","goal":"help","cause":null,"state":"SUCCESS"}
12:45:32.467 [INFO]   [Checking]    Found 1 ProjectModuleMessages (ignoring buildSrc projects)
12:45:32.467 [INFO]   [Checking]    Found module finos-traderX in the working directory /home/jbergqvist/diffblue/finos-traderX
12:45:32.467 [INFO]   [Checking]    deserialized project module is present? true
12:45:32.469 [INFO]   [Checking]    Detected build system: Gradle 8.8
12:45:32.520 [INFO]   [Checking]    Operating System: Linux amd64 6.8.0-90-generic
12:45:32.520 [INFO]   [Checking]    Default charset: UTF-8
12:45:32.520 [INFO]   [Checking]    Default locale: en_GB
12:45:32.522 [INFO]   [Checking]    Default time zone: Europe/London
12:45:32.524 [INFO]   [Checking]    Selected build system: Gradle
12:45:32.527 [INFO]   [Checking]    Detected JVM architecture: 64-Bit
12:45:32.528 [INFO]   [Checking]    
12:45:32.528 [INFO]   [Checking]    Building...
12:45:32.531 [INFO]   [Checking]    Using default build rules as no custom rules found in any of [/home/jbergqvist/diffblue/finos-traderX]
12:45:32.531 [INFO]   [Checking]    The file /home/jbergqvist/diffblue/finos-traderX/.diffblue/init.gradle already exists and will be overwritten.
12:45:32.532 [INFO]   [Checking]    Attempting to invoke /home/jbergqvist/diffblue/finos-traderX/./gradlew in working directory: /home/jbergqvist/diffblue/finos-traderX
12:45:32.533 [INFO]   [Checking]    Started "/home/jbergqvist/diffblue/finos-traderX/./gradlew --init-script=/home/jbergqvist/diffblue/finos-traderX/.diffblue/init.gradle --info --console=plain -PskipTestOptimizer=true -Dcom.diffblue.cover.buildsystem.gradle.model-jar=/opt/cover/com.diffblue.cover.buildsystem.gradle.plugin.jar --no-daemon assemble testClasses"
12:45:32.778 [INFO]   [Checking]    out: Initialized native services in: /home/jbergqvist/.gradle/native
12:45:32.780 [INFO]   [Checking]    out: Initialized jansi services in: /home/jbergqvist/.gradle/native
12:45:32.887 [INFO]   [Checking]    out: Received JVM installation metadata from '/home/jbergqvist/.sdkman/candidates/java/21.0.9-amzn': {JAVA_HOME=/home/jbergqvist/.sdkman/candidates/java/21.0.9-amzn, JAVA_VERSION=21.0.9, JAVA_VENDOR=Amazon.com Inc., RUNTIME_NAME=OpenJDK Runtime Environment, RUNTIME_VERSION=21.0.9+10-LTS, VM_NAME=OpenJDK 64-Bit Server VM, VM_VERSION=21.0.9+10-LTS, VM_VENDOR=Amazon.com Inc., OS_ARCH=amd64}
12:45:32.987 [INFO]   [Checking]    out: To honour the JVM settings for this build a single-use Daemon process will be forked. For more on this, please refer to https://docs.gradle.org/8.8/userguide/gradle_daemon.html#sec:disabling_the_daemon in the Gradle documentation.
12:45:32.987 [INFO]   [Checking]    out: Starting process 'Gradle build daemon'. Working directory: /home/jbergqvist/.gradle/daemon/8.8 Command: /home/jbergqvist/.sdkman/candidates/java/21.0.9-amzn/bin/java --add-opens=java.base/java.util=ALL-UNNAMED --add-opens=java.base/java.lang=ALL-UNNAMED --add-opens=java.base/java.lang.invoke=ALL-UNNAMED --add-opens=java.prefs/java.util.prefs=ALL-UNNAMED --add-opens=java.base/java.nio.charset=ALL-UNNAMED --add-opens=java.base/java.net=ALL-UNNAMED --add-opens=java.base/java.util.concurrent.atomic=ALL-UNNAMED -XX:MaxMetaspaceSize=384m -XX:+HeapDumpOnOutOfMemoryError -Xms256m -Xmx512m -Dfile.encoding=UTF-8 -Duser.country=GB -Duser.language=en -Duser.variant -cp /home/jbergqvist/.gradle/wrapper/dists/gradle-8.8-bin/dl7vupf4psengwqhwktix4v1/gradle-8.8/lib/gradle-launcher-8.8.jar -javaagent:/home/jbergqvist/.gradle/wrapper/dists/gradle-8.8-bin/dl7vupf4psengwqhwktix4v1/gradle-8.8/lib/agents/gradle-instrumentation-agent-8.8.jar org.gradle.launcher.daemon.bootstrap.GradleDaemon 8.8
12:45:32.987 [INFO]   [Checking]    out: Successfully started process 'Gradle build daemon'
12:45:33.486 [INFO]   [Checking]    out: An attempt to start the daemon took 0.558 secs.
12:45:33.586 [INFO]   [Checking]    out: The client will now receive all logging from the daemon (pid: 273681). The daemon log file: /home/jbergqvist/.gradle/daemon/8.8/daemon-273681.out.log
12:45:33.587 [INFO]   [Checking]    out: Daemon will be stopped at the end of the build 
12:45:33.786 [INFO]   [Checking]    out: Using 20 worker leases.
12:45:33.987 [INFO]   [Checking]    out: Received JVM installation metadata from '/home/jbergqvist/.sdkman/candidates/java/21.0.9-amzn': {JAVA_HOME=/home/jbergqvist/.sdkman/candidates/java/21.0.9-amzn, JAVA_VERSION=21.0.9, JAVA_VENDOR=Amazon.com Inc., RUNTIME_NAME=OpenJDK Runtime Environment, RUNTIME_VERSION=21.0.9+10-LTS, VM_NAME=OpenJDK 64-Bit Server VM, VM_VERSION=21.0.9+10-LTS, VM_VENDOR=Amazon.com Inc., OS_ARCH=amd64}
12:45:34.186 [INFO]   [Checking]    out: Watching the file system is configured to be enabled if available
12:45:34.187 [INFO]   [Checking]    out: Now considering [/home/jbergqvist/diffblue/finos-traderX] as hierarchies to watch
12:45:34.187 [INFO]   [Checking]    out: File system watching is active
12:45:35.087 [INFO]   [Checking]    out: Transforming com.diffblue.cover.buildsystem.gradle.plugin.jar with InstrumentationAnalysisTransform
12:45:35.186 [INFO]   [Checking]    out: Transforming com.diffblue.cover.buildsystem.gradle.plugin.jar with InstrumentationAnalysisTransform
12:45:35.187 [INFO]   [Checking]    out: Transforming com.diffblue.cover.buildsystem.gradle.plugin.jar with MergeInstrumentationAnalysisTransform
12:45:35.187 [INFO]   [Checking]    out: Transforming com.diffblue.cover.buildsystem.gradle.plugin.jar with ExternalDependencyInstrumentingArtifactTransform
12:45:35.187 [INFO]   [Checking]    out: Starting Build
12:45:35.286 [INFO]   [Checking]    out: Settings evaluated using settings file '/home/jbergqvist/diffblue/finos-traderX/settings.gradle'.
12:45:35.387 [INFO]   [Checking]    out: Projects loaded. Root project using build file '/home/jbergqvist/diffblue/finos-traderX/build.gradle'.
12:45:35.387 [INFO]   [Checking]    out: Included projects: [root project 'finos-traderX', project ':account-service', project ':database', project ':position-service', project ':trade-processor', project ':trade-service']
12:45:35.387 [INFO]   [Checking]    out: Started Diffblue Gradle Event Listener
12:45:35.486 [INFO]   [Checking]    out: 
12:45:35.487 [INFO]   [Checking]    out: > Configure project :
12:45:35.488 [INFO]   [Checking]    out: Evaluating root project 'finos-traderX' using build file '/home/jbergqvist/diffblue/finos-traderX/build.gradle'.
12:45:36.087 [INFO]   [Checking]    out: 
12:45:36.087 [INFO]   [Checking]    out: > Configure project :account-service
12:45:36.087 [INFO]   [Checking]    out: Evaluating project ':account-service' using build file '/home/jbergqvist/diffblue/finos-traderX/account-service/build.gradle'.
12:45:36.087 [INFO]   [Checking]    out: Transforming spring-boot-gradle-plugin-3.3.3.jar (org.springframework.boot:spring-boot-gradle-plugin:3.3.3) with InstrumentationAnalysisTransform
12:45:36.087 [INFO]   [Checking]    out: Transforming dependency-management-plugin-1.1.6.jar (io.spring.gradle:dependency-management-plugin:1.1.6) with InstrumentationAnalysisTransform
12:45:36.087 [INFO]   [Checking]    out: Transforming spring-boot-buildpack-platform-3.3.3.jar (org.springframework.boot:spring-boot-buildpack-platform:3.3.3) with InstrumentationAnalysisTransform
12:45:36.087 [INFO]   [Checking]    out: Transforming spring-boot-loader-tools-3.3.3.jar (org.springframework.boot:spring-boot-loader-tools:3.3.3) with InstrumentationAnalysisTransform
12:45:36.087 [INFO]   [Checking]    out: Transforming commons-compress-1.25.0.jar (org.apache.commons:commons-compress:1.25.0) with InstrumentationAnalysisTransform
12:45:36.087 [INFO]   [Checking]    out: Transforming spring-core-6.1.12.jar (org.springframework:spring-core:6.1.12) with InstrumentationAnalysisTransform
12:45:36.087 [INFO]   [Checking]    out: Transforming jackson-annotations-2.14.2.jar (com.fasterxml.jackson.core:jackson-annotations:2.14.2) with InstrumentationAnalysisTransform
12:45:36.087 [INFO]   [Checking]    out: Transforming jackson-core-2.14.2.jar (com.fasterxml.jackson.core:jackson-core:2.14.2) with InstrumentationAnalysisTransform
12:45:36.087 [INFO]   [Checking]    out: Transforming jackson-module-parameter-names-2.14.2.jar (com.fasterxml.jackson.module:jackson-module-parameter-names:2.14.2) with InstrumentationAnalysisTransform
12:45:36.087 [INFO]   [Checking]    out: Transforming jackson-databind-2.14.2.jar (com.fasterxml.jackson.core:jackson-databind:2.14.2) with InstrumentationAnalysisTransform
12:45:36.087 [INFO]   [Checking]    out: Transforming jna-platform-5.13.0.jar (net.java.dev.jna:jna-platform:5.13.0) with InstrumentationAnalysisTransform
12:45:36.087 [INFO]   [Checking]    out: Transforming httpclient5-5.3.1.jar (org.apache.httpcomponents.client5:httpclient5:5.3.1) with InstrumentationAnalysisTransform
12:45:36.087 [INFO]   [Checking]    out: Transforming tomlj-1.0.0.jar (org.tomlj:tomlj:1.0.0) with InstrumentationAnalysisTransform
12:45:36.087 [INFO]   [Checking]    out: Transforming spring-jcl-6.1.12.jar (org.springframework:spring-jcl:6.1.12) with InstrumentationAnalysisTransform
12:45:36.087 [INFO]   [Checking]    out: Transforming jna-5.13.0.jar (net.java.dev.jna:jna:5.13.0) with InstrumentationAnalysisTransform
12:45:36.088 [INFO]   [Checking]    out: Transforming httpcore5-h2-5.2.4.jar (org.apache.httpcomponents.core5:httpcore5-h2:5.2.4) with InstrumentationAnalysisTransform
12:45:36.088 [INFO]   [Checking]    out: Transforming httpcore5-5.2.4.jar (org.apache.httpcomponents.core5:httpcore5:5.2.4) with InstrumentationAnalysisTransform
12:45:36.088 [INFO]   [Checking]    out: Transforming slf4j-api-1.7.36.jar (org.slf4j:slf4j-api:1.7.36) with InstrumentationAnalysisTransform
12:45:36.088 [INFO]   [Checking]    out: Transforming antlr4-runtime-4.7.2.jar (org.antlr:antlr4-runtime:4.7.2) with InstrumentationAnalysisTransform
12:45:36.088 [INFO]   [Checking]    out: Transforming jsr305-3.0.2.jar (com.google.code.findbugs:jsr305:3.0.2) with InstrumentationAnalysisTransform
12:45:36.088 [INFO]   [Checking]    out: Transforming spring-boot-gradle-plugin-3.3.3.jar (org.springframework.boot:spring-boot-gradle-plugin:3.3.3) with InstrumentationAnalysisTransform
12:45:36.088 [INFO]   [Checking]    out: Transforming spring-boot-gradle-plugin-3.3.3.jar (org.springframework.boot:spring-boot-gradle-plugin:3.3.3) with MergeInstrumentationAnalysisTransform
12:45:36.088 [INFO]   [Checking]    out: Transforming dependency-management-plugin-1.1.6.jar (io.spring.gradle:dependency-management-plugin:1.1.6) with InstrumentationAnalysisTransform
12:45:36.088 [INFO]   [Checking]    out: Transforming dependency-management-plugin-1.1.6.jar (io.spring.gradle:dependency-management-plugin:1.1.6) with MergeInstrumentationAnalysisTransform
12:45:36.088 [INFO]   [Checking]    out: Transforming spring-boot-buildpack-platform-3.3.3.jar (org.springframework.boot:spring-boot-buildpack-platform:3.3.3) with InstrumentationAnalysisTransform
12:45:36.088 [INFO]   [Checking]    out: Transforming spring-boot-buildpack-platform-3.3.3.jar (org.springframework.boot:spring-boot-buildpack-platform:3.3.3) with MergeInstrumentationAnalysisTransform
12:45:36.088 [INFO]   [Checking]    out: Transforming spring-boot-loader-tools-3.3.3.jar (org.springframework.boot:spring-boot-loader-tools:3.3.3) with InstrumentationAnalysisTransform
12:45:36.088 [INFO]   [Checking]    out: Transforming spring-boot-loader-tools-3.3.3.jar (org.springframework.boot:spring-boot-loader-tools:3.3.3) with MergeInstrumentationAnalysisTransform
12:45:36.088 [INFO]   [Checking]    out: Transforming commons-compress-1.25.0.jar (org.apache.commons:commons-compress:1.25.0) with InstrumentationAnalysisTransform
12:45:36.088 [INFO]   [Checking]    out: Transforming commons-compress-1.25.0.jar (org.apache.commons:commons-compress:1.25.0) with MergeInstrumentationAnalysisTransform
12:45:36.088 [INFO]   [Checking]    out: Transforming spring-core-6.1.12.jar (org.springframework:spring-core:6.1.12) with InstrumentationAnalysisTransform
12:45:36.089 [INFO]   [Checking]    out: Transforming spring-core-6.1.12.jar (org.springframework:spring-core:6.1.12) with MergeInstrumentationAnalysisTransform
12:45:36.089 [INFO]   [Checking]    out: Transforming jackson-annotations-2.14.2.jar (com.fasterxml.jackson.core:jackson-annotations:2.14.2) with InstrumentationAnalysisTransform
12:45:36.089 [INFO]   [Checking]    out: Transforming jackson-annotations-2.14.2.jar (com.fasterxml.jackson.core:jackson-annotations:2.14.2) with MergeInstrumentationAnalysisTransform
12:45:36.089 [INFO]   [Checking]    out: Transforming jackson-core-2.14.2.jar (com.fasterxml.jackson.core:jackson-core:2.14.2) with InstrumentationAnalysisTransform
12:45:36.089 [INFO]   [Checking]    out: Transforming jackson-core-2.14.2.jar (com.fasterxml.jackson.core:jackson-core:2.14.2) with MergeInstrumentationAnalysisTransform
12:45:36.089 [INFO]   [Checking]    out: Transforming jackson-module-parameter-names-2.14.2.jar (com.fasterxml.jackson.module:jackson-module-parameter-names:2.14.2) with InstrumentationAnalysisTransform
12:45:36.089 [INFO]   [Checking]    out: Transforming jackson-module-parameter-names-2.14.2.jar (com.fasterxml.jackson.module:jackson-module-parameter-names:2.14.2) with MergeInstrumentationAnalysisTransform
12:45:36.089 [INFO]   [Checking]    out: Transforming jackson-databind-2.14.2.jar (com.fasterxml.jackson.core:jackson-databind:2.14.2) with InstrumentationAnalysisTransform
12:45:36.089 [INFO]   [Checking]    out: Transforming jackson-databind-2.14.2.jar (com.fasterxml.jackson.core:jackson-databind:2.14.2) with MergeInstrumentationAnalysisTransform
12:45:36.089 [INFO]   [Checking]    out: Transforming jna-platform-5.13.0.jar (net.java.dev.jna:jna-platform:5.13.0) with InstrumentationAnalysisTransform
12:45:36.089 [INFO]   [Checking]    out: Transforming jna-platform-5.13.0.jar (net.java.dev.jna:jna-platform:5.13.0) with MergeInstrumentationAnalysisTransform
12:45:36.089 [INFO]   [Checking]    out: Transforming httpclient5-5.3.1.jar (org.apache.httpcomponents.client5:httpclient5:5.3.1) with InstrumentationAnalysisTransform
12:45:36.089 [INFO]   [Checking]    out: Transforming httpclient5-5.3.1.jar (org.apache.httpcomponents.client5:httpclient5:5.3.1) with MergeInstrumentationAnalysisTransform
12:45:36.089 [INFO]   [Checking]    out: Transforming tomlj-1.0.0.jar (org.tomlj:tomlj:1.0.0) with InstrumentationAnalysisTransform
12:45:36.089 [INFO]   [Checking]    out: Transforming tomlj-1.0.0.jar (org.tomlj:tomlj:1.0.0) with MergeInstrumentationAnalysisTransform
12:45:36.089 [INFO]   [Checking]    out: Transforming spring-jcl-6.1.12.jar (org.springframework:spring-jcl:6.1.12) with InstrumentationAnalysisTransform
12:45:36.089 [INFO]   [Checking]    out: Transforming spring-jcl-6.1.12.jar (org.springframework:spring-jcl:6.1.12) with MergeInstrumentationAnalysisTransform
12:45:36.089 [INFO]   [Checking]    out: Transforming spring-boot-buildpack-platform-3.3.3.jar (org.springframework.boot:spring-boot-buildpack-platform:3.3.3) with ExternalDependencyInstrumentingArtifactTransform
12:45:36.089 [INFO]   [Checking]    out: Transforming jna-5.13.0.jar (net.java.dev.jna:jna:5.13.0) with InstrumentationAnalysisTransform
12:45:36.090 [INFO]   [Checking]    out: Transforming jna-5.13.0.jar (net.java.dev.jna:jna:5.13.0) with MergeInstrumentationAnalysisTransform
12:45:36.090 [INFO]   [Checking]    out: Transforming httpcore5-h2-5.2.4.jar (org.apache.httpcomponents.core5:httpcore5-h2:5.2.4) with InstrumentationAnalysisTransform
12:45:36.090 [INFO]   [Checking]    out: Transforming httpcore5-h2-5.2.4.jar (org.apache.httpcomponents.core5:httpcore5-h2:5.2.4) with MergeInstrumentationAnalysisTransform
12:45:36.090 [INFO]   [Checking]    out: Transforming httpcore5-5.2.4.jar (org.apache.httpcomponents.core5:httpcore5:5.2.4) with InstrumentationAnalysisTransform
12:45:36.090 [INFO]   [Checking]    out: Transforming spring-boot-gradle-plugin-3.3.3.jar (org.springframework.boot:spring-boot-gradle-plugin:3.3.3) with ExternalDependencyInstrumentingArtifactTransform
12:45:36.090 [INFO]   [Checking]    out: Transforming httpcore5-5.2.4.jar (org.apache.httpcomponents.core5:httpcore5:5.2.4) with MergeInstrumentationAnalysisTransform
12:45:36.090 [INFO]   [Checking]    out: Transforming dependency-management-plugin-1.1.6.jar (io.spring.gradle:dependency-management-plugin:1.1.6) with ExternalDependencyInstrumentingArtifactTransform
12:45:36.090 [INFO]   [Checking]    out: Transforming slf4j-api-1.7.36.jar (org.slf4j:slf4j-api:1.7.36) with InstrumentationAnalysisTransform
12:45:36.090 [INFO]   [Checking]    out: Transforming commons-compress-1.25.0.jar (org.apache.commons:commons-compress:1.25.0) with ExternalDependencyInstrumentingArtifactTransform
12:45:36.090 [INFO]   [Checking]    out: Transforming slf4j-api-1.7.36.jar (org.slf4j:slf4j-api:1.7.36) with MergeInstrumentationAnalysisTransform
12:45:36.090 [INFO]   [Checking]    out: Transforming spring-boot-loader-tools-3.3.3.jar (org.springframework.boot:spring-boot-loader-tools:3.3.3) with ExternalDependencyInstrumentingArtifactTransform
12:45:36.090 [INFO]   [Checking]    out: Transforming antlr4-runtime-4.7.2.jar (org.antlr:antlr4-runtime:4.7.2) with InstrumentationAnalysisTransform
12:45:36.090 [INFO]   [Checking]    out: Transforming antlr4-runtime-4.7.2.jar (org.antlr:antlr4-runtime:4.7.2) with MergeInstrumentationAnalysisTransform
12:45:36.090 [INFO]   [Checking]    out: Transforming spring-core-6.1.12.jar (org.springframework:spring-core:6.1.12) with ExternalDependencyInstrumentingArtifactTransform
12:45:36.090 [INFO]   [Checking]    out: Transforming jsr305-3.0.2.jar (com.google.code.findbugs:jsr305:3.0.2) with InstrumentationAnalysisTransform
12:45:36.090 [INFO]   [Checking]    out: Transforming jsr305-3.0.2.jar (com.google.code.findbugs:jsr305:3.0.2) with MergeInstrumentationAnalysisTransform
12:45:36.090 [INFO]   [Checking]    out: Transforming jackson-annotations-2.14.2.jar (com.fasterxml.jackson.core:jackson-annotations:2.14.2) with ExternalDependencyInstrumentingArtifactTransform
12:45:36.090 [INFO]   [Checking]    out: Transforming jackson-module-parameter-names-2.14.2.jar (com.fasterxml.jackson.module:jackson-module-parameter-names:2.14.2) with ExternalDependencyInstrumentingArtifactTransform
12:45:36.090 [INFO]   [Checking]    out: Transforming jackson-databind-2.14.2.jar (com.fasterxml.jackson.core:jackson-databind:2.14.2) with ExternalDependencyInstrumentingArtifactTransform
12:45:36.090 [INFO]   [Checking]    out: Transforming jackson-core-2.14.2.jar (com.fasterxml.jackson.core:jackson-core:2.14.2) with ExternalDependencyInstrumentingArtifactTransform
12:45:36.090 [INFO]   [Checking]    out: Transforming jna-platform-5.13.0.jar (net.java.dev.jna:jna-platform:5.13.0) with ExternalDependencyInstrumentingArtifactTransform
12:45:36.090 [INFO]   [Checking]    out: Transforming httpclient5-5.3.1.jar (org.apache.httpcomponents.client5:httpclient5:5.3.1) with ExternalDependencyInstrumentingArtifactTransform
12:45:36.091 [INFO]   [Checking]    out: Transforming tomlj-1.0.0.jar (org.tomlj:tomlj:1.0.0) with ExternalDependencyInstrumentingArtifactTransform
12:45:36.091 [INFO]   [Checking]    out: Transforming spring-jcl-6.1.12.jar (org.springframework:spring-jcl:6.1.12) with ExternalDependencyInstrumentingArtifactTransform
12:45:36.091 [INFO]   [Checking]    out: Transforming httpcore5-h2-5.2.4.jar (org.apache.httpcomponents.core5:httpcore5-h2:5.2.4) with ExternalDependencyInstrumentingArtifactTransform
12:45:36.091 [INFO]   [Checking]    out: Transforming jna-5.13.0.jar (net.java.dev.jna:jna:5.13.0) with ExternalDependencyInstrumentingArtifactTransform
12:45:36.091 [INFO]   [Checking]    out: Transforming slf4j-api-1.7.36.jar (org.slf4j:slf4j-api:1.7.36) with ExternalDependencyInstrumentingArtifactTransform
12:45:36.091 [INFO]   [Checking]    out: Transforming antlr4-runtime-4.7.2.jar (org.antlr:antlr4-runtime:4.7.2) with ExternalDependencyInstrumentingArtifactTransform
12:45:36.091 [INFO]   [Checking]    out: Transforming httpcore5-5.2.4.jar (org.apache.httpcomponents.core5:httpcore5:5.2.4) with ExternalDependencyInstrumentingArtifactTransform
12:45:36.091 [INFO]   [Checking]    out: Transforming jsr305-3.0.2.jar (com.google.code.findbugs:jsr305:3.0.2) with ExternalDependencyInstrumentingArtifactTransform
12:45:36.091 [INFO]   [Checking]    out: Applying dependency management to configuration 'annotationProcessor' in project 'account-service'
12:45:36.091 [INFO]   [Checking]    out: Applying dependency management to configuration 'apiElements' in project 'account-service'
12:45:36.091 [INFO]   [Checking]    out: Applying dependency management to configuration 'archives' in project 'account-service'
12:45:36.091 [INFO]   [Checking]    out: Applying dependency management to configuration 'bootArchives' in project 'account-service'
12:45:36.091 [INFO]   [Checking]    out: Applying dependency management to configuration 'compileClasspath' in project 'account-service'
12:45:36.091 [INFO]   [Checking]    out: Applying dependency management to configuration 'compileOnly' in project 'account-service'
12:45:36.091 [INFO]   [Checking]    out: Applying dependency management to configuration 'default' in project 'account-service'
12:45:36.091 [INFO]   [Checking]    out: Applying dependency management to configuration 'developmentOnly' in project 'account-service'
12:45:36.091 [INFO]   [Checking]    out: Applying dependency management to configuration 'implementation' in project 'account-service'
12:45:36.091 [INFO]   [Checking]    out: Applying dependency management to configuration 'mainSourceElements' in project 'account-service'
12:45:36.091 [INFO]   [Checking]    out: Applying dependency management to configuration 'productionRuntimeClasspath' in project 'account-service'
12:45:36.091 [INFO]   [Checking]    out: Applying dependency management to configuration 'runtimeClasspath' in project 'account-service'
12:45:36.091 [INFO]   [Checking]    out: Applying dependency management to configuration 'runtimeElements' in project 'account-service'
12:45:36.091 [INFO]   [Checking]    out: Applying dependency management to configuration 'runtimeOnly' in project 'account-service'
12:45:36.091 [INFO]   [Checking]    out: Applying dependency management to configuration 'testAndDevelopmentOnly' in project 'account-service'
12:45:36.092 [INFO]   [Checking]    out: Applying dependency management to configuration 'testAnnotationProcessor' in project 'account-service'
12:45:36.092 [INFO]   [Checking]    out: Applying dependency management to configuration 'testCompileClasspath' in project 'account-service'
12:45:36.092 [INFO]   [Checking]    out: Applying dependency management to configuration 'testCompileOnly' in project 'account-service'
12:45:36.092 [INFO]   [Checking]    out: Applying dependency management to configuration 'testImplementation' in project 'account-service'
12:45:36.092 [INFO]   [Checking]    out: Applying dependency management to configuration 'testResultsElementsForTest' in project 'account-service'
12:45:36.092 [INFO]   [Checking]    out: Applying dependency management to configuration 'testRuntimeClasspath' in project 'account-service'
12:45:36.092 [INFO]   [Checking]    out: Applying dependency management to configuration 'testRuntimeOnly' in project 'account-service'
12:45:36.092 [INFO]   [Checking]    out: Configuring Jacoco Plugin for use with Diffblue Cover
12:45:36.092 [INFO]   [Checking]    out: Applying dependency management to configuration 'jacocoAgent' in project 'account-service'
12:45:36.092 [INFO]   [Checking]    out: Applying dependency management to configuration 'jacocoAnt' in project 'account-service'
12:45:36.092 [INFO]   [Checking]    out: Applying dependency management to configuration 'coverageDataElementsForTest' in project 'account-service'
12:45:36.092 [INFO]   [Checking]    out: Configuring task :account-service:test for use with Diffblue Cover
12:45:36.092 [INFO]   [Checking]    out: ignoreFailures: false
12:45:36.092 [INFO]   [Checking]    out: excludes: []
12:45:36.092 [INFO]   [Checking]    out: includes: []
12:45:36.092 [INFO]   [Checking]    out: No group filtering configured
12:45:36.092 [INFO]   [Checking]    out: Saving execution data to: /home/jbergqvist/diffblue/finos-traderX/account-service/build/jacoco/test.exec
12:45:36.092 [INFO]   [Checking]    out: testFramework: class org.gradle.api.internal.tasks.testing.junitplatform.JUnitPlatformTestFramework
12:45:36.092 [INFO]   [Checking]    out: Getting testXMLPath
12:45:36.092 [INFO]   [Checking]    out: testXMLPath exists: true
12:45:36.092 [INFO]   [Checking]    out: diffblueTempPath: /home/jbergqvist/diffblue/finos-traderX/account-service/build/test-results/diffblueTemp
12:45:36.092 [INFO]   [Checking]    out: diffblueTempPath exists after mkdir: true
12:45:36.093 [INFO]   [Checking]    out: Configuring task :account-service:jacocoTestReport for use with Diffblue Cover
12:45:36.093 [INFO]   [Checking]    out: executionData: file collection
12:45:36.093 [INFO]   [Checking]    out: exec files to make report: [/home/jbergqvist/diffblue/finos-traderX/account-service/build/jacoco/test.exec]
12:45:36.093 [INFO]   [Checking]    out: exec files to make report from: [org.gradle.testing.jacoco.tasks.JacocoReportBase$2@2208ed87]
12:45:36.093 [INFO]   [Checking]    out: Configuring task :account-service:jacocoTestReportDeletePrevious for use with Diffblue Cover
12:45:36.093 [INFO]   [Checking]    out: Adding /home/jbergqvist/diffblue/finos-traderX/account-service/build/reports/jacoco/test/jacocoTestReport.xml to be deleted
12:45:36.093 [INFO]   [Checking]    out: Configuring task :account-service:jacocoTestReportPrepareEmptyExec for use with Diffblue Cover
12:45:36.093 [INFO]   [Checking]    out: Configuring task :account-service:testMoveTestXMLBack for use with Diffblue Cover
12:45:36.093 [INFO]   [Checking]    out: testXMLPath exists: true
12:45:36.093 [INFO]   [Checking]    out: diffblueTempPath before: {}
12:45:36.093 [INFO]   [Checking]    out: textXmlPAth files before: /home/jbergqvist/diffblue/finos-traderX/account-service/build/test-results/test/binary
12:45:36.093 [INFO]   [Checking]    out: Configuring task :account-service:testMoveBackJacocoExec for use with Diffblue Cover
12:45:36.093 [INFO]   [Checking]    out: Configuring task :account-service:testDeletePreviousExecFiles for use with Diffblue Cover
12:45:36.187 [INFO]   [Checking]    out: 
12:45:36.187 [INFO]   [Checking]    out: > Configure project :database
12:45:36.187 [INFO]   [Checking]    out: Evaluating project ':database' using build file '/home/jbergqvist/diffblue/finos-traderX/database/build.gradle'.
12:45:36.187 [INFO]   [Checking]    out: Configuring Jacoco Plugin for use with Diffblue Cover
12:45:36.187 [INFO]   [Checking]    out: Configuring task :database:test for use with Diffblue Cover
12:45:36.187 [INFO]   [Checking]    out: ignoreFailures: false
12:45:36.187 [INFO]   [Checking]    out: excludes: []
12:45:36.187 [INFO]   [Checking]    out: includes: []
12:45:36.187 [INFO]   [Checking]    out: No group filtering configured
12:45:36.187 [INFO]   [Checking]    out: Saving execution data to: /home/jbergqvist/diffblue/finos-traderX/database/build/jacoco/test.exec
12:45:36.187 [INFO]   [Checking]    out: testFramework: class org.gradle.api.internal.tasks.testing.junitplatform.JUnitPlatformTestFramework
12:45:36.187 [INFO]   [Checking]    out: Getting testXMLPath
12:45:36.187 [INFO]   [Checking]    out: testXMLPath exists: false
12:45:36.187 [INFO]   [Checking]    out: diffblueTempPath: /home/jbergqvist/diffblue/finos-traderX/database/build/test-results/diffblueTemp
12:45:36.187 [INFO]   [Checking]    out: Creating diffblueTempPath
12:45:36.187 [INFO]   [Checking]    out: diffblueTempPath exists after mkdir: false
12:45:36.187 [INFO]   [Checking]    out: Configuring task :database:jacocoTestReport for use with Diffblue Cover
12:45:36.187 [INFO]   [Checking]    out: executionData: file collection
12:45:36.187 [INFO]   [Checking]    out: exec files to make report: [/home/jbergqvist/diffblue/finos-traderX/database/build/jacoco/test.exec]
12:45:36.187 [INFO]   [Checking]    out: exec files to make report from: [org.gradle.testing.jacoco.tasks.JacocoReportBase$2@635f0e28]
12:45:36.187 [INFO]   [Checking]    out: Configuring task :database:jacocoTestReportDeletePrevious for use with Diffblue Cover
12:45:36.187 [INFO]   [Checking]    out: Adding /home/jbergqvist/diffblue/finos-traderX/database/build/reports/jacoco/test/jacocoTestReport.xml to be deleted
12:45:36.187 [INFO]   [Checking]    out: Configuring task :database:jacocoTestReportPrepareEmptyExec for use with Diffblue Cover
12:45:36.187 [INFO]   [Checking]    out: Configuring task :database:testMoveTestXMLBack for use with Diffblue Cover
12:45:36.187 [INFO]   [Checking]    out: Configuring task :database:testMoveBackJacocoExec for use with Diffblue Cover
12:45:36.187 [INFO]   [Checking]    out: Configuring task :database:testDeletePreviousExecFiles for use with Diffblue Cover
12:45:36.187 [INFO]   [Checking]    out: 
12:45:36.188 [INFO]   [Checking]    out: > Configure project :position-service
12:45:36.188 [INFO]   [Checking]    out: Evaluating project ':position-service' using build file '/home/jbergqvist/diffblue/finos-traderX/position-service/build.gradle'.
12:45:36.188 [INFO]   [Checking]    out: Transforming spring-boot-gradle-plugin-3.3.3.jar (org.springframework.boot:spring-boot-gradle-plugin:3.3.3) with InstrumentationAnalysisTransform
12:45:36.188 [INFO]   [Checking]    out: Transforming dependency-management-plugin-1.1.6.jar (io.spring.gradle:dependency-management-plugin:1.1.6) with InstrumentationAnalysisTransform
12:45:36.188 [INFO]   [Checking]    out: Transforming spring-boot-buildpack-platform-3.3.3.jar (org.springframework.boot:spring-boot-buildpack-platform:3.3.3) with InstrumentationAnalysisTransform
12:45:36.188 [INFO]   [Checking]    out: Transforming spring-boot-loader-tools-3.3.3.jar (org.springframework.boot:spring-boot-loader-tools:3.3.3) with InstrumentationAnalysisTransform
12:45:36.188 [INFO]   [Checking]    out: Transforming commons-compress-1.25.0.jar (org.apache.commons:commons-compress:1.25.0) with InstrumentationAnalysisTransform
12:45:36.188 [INFO]   [Checking]    out: Transforming spring-core-6.1.12.jar (org.springframework:spring-core:6.1.12) with InstrumentationAnalysisTransform
12:45:36.188 [INFO]   [Checking]    out: Transforming jackson-annotations-2.14.2.jar (com.fasterxml.jackson.core:jackson-annotations:2.14.2) with InstrumentationAnalysisTransform
12:45:36.188 [INFO]   [Checking]    out: Transforming jackson-core-2.14.2.jar (com.fasterxml.jackson.core:jackson-core:2.14.2) with InstrumentationAnalysisTransform
12:45:36.188 [INFO]   [Checking]    out: Transforming jackson-module-parameter-names-2.14.2.jar (com.fasterxml.jackson.module:jackson-module-parameter-names:2.14.2) with InstrumentationAnalysisTransform
12:45:36.188 [INFO]   [Checking]    out: Transforming jackson-databind-2.14.2.jar (com.fasterxml.jackson.core:jackson-databind:2.14.2) with InstrumentationAnalysisTransform
12:45:36.188 [INFO]   [Checking]    out: Transforming jna-platform-5.13.0.jar (net.java.dev.jna:jna-platform:5.13.0) with InstrumentationAnalysisTransform
12:45:36.188 [INFO]   [Checking]    out: Transforming httpclient5-5.3.1.jar (org.apache.httpcomponents.client5:httpclient5:5.3.1) with InstrumentationAnalysisTransform
12:45:36.188 [INFO]   [Checking]    out: Transforming tomlj-1.0.0.jar (org.tomlj:tomlj:1.0.0) with InstrumentationAnalysisTransform
12:45:36.188 [INFO]   [Checking]    out: Transforming spring-jcl-6.1.12.jar (org.springframework:spring-jcl:6.1.12) with InstrumentationAnalysisTransform
12:45:36.188 [INFO]   [Checking]    out: Transforming jna-5.13.0.jar (net.java.dev.jna:jna:5.13.0) with InstrumentationAnalysisTransform
12:45:36.188 [INFO]   [Checking]    out: Transforming httpcore5-h2-5.2.4.jar (org.apache.httpcomponents.core5:httpcore5-h2:5.2.4) with InstrumentationAnalysisTransform
12:45:36.188 [INFO]   [Checking]    out: Transforming httpcore5-5.2.4.jar (org.apache.httpcomponents.core5:httpcore5:5.2.4) with InstrumentationAnalysisTransform
12:45:36.188 [INFO]   [Checking]    out: Transforming slf4j-api-1.7.36.jar (org.slf4j:slf4j-api:1.7.36) with InstrumentationAnalysisTransform
12:45:36.188 [INFO]   [Checking]    out: Transforming antlr4-runtime-4.7.2.jar (org.antlr:antlr4-runtime:4.7.2) with InstrumentationAnalysisTransform
12:45:36.188 [INFO]   [Checking]    out: Transforming jsr305-3.0.2.jar (com.google.code.findbugs:jsr305:3.0.2) with InstrumentationAnalysisTransform
12:45:36.188 [INFO]   [Checking]    out: Transforming spring-boot-gradle-plugin-3.3.3.jar (org.springframework.boot:spring-boot-gradle-plugin:3.3.3) with InstrumentationAnalysisTransform
12:45:36.188 [INFO]   [Checking]    out: Transforming spring-boot-gradle-plugin-3.3.3.jar (org.springframework.boot:spring-boot-gradle-plugin:3.3.3) with MergeInstrumentationAnalysisTransform
12:45:36.188 [INFO]   [Checking]    out: Transforming dependency-management-plugin-1.1.6.jar (io.spring.gradle:dependency-management-plugin:1.1.6) with InstrumentationAnalysisTransform
12:45:36.188 [INFO]   [Checking]    out: Transforming dependency-management-plugin-1.1.6.jar (io.spring.gradle:dependency-management-plugin:1.1.6) with MergeInstrumentationAnalysisTransform
12:45:36.188 [INFO]   [Checking]    out: Transforming spring-boot-buildpack-platform-3.3.3.jar (org.springframework.boot:spring-boot-buildpack-platform:3.3.3) with InstrumentationAnalysisTransform
12:45:36.188 [INFO]   [Checking]    out: Transforming spring-boot-gradle-plugin-3.3.3.jar (org.springframework.boot:spring-boot-gradle-plugin:3.3.3) with ExternalDependencyInstrumentingArtifactTransform
12:45:36.189 [INFO]   [Checking]    out: Transforming spring-boot-buildpack-platform-3.3.3.jar (org.springframework.boot:spring-boot-buildpack-platform:3.3.3) with MergeInstrumentationAnalysisTransform
12:45:36.189 [INFO]   [Checking]    out: Transforming dependency-management-plugin-1.1.6.jar (io.spring.gradle:dependency-management-plugin:1.1.6) with ExternalDependencyInstrumentingArtifactTransform
12:45:36.189 [INFO]   [Checking]    out: Transforming spring-boot-loader-tools-3.3.3.jar (org.springframework.boot:spring-boot-loader-tools:3.3.3) with InstrumentationAnalysisTransform
12:45:36.189 [INFO]   [Checking]    out: Transforming spring-boot-loader-tools-3.3.3.jar (org.springframework.boot:spring-boot-loader-tools:3.3.3) with MergeInstrumentationAnalysisTransform
12:45:36.189 [INFO]   [Checking]    out: Transforming spring-boot-buildpack-platform-3.3.3.jar (org.springframework.boot:spring-boot-buildpack-platform:3.3.3) with ExternalDependencyInstrumentingArtifactTransform
12:45:36.189 [INFO]   [Checking]    out: Transforming commons-compress-1.25.0.jar (org.apache.commons:commons-compress:1.25.0) with InstrumentationAnalysisTransform
12:45:36.189 [INFO]   [Checking]    out: Transforming commons-compress-1.25.0.jar (org.apache.commons:commons-compress:1.25.0) with MergeInstrumentationAnalysisTransform
12:45:36.189 [INFO]   [Checking]    out: Transforming spring-boot-loader-tools-3.3.3.jar (org.springframework.boot:spring-boot-loader-tools:3.3.3) with ExternalDependencyInstrumentingArtifactTransform
12:45:36.189 [INFO]   [Checking]    out: Transforming spring-core-6.1.12.jar (org.springframework:spring-core:6.1.12) with InstrumentationAnalysisTransform
12:45:36.189 [INFO]   [Checking]    out: Transforming spring-core-6.1.12.jar (org.springframework:spring-core:6.1.12) with MergeInstrumentationAnalysisTransform
12:45:36.189 [INFO]   [Checking]    out: Transforming jackson-annotations-2.14.2.jar (com.fasterxml.jackson.core:jackson-annotations:2.14.2) with InstrumentationAnalysisTransform
12:45:36.189 [INFO]   [Checking]    out: Transforming commons-compress-1.25.0.jar (org.apache.commons:commons-compress:1.25.0) with ExternalDependencyInstrumentingArtifactTransform
12:45:36.189 [INFO]   [Checking]    out: Transforming jackson-annotations-2.14.2.jar (com.fasterxml.jackson.core:jackson-annotations:2.14.2) with MergeInstrumentationAnalysisTransform
12:45:36.189 [INFO]   [Checking]    out: Transforming spring-core-6.1.12.jar (org.springframework:spring-core:6.1.12) with ExternalDependencyInstrumentingArtifactTransform
12:45:36.189 [INFO]   [Checking]    out: Transforming jackson-core-2.14.2.jar (com.fasterxml.jackson.core:jackson-core:2.14.2) with InstrumentationAnalysisTransform
12:45:36.189 [INFO]   [Checking]    out: Transforming jackson-core-2.14.2.jar (com.fasterxml.jackson.core:jackson-core:2.14.2) with MergeInstrumentationAnalysisTransform
12:45:36.189 [INFO]   [Checking]    out: Transforming jackson-module-parameter-names-2.14.2.jar (com.fasterxml.jackson.module:jackson-module-parameter-names:2.14.2) with InstrumentationAnalysisTransform
12:45:36.189 [INFO]   [Checking]    out: Transforming jackson-annotations-2.14.2.jar (com.fasterxml.jackson.core:jackson-annotations:2.14.2) with ExternalDependencyInstrumentingArtifactTransform
12:45:36.189 [INFO]   [Checking]    out: Transforming jackson-module-parameter-names-2.14.2.jar (com.fasterxml.jackson.module:jackson-module-parameter-names:2.14.2) with MergeInstrumentationAnalysisTransform
12:45:36.189 [INFO]   [Checking]    out: Transforming jackson-core-2.14.2.jar (com.fasterxml.jackson.core:jackson-core:2.14.2) with ExternalDependencyInstrumentingArtifactTransform
12:45:36.189 [INFO]   [Checking]    out: Transforming jackson-databind-2.14.2.jar (com.fasterxml.jackson.core:jackson-databind:2.14.2) with InstrumentationAnalysisTransform
12:45:36.189 [INFO]   [Checking]    out: Transforming jackson-databind-2.14.2.jar (com.fasterxml.jackson.core:jackson-databind:2.14.2) with MergeInstrumentationAnalysisTransform
12:45:36.189 [INFO]   [Checking]    out: Transforming jackson-module-parameter-names-2.14.2.jar (com.fasterxml.jackson.module:jackson-module-parameter-names:2.14.2) with ExternalDependencyInstrumentingArtifactTransform
12:45:36.189 [INFO]   [Checking]    out: Transforming jna-platform-5.13.0.jar (net.java.dev.jna:jna-platform:5.13.0) with InstrumentationAnalysisTransform
12:45:36.189 [INFO]   [Checking]    out: Transforming jna-platform-5.13.0.jar (net.java.dev.jna:jna-platform:5.13.0) with MergeInstrumentationAnalysisTransform
12:45:36.189 [INFO]   [Checking]    out: Transforming jackson-databind-2.14.2.jar (com.fasterxml.jackson.core:jackson-databind:2.14.2) with ExternalDependencyInstrumentingArtifactTransform
12:45:36.189 [INFO]   [Checking]    out: Transforming httpclient5-5.3.1.jar (org.apache.httpcomponents.client5:httpclient5:5.3.1) with InstrumentationAnalysisTransform
12:45:36.189 [INFO]   [Checking]    out: Transforming httpclient5-5.3.1.jar (org.apache.httpcomponents.client5:httpclient5:5.3.1) with MergeInstrumentationAnalysisTransform
12:45:36.189 [INFO]   [Checking]    out: Transforming jna-platform-5.13.0.jar (net.java.dev.jna:jna-platform:5.13.0) with ExternalDependencyInstrumentingArtifactTransform
12:45:36.189 [INFO]   [Checking]    out: Transforming tomlj-1.0.0.jar (org.tomlj:tomlj:1.0.0) with InstrumentationAnalysisTransform
12:45:36.189 [INFO]   [Checking]    out: Transforming tomlj-1.0.0.jar (org.tomlj:tomlj:1.0.0) with MergeInstrumentationAnalysisTransform
12:45:36.189 [INFO]   [Checking]    out: Transforming httpclient5-5.3.1.jar (org.apache.httpcomponents.client5:httpclient5:5.3.1) with ExternalDependencyInstrumentingArtifactTransform
12:45:36.189 [INFO]   [Checking]    out: Transforming spring-jcl-6.1.12.jar (org.springframework:spring-jcl:6.1.12) with InstrumentationAnalysisTransform
12:45:36.189 [INFO]   [Checking]    out: Transforming spring-jcl-6.1.12.jar (org.springframework:spring-jcl:6.1.12) with MergeInstrumentationAnalysisTransform
12:45:36.189 [INFO]   [Checking]    out: Transforming tomlj-1.0.0.jar (org.tomlj:tomlj:1.0.0) with ExternalDependencyInstrumentingArtifactTransform
12:45:36.190 [INFO]   [Checking]    out: Transforming jna-5.13.0.jar (net.java.dev.jna:jna:5.13.0) with InstrumentationAnalysisTransform
12:45:36.190 [INFO]   [Checking]    out: Transforming jna-5.13.0.jar (net.java.dev.jna:jna:5.13.0) with MergeInstrumentationAnalysisTransform
12:45:36.190 [INFO]   [Checking]    out: Transforming spring-jcl-6.1.12.jar (org.springframework:spring-jcl:6.1.12) with ExternalDependencyInstrumentingArtifactTransform
12:45:36.190 [INFO]   [Checking]    out: Transforming httpcore5-h2-5.2.4.jar (org.apache.httpcomponents.core5:httpcore5-h2:5.2.4) with InstrumentationAnalysisTransform
12:45:36.190 [INFO]   [Checking]    out: Transforming httpcore5-h2-5.2.4.jar (org.apache.httpcomponents.core5:httpcore5-h2:5.2.4) with MergeInstrumentationAnalysisTransform
12:45:36.190 [INFO]   [Checking]    out: Transforming jna-5.13.0.jar (net.java.dev.jna:jna:5.13.0) with ExternalDependencyInstrumentingArtifactTransform
12:45:36.190 [INFO]   [Checking]    out: Transforming httpcore5-5.2.4.jar (org.apache.httpcomponents.core5:httpcore5:5.2.4) with InstrumentationAnalysisTransform
12:45:36.190 [INFO]   [Checking]    out: Transforming httpcore5-5.2.4.jar (org.apache.httpcomponents.core5:httpcore5:5.2.4) with MergeInstrumentationAnalysisTransform
12:45:36.190 [INFO]   [Checking]    out: Transforming httpcore5-h2-5.2.4.jar (org.apache.httpcomponents.core5:httpcore5-h2:5.2.4) with ExternalDependencyInstrumentingArtifactTransform
12:45:36.190 [INFO]   [Checking]    out: Transforming slf4j-api-1.7.36.jar (org.slf4j:slf4j-api:1.7.36) with InstrumentationAnalysisTransform
12:45:36.190 [INFO]   [Checking]    out: Transforming slf4j-api-1.7.36.jar (org.slf4j:slf4j-api:1.7.36) with MergeInstrumentationAnalysisTransform
12:45:36.190 [INFO]   [Checking]    out: Transforming antlr4-runtime-4.7.2.jar (org.antlr:antlr4-runtime:4.7.2) with InstrumentationAnalysisTransform
12:45:36.190 [INFO]   [Checking]    out: Transforming httpcore5-5.2.4.jar (org.apache.httpcomponents.core5:httpcore5:5.2.4) with ExternalDependencyInstrumentingArtifactTransform
12:45:36.190 [INFO]   [Checking]    out: Transforming slf4j-api-1.7.36.jar (org.slf4j:slf4j-api:1.7.36) with ExternalDependencyInstrumentingArtifactTransform
12:45:36.190 [INFO]   [Checking]    out: Transforming antlr4-runtime-4.7.2.jar (org.antlr:antlr4-runtime:4.7.2) with MergeInstrumentationAnalysisTransform
12:45:36.190 [INFO]   [Checking]    out: Transforming jsr305-3.0.2.jar (com.google.code.findbugs:jsr305:3.0.2) with InstrumentationAnalysisTransform
12:45:36.190 [INFO]   [Checking]    out: Transforming jsr305-3.0.2.jar (com.google.code.findbugs:jsr305:3.0.2) with MergeInstrumentationAnalysisTransform
12:45:36.190 [INFO]   [Checking]    out: Transforming antlr4-runtime-4.7.2.jar (org.antlr:antlr4-runtime:4.7.2) with ExternalDependencyInstrumentingArtifactTransform
12:45:36.190 [INFO]   [Checking]    out: Transforming jsr305-3.0.2.jar (com.google.code.findbugs:jsr305:3.0.2) with ExternalDependencyInstrumentingArtifactTransform
12:45:36.190 [INFO]   [Checking]    out: Applying dependency management to configuration 'annotationProcessor' in project 'position-service'
12:45:36.190 [INFO]   [Checking]    out: Applying dependency management to configuration 'apiElements' in project 'position-service'
12:45:36.190 [INFO]   [Checking]    out: Applying dependency management to configuration 'archives' in project 'position-service'
12:45:36.190 [INFO]   [Checking]    out: Applying dependency management to configuration 'bootArchives' in project 'position-service'
12:45:36.190 [INFO]   [Checking]    out: Applying dependency management to configuration 'compileClasspath' in project 'position-service'
12:45:36.190 [INFO]   [Checking]    out: Applying dependency management to configuration 'compileOnly' in project 'position-service'
12:45:36.190 [INFO]   [Checking]    out: Applying dependency management to configuration 'default' in project 'position-service'
12:45:36.190 [INFO]   [Checking]    out: Applying dependency management to configuration 'developmentOnly' in project 'position-service'
12:45:36.190 [INFO]   [Checking]    out: Applying dependency management to configuration 'implementation' in project 'position-service'
12:45:36.190 [INFO]   [Checking]    out: Applying dependency management to configuration 'mainSourceElements' in project 'position-service'
12:45:36.190 [INFO]   [Checking]    out: Applying dependency management to configuration 'productionRuntimeClasspath' in project 'position-service'
12:45:36.190 [INFO]   [Checking]    out: Applying dependency management to configuration 'runtimeClasspath' in project 'position-service'
12:45:36.190 [INFO]   [Checking]    out: Applying dependency management to configuration 'runtimeElements' in project 'position-service'
12:45:36.190 [INFO]   [Checking]    out: Applying dependency management to configuration 'runtimeOnly' in project 'position-service'
12:45:36.190 [INFO]   [Checking]    out: Applying dependency management to configuration 'testAndDevelopmentOnly' in project 'position-service'
12:45:36.190 [INFO]   [Checking]    out: Applying dependency management to configuration 'testAnnotationProcessor' in project 'position-service'
12:45:36.190 [INFO]   [Checking]    out: Applying dependency management to configuration 'testCompileClasspath' in project 'position-service'
12:45:36.190 [INFO]   [Checking]    out: Applying dependency management to configuration 'testCompileOnly' in project 'position-service'
12:45:36.190 [INFO]   [Checking]    out: Applying dependency management to configuration 'testImplementation' in project 'position-service'
12:45:36.190 [INFO]   [Checking]    out: Applying dependency management to configuration 'testResultsElementsForTest' in project 'position-service'
12:45:36.190 [INFO]   [Checking]    out: Applying dependency management to configuration 'testRuntimeClasspath' in project 'position-service'
12:45:36.191 [INFO]   [Checking]    out: Applying dependency management to configuration 'testRuntimeOnly' in project 'position-service'
12:45:36.191 [INFO]   [Checking]    out: Configuring Jacoco Plugin for use with Diffblue Cover
12:45:36.191 [INFO]   [Checking]    out: Applying dependency management to configuration 'jacocoAgent' in project 'position-service'
12:45:36.191 [INFO]   [Checking]    out: Applying dependency management to configuration 'jacocoAnt' in project 'position-service'
12:45:36.191 [INFO]   [Checking]    out: Applying dependency management to configuration 'coverageDataElementsForTest' in project 'position-service'
12:45:36.191 [INFO]   [Checking]    out: Configuring task :position-service:test for use with Diffblue Cover
12:45:36.191 [INFO]   [Checking]    out: ignoreFailures: false
12:45:36.191 [INFO]   [Checking]    out: excludes: []
12:45:36.191 [INFO]   [Checking]    out: includes: []
12:45:36.191 [INFO]   [Checking]    out: No group filtering configured
12:45:36.191 [INFO]   [Checking]    out: Saving execution data to: /home/jbergqvist/diffblue/finos-traderX/position-service/build/jacoco/test.exec
12:45:36.191 [INFO]   [Checking]    out: testFramework: class org.gradle.api.internal.tasks.testing.junitplatform.JUnitPlatformTestFramework
12:45:36.191 [INFO]   [Checking]    out: Getting testXMLPath
12:45:36.191 [INFO]   [Checking]    out: testXMLPath exists: true
12:45:36.191 [INFO]   [Checking]    out: diffblueTempPath: /home/jbergqvist/diffblue/finos-traderX/position-service/build/test-results/diffblueTemp
12:45:36.191 [INFO]   [Checking]    out: diffblueTempPath exists after mkdir: true
12:45:36.191 [INFO]   [Checking]    out: Configuring task :position-service:jacocoTestReport for use with Diffblue Cover
12:45:36.191 [INFO]   [Checking]    out: executionData: file collection
12:45:36.191 [INFO]   [Checking]    out: exec files to make report: [/home/jbergqvist/diffblue/finos-traderX/position-service/build/jacoco/test.exec]
12:45:36.191 [INFO]   [Checking]    out: exec files to make report from: [org.gradle.testing.jacoco.tasks.JacocoReportBase$2@9a55fd4]
12:45:36.191 [INFO]   [Checking]    out: Configuring task :position-service:jacocoTestReportDeletePrevious for use with Diffblue Cover
12:45:36.191 [INFO]   [Checking]    out: Adding /home/jbergqvist/diffblue/finos-traderX/position-service/build/reports/jacoco/test/jacocoTestReport.xml to be deleted
12:45:36.191 [INFO]   [Checking]    out: Configuring task :position-service:jacocoTestReportPrepareEmptyExec for use with Diffblue Cover
12:45:36.191 [INFO]   [Checking]    out: Configuring task :position-service:testMoveTestXMLBack for use with Diffblue Cover
12:45:36.191 [INFO]   [Checking]    out: testXMLPath exists: true
12:45:36.191 [INFO]   [Checking]    out: diffblueTempPath before: {}
12:45:36.191 [INFO]   [Checking]    out: textXmlPAth files before: {}
12:45:36.191 [INFO]   [Checking]    out: Configuring task :position-service:testMoveBackJacocoExec for use with Diffblue Cover
12:45:36.191 [INFO]   [Checking]    out: Configuring task :position-service:testDeletePreviousExecFiles for use with Diffblue Cover
12:45:36.287 [INFO]   [Checking]    out: 
12:45:36.287 [INFO]   [Checking]    out: > Configure project :trade-processor
12:45:36.287 [INFO]   [Checking]    out: Evaluating project ':trade-processor' using build file '/home/jbergqvist/diffblue/finos-traderX/trade-processor/build.gradle'.
12:45:36.287 [INFO]   [Checking]    out: Transforming spring-boot-gradle-plugin-3.3.3.jar (org.springframework.boot:spring-boot-gradle-plugin:3.3.3) with InstrumentationAnalysisTransform
12:45:36.287 [INFO]   [Checking]    out: Transforming dependency-management-plugin-1.1.6.jar (io.spring.gradle:dependency-management-plugin:1.1.6) with InstrumentationAnalysisTransform
12:45:36.287 [INFO]   [Checking]    out: Transforming spring-boot-buildpack-platform-3.3.3.jar (org.springframework.boot:spring-boot-buildpack-platform:3.3.3) with InstrumentationAnalysisTransform
12:45:36.287 [INFO]   [Checking]    out: Transforming spring-boot-loader-tools-3.3.3.jar (org.springframework.boot:spring-boot-loader-tools:3.3.3) with InstrumentationAnalysisTransform
12:45:36.287 [INFO]   [Checking]    out: Transforming commons-compress-1.25.0.jar (org.apache.commons:commons-compress:1.25.0) with InstrumentationAnalysisTransform
12:45:36.287 [INFO]   [Checking]    out: Transforming spring-core-6.1.12.jar (org.springframework:spring-core:6.1.12) with InstrumentationAnalysisTransform
12:45:36.287 [INFO]   [Checking]    out: Transforming jackson-annotations-2.14.2.jar (com.fasterxml.jackson.core:jackson-annotations:2.14.2) with InstrumentationAnalysisTransform
12:45:36.287 [INFO]   [Checking]    out: Transforming jackson-core-2.14.2.jar (com.fasterxml.jackson.core:jackson-core:2.14.2) with InstrumentationAnalysisTransform
12:45:36.287 [INFO]   [Checking]    out: Transforming jackson-module-parameter-names-2.14.2.jar (com.fasterxml.jackson.module:jackson-module-parameter-names:2.14.2) with InstrumentationAnalysisTransform
12:45:36.287 [INFO]   [Checking]    out: Transforming jackson-databind-2.14.2.jar (com.fasterxml.jackson.core:jackson-databind:2.14.2) with InstrumentationAnalysisTransform
12:45:36.287 [INFO]   [Checking]    out: Transforming jna-platform-5.13.0.jar (net.java.dev.jna:jna-platform:5.13.0) with InstrumentationAnalysisTransform
12:45:36.287 [INFO]   [Checking]    out: Transforming httpclient5-5.3.1.jar (org.apache.httpcomponents.client5:httpclient5:5.3.1) with InstrumentationAnalysisTransform
12:45:36.287 [INFO]   [Checking]    out: Transforming tomlj-1.0.0.jar (org.tomlj:tomlj:1.0.0) with InstrumentationAnalysisTransform
12:45:36.287 [INFO]   [Checking]    out: Transforming spring-jcl-6.1.12.jar (org.springframework:spring-jcl:6.1.12) with InstrumentationAnalysisTransform
12:45:36.287 [INFO]   [Checking]    out: Transforming jna-5.13.0.jar (net.java.dev.jna:jna:5.13.0) with InstrumentationAnalysisTransform
12:45:36.287 [INFO]   [Checking]    out: Transforming httpcore5-h2-5.2.4.jar (org.apache.httpcomponents.core5:httpcore5-h2:5.2.4) with InstrumentationAnalysisTransform
12:45:36.287 [INFO]   [Checking]    out: Transforming httpcore5-5.2.4.jar (org.apache.httpcomponents.core5:httpcore5:5.2.4) with InstrumentationAnalysisTransform
12:45:36.287 [INFO]   [Checking]    out: Transforming slf4j-api-1.7.36.jar (org.slf4j:slf4j-api:1.7.36) with InstrumentationAnalysisTransform
12:45:36.287 [INFO]   [Checking]    out: Transforming antlr4-runtime-4.7.2.jar (org.antlr:antlr4-runtime:4.7.2) with InstrumentationAnalysisTransform
12:45:36.288 [INFO]   [Checking]    out: Transforming jsr305-3.0.2.jar (com.google.code.findbugs:jsr305:3.0.2) with InstrumentationAnalysisTransform
12:45:36.288 [INFO]   [Checking]    out: Transforming spring-boot-gradle-plugin-3.3.3.jar (org.springframework.boot:spring-boot-gradle-plugin:3.3.3) with InstrumentationAnalysisTransform
12:45:36.288 [INFO]   [Checking]    out: Transforming spring-boot-gradle-plugin-3.3.3.jar (org.springframework.boot:spring-boot-gradle-plugin:3.3.3) with MergeInstrumentationAnalysisTransform
12:45:36.288 [INFO]   [Checking]    out: Transforming dependency-management-plugin-1.1.6.jar (io.spring.gradle:dependency-management-plugin:1.1.6) with InstrumentationAnalysisTransform
12:45:36.288 [INFO]   [Checking]    out: Transforming dependency-management-plugin-1.1.6.jar (io.spring.gradle:dependency-management-plugin:1.1.6) with MergeInstrumentationAnalysisTransform
12:45:36.288 [INFO]   [Checking]    out: Transforming spring-boot-gradle-plugin-3.3.3.jar (org.springframework.boot:spring-boot-gradle-plugin:3.3.3) with ExternalDependencyInstrumentingArtifactTransform
12:45:36.288 [INFO]   [Checking]    out: Transforming spring-boot-buildpack-platform-3.3.3.jar (org.springframework.boot:spring-boot-buildpack-platform:3.3.3) with InstrumentationAnalysisTransform
12:45:36.288 [INFO]   [Checking]    out: Transforming dependency-management-plugin-1.1.6.jar (io.spring.gradle:dependency-management-plugin:1.1.6) with ExternalDependencyInstrumentingArtifactTransform
12:45:36.288 [INFO]   [Checking]    out: Transforming spring-boot-buildpack-platform-3.3.3.jar (org.springframework.boot:spring-boot-buildpack-platform:3.3.3) with MergeInstrumentationAnalysisTransform
12:45:36.288 [INFO]   [Checking]    out: Transforming spring-boot-loader-tools-3.3.3.jar (org.springframework.boot:spring-boot-loader-tools:3.3.3) with InstrumentationAnalysisTransform
12:45:36.288 [INFO]   [Checking]    out: Transforming spring-boot-loader-tools-3.3.3.jar (org.springframework.boot:spring-boot-loader-tools:3.3.3) with MergeInstrumentationAnalysisTransform
12:45:36.288 [INFO]   [Checking]    out: Transforming spring-boot-buildpack-platform-3.3.3.jar (org.springframework.boot:spring-boot-buildpack-platform:3.3.3) with ExternalDependencyInstrumentingArtifactTransform
12:45:36.288 [INFO]   [Checking]    out: Transforming commons-compress-1.25.0.jar (org.apache.commons:commons-compress:1.25.0) with InstrumentationAnalysisTransform
12:45:36.288 [INFO]   [Checking]    out: Transforming commons-compress-1.25.0.jar (org.apache.commons:commons-compress:1.25.0) with MergeInstrumentationAnalysisTransform
12:45:36.288 [INFO]   [Checking]    out: Transforming spring-boot-loader-tools-3.3.3.jar (org.springframework.boot:spring-boot-loader-tools:3.3.3) with ExternalDependencyInstrumentingArtifactTransform
12:45:36.288 [INFO]   [Checking]    out: Transforming spring-core-6.1.12.jar (org.springframework:spring-core:6.1.12) with InstrumentationAnalysisTransform
12:45:36.288 [INFO]   [Checking]    out: Transforming spring-core-6.1.12.jar (org.springframework:spring-core:6.1.12) with MergeInstrumentationAnalysisTransform
12:45:36.288 [INFO]   [Checking]    out: Transforming commons-compress-1.25.0.jar (org.apache.commons:commons-compress:1.25.0) with ExternalDependencyInstrumentingArtifactTransform
12:45:36.288 [INFO]   [Checking]    out: Transforming jackson-annotations-2.14.2.jar (com.fasterxml.jackson.core:jackson-annotations:2.14.2) with InstrumentationAnalysisTransform
12:45:36.288 [INFO]   [Checking]    out: Transforming jackson-annotations-2.14.2.jar (com.fasterxml.jackson.core:jackson-annotations:2.14.2) with MergeInstrumentationAnalysisTransform
12:45:36.288 [INFO]   [Checking]    out: Transforming spring-core-6.1.12.jar (org.springframework:spring-core:6.1.12) with ExternalDependencyInstrumentingArtifactTransform
12:45:36.288 [INFO]   [Checking]    out: Transforming jackson-core-2.14.2.jar (com.fasterxml.jackson.core:jackson-core:2.14.2) with InstrumentationAnalysisTransform
12:45:36.288 [INFO]   [Checking]    out: Transforming jackson-core-2.14.2.jar (com.fasterxml.jackson.core:jackson-core:2.14.2) with MergeInstrumentationAnalysisTransform
12:45:36.288 [INFO]   [Checking]    out: Transforming jackson-annotations-2.14.2.jar (com.fasterxml.jackson.core:jackson-annotations:2.14.2) with ExternalDependencyInstrumentingArtifactTransform
12:45:36.288 [INFO]   [Checking]    out: Transforming jackson-module-parameter-names-2.14.2.jar (com.fasterxml.jackson.module:jackson-module-parameter-names:2.14.2) with InstrumentationAnalysisTransform
12:45:36.288 [INFO]   [Checking]    out: Transforming jackson-module-parameter-names-2.14.2.jar (com.fasterxml.jackson.module:jackson-module-parameter-names:2.14.2) with MergeInstrumentationAnalysisTransform
12:45:36.288 [INFO]   [Checking]    out: Transforming jackson-core-2.14.2.jar (com.fasterxml.jackson.core:jackson-core:2.14.2) with ExternalDependencyInstrumentingArtifactTransform
12:45:36.288 [INFO]   [Checking]    out: Transforming jackson-databind-2.14.2.jar (com.fasterxml.jackson.core:jackson-databind:2.14.2) with InstrumentationAnalysisTransform
12:45:36.288 [INFO]   [Checking]    out: Transforming jackson-databind-2.14.2.jar (com.fasterxml.jackson.core:jackson-databind:2.14.2) with MergeInstrumentationAnalysisTransform
12:45:36.288 [INFO]   [Checking]    out: Transforming jackson-module-parameter-names-2.14.2.jar (com.fasterxml.jackson.module:jackson-module-parameter-names:2.14.2) with ExternalDependencyInstrumentingArtifactTransform
12:45:36.288 [INFO]   [Checking]    out: Transforming jna-platform-5.13.0.jar (net.java.dev.jna:jna-platform:5.13.0) with InstrumentationAnalysisTransform
12:45:36.288 [INFO]   [Checking]    out: Transforming jna-platform-5.13.0.jar (net.java.dev.jna:jna-platform:5.13.0) with MergeInstrumentationAnalysisTransform
12:45:36.288 [INFO]   [Checking]    out: Transforming jackson-databind-2.14.2.jar (com.fasterxml.jackson.core:jackson-databind:2.14.2) with ExternalDependencyInstrumentingArtifactTransform
12:45:36.288 [INFO]   [Checking]    out: Transforming httpclient5-5.3.1.jar (org.apache.httpcomponents.client5:httpclient5:5.3.1) with InstrumentationAnalysisTransform
12:45:36.288 [INFO]   [Checking]    out: Transforming jna-platform-5.13.0.jar (net.java.dev.jna:jna-platform:5.13.0) with ExternalDependencyInstrumentingArtifactTransform
12:45:36.288 [INFO]   [Checking]    out: Transforming httpclient5-5.3.1.jar (org.apache.httpcomponents.client5:httpclient5:5.3.1) with MergeInstrumentationAnalysisTransform
12:45:36.288 [INFO]   [Checking]    out: Transforming tomlj-1.0.0.jar (org.tomlj:tomlj:1.0.0) with InstrumentationAnalysisTransform
12:45:36.288 [INFO]   [Checking]    out: Transforming tomlj-1.0.0.jar (org.tomlj:tomlj:1.0.0) with MergeInstrumentationAnalysisTransform
12:45:36.288 [INFO]   [Checking]    out: Transforming httpclient5-5.3.1.jar (org.apache.httpcomponents.client5:httpclient5:5.3.1) with ExternalDependencyInstrumentingArtifactTransform
12:45:36.288 [INFO]   [Checking]    out: Transforming spring-jcl-6.1.12.jar (org.springframework:spring-jcl:6.1.12) with InstrumentationAnalysisTransform
12:45:36.288 [INFO]   [Checking]    out: Transforming spring-jcl-6.1.12.jar (org.springframework:spring-jcl:6.1.12) with MergeInstrumentationAnalysisTransform
12:45:36.288 [INFO]   [Checking]    out: Transforming tomlj-1.0.0.jar (org.tomlj:tomlj:1.0.0) with ExternalDependencyInstrumentingArtifactTransform
12:45:36.289 [INFO]   [Checking]    out: Transforming jna-5.13.0.jar (net.java.dev.jna:jna:5.13.0) with InstrumentationAnalysisTransform
12:45:36.289 [INFO]   [Checking]    out: Transforming jna-5.13.0.jar (net.java.dev.jna:jna:5.13.0) with MergeInstrumentationAnalysisTransform
12:45:36.289 [INFO]   [Checking]    out: Transforming httpcore5-h2-5.2.4.jar (org.apache.httpcomponents.core5:httpcore5-h2:5.2.4) with InstrumentationAnalysisTransform
12:45:36.289 [INFO]   [Checking]    out: Transforming spring-jcl-6.1.12.jar (org.springframework:spring-jcl:6.1.12) with ExternalDependencyInstrumentingArtifactTransform
12:45:36.289 [INFO]   [Checking]    out: Transforming httpcore5-h2-5.2.4.jar (org.apache.httpcomponents.core5:httpcore5-h2:5.2.4) with MergeInstrumentationAnalysisTransform
12:45:36.289 [INFO]   [Checking]    out: Transforming jna-5.13.0.jar (net.java.dev.jna:jna:5.13.0) with ExternalDependencyInstrumentingArtifactTransform
12:45:36.289 [INFO]   [Checking]    out: Transforming httpcore5-5.2.4.jar (org.apache.httpcomponents.core5:httpcore5:5.2.4) with InstrumentationAnalysisTransform
12:45:36.289 [INFO]   [Checking]    out: Transforming httpcore5-5.2.4.jar (org.apache.httpcomponents.core5:httpcore5:5.2.4) with MergeInstrumentationAnalysisTransform
12:45:36.289 [INFO]   [Checking]    out: Transforming httpcore5-h2-5.2.4.jar (org.apache.httpcomponents.core5:httpcore5-h2:5.2.4) with ExternalDependencyInstrumentingArtifactTransform
12:45:36.289 [INFO]   [Checking]    out: Transforming slf4j-api-1.7.36.jar (org.slf4j:slf4j-api:1.7.36) with InstrumentationAnalysisTransform
12:45:36.289 [INFO]   [Checking]    out: Transforming slf4j-api-1.7.36.jar (org.slf4j:slf4j-api:1.7.36) with MergeInstrumentationAnalysisTransform
12:45:36.289 [INFO]   [Checking]    out: Transforming httpcore5-5.2.4.jar (org.apache.httpcomponents.core5:httpcore5:5.2.4) with ExternalDependencyInstrumentingArtifactTransform
12:45:36.289 [INFO]   [Checking]    out: Transforming antlr4-runtime-4.7.2.jar (org.antlr:antlr4-runtime:4.7.2) with InstrumentationAnalysisTransform
12:45:36.289 [INFO]   [Checking]    out: Transforming antlr4-runtime-4.7.2.jar (org.antlr:antlr4-runtime:4.7.2) with MergeInstrumentationAnalysisTransform
12:45:36.289 [INFO]   [Checking]    out: Transforming slf4j-api-1.7.36.jar (org.slf4j:slf4j-api:1.7.36) with ExternalDependencyInstrumentingArtifactTransform
12:45:36.289 [INFO]   [Checking]    out: Transforming jsr305-3.0.2.jar (com.google.code.findbugs:jsr305:3.0.2) with InstrumentationAnalysisTransform
12:45:36.289 [INFO]   [Checking]    out: Transforming jsr305-3.0.2.jar (com.google.code.findbugs:jsr305:3.0.2) with MergeInstrumentationAnalysisTransform
12:45:36.289 [INFO]   [Checking]    out: Transforming antlr4-runtime-4.7.2.jar (org.antlr:antlr4-runtime:4.7.2) with ExternalDependencyInstrumentingArtifactTransform
12:45:36.289 [INFO]   [Checking]    out: Transforming jsr305-3.0.2.jar (com.google.code.findbugs:jsr305:3.0.2) with ExternalDependencyInstrumentingArtifactTransform
12:45:36.289 [INFO]   [Checking]    out: Applying dependency management to configuration 'annotationProcessor' in project 'trade-processor'
12:45:36.289 [INFO]   [Checking]    out: Applying dependency management to configuration 'apiElements' in project 'trade-processor'
12:45:36.289 [INFO]   [Checking]    out: Applying dependency management to configuration 'archives' in project 'trade-processor'
12:45:36.289 [INFO]   [Checking]    out: Applying dependency management to configuration 'bootArchives' in project 'trade-processor'
12:45:36.289 [INFO]   [Checking]    out: Applying dependency management to configuration 'compileClasspath' in project 'trade-processor'
12:45:36.289 [INFO]   [Checking]    out: Applying dependency management to configuration 'compileOnly' in project 'trade-processor'
12:45:36.289 [INFO]   [Checking]    out: Applying dependency management to configuration 'default' in project 'trade-processor'
12:45:36.289 [INFO]   [Checking]    out: Applying dependency management to configuration 'developmentOnly' in project 'trade-processor'
12:45:36.289 [INFO]   [Checking]    out: Applying dependency management to configuration 'implementation' in project 'trade-processor'
12:45:36.289 [INFO]   [Checking]    out: Applying dependency management to configuration 'mainSourceElements' in project 'trade-processor'
12:45:36.289 [INFO]   [Checking]    out: Applying dependency management to configuration 'productionRuntimeClasspath' in project 'trade-processor'
12:45:36.289 [INFO]   [Checking]    out: Applying dependency management to configuration 'runtimeClasspath' in project 'trade-processor'
12:45:36.289 [INFO]   [Checking]    out: Applying dependency management to configuration 'runtimeElements' in project 'trade-processor'
12:45:36.289 [INFO]   [Checking]    out: Applying dependency management to configuration 'runtimeOnly' in project 'trade-processor'
12:45:36.289 [INFO]   [Checking]    out: Applying dependency management to configuration 'testAndDevelopmentOnly' in project 'trade-processor'
12:45:36.289 [INFO]   [Checking]    out: Applying dependency management to configuration 'testAnnotationProcessor' in project 'trade-processor'
12:45:36.289 [INFO]   [Checking]    out: Applying dependency management to configuration 'testCompileClasspath' in project 'trade-processor'
12:45:36.289 [INFO]   [Checking]    out: Applying dependency management to configuration 'testCompileOnly' in project 'trade-processor'
12:45:36.289 [INFO]   [Checking]    out: Applying dependency management to configuration 'testImplementation' in project 'trade-processor'
12:45:36.289 [INFO]   [Checking]    out: Applying dependency management to configuration 'testResultsElementsForTest' in project 'trade-processor'
12:45:36.289 [INFO]   [Checking]    out: Applying dependency management to configuration 'testRuntimeClasspath' in project 'trade-processor'
12:45:36.289 [INFO]   [Checking]    out: Applying dependency management to configuration 'testRuntimeOnly' in project 'trade-processor'
12:45:36.289 [INFO]   [Checking]    out: Configuring Jacoco Plugin for use with Diffblue Cover
12:45:36.289 [INFO]   [Checking]    out: Applying dependency management to configuration 'jacocoAgent' in project 'trade-processor'
12:45:36.289 [INFO]   [Checking]    out: Applying dependency management to configuration 'jacocoAnt' in project 'trade-processor'
12:45:36.289 [INFO]   [Checking]    out: Applying dependency management to configuration 'coverageDataElementsForTest' in project 'trade-processor'
12:45:36.289 [INFO]   [Checking]    out: Configuring task :trade-processor:test for use with Diffblue Cover
12:45:36.289 [INFO]   [Checking]    out: ignoreFailures: false
12:45:36.289 [INFO]   [Checking]    out: excludes: []
12:45:36.289 [INFO]   [Checking]    out: includes: []
12:45:36.290 [INFO]   [Checking]    out: No group filtering configured
12:45:36.290 [INFO]   [Checking]    out: Saving execution data to: /home/jbergqvist/diffblue/finos-traderX/trade-processor/build/jacoco/test.exec
12:45:36.290 [INFO]   [Checking]    out: testFramework: class org.gradle.api.internal.tasks.testing.junitplatform.JUnitPlatformTestFramework
12:45:36.290 [INFO]   [Checking]    out: Getting testXMLPath
12:45:36.290 [INFO]   [Checking]    out: testXMLPath exists: true
12:45:36.290 [INFO]   [Checking]    out: diffblueTempPath: /home/jbergqvist/diffblue/finos-traderX/trade-processor/build/test-results/diffblueTemp
12:45:36.290 [INFO]   [Checking]    out: diffblueTempPath exists after mkdir: true
12:45:36.290 [INFO]   [Checking]    out: Configuring task :trade-processor:jacocoTestReport for use with Diffblue Cover
12:45:36.290 [INFO]   [Checking]    out: executionData: file collection
12:45:36.290 [INFO]   [Checking]    out: exec files to make report: [/home/jbergqvist/diffblue/finos-traderX/trade-processor/build/jacoco/test.exec]
12:45:36.290 [INFO]   [Checking]    out: exec files to make report from: [org.gradle.testing.jacoco.tasks.JacocoReportBase$2@13f09c8e]
12:45:36.290 [INFO]   [Checking]    out: Configuring task :trade-processor:jacocoTestReportDeletePrevious for use with Diffblue Cover
12:45:36.290 [INFO]   [Checking]    out: Adding /home/jbergqvist/diffblue/finos-traderX/trade-processor/build/reports/jacoco/test/jacocoTestReport.xml to be deleted
12:45:36.290 [INFO]   [Checking]    out: Configuring task :trade-processor:jacocoTestReportPrepareEmptyExec for use with Diffblue Cover
12:45:36.290 [INFO]   [Checking]    out: Configuring task :trade-processor:testMoveTestXMLBack for use with Diffblue Cover
12:45:36.290 [INFO]   [Checking]    out: testXMLPath exists: true
12:45:36.290 [INFO]   [Checking]    out: diffblueTempPath before: {}
12:45:36.290 [INFO]   [Checking]    out: textXmlPAth files before: {}
12:45:36.290 [INFO]   [Checking]    out: Configuring task :trade-processor:testMoveBackJacocoExec for use with Diffblue Cover
12:45:36.290 [INFO]   [Checking]    out: Configuring task :trade-processor:testDeletePreviousExecFiles for use with Diffblue Cover
12:45:36.387 [INFO]   [Checking]    out: 
12:45:36.387 [INFO]   [Checking]    out: > Configure project :trade-service
12:45:36.387 [INFO]   [Checking]    out: Evaluating project ':trade-service' using build file '/home/jbergqvist/diffblue/finos-traderX/trade-service/build.gradle'.
12:45:36.387 [INFO]   [Checking]    out: Transforming spring-boot-gradle-plugin-3.3.3.jar (org.springframework.boot:spring-boot-gradle-plugin:3.3.3) with InstrumentationAnalysisTransform
12:45:36.387 [INFO]   [Checking]    out: Transforming dependency-management-plugin-1.1.6.jar (io.spring.gradle:dependency-management-plugin:1.1.6) with InstrumentationAnalysisTransform
12:45:36.387 [INFO]   [Checking]    out: Transforming spring-boot-buildpack-platform-3.3.3.jar (org.springframework.boot:spring-boot-buildpack-platform:3.3.3) with InstrumentationAnalysisTransform
12:45:36.387 [INFO]   [Checking]    out: Transforming spring-boot-loader-tools-3.3.3.jar (org.springframework.boot:spring-boot-loader-tools:3.3.3) with InstrumentationAnalysisTransform
12:45:36.387 [INFO]   [Checking]    out: Transforming commons-compress-1.25.0.jar (org.apache.commons:commons-compress:1.25.0) with InstrumentationAnalysisTransform
12:45:36.387 [INFO]   [Checking]    out: Transforming spring-core-6.1.12.jar (org.springframework:spring-core:6.1.12) with InstrumentationAnalysisTransform
12:45:36.387 [INFO]   [Checking]    out: Transforming jackson-annotations-2.14.2.jar (com.fasterxml.jackson.core:jackson-annotations:2.14.2) with InstrumentationAnalysisTransform
12:45:36.387 [INFO]   [Checking]    out: Transforming jackson-core-2.14.2.jar (com.fasterxml.jackson.core:jackson-core:2.14.2) with InstrumentationAnalysisTransform
12:45:36.387 [INFO]   [Checking]    out: Transforming jackson-module-parameter-names-2.14.2.jar (com.fasterxml.jackson.module:jackson-module-parameter-names:2.14.2) with InstrumentationAnalysisTransform
12:45:36.387 [INFO]   [Checking]    out: Transforming jackson-databind-2.14.2.jar (com.fasterxml.jackson.core:jackson-databind:2.14.2) with InstrumentationAnalysisTransform
12:45:36.387 [INFO]   [Checking]    out: Transforming jna-platform-5.13.0.jar (net.java.dev.jna:jna-platform:5.13.0) with InstrumentationAnalysisTransform
12:45:36.387 [INFO]   [Checking]    out: Transforming httpclient5-5.3.1.jar (org.apache.httpcomponents.client5:httpclient5:5.3.1) with InstrumentationAnalysisTransform
12:45:36.387 [INFO]   [Checking]    out: Transforming tomlj-1.0.0.jar (org.tomlj:tomlj:1.0.0) with InstrumentationAnalysisTransform
12:45:36.387 [INFO]   [Checking]    out: Transforming spring-jcl-6.1.12.jar (org.springframework:spring-jcl:6.1.12) with InstrumentationAnalysisTransform
12:45:36.387 [INFO]   [Checking]    out: Transforming jna-5.13.0.jar (net.java.dev.jna:jna:5.13.0) with InstrumentationAnalysisTransform
12:45:36.387 [INFO]   [Checking]    out: Transforming httpcore5-h2-5.2.4.jar (org.apache.httpcomponents.core5:httpcore5-h2:5.2.4) with InstrumentationAnalysisTransform
12:45:36.387 [INFO]   [Checking]    out: Transforming httpcore5-5.2.4.jar (org.apache.httpcomponents.core5:httpcore5:5.2.4) with InstrumentationAnalysisTransform
12:45:36.387 [INFO]   [Checking]    out: Transforming slf4j-api-1.7.36.jar (org.slf4j:slf4j-api:1.7.36) with InstrumentationAnalysisTransform
12:45:36.387 [INFO]   [Checking]    out: Transforming antlr4-runtime-4.7.2.jar (org.antlr:antlr4-runtime:4.7.2) with InstrumentationAnalysisTransform
12:45:36.387 [INFO]   [Checking]    out: Transforming jsr305-3.0.2.jar (com.google.code.findbugs:jsr305:3.0.2) with InstrumentationAnalysisTransform
12:45:36.387 [INFO]   [Checking]    out: Transforming spring-boot-gradle-plugin-3.3.3.jar (org.springframework.boot:spring-boot-gradle-plugin:3.3.3) with InstrumentationAnalysisTransform
12:45:36.387 [INFO]   [Checking]    out: Transforming spring-boot-gradle-plugin-3.3.3.jar (org.springframework.boot:spring-boot-gradle-plugin:3.3.3) with MergeInstrumentationAnalysisTransform
12:45:36.387 [INFO]   [Checking]    out: Transforming dependency-management-plugin-1.1.6.jar (io.spring.gradle:dependency-management-plugin:1.1.6) with InstrumentationAnalysisTransform
12:45:36.387 [INFO]   [Checking]    out: Transforming dependency-management-plugin-1.1.6.jar (io.spring.gradle:dependency-management-plugin:1.1.6) with MergeInstrumentationAnalysisTransform
12:45:36.387 [INFO]   [Checking]    out: Transforming spring-boot-gradle-plugin-3.3.3.jar (org.springframework.boot:spring-boot-gradle-plugin:3.3.3) with ExternalDependencyInstrumentingArtifactTransform
12:45:36.387 [INFO]   [Checking]    out: Transforming spring-boot-buildpack-platform-3.3.3.jar (org.springframework.boot:spring-boot-buildpack-platform:3.3.3) with InstrumentationAnalysisTransform
12:45:36.387 [INFO]   [Checking]    out: Transforming spring-boot-buildpack-platform-3.3.3.jar (org.springframework.boot:spring-boot-buildpack-platform:3.3.3) with MergeInstrumentationAnalysisTransform
12:45:36.387 [INFO]   [Checking]    out: Transforming dependency-management-plugin-1.1.6.jar (io.spring.gradle:dependency-management-plugin:1.1.6) with ExternalDependencyInstrumentingArtifactTransform
12:45:36.387 [INFO]   [Checking]    out: Transforming spring-boot-loader-tools-3.3.3.jar (org.springframework.boot:spring-boot-loader-tools:3.3.3) with InstrumentationAnalysisTransform
12:45:36.387 [INFO]   [Checking]    out: Transforming spring-boot-loader-tools-3.3.3.jar (org.springframework.boot:spring-boot-loader-tools:3.3.3) with MergeInstrumentationAnalysisTransform
12:45:36.387 [INFO]   [Checking]    out: Transforming spring-boot-buildpack-platform-3.3.3.jar (org.springframework.boot:spring-boot-buildpack-platform:3.3.3) with ExternalDependencyInstrumentingArtifactTransform
12:45:36.387 [INFO]   [Checking]    out: Transforming commons-compress-1.25.0.jar (org.apache.commons:commons-compress:1.25.0) with InstrumentationAnalysisTransform
12:45:36.387 [INFO]   [Checking]    out: Transforming commons-compress-1.25.0.jar (org.apache.commons:commons-compress:1.25.0) with MergeInstrumentationAnalysisTransform
12:45:36.387 [INFO]   [Checking]    out: Transforming spring-boot-loader-tools-3.3.3.jar (org.springframework.boot:spring-boot-loader-tools:3.3.3) with ExternalDependencyInstrumentingArtifactTransform
12:45:36.387 [INFO]   [Checking]    out: Transforming spring-core-6.1.12.jar (org.springframework:spring-core:6.1.12) with InstrumentationAnalysisTransform
12:45:36.387 [INFO]   [Checking]    out: Transforming spring-core-6.1.12.jar (org.springframework:spring-core:6.1.12) with MergeInstrumentationAnalysisTransform
12:45:36.387 [INFO]   [Checking]    out: Transforming commons-compress-1.25.0.jar (org.apache.commons:commons-compress:1.25.0) with ExternalDependencyInstrumentingArtifactTransform
12:45:36.388 [INFO]   [Checking]    out: Transforming jackson-annotations-2.14.2.jar (com.fasterxml.jackson.core:jackson-annotations:2.14.2) with InstrumentationAnalysisTransform
12:45:36.388 [INFO]   [Checking]    out: Transforming jackson-annotations-2.14.2.jar (com.fasterxml.jackson.core:jackson-annotations:2.14.2) with MergeInstrumentationAnalysisTransform
12:45:36.388 [INFO]   [Checking]    out: Transforming spring-core-6.1.12.jar (org.springframework:spring-core:6.1.12) with ExternalDependencyInstrumentingArtifactTransform
12:45:36.388 [INFO]   [Checking]    out: Transforming jackson-core-2.14.2.jar (com.fasterxml.jackson.core:jackson-core:2.14.2) with InstrumentationAnalysisTransform
12:45:36.388 [INFO]   [Checking]    out: Transforming jackson-core-2.14.2.jar (com.fasterxml.jackson.core:jackson-core:2.14.2) with MergeInstrumentationAnalysisTransform
12:45:36.388 [INFO]   [Checking]    out: Transforming jackson-annotations-2.14.2.jar (com.fasterxml.jackson.core:jackson-annotations:2.14.2) with ExternalDependencyInstrumentingArtifactTransform
12:45:36.388 [INFO]   [Checking]    out: Transforming jackson-module-parameter-names-2.14.2.jar (com.fasterxml.jackson.module:jackson-module-parameter-names:2.14.2) with InstrumentationAnalysisTransform
12:45:36.388 [INFO]   [Checking]    out: Transforming jackson-module-parameter-names-2.14.2.jar (com.fasterxml.jackson.module:jackson-module-parameter-names:2.14.2) with MergeInstrumentationAnalysisTransform
12:45:36.388 [INFO]   [Checking]    out: Transforming jackson-core-2.14.2.jar (com.fasterxml.jackson.core:jackson-core:2.14.2) with ExternalDependencyInstrumentingArtifactTransform
12:45:36.388 [INFO]   [Checking]    out: Transforming jackson-databind-2.14.2.jar (com.fasterxml.jackson.core:jackson-databind:2.14.2) with InstrumentationAnalysisTransform
12:45:36.388 [INFO]   [Checking]    out: Transforming jackson-databind-2.14.2.jar (com.fasterxml.jackson.core:jackson-databind:2.14.2) with MergeInstrumentationAnalysisTransform
12:45:36.388 [INFO]   [Checking]    out: Transforming jackson-module-parameter-names-2.14.2.jar (com.fasterxml.jackson.module:jackson-module-parameter-names:2.14.2) with ExternalDependencyInstrumentingArtifactTransform
12:45:36.388 [INFO]   [Checking]    out: Transforming jna-platform-5.13.0.jar (net.java.dev.jna:jna-platform:5.13.0) with InstrumentationAnalysisTransform
12:45:36.388 [INFO]   [Checking]    out: Transforming jna-platform-5.13.0.jar (net.java.dev.jna:jna-platform:5.13.0) with MergeInstrumentationAnalysisTransform
12:45:36.388 [INFO]   [Checking]    out: Transforming jackson-databind-2.14.2.jar (com.fasterxml.jackson.core:jackson-databind:2.14.2) with ExternalDependencyInstrumentingArtifactTransform
12:45:36.388 [INFO]   [Checking]    out: Transforming httpclient5-5.3.1.jar (org.apache.httpcomponents.client5:httpclient5:5.3.1) with InstrumentationAnalysisTransform
12:45:36.388 [INFO]   [Checking]    out: Transforming httpclient5-5.3.1.jar (org.apache.httpcomponents.client5:httpclient5:5.3.1) with MergeInstrumentationAnalysisTransform
12:45:36.388 [INFO]   [Checking]    out: Transforming jna-platform-5.13.0.jar (net.java.dev.jna:jna-platform:5.13.0) with ExternalDependencyInstrumentingArtifactTransform
12:45:36.388 [INFO]   [Checking]    out: Transforming tomlj-1.0.0.jar (org.tomlj:tomlj:1.0.0) with InstrumentationAnalysisTransform
12:45:36.388 [INFO]   [Checking]    out: Transforming tomlj-1.0.0.jar (org.tomlj:tomlj:1.0.0) with MergeInstrumentationAnalysisTransform
12:45:36.388 [INFO]   [Checking]    out: Transforming spring-jcl-6.1.12.jar (org.springframework:spring-jcl:6.1.12) with InstrumentationAnalysisTransform
12:45:36.388 [INFO]   [Checking]    out: Transforming httpclient5-5.3.1.jar (org.apache.httpcomponents.client5:httpclient5:5.3.1) with ExternalDependencyInstrumentingArtifactTransform
12:45:36.388 [INFO]   [Checking]    out: Transforming spring-jcl-6.1.12.jar (org.springframework:spring-jcl:6.1.12) with MergeInstrumentationAnalysisTransform
12:45:36.388 [INFO]   [Checking]    out: Transforming tomlj-1.0.0.jar (org.tomlj:tomlj:1.0.0) with ExternalDependencyInstrumentingArtifactTransform
12:45:36.388 [INFO]   [Checking]    out: Transforming jna-5.13.0.jar (net.java.dev.jna:jna:5.13.0) with InstrumentationAnalysisTransform
12:45:36.388 [INFO]   [Checking]    out: Transforming jna-5.13.0.jar (net.java.dev.jna:jna:5.13.0) with MergeInstrumentationAnalysisTransform
12:45:36.388 [INFO]   [Checking]    out: Transforming spring-jcl-6.1.12.jar (org.springframework:spring-jcl:6.1.12) with ExternalDependencyInstrumentingArtifactTransform
12:45:36.388 [INFO]   [Checking]    out: Transforming httpcore5-h2-5.2.4.jar (org.apache.httpcomponents.core5:httpcore5-h2:5.2.4) with InstrumentationAnalysisTransform
12:45:36.388 [INFO]   [Checking]    out: Transforming httpcore5-h2-5.2.4.jar (org.apache.httpcomponents.core5:httpcore5-h2:5.2.4) with MergeInstrumentationAnalysisTransform
12:45:36.388 [INFO]   [Checking]    out: Transforming jna-5.13.0.jar (net.java.dev.jna:jna:5.13.0) with ExternalDependencyInstrumentingArtifactTransform
12:45:36.388 [INFO]   [Checking]    out: Transforming httpcore5-5.2.4.jar (org.apache.httpcomponents.core5:httpcore5:5.2.4) with InstrumentationAnalysisTransform
12:45:36.388 [INFO]   [Checking]    out: Transforming httpcore5-5.2.4.jar (org.apache.httpcomponents.core5:httpcore5:5.2.4) with MergeInstrumentationAnalysisTransform
12:45:36.388 [INFO]   [Checking]    out: Transforming slf4j-api-1.7.36.jar (org.slf4j:slf4j-api:1.7.36) with InstrumentationAnalysisTransform
12:45:36.388 [INFO]   [Checking]    out: Transforming httpcore5-h2-5.2.4.jar (org.apache.httpcomponents.core5:httpcore5-h2:5.2.4) with ExternalDependencyInstrumentingArtifactTransform
12:45:36.388 [INFO]   [Checking]    out: Transforming slf4j-api-1.7.36.jar (org.slf4j:slf4j-api:1.7.36) with MergeInstrumentationAnalysisTransform
12:45:36.388 [INFO]   [Checking]    out: Transforming httpcore5-5.2.4.jar (org.apache.httpcomponents.core5:httpcore5:5.2.4) with ExternalDependencyInstrumentingArtifactTransform
12:45:36.388 [INFO]   [Checking]    out: Transforming antlr4-runtime-4.7.2.jar (org.antlr:antlr4-runtime:4.7.2) with InstrumentationAnalysisTransform
12:45:36.388 [INFO]   [Checking]    out: Transforming antlr4-runtime-4.7.2.jar (org.antlr:antlr4-runtime:4.7.2) with MergeInstrumentationAnalysisTransform
12:45:36.388 [INFO]   [Checking]    out: Transforming slf4j-api-1.7.36.jar (org.slf4j:slf4j-api:1.7.36) with ExternalDependencyInstrumentingArtifactTransform
12:45:36.388 [INFO]   [Checking]    out: Transforming jsr305-3.0.2.jar (com.google.code.findbugs:jsr305:3.0.2) with InstrumentationAnalysisTransform
12:45:36.388 [INFO]   [Checking]    out: Transforming jsr305-3.0.2.jar (com.google.code.findbugs:jsr305:3.0.2) with MergeInstrumentationAnalysisTransform
12:45:36.388 [INFO]   [Checking]    out: Transforming antlr4-runtime-4.7.2.jar (org.antlr:antlr4-runtime:4.7.2) with ExternalDependencyInstrumentingArtifactTransform
12:45:36.388 [INFO]   [Checking]    out: Transforming jsr305-3.0.2.jar (com.google.code.findbugs:jsr305:3.0.2) with ExternalDependencyInstrumentingArtifactTransform
12:45:36.388 [INFO]   [Checking]    out: Applying dependency management to configuration 'annotationProcessor' in project 'trade-service'
12:45:36.389 [INFO]   [Checking]    out: Applying dependency management to configuration 'apiElements' in project 'trade-service'
12:45:36.389 [INFO]   [Checking]    out: Applying dependency management to configuration 'archives' in project 'trade-service'
12:45:36.389 [INFO]   [Checking]    out: Applying dependency management to configuration 'bootArchives' in project 'trade-service'
12:45:36.389 [INFO]   [Checking]    out: Applying dependency management to configuration 'compileClasspath' in project 'trade-service'
12:45:36.389 [INFO]   [Checking]    out: Applying dependency management to configuration 'compileOnly' in project 'trade-service'
12:45:36.389 [INFO]   [Checking]    out: Applying dependency management to configuration 'default' in project 'trade-service'
12:45:36.389 [INFO]   [Checking]    out: Applying dependency management to configuration 'developmentOnly' in project 'trade-service'
12:45:36.389 [INFO]   [Checking]    out: Applying dependency management to configuration 'implementation' in project 'trade-service'
12:45:36.389 [INFO]   [Checking]    out: Applying dependency management to configuration 'mainSourceElements' in project 'trade-service'
12:45:36.389 [INFO]   [Checking]    out: Applying dependency management to configuration 'productionRuntimeClasspath' in project 'trade-service'
12:45:36.389 [INFO]   [Checking]    out: Applying dependency management to configuration 'runtimeClasspath' in project 'trade-service'
12:45:36.389 [INFO]   [Checking]    out: Applying dependency management to configuration 'runtimeElements' in project 'trade-service'
12:45:36.389 [INFO]   [Checking]    out: Applying dependency management to configuration 'runtimeOnly' in project 'trade-service'
12:45:36.389 [INFO]   [Checking]    out: Applying dependency management to configuration 'testAndDevelopmentOnly' in project 'trade-service'
12:45:36.389 [INFO]   [Checking]    out: Applying dependency management to configuration 'testAnnotationProcessor' in project 'trade-service'
12:45:36.389 [INFO]   [Checking]    out: Applying dependency management to configuration 'testCompileClasspath' in project 'trade-service'
12:45:36.389 [INFO]   [Checking]    out: Applying dependency management to configuration 'testCompileOnly' in project 'trade-service'
12:45:36.389 [INFO]   [Checking]    out: Applying dependency management to configuration 'testImplementation' in project 'trade-service'
12:45:36.389 [INFO]   [Checking]    out: Applying dependency management to configuration 'testResultsElementsForTest' in project 'trade-service'
12:45:36.389 [INFO]   [Checking]    out: Applying dependency management to configuration 'testRuntimeClasspath' in project 'trade-service'
12:45:36.389 [INFO]   [Checking]    out: Applying dependency management to configuration 'testRuntimeOnly' in project 'trade-service'
12:45:36.389 [INFO]   [Checking]    out: Configuring Jacoco Plugin for use with Diffblue Cover
12:45:36.389 [INFO]   [Checking]    out: Applying dependency management to configuration 'jacocoAgent' in project 'trade-service'
12:45:36.389 [INFO]   [Checking]    out: Applying dependency management to configuration 'jacocoAnt' in project 'trade-service'
12:45:36.389 [INFO]   [Checking]    out: Applying dependency management to configuration 'coverageDataElementsForTest' in project 'trade-service'
12:45:36.389 [INFO]   [Checking]    out: Configuring task :trade-service:test for use with Diffblue Cover
12:45:36.389 [INFO]   [Checking]    out: ignoreFailures: false
12:45:36.389 [INFO]   [Checking]    out: excludes: []
12:45:36.389 [INFO]   [Checking]    out: includes: []
12:45:36.389 [INFO]   [Checking]    out: No group filtering configured
12:45:36.389 [INFO]   [Checking]    out: Saving execution data to: /home/jbergqvist/diffblue/finos-traderX/trade-service/build/jacoco/test.exec
12:45:36.389 [INFO]   [Checking]    out: testFramework: class org.gradle.api.internal.tasks.testing.junitplatform.JUnitPlatformTestFramework
12:45:36.389 [INFO]   [Checking]    out: Getting testXMLPath
12:45:36.389 [INFO]   [Checking]    out: testXMLPath exists: true
12:45:36.389 [INFO]   [Checking]    out: diffblueTempPath: /home/jbergqvist/diffblue/finos-traderX/trade-service/build/test-results/diffblueTemp
12:45:36.389 [INFO]   [Checking]    out: diffblueTempPath exists after mkdir: true
12:45:36.389 [INFO]   [Checking]    out: Configuring task :trade-service:jacocoTestReport for use with Diffblue Cover
12:45:36.389 [INFO]   [Checking]    out: executionData: file collection
12:45:36.389 [INFO]   [Checking]    out: exec files to make report: [/home/jbergqvist/diffblue/finos-traderX/trade-service/build/jacoco/test.exec]
12:45:36.389 [INFO]   [Checking]    out: exec files to make report from: [org.gradle.testing.jacoco.tasks.JacocoReportBase$2@531749e4]
12:45:36.389 [INFO]   [Checking]    out: Configuring task :trade-service:jacocoTestReportDeletePrevious for use with Diffblue Cover
12:45:36.389 [INFO]   [Checking]    out: Adding /home/jbergqvist/diffblue/finos-traderX/trade-service/build/reports/jacoco/test/jacocoTestReport.xml to be deleted
12:45:36.389 [INFO]   [Checking]    out: Configuring task :trade-service:jacocoTestReportPrepareEmptyExec for use with Diffblue Cover
12:45:36.389 [INFO]   [Checking]    out: Configuring task :trade-service:testMoveTestXMLBack for use with Diffblue Cover
12:45:36.389 [INFO]   [Checking]    out: testXMLPath exists: true
12:45:36.389 [INFO]   [Checking]    out: diffblueTempPath before: {}
12:45:36.389 [INFO]   [Checking]    out: textXmlPAth files before: {}
12:45:36.389 [INFO]   [Checking]    out: Configuring task :trade-service:testMoveBackJacocoExec for use with Diffblue Cover
12:45:36.389 [INFO]   [Checking]    out: Configuring task :trade-service:testDeletePreviousExecFiles for use with Diffblue Cover
12:45:36.390 [INFO]   [Checking]    out: All projects evaluated.
12:45:36.390 [INFO]   [Checking]    out: Resolving global dependency management for project 'trade-processor'
12:45:37.086 [INFO]   [Checking]    out: Excluding []
12:45:37.087 [INFO]   [Checking]    out: Excluding []
12:45:37.187 [INFO]   [Checking]    out: Excluding []
12:45:37.187 [INFO]   [Checking]    out: Resolving global dependency management for project 'trade-service'
12:45:37.487 [INFO]   [Checking]    out: Excluding []
12:45:37.487 [INFO]   [Checking]    out: Excluding []
12:45:37.487 [INFO]   [Checking]    out: Excluding []
12:45:37.487 [INFO]   [Checking]    out: Resolving global dependency management for project 'position-service'
12:45:37.687 [INFO]   [Checking]    out: Excluding []
12:45:37.687 [INFO]   [Checking]    out: Excluding []
12:45:37.687 [INFO]   [Checking]    out: Excluding []
12:45:37.786 [INFO]   [Checking]    out: Resolving global dependency management for project 'account-service'
12:45:37.986 [INFO]   [Checking]    out: Excluding []
12:45:37.987 [INFO]   [Checking]    out: Excluding []
12:45:37.987 [INFO]   [Checking]    out: Excluding []
12:45:37.987 [INFO]   [Checking]    out: Writing Diffblue message (project module type)
12:45:38.190 [INFO]   [Checking]    deserializing line [DIFFBLUE]{"__type":"com.diffblue.cover.buildsystem.model.DefaultProjectModuleMessage","project":{"__type":"DefaultProjectModule","junitReport":[],"jacocoReport":[],"jacocoDestFile":[],"jacocoFormats":null,"jacocoSkipped":false,"classpath":null,"complianceLevel":null,"productionSources":null,"testSources":null,"productionClasses":null,"testClasses":null,"sourceToBuildPathMap":{},"testSourceToBuildPathMap":{},"buildDirectory":null,"plugins":[{"__type":"DefaultPlugin","groupId":null,"artefactId":null,"version":null,"pluginClassName":"com.diffblue.cover.buildsystem.gradle.plugin.CoverPlugin"},{"__type":"DefaultPlugin","groupId":null,"artefactId":null,"version":"8.8","pluginClassName":"org.gradle.api.plugins.HelpTasksPlugin$Inject"},{"__type":"DefaultPlugin","groupId":null,"artefactId":null,"version":"8.8","pluginClassName":"org.gradle.buildinit.plugins.BuildInitPlugin$Inject"},{"__type":"DefaultPlugin","groupId":null,"artefactId":null,"version":"8.8","pluginClassName":"org.gradle.buildinit.plugins.WrapperPlugin$Inject"}],"version":"8.8","encoding":null,"name":"gradle","subModules":[{"__type":"DefaultProjectModule","junitReport":["/home/jbergqvist/diffblue/finos-traderX/database/build/test-results/test"],"jacocoReport":["/home/jbergqvist/diffblue/finos-traderX/database/build/reports/jacoco/test/jacocoTestReport.xml"],"jacocoDestFile":["/home/jbergqvist/diffblue/finos-traderX/database/build/jacoco/test.exec"],"jacocoFormats":null,"jacocoSkipped":false,"classpath":["/home/jbergqvist/diffblue/finos-traderX/database/build/classes/java/test","/home/jbergqvist/diffblue/finos-traderX/database/build/resources/test","/home/jbergqvist/diffblue/finos-traderX/database/build/classes/java/main","/home/jbergqvist/diffblue/finos-traderX/database/build/resources/main","/home/jbergqvist/.gradle/caches/modules-2/files-2.1/com.h2database/h2/2.2.224/7bdade27d8cd197d9b5ce9dc251f41d2edc5f7ad/h2-2.2.224.jar"],"complianceLevel":"21","productionSources":["/home/jbergqvist/diffblue/finos-traderX/database/src/main/java"],"testSources":["/home/jbergqvist/diffblue/finos-traderX/database/src/test/java"],"productionClasses":"/home/jbergqvist/diffblue/finos-traderX/database/build/classes/java/main","testClasses":"/home/jbergqvist/diffblue/finos-traderX/database/build/classes/java/test","sourceToBuildPathMap":{},"testSourceToBuildPathMap":{},"buildDirectory":null,"plugins":[{"__type":"DefaultPlugin","groupId":null,"artefactId":null,"version":null,"pluginClassName":"com.diffblue.cover.buildsystem.gradle.plugin.CoverPlugin"},{"__type":"DefaultPlugin","groupId":null,"artefactId":null,"version":"8.8","pluginClassName":"org.gradle.api.plugins.HelpTasksPlugin$Inject"},{"__type":"DefaultPlugin","groupId":null,"artefactId":null,"version":"8.8","pluginClassName":"org.gradle.buildinit.plugins.BuildInitPlugin$Inject"},{"__type":"DefaultPlugin","groupId":null,"artefactId":null,"version":"8.8","pluginClassName":"org.gradle.buildinit.plugins.WrapperPlugin$Inject"},{"__type":"DefaultPlugin","groupId":null,"artefactId":null,"version":"8.8","pluginClassName":"org.gradle.language.base.plugins.LifecycleBasePlugin$Inject"},{"__type":"DefaultPlugin","groupId":null,"artefactId":null,"version":"8.8","pluginClassName":"org.gradle.api.plugins.BasePlugin$Inject"},{"__type":"DefaultPlugin","groupId":null,"artefactId":null,"version":"8.8","pluginClassName":"org.gradle.api.plugins.JvmEcosystemPlugin$Inject"},{"__type":"DefaultPlugin","groupId":null,"artefactId":null,"version":"8.8","pluginClassName":"org.gradle.api.plugins.ReportingBasePlugin$Inject"},{"__type":"DefaultPlugin","groupId":null,"artefactId":null,"version":"8.8","pluginClassName":"org.gradle.api.plugins.JvmToolchainsPlugin$Inject"},{"__type":"DefaultPlugin","groupId":null,"artefactId":null,"version":"8.8","pluginClassName":"org.gradle.api.plugins.JavaBasePlugin$Inject"},{"__type":"DefaultPlugin","groupId":null,"artefactId":null,"version":"8.8","pluginClassName":"org.gradle.testing.base.plugins.TestSuiteBasePlugin$Inject"},{"__type":"DefaultPlugin","groupId":null,"artefactId":null,"version":"8.8","pluginClassName":"org.gradle.api.plugins.JvmTestSuitePlugin$Inject"},{"__type":"DefaultPlugin","groupId":null,"artefactId":null,"version":"8.8","pluginClassName":"org.gradle.api.plugins.JavaPlugin$Inject"},{"__type":"DefaultPlugin","groupId":null,"artefactId":null,"version":"8.8","pluginClassName":"org.gradle.api.distribution.plugins.DistributionPlugin$Inject"},{"__type":"DefaultPlugin","groupId":null,"artefactId":null,"version":"8.8","pluginClassName":"org.gradle.api.plugins.ApplicationPlugin$Inject"},{"__type":"DefaultPlugin","groupId":null,"artefactId":null,"version":"0.8.11","pluginClassName":"org.gradle.testing.jacoco.plugins.JacocoPlugin$Inject"}],"version":"8.8","encoding":null,"name":"gradle","subModules":[],"simpleModuleName":"database","parentModuleName":"","location":"/home/jbergqvist/diffblue/finos-traderX/database","fullModuleName":"database"},{"__type":"DefaultProjectModule","junitReport":["/home/jbergqvist/diffblue/finos-traderX/trade-processor/build/test-results/test"],"jacocoReport":["/home/jbergqvist/diffblue/finos-traderX/trade-processor/build/reports/jacoco/test/jacocoTestReport.xml"],"jacocoDestFile":["/home/jbergqvist/diffblue/finos-traderX/trade-processor/build/jacoco/test.exec"],"jacocoFormats":null,"jacocoSkipped":false,"classpath":["/home/jbergqvist/diffblue/finos-traderX/trade-processor/build/classes/java/test","/home/jbergqvist/diffblue/finos-traderX/trade-processor/build/resources/test","/home/jbergqvist/diffblue/finos-traderX/trade-processor/build/classes/java/main","/home/jbergqvist/diffblue/finos-traderX/trade-processor/build/resources/main","/home/jbergqvist/.gradle/caches/modules-2/files-2.1/org.springframework.boot/spring-boot-starter-data-jpa/3.3.3/7eeb176d6130f7aa83405fe2985fe7cadc11ebc5/spring-boot-starter-data-jpa-3.3.3.jar","/home/jbergqvist/.gradle/caches/modules-2/files-2.1/org.springframework.boot/spring-boot-starter-web/3.3.3/f19325fefd33dc920c0f68547a798ed731a8c70c/spring-boot-starter-web-3.3.3.jar","/home/jbergqvist/.gradle/caches/modules-2/files-2.1/com.h2database/h2/2.2.224/7bdade27d8cd197d9b5ce9dc251f41d2edc5f7ad/h2-2.2.224.jar","/home/jbergqvist/.gradle/caches/modules-2/files-2.1/org.springdoc/springdoc-openapi-starter-webmvc-ui/2.6.0/2dddebb56441dbaa1009c4de434a83c65596f6ad/springdoc-openapi-starter-webmvc-ui-2.6.0.jar","/home/jbergqvist/.gradle/caches/modules-2/files-2.1/org.json/json/20240303/ebb88e8fb5122b7506d5cf1d69f1ccdb790d22a/json-20240303.jar","/home/jbergqvist/.gradle/caches/modules-2/files-2.1/io.socket/socket.io-client/2.1.0/d49d37d8c62bddec4d7d0a65add9859fab666d0e/socket.io-client-2.1.0.jar","/home/jbergqvist/.gradle/caches/modules-2/files-2.1/com.diffblue.cover/cover-annotations/1.8.0/9eb3621b5f61d1dd8d7fa1af6b2c8c3fcf8ee857/cover-annotations-1.8.0.jar","/home/jbergqvist/.gradle/caches/modules-2/files-2.1/org.springframework.boot/spring-boot-starter-test/3.3.3/6774cadaa893fce1f18ff5e528e17f75d32f6670/spring-boot-starter-test-3.3.3.jar","/home/jbergqvist/.gradle/caches/modules-2/files-2.1/org.springframework.boot/spring-boot-starter-aop/3.3.3/f64c22484c1ab36ae70abc752509ec4c7b1abcfc/spring-boot-starter-aop-3.3.3.jar","/home/jbergqvist/.gradle/caches/modules-2/files-2.1/org.springframework.boot/spring-boot-starter-jdbc/3.3.3/c97a56c12c79d1ce419a306ddee4ccb89b7d3728/spring-boot-starter-jdbc-3.3.3.jar","/home/jbergqvist/.gradle/caches/modules-2/files-2.1/org.hibernate.orm/hibernate-core/6.5.2.Final/e9e0cc47f6cd2b2553968aee66bd9e55e7485221/hibernate-core-6.5.2.Final.jar","/home/jbergqvist/.gradle/caches/modules-2/files-2.1/org.springframework.data/spring-data-jpa/3.3.3/9b89dbd19eee24c4dc4df12564efc603c614aa91/spring-data-jpa-3.3.3.jar","/home/jbergqvist/.gradle/caches/modules-2/files-2.1/org.springframework/spring-aspects/6.1.12/b72435b5813755a894531e2cf1565eff1b313574/spring-aspects-6.1.12.jar","/home/jbergqvist/.gradle/caches/modules-2/files-2.1/org.springframework.boot/spring-boot-starter-json/3.3.3/3dde3b6089f772a77763020cc97a219307a8f39f/spring-boot-starter-json-3.3.3.jar","/home/jbergqvist/.gradle/caches/modules-2/files-2.1/org.springframework.boot/spring-boot-starter/3.3.3/174d6cb1c59036a01756d6bf4d8945325f94155f/spring-boot-starter-3.3.3.jar","/home/jbergqvist/.gradle/caches/modules-2/files-2.1/org.springframework.boot/spring-boot-starter-tomcat/3.3.3/8ca660b0ecba2f0ff8ce27603fe89953dc4ec18d/spring-boot-starter-tomcat-3.3.3.jar","/home/jbergqvist/.gradle/caches/modules-2/files-2.1/org.springdoc/springdoc-openapi-starter-webmvc-api/2.6.0/d235c2989247641e5dfe764d7add3a11e4d54a5f/springdoc-openapi-starter-webmvc-api-2.6.0.jar","/home/jbergqvist/.gradle/caches/modules-2/files-2.1/org.springframework/spring-webmvc/6.1.12/86bb0c203d68adb4b2675765f5a372f4c5254b2d/spring-webmvc-6.1.12.jar","/home/jbergqvist/.gradle/caches/modules-2/files-2.1/org.springframework/spring-web/6.1.12/b60e69b3ec87f8e001537a0fa7e3e2732dfafa7e/spring-web-6.1.12.jar","/home/jbergqvist/.gradle/caches/modules-2/files-2.1/org.webjars/swagger-ui/5.17.14/7c746d197424eb721b4e08fcaa9e85231662d81f/swagger-ui-5.17.14.jar","/home/jbergqvist/.gradle/caches/modules-2/files-2.1/io.socket/engine.io-client/2.1.0/fb421e5575e69e1181e5fed3eea351929017f08e/engine.io-client-2.1.0.jar","/home/jbergqvist/.gradle/caches/modules-2/files-2.1/org.springframework.boot/spring-boot-test-autoconfigure/3.3.3/ebce486202d965dc984ff8013a8f87fdb9b6fe46/spring-boot-test-autoconfigure-3.3.3.jar","/home/jbergqvist/.gradle/caches/modules-2/files-2.1/org.springframework.boot/spring-boot-test/3.3.3/42a314ffe171b6fb3932a86a884ef721467dc704/spring-boot-test-3.3.3.jar","/home/jbergqvist/.gradle/caches/modules-2/files-2.1/com.jayway.jsonpath/json-path/2.9.0/37fe2217f577b0b68b18e62c4d17a8858ecf9b69/json-path-2.9.0.jar","/home/jbergqvist/.gradle/caches/modules-2/files-2.1/org.glassfish.jaxb/jaxb-runtime/4.0.5/ca84c2a7169b5293e232b9d00d1e4e36d4c3914a/jaxb-runtime-4.0.5.jar","/home/jbergqvist/.gradle/caches/modules-2/files-2.1/org.glassfish.jaxb/jaxb-core/4.0.5/7b4b11ea5542eea4ad55e1080b23be436795b3/jaxb-core-4.0.5.jar","/home/jbergqvist/.gradle/caches/modules-2/files-2.1/org.springdoc/springdoc-openapi-starter-common/2.6.0/c8cf5fbd1f9e4c410d67f1de27dfc3529de13620/springdoc-openapi-starter-common-2.6.0.jar","/home/jbergqvist/.gradle/caches/modules-2/files-2.1/io.swagger.core.v3/swagger-core-jakarta/2.2.22/9ed5daaaa1c94c9a6b56c058c9d1b3190044a2e2/swagger-core-jakarta-2.2.22.jar","/home/jbergqvist/.gradle/caches/modules-2/files-2.1/jakarta.xml.bind/jakarta.xml.bind-api/4.0.2/6cd5a999b834b63238005b7144136379dc36cad2/jakarta.xml.bind-api-4.0.2.jar","/home/jbergqvist/.gradle/caches/modules-2/files-2.1/net.minidev/json-smart/2.5.1/4c11d2808d009132dfbbf947ebf37de6bf266c8e/json-smart-2.5.1.jar","/home/jbergqvist/.gradle/caches/modules-2/files-2.1/org.assertj/assertj-core/3.25.3/792b270e73aa1cfc28fa135be0b95e69ea451432/assertj-core-3.25.3.jar","/home/jbergqvist/.gradle/caches/modules-2/files-2.1/org.awaitility/awaitility/4.2.2/7336242073ebf83fe034e42b46a403c5501b63c9/awaitility-4.2.2.jar","/home/jbergqvist/.gradle/caches/modules-2/files-2.1/org.hamcrest/hamcrest/2.2/1820c0968dba3a11a1b30669bb1f01978a91dedc/hamcrest-2.2.jar","/home/jbergqvist/.gradle/caches/modules-2/files-2.1/org.mockito/mockito-junit-jupiter/5.11.0/8e658dd339f40305ed4293db25545b5df98b171b/mockito-junit-jupiter-5.11.0.jar","/home/jbergqvist/.gradle/caches/modules-2/files-2.1/org.junit.jupiter/junit-jupiter-params/5.10.3/4852f4e4af9074d9214213b199751f99efeab8b9/junit-jupiter-params-5.10.3.jar","/home/jbergqvist/.gradle/caches/modules-2/files-2.1/org.junit.jupiter/junit-jupiter-engine/5.10.3/48c14e866bb1a87ca35d24ff068463bb202ada24/junit-jupiter-engine-5.10.3.jar","/home/jbergqvist/.gradle/caches/modules-2/files-2.1/org.junit.jupiter/junit-jupiter-api/5.10.3/a22aa91d1d6c69b2020a9aeb6d095ea81132bfa5/junit-jupiter-api-5.10.3.jar","/home/jbergqvist/.gradle/caches/modules-2/files-2.1/org.junit.platform/junit-platform-engine/1.10.3/365a320c3cfd47f3346625e541e424e35dc75c42/junit-platform-engine-1.10.3.jar","/home/jbergqvist/.gradle/caches/modules-2/files-2.1/org.junit.platform/junit-platform-commons/1.10.3/a353d42a2f13343a7cb80c5228ae66ff64495481/junit-platform-commons-1.10.3.jar","/home/jbergqvist/.gradle/caches/modules-2/files-2.1/org.junit.jupiter/junit-jupiter/5.10.3/6686d8fbf251f9bf8ecba413cab57b9e00f9134d/junit-jupiter-5.10.3.jar","/home/jbergqvist/.gradle/caches/modules-2/files-2.1/org.mockito/mockito-core/5.11.0/e4069fa4f4ff2c94322cfec5f2e45341c6c70aff/mockito-core-5.11.0.jar","/home/jbergqvist/.gradle/caches/modules-2/files-2.1/org.skyscreamer/jsonassert/1.5.3/aaa43e0823d2a0e106e8754d6a9c4ab24e05e9bc/jsonassert-1.5.3.jar","/home/jbergqvist/.gradle/caches/modules-2/files-2.1/org.springframework/spring-test/6.1.12/ea59acc56a32e6a46f66c06e5d4c2b8e8c6a2869/spring-test-6.1.12.jar","/home/jbergqvist/.gradle/caches/modules-2/files-2.1/org.springframework.boot/spring-boot-autoconfigure/3.3.3/4445f0bbf838c1e3aeb5a83bf2367fbd1013237f/spring-boot-autoconfigure-3.3.3.jar","/home/jbergqvist/.gradle/caches/modules-2/files-2.1/org.springframework.boot/spring-boot/3.3.3/f34dba93611823e521800a47043267715184911b/spring-boot-3.3.3.jar","/home/jbergqvist/.gradle/caches/modules-2/files-2.1/org.springframework/spring-context/6.1.12/e69d476d1334935529a61f403749c6b8593e3272/spring-context-6.1.12.jar","/home/jbergqvist/.gradle/caches/modules-2/files-2.1/org.springframework/spring-aop/6.1.12/5fce5ff02455fad179fc0ea05435dfb79bbeaa66/spring-aop-6.1.12.jar","/home/jbergqvist/.gradle/caches/modules-2/files-2.1/org.springframework/spring-orm/6.1.12/9df98d9ebdfcf5359dbda945de515d8af2cabe89/spring-orm-6.1.12.jar","/home/jbergqvist/.gradle/caches/modules-2/files-2.1/org.springframework/spring-jdbc/6.1.12/feb177a07e109f633c3fb1892d22a2867d0b2284/spring-jdbc-6.1.12.jar","/home/jbergqvist/.gradle/caches/modules-2/files-2.1/org.springframework.data/spring-data-commons/3.3.3/89ab77494e1e56b058001354265e381a0a2868e6/spring-data-commons-3.3.3.jar","/home/jbergqvist/.gradle/caches/modules-2/files-2.1/org.springframework/spring-tx/6.1.12/c47885e494845584e08407b611031ea2bcef0ef7/spring-tx-6.1.12.jar","/home/jbergqvist/.gradle/caches/modules-2/files-2.1/org.springframework/spring-beans/6.1.12/f0344fa934f114a15f02c2b1a199189ec12b7eb5/spring-beans-6.1.12.jar","/home/jbergqvist/.gradle/caches/modules-2/files-2.1/org.springframework/spring-expression/6.1.12/644bbc2e65eb40feb7284b8570d7a7eb8b1fe8df/spring-expression-6.1.12.jar","/home/jbergqvist/.gradle/caches/modules-2/files-2.1/org.springframework/spring-core/6.1.12/5f4162fb645c4f72b57b21d721fce9f26edb9bb9/spring-core-6.1.12.jar","/home/jbergqvist/.gradle/caches/modules-2/files-2.1/org.xmlunit/xmlunit-core/2.9.1/e5833662d9a1279a37da3ef6f62a1da29fcd68c4/xmlunit-core-2.9.1.jar","/home/jbergqvist/.gradle/caches/modules-2/files-2.1/org.aspectj/aspectjweaver/1.9.22.1/bca243d0af0db4758fbae45c5f4995cb5dabb612/aspectjweaver-1.9.22.1.jar","/home/jbergqvist/.gradle/caches/modules-2/files-2.1/com.zaxxer/HikariCP/5.1.0/8c96e36c14461fc436bb02b264b96ef3ca5dca8c/HikariCP-5.1.0.jar","/home/jbergqvist/.gradle/caches/modules-2/files-2.1/jakarta.persistence/jakarta.persistence-api/3.1.0/66901fa1c373c6aff65c13791cc11da72060a8d6/jakarta.persistence-api-3.1.0.jar","/home/jbergqvist/.gradle/caches/modules-2/files-2.1/jakarta.transaction/jakarta.transaction-api/2.0.1/51a520e3fae406abb84e2e1148e6746ce3f80a1a/jakarta.transaction-api-2.0.1.jar","/home/jbergqvist/.gradle/caches/modules-2/files-2.1/org.jboss.logging/jboss-logging/3.5.3.Final/c88fc1d8a96d4c3491f55d4317458ccad53ca663/jboss-logging-3.5.3.Final.jar","/home/jbergqvist/.gradle/caches/modules-2/files-2.1/org.hibernate.common/hibernate-commons-annotations/6.0.6.Final/77a5f94b56d49508e0ee334751db5b78e5ccd50c/hibernate-commons-annotations-6.0.6.Final.jar","/home/jbergqvist/.gradle/caches/modules-2/files-2.1/io.smallrye/jandex/3.1.2/a6c1c89925c7df06242b03dddb353116ceb9584c/jandex-3.1.2.jar","/home/jbergqvist/.gradle/caches/modules-2/files-2.1/com.fasterxml/classmate/1.7.0/e98374da1f2143ac8e6e0a95036994bb19137a3/classmate-1.7.0.jar","/home/jbergqvist/.gradle/caches/modules-2/files-2.1/net.bytebuddy/byte-buddy/1.14.19/4c0c637b8f47dc08f89240e6f59900011752c97b/byte-buddy-1.14.19.jar","/home/jbergqvist/.gradle/caches/modules-2/files-2.1/jakarta.inject/jakarta.inject-api/2.0.1/4c28afe1991a941d7702fe1362c365f0a8641d1e/jakarta.inject-api-2.0.1.jar","/home/jbergqvist/.gradle/caches/modules-2/files-2.1/org.antlr/antlr4-runtime/4.13.0/5a02e48521624faaf5ff4d99afc88b01686af655/antlr4-runtime-4.13.0.jar","/home/jbergqvist/.gradle/caches/modules-2/files-2.1/jakarta.annotation/jakarta.annotation-api/2.1.1/48b9bda22b091b1f48b13af03fe36db3be6e1ae3/jakarta.annotation-api-2.1.1.jar","/home/jbergqvist/.gradle/caches/modules-2/files-2.1/org.springframework.boot/spring-boot-starter-logging/3.3.3/43d07b2e6bbb628c7fc5df103d35ee2eb091522/spring-boot-starter-logging-3.3.3.jar","/home/jbergqvist/.gradle/caches/modules-2/files-2.1/ch.qos.logback/logback-classic/1.5.7/ad4ff8ca015737ade8e8a9de07de565c423e5b7a/logback-classic-1.5.7.jar","/home/jbergqvist/.gradle/caches/modules-2/files-2.1/org.apache.logging.log4j/log4j-to-slf4j/2.23.1/425ad1eb8a39904d2830e907a324e956fb456520/log4j-to-slf4j-2.23.1.jar","/home/jbergqvist/.gradle/caches/modules-2/files-2.1/org.slf4j/jul-to-slf4j/2.0.16/6d57da3e961daac65bcca0dd3def6cd11e48a24a/jul-to-slf4j-2.0.16.jar","/home/jbergqvist/.gradle/caches/modules-2/files-2.1/org.slf4j/slf4j-api/2.0.16/172931663a09a1fa515567af5fbef00897d3c04/slf4j-api-2.0.16.jar","/home/jbergqvist/.gradle/caches/modules-2/files-2.1/com.fasterxml.jackson.datatype/jackson-datatype-jdk8/2.17.2/efd3dd0e1d0db8bc72abbe71c15e697bb83b4b45/jackson-datatype-jdk8-2.17.2.jar","/home/jbergqvist/.gradle/caches/modules-2/files-2.1/com.fasterxml.jackson.datatype/jackson-datatype-jsr310/2.17.2/267b85e9ba2892a37be6d80aa9ca1438a0d8c210/jackson-datatype-jsr310-2.17.2.jar","/home/jbergqvist/.gradle/caches/modules-2/files-2.1/com.fasterxml.jackson.module/jackson-module-parameter-names/2.17.2/d27b9f95ccce98984c1ba58d61c5a9c072b1ad95/jackson-module-parameter-names-2.17.2.jar","/home/jbergqvist/.gradle/caches/modules-2/files-2.1/com.fasterxml.jackson.core/jackson-databind/2.17.2/e6deb029e5901e027c129341fac39e515066b68c/jackson-databind-2.17.2.jar","/home/jbergqvist/.gradle/caches/modules-2/files-2.1/io.swagger.core.v3/swagger-models-jakarta/2.2.22/bc2809b2efa1f7b062bc9668304a84b198fececd/swagger-models-jakarta-2.2.22.jar","/home/jbergqvist/.gradle/caches/modules-2/files-2.1/com.fasterxml.jackson.core/jackson-annotations/2.17.2/147b7b9412ffff24339f8aba080b292448e08698/jackson-annotations-2.17.2.jar","/home/jbergqvist/.gradle/caches/modules-2/files-2.1/com.fasterxml.jackson.core/jackson-core/2.17.2/969a35cb35c86512acbadcdbbbfb044c877db814/jackson-core-2.17.2.jar","/home/jbergqvist/.gradle/caches/modules-2/files-2.1/com.fasterxml.jackson.dataformat/jackson-dataformat-yaml/2.17.2/78d2c73dbec62044d7cf3b544b2e0d24a1a093b0/jackson-dataformat-yaml-2.17.2.jar","/home/jbergqvist/.gradle/caches/modules-2/files-2.1/org.yaml/snakeyaml/2.2/3af797a25458550a16bf89acc8e4ab2b7f2bfce0/snakeyaml-2.2.jar","/home/jbergqvist/.gradle/caches/modules-2/files-2.1/org.apache.tomcat.embed/tomcat-embed-websocket/10.1.28/1a5ee88106795215e8a7b6cfea46e57cdfc96430/tomcat-embed-websocket-10.1.28.jar","/home/jbergqvist/.gradle/caches/modules-2/files-2.1/org.apache.tomcat.embed/tomcat-embed-core/10.1.28/624f53789b7ba96bc3c8e871fb5eed4cab5a7c89/tomcat-embed-core-10.1.28.jar","/home/jbergqvist/.gradle/caches/modules-2/files-2.1/org.apache.tomcat.embed/tomcat-embed-el/10.1.28/3220f687c5ffc8650559f08ecac5b149838627b3/tomcat-embed-el-10.1.28.jar","/home/jbergqvist/.gradle/caches/modules-2/files-2.1/io.micrometer/micrometer-observation/1.13.3/99840eb14ecf95d349f39123c867c2ca33808d/micrometer-observation-1.13.3.jar","/home/jbergqvist/.gradle/caches/modules-2/files-2.1/com.squareup.okhttp3/okhttp/4.12.0/2f4525d4a200e97e1b87449c2cd9bd2e25b7e8cd/okhttp-4.12.0.jar","/home/jbergqvist/.gradle/caches/modules-2/files-2.1/org.eclipse.angus/angus-activation/2.0.2/41f1e0ddd157c856926ed149ab837d110955a9fc/angus-activation-2.0.2.jar","/home/jbergqvist/.gradle/caches/modules-2/files-2.1/jakarta.activation/jakarta.activation-api/2.1.3/fa165bd70cda600368eee31555222776a46b881f/jakarta.activation-api-2.1.3.jar","/home/jbergqvist/.gradle/caches/modules-2/files-2.1/net.minidev/accessors-smart/2.5.1/19b820261eb2e7de7d5bde11d1c06e4501dd7e5f/accessors-smart-2.5.1.jar","/home/jbergqvist/.gradle/caches/modules-2/files-2.1/net.bytebuddy/byte-buddy-agent/1.14.19/154da3a65b4f4a909d3e5bdec55d1b2b4cbb6ce1/byte-buddy-agent-1.14.19.jar","/home/jbergqvist/.gradle/caches/modules-2/files-2.1/org.objenesis/objenesis/3.3/1049c09f1de4331e8193e579448d0916d75b7631/objenesis-3.3.jar","/home/jbergqvist/.gradle/caches/modules-2/files-2.1/com.vaadin.external.google/android-json/0.0.20131108.vaadin1/fa26d351fe62a6a17f5cda1287c1c6110dec413f/android-json-0.0.20131108.vaadin1.jar","/home/jbergqvist/.gradle/caches/modules-2/files-2.1/org.springframework/spring-jcl/6.1.12/f46d6016fd1dd3801a0e6fcd64789ac468254944/spring-jcl-6.1.12.jar","/home/jbergqvist/.gradle/caches/modules-2/files-2.1/io.micrometer/micrometer-commons/1.13.3/47b6b093cd6ba80c9da8d973ea79c7ef69a878d5/micrometer-commons-1.13.3.jar","/home/jbergqvist/.gradle/caches/modules-2/files-2.1/com.squareup.okio/okio-jvm/3.6.0/5600569133b7bdefe1daf9ec7f4abeb6d13e1786/okio-jvm-3.6.0.jar","/home/jbergqvist/.gradle/caches/modules-2/files-2.1/org.jetbrains.kotlin/kotlin-stdlib-jdk7/1.9.25/1c166692314a2639e5edfed0d23ed7eee4a5c7a5/kotlin-stdlib-jdk7-1.9.25.jar","/home/jbergqvist/.gradle/caches/modules-2/files-2.1/org.jetbrains.kotlin/kotlin-stdlib/1.9.25/f700a2f2b8f0d6d0fde48f56d894dc722fb029d7/kotlin-stdlib-1.9.25.jar","/home/jbergqvist/.gradle/caches/modules-2/files-2.1/org.jetbrains.kotlin/kotlin-stdlib-jdk8/1.9.25/20d44e880a284f7b5cd99dd69450b403073f49b2/kotlin-stdlib-jdk8-1.9.25.jar","/home/jbergqvist/.gradle/caches/modules-2/files-2.1/org.ow2.asm/asm/9.6/aa205cf0a06dbd8e04ece91c0b37c3f5d567546a/asm-9.6.jar","/home/jbergqvist/.gradle/caches/modules-2/files-2.1/org.opentest4j/opentest4j/1.3.0/152ea56b3a72f655d4fd677fc0ef2596c3dd5e6e/opentest4j-1.3.0.jar","/home/jbergqvist/.gradle/caches/modules-2/files-2.1/org.glassfish.jaxb/txw2/4.0.5/f36a4ef12120a9bb06d766d6a0e54b144fd7ed98/txw2-4.0.5.jar","/home/jbergqvist/.gradle/caches/modules-2/files-2.1/com.sun.istack/istack-commons-runtime/4.1.2/18ec117c85f3ba0ac65409136afa8e42bc74e739/istack-commons-runtime-4.1.2.jar","/home/jbergqvist/.gradle/caches/modules-2/files-2.1/ch.qos.logback/logback-core/1.5.7/ba0d0cbac3f21abd28faed3b4931d5b49cc5887e/logback-core-1.5.7.jar","/home/jbergqvist/.gradle/caches/modules-2/files-2.1/org.apache.logging.log4j/log4j-api/2.23.1/9c15c29c526d9c6783049c0a77722693c66706e1/log4j-api-2.23.1.jar","/home/jbergqvist/.gradle/caches/modules-2/files-2.1/org.apache.commons/commons-lang3/3.14.0/1ed471194b02f2c6cb734a0cd6f6f107c673afae/commons-lang3-3.14.0.jar","/home/jbergqvist/.gradle/caches/modules-2/files-2.1/io.swagger.core.v3/swagger-annotations-jakarta/2.2.22/1efc0b0af32fce629f0786062c89e8b117abe120/swagger-annotations-jakarta-2.2.22.jar","/home/jbergqvist/.gradle/caches/modules-2/files-2.1/jakarta.validation/jakarta.validation-api/3.0.2/92b6631659ba35ca09e44874d3eb936edfeee532/jakarta.validation-api-3.0.2.jar","/home/jbergqvist/.gradle/caches/modules-2/files-2.1/org.jetbrains/annotations/13.0/919f0dfe192fb4e063e7dacadee7f8bb9a2672a9/annotations-13.0.jar","/home/jbergqvist/.gradle/caches/modules-2/files-2.1/org.apiguardian/apiguardian-api/1.1.2/a231e0d844d2721b0fa1b238006d15c6ded6842a/apiguardian-api-1.1.2.jar"],"complianceLevel":"21","productionSources":["/home/jbergqvist/diffblue/finos-traderX/trade-processor/src/main/java"],"testSources":["/home/jbergqvist/diffblue/finos-traderX/trade-processor/src/test/java"],"productionClasses":"/home/jbergqvist/diffblue/finos-traderX/trade-processor/build/classes/java/main","testClasses":"/home/jbergqvist/diffblue/finos-traderX/trade-processor/build/classes/java/test","sourceToBuildPathMap":{"/home/jbergqvist/diffblue/finos-traderX/trade-processor/src/main/java":"/home/jbergqvist/diffblue/finos-traderX/trade-processor/build/classes/java/main"},"testSourceToBuildPathMap":{"/home/jbergqvist/diffblue/finos-traderX/trade-processor/src/test/java":"/home/jbergqvist/diffblue/finos-traderX/trade-processor/build/classes/java/test"},"buildDirectory":null,"plugins":[{"__type":"DefaultPlugin","groupId":null,"artefactId":null,"version":null,"pluginClassName":"com.diffblue.cover.buildsystem.gradle.plugin.CoverPlugin"},{"__type":"DefaultPlugin","groupId":null,"artefactId":null,"version":"8.8","pluginClassName":"org.gradle.api.plugins.HelpTasksPlugin$Inject"},{"__type":"DefaultPlugin","groupId":null,"artefactId":null,"version":"8.8","pluginClassName":"org.gradle.buildinit.plugins.BuildInitPlugin$Inject"},{"__type":"DefaultPlugin","groupId":null,"artefactId":null,"version":"8.8","pluginClassName":"org.gradle.buildinit.plugins.WrapperPlugin$Inject"},{"__type":"DefaultPlugin","groupId":null,"artefactId":null,"version":"8.8","pluginClassName":"org.gradle.language.base.plugins.LifecycleBasePlugin$Inject"},{"__type":"DefaultPlugin","groupId":null,"artefactId":null,"version":"8.8","pluginClassName":"org.gradle.api.plugins.BasePlugin$Inject"},{"__type":"DefaultPlugin","groupId":null,"artefactId":null,"version":"8.8","pluginClassName":"org.gradle.api.plugins.JvmEcosystemPlugin$Inject"},{"__type":"DefaultPlugin","groupId":null,"artefactId":null,"version":"8.8","pluginClassName":"org.gradle.api.plugins.ReportingBasePlugin$Inject"},{"__type":"DefaultPlugin","groupId":null,"artefactId":null,"version":"8.8","pluginClassName":"org.gradle.api.plugins.JvmToolchainsPlugin$Inject"},{"__type":"DefaultPlugin","groupId":null,"artefactId":null,"version":"8.8","pluginClassName":"org.gradle.api.plugins.JavaBasePlugin$Inject"},{"__type":"DefaultPlugin","groupId":null,"artefactId":null,"version":"8.8","pluginClassName":"org.gradle.testing.base.plugins.TestSuiteBasePlugin$Inject"},{"__type":"DefaultPlugin","groupId":null,"artefactId":null,"version":"8.8","pluginClassName":"org.gradle.api.plugins.JvmTestSuitePlugin$Inject"},{"__type":"DefaultPlugin","groupId":null,"artefactId":null,"version":"8.8","pluginClassName":"org.gradle.api.plugins.JavaPlugin$Inject"},{"__type":"DefaultPlugin","groupId":null,"artefactId":null,"version":"3.3.3","pluginClassName":"org.springframework.boot.gradle.plugin.SpringBootPlugin"},{"__type":"DefaultPlugin","groupId":null,"artefactId":null,"version":"1.1.6","pluginClassName":"io.spring.gradle.dependencymanagement.DependencyManagementPlugin"},{"__type":"DefaultPlugin","groupId":null,"artefactId":null,"version":"0.8.11","pluginClassName":"org.gradle.testing.jacoco.plugins.JacocoPlugin$Inject"}],"version":"8.8","encoding":"UTF-8","name":"gradle","subModules":[],"simpleModuleName":"trade-processor","parentModuleName":"","location":"/home/jbergqvist/diffblue/finos-traderX/trade-processor","fullModuleName":"trade-processor"},{"__type":"DefaultProjectModule","junitReport":["/home/jbergqvist/diffblue/finos-traderX/trade-service/build/test-results/test"],"jacocoReport":["/home/jbergqvist/diffblue/finos-traderX/trade-service/build/reports/jacoco/test/jacocoTestReport.xml"],"jacocoDestFile":["/home/jbergqvist/diffblue/finos-traderX/trade-service/build/jacoco/test.exec"],"jacocoFormats":null,"jacocoSkipped":false,"classpath":["/home/jbergqvist/diffblue/finos-traderX/trade-service/build/classes/java/test","/home/jbergqvist/diffblue/finos-traderX/trade-service/build/resources/test","/home/jbergqvist/diffblue/finos-traderX/trade-service/build/classes/java/main","/home/jbergqvist/diffblue/finos-traderX/trade-service/build/resources/main","/home/jbergqvist/.gradle/caches/modules-2/files-2.1/org.springframework.boot/spring-boot-starter-data-jpa/3.3.3/7eeb176d6130f7aa83405fe2985fe7cadc11ebc5/spring-boot-starter-data-jpa-3.3.3.jar","/home/jbergqvist/.gradle/caches/modules-2/files-2.1/org.springframework.boot/spring-boot-starter-web/3.3.3/f19325fefd33dc920c0f68547a798ed731a8c70c/spring-boot-starter-web-3.3.3.jar","/home/jbergqvist/.gradle/caches/modules-2/files-2.1/com.h2database/h2/2.2.224/7bdade27d8cd197d9b5ce9dc251f41d2edc5f7ad/h2-2.2.224.jar","/home/jbergqvist/.gradle/caches/modules-2/files-2.1/org.springdoc/springdoc-openapi-starter-webmvc-ui/2.6.0/2dddebb56441dbaa1009c4de434a83c65596f6ad/springdoc-openapi-starter-webmvc-ui-2.6.0.jar","/home/jbergqvist/.gradle/caches/modules-2/files-2.1/org.json/json/20240303/ebb88e8fb5122b7506d5cf1d69f1ccdb790d22a/json-20240303.jar","/home/jbergqvist/.gradle/caches/modules-2/files-2.1/io.socket/socket.io-client/2.1.0/d49d37d8c62bddec4d7d0a65add9859fab666d0e/socket.io-client-2.1.0.jar","/home/jbergqvist/.gradle/caches/modules-2/files-2.1/com.diffblue.cover/cover-annotations/1.8.0/9eb3621b5f61d1dd8d7fa1af6b2c8c3fcf8ee857/cover-annotations-1.8.0.jar","/home/jbergqvist/.gradle/caches/modules-2/files-2.1/org.springframework.boot/spring-boot-starter-test/3.3.3/6774cadaa893fce1f18ff5e528e17f75d32f6670/spring-boot-starter-test-3.3.3.jar","/home/jbergqvist/.gradle/caches/modules-2/files-2.1/org.springframework.boot/spring-boot-starter-aop/3.3.3/f64c22484c1ab36ae70abc752509ec4c7b1abcfc/spring-boot-starter-aop-3.3.3.jar","/home/jbergqvist/.gradle/caches/modules-2/files-2.1/org.springframework.boot/spring-boot-starter-jdbc/3.3.3/c97a56c12c79d1ce419a306ddee4ccb89b7d3728/spring-boot-starter-jdbc-3.3.3.jar","/home/jbergqvist/.gradle/caches/modules-2/files-2.1/org.hibernate.orm/hibernate-core/6.5.2.Final/e9e0cc47f6cd2b2553968aee66bd9e55e7485221/hibernate-core-6.5.2.Final.jar","/home/jbergqvist/.gradle/caches/modules-2/files-2.1/org.springframework.data/spring-data-jpa/3.3.3/9b89dbd19eee24c4dc4df12564efc603c614aa91/spring-data-jpa-3.3.3.jar","/home/jbergqvist/.gradle/caches/modules-2/files-2.1/org.springframework/spring-aspects/6.1.12/b72435b5813755a894531e2cf1565eff1b313574/spring-aspects-6.1.12.jar","/home/jbergqvist/.gradle/caches/modules-2/files-2.1/org.springframework.boot/spring-boot-starter-json/3.3.3/3dde3b6089f772a77763020cc97a219307a8f39f/spring-boot-starter-json-3.3.3.jar","/home/jbergqvist/.gradle/caches/modules-2/files-2.1/org.springframework.boot/spring-boot-starter/3.3.3/174d6cb1c59036a01756d6bf4d8945325f94155f/spring-boot-starter-3.3.3.jar","/home/jbergqvist/.gradle/caches/modules-2/files-2.1/org.springframework.boot/spring-boot-starter-tomcat/3.3.3/8ca660b0ecba2f0ff8ce27603fe89953dc4ec18d/spring-boot-starter-tomcat-3.3.3.jar","/home/jbergqvist/.gradle/caches/modules-2/files-2.1/org.springdoc/springdoc-openapi-starter-webmvc-api/2.6.0/d235c2989247641e5dfe764d7add3a11e4d54a5f/springdoc-openapi-starter-webmvc-api-2.6.0.jar","/home/jbergqvist/.gradle/caches/modules-2/files-2.1/org.springframework/spring-webmvc/6.1.12/86bb0c203d68adb4b2675765f5a372f4c5254b2d/spring-webmvc-6.1.12.jar","/home/jbergqvist/.gradle/caches/modules-2/files-2.1/org.springframework/spring-web/6.1.12/b60e69b3ec87f8e001537a0fa7e3e2732dfafa7e/spring-web-6.1.12.jar","/home/jbergqvist/.gradle/caches/modules-2/files-2.1/org.webjars/swagger-ui/5.17.14/7c746d197424eb721b4e08fcaa9e85231662d81f/swagger-ui-5.17.14.jar","/home/jbergqvist/.gradle/caches/modules-2/files-2.1/io.socket/engine.io-client/2.1.0/fb421e5575e69e1181e5fed3eea351929017f08e/engine.io-client-2.1.0.jar","/home/jbergqvist/.gradle/caches/modules-2/files-2.1/org.springframework.boot/spring-boot-test-autoconfigure/3.3.3/ebce486202d965dc984ff8013a8f87fdb9b6fe46/spring-boot-test-autoconfigure-3.3.3.jar","/home/jbergqvist/.gradle/caches/modules-2/files-2.1/org.springframework.boot/spring-boot-test/3.3.3/42a314ffe171b6fb3932a86a884ef721467dc704/spring-boot-test-3.3.3.jar","/home/jbergqvist/.gradle/caches/modules-2/files-2.1/com.jayway.jsonpath/json-path/2.9.0/37fe2217f577b0b68b18e62c4d17a8858ecf9b69/json-path-2.9.0.jar","/home/jbergqvist/.gradle/caches/modules-2/files-2.1/org.glassfish.jaxb/jaxb-runtime/4.0.5/ca84c2a7169b5293e232b9d00d1e4e36d4c3914a/jaxb-runtime-4.0.5.jar","/home/jbergqvist/.gradle/caches/modules-2/files-2.1/org.glassfish.jaxb/jaxb-core/4.0.5/7b4b11ea5542eea4ad55e1080b23be436795b3/jaxb-core-4.0.5.jar","/home/jbergqvist/.gradle/caches/modules-2/files-2.1/org.springdoc/springdoc-openapi-starter-common/2.6.0/c8cf5fbd1f9e4c410d67f1de27dfc3529de13620/springdoc-openapi-starter-common-2.6.0.jar","/home/jbergqvist/.gradle/caches/modules-2/files-2.1/io.swagger.core.v3/swagger-core-jakarta/2.2.22/9ed5daaaa1c94c9a6b56c058c9d1b3190044a2e2/swagger-core-jakarta-2.2.22.jar","/home/jbergqvist/.gradle/caches/modules-2/files-2.1/jakarta.xml.bind/jakarta.xml.bind-api/4.0.2/6cd5a999b834b63238005b7144136379dc36cad2/jakarta.xml.bind-api-4.0.2.jar","/home/jbergqvist/.gradle/caches/modules-2/files-2.1/net.minidev/json-smart/2.5.1/4c11d2808d009132dfbbf947ebf37de6bf266c8e/json-smart-2.5.1.jar","/home/jbergqvist/.gradle/caches/modules-2/files-2.1/org.assertj/assertj-core/3.25.3/792b270e73aa1cfc28fa135be0b95e69ea451432/assertj-core-3.25.3.jar","/home/jbergqvist/.gradle/caches/modules-2/files-2.1/org.awaitility/awaitility/4.2.2/7336242073ebf83fe034e42b46a403c5501b63c9/awaitility-4.2.2.jar","/home/jbergqvist/.gradle/caches/modules-2/files-2.1/org.hamcrest/hamcrest/2.2/1820c0968dba3a11a1b30669bb1f01978a91dedc/hamcrest-2.2.jar","/home/jbergqvist/.gradle/caches/modules-2/files-2.1/org.mockito/mockito-junit-jupiter/5.11.0/8e658dd339f40305ed4293db25545b5df98b171b/mockito-junit-jupiter-5.11.0.jar","/home/jbergqvist/.gradle/caches/modules-2/files-2.1/org.junit.jupiter/junit-jupiter-params/5.10.3/4852f4e4af9074d9214213b199751f99efeab8b9/junit-jupiter-params-5.10.3.jar","/home/jbergqvist/.gradle/caches/modules-2/files-2.1/org.junit.jupiter/junit-jupiter-engine/5.10.3/48c14e866bb1a87ca35d24ff068463bb202ada24/junit-jupiter-engine-5.10.3.jar","/home/jbergqvist/.gradle/caches/modules-2/files-2.1/org.junit.jupiter/junit-jupiter-api/5.10.3/a22aa91d1d6c69b2020a9aeb6d095ea81132bfa5/junit-jupiter-api-5.10.3.jar","/home/jbergqvist/.gradle/caches/modules-2/files-2.1/org.junit.platform/junit-platform-engine/1.10.3/365a320c3cfd47f3346625e541e424e35dc75c42/junit-platform-engine-1.10.3.jar","/home/jbergqvist/.gradle/caches/modules-2/files-2.1/org.junit.platform/junit-platform-commons/1.10.3/a353d42a2f13343a7cb80c5228ae66ff64495481/junit-platform-commons-1.10.3.jar","/home/jbergqvist/.gradle/caches/modules-2/files-2.1/org.junit.jupiter/junit-jupiter/5.10.3/6686d8fbf251f9bf8ecba413cab57b9e00f9134d/junit-jupiter-5.10.3.jar","/home/jbergqvist/.gradle/caches/modules-2/files-2.1/org.mockito/mockito-core/5.11.0/e4069fa4f4ff2c94322cfec5f2e45341c6c70aff/mockito-core-5.11.0.jar","/home/jbergqvist/.gradle/caches/modules-2/files-2.1/org.skyscreamer/jsonassert/1.5.3/aaa43e0823d2a0e106e8754d6a9c4ab24e05e9bc/jsonassert-1.5.3.jar","/home/jbergqvist/.gradle/caches/modules-2/files-2.1/org.springframework/spring-test/6.1.12/ea59acc56a32e6a46f66c06e5d4c2b8e8c6a2869/spring-test-6.1.12.jar","/home/jbergqvist/.gradle/caches/modules-2/files-2.1/org.springframework.boot/spring-boot-autoconfigure/3.3.3/4445f0bbf838c1e3aeb5a83bf2367fbd1013237f/spring-boot-autoconfigure-3.3.3.jar","/home/jbergqvist/.gradle/caches/modules-2/files-2.1/org.springframework.boot/spring-boot/3.3.3/f34dba93611823e521800a47043267715184911b/spring-boot-3.3.3.jar","/home/jbergqvist/.gradle/caches/modules-2/files-2.1/org.springframework/spring-context/6.1.12/e69d476d1334935529a61f403749c6b8593e3272/spring-context-6.1.12.jar","/home/jbergqvist/.gradle/caches/modules-2/files-2.1/org.springframework/spring-aop/6.1.12/5fce5ff02455fad179fc0ea05435dfb79bbeaa66/spring-aop-6.1.12.jar","/home/jbergqvist/.gradle/caches/modules-2/files-2.1/org.springframework/spring-orm/6.1.12/9df98d9ebdfcf5359dbda945de515d8af2cabe89/spring-orm-6.1.12.jar","/home/jbergqvist/.gradle/caches/modules-2/files-2.1/org.springframework/spring-jdbc/6.1.12/feb177a07e109f633c3fb1892d22a2867d0b2284/spring-jdbc-6.1.12.jar","/home/jbergqvist/.gradle/caches/modules-2/files-2.1/org.springframework.data/spring-data-commons/3.3.3/89ab77494e1e56b058001354265e381a0a2868e6/spring-data-commons-3.3.3.jar","/home/jbergqvist/.gradle/caches/modules-2/files-2.1/org.springframework/spring-tx/6.1.12/c47885e494845584e08407b611031ea2bcef0ef7/spring-tx-6.1.12.jar","/home/jbergqvist/.gradle/caches/modules-2/files-2.1/org.springframework/spring-beans/6.1.12/f0344fa934f114a15f02c2b1a199189ec12b7eb5/spring-beans-6.1.12.jar","/home/jbergqvist/.gradle/caches/modules-2/files-2.1/org.springframework/spring-expression/6.1.12/644bbc2e65eb40feb7284b8570d7a7eb8b1fe8df/spring-expression-6.1.12.jar","/home/jbergqvist/.gradle/caches/modules-2/files-2.1/org.springframework/spring-core/6.1.12/5f4162fb645c4f72b57b21d721fce9f26edb9bb9/spring-core-6.1.12.jar","/home/jbergqvist/.gradle/caches/modules-2/files-2.1/org.xmlunit/xmlunit-core/2.9.1/e5833662d9a1279a37da3ef6f62a1da29fcd68c4/xmlunit-core-2.9.1.jar","/home/jbergqvist/.gradle/caches/modules-2/files-2.1/org.aspectj/aspectjweaver/1.9.22.1/bca243d0af0db4758fbae45c5f4995cb5dabb612/aspectjweaver-1.9.22.1.jar","/home/jbergqvist/.gradle/caches/modules-2/files-2.1/com.zaxxer/HikariCP/5.1.0/8c96e36c14461fc436bb02b264b96ef3ca5dca8c/HikariCP-5.1.0.jar","/home/jbergqvist/.gradle/caches/modules-2/files-2.1/jakarta.persistence/jakarta.persistence-api/3.1.0/66901fa1c373c6aff65c13791cc11da72060a8d6/jakarta.persistence-api-3.1.0.jar","/home/jbergqvist/.gradle/caches/modules-2/files-2.1/jakarta.transaction/jakarta.transaction-api/2.0.1/51a520e3fae406abb84e2e1148e6746ce3f80a1a/jakarta.transaction-api-2.0.1.jar","/home/jbergqvist/.gradle/caches/modules-2/files-2.1/org.jboss.logging/jboss-logging/3.5.3.Final/c88fc1d8a96d4c3491f55d4317458ccad53ca663/jboss-logging-3.5.3.Final.jar","/home/jbergqvist/.gradle/caches/modules-2/files-2.1/org.hibernate.common/hibernate-commons-annotations/6.0.6.Final/77a5f94b56d49508e0ee334751db5b78e5ccd50c/hibernate-commons-annotations-6.0.6.Final.jar","/home/jbergqvist/.gradle/caches/modules-2/files-2.1/io.smallrye/jandex/3.1.2/a6c1c89925c7df06242b03dddb353116ceb9584c/jandex-3.1.2.jar","/home/jbergqvist/.gradle/caches/modules-2/files-2.1/com.fasterxml/classmate/1.7.0/e98374da1f2143ac8e6e0a95036994bb19137a3/classmate-1.7.0.jar","/home/jbergqvist/.gradle/caches/modules-2/files-2.1/net.bytebuddy/byte-buddy/1.14.19/4c0c637b8f47dc08f89240e6f59900011752c97b/byte-buddy-1.14.19.jar","/home/jbergqvist/.gradle/caches/modules-2/files-2.1/jakarta.inject/jakarta.inject-api/2.0.1/4c28afe1991a941d7702fe1362c365f0a8641d1e/jakarta.inject-api-2.0.1.jar","/home/jbergqvist/.gradle/caches/modules-2/files-2.1/org.antlr/antlr4-runtime/4.13.0/5a02e48521624faaf5ff4d99afc88b01686af655/antlr4-runtime-4.13.0.jar","/home/jbergqvist/.gradle/caches/modules-2/files-2.1/jakarta.annotation/jakarta.annotation-api/2.1.1/48b9bda22b091b1f48b13af03fe36db3be6e1ae3/jakarta.annotation-api-2.1.1.jar","/home/jbergqvist/.gradle/caches/modules-2/files-2.1/org.springframework.boot/spring-boot-starter-logging/3.3.3/43d07b2e6bbb628c7fc5df103d35ee2eb091522/spring-boot-starter-logging-3.3.3.jar","/home/jbergqvist/.gradle/caches/modules-2/files-2.1/ch.qos.logback/logback-classic/1.5.7/ad4ff8ca015737ade8e8a9de07de565c423e5b7a/logback-classic-1.5.7.jar","/home/jbergqvist/.gradle/caches/modules-2/files-2.1/org.apache.logging.log4j/log4j-to-slf4j/2.23.1/425ad1eb8a39904d2830e907a324e956fb456520/log4j-to-slf4j-2.23.1.jar","/home/jbergqvist/.gradle/caches/modules-2/files-2.1/org.slf4j/jul-to-slf4j/2.0.16/6d57da3e961daac65bcca0dd3def6cd11e48a24a/jul-to-slf4j-2.0.16.jar","/home/jbergqvist/.gradle/caches/modules-2/files-2.1/org.slf4j/slf4j-api/2.0.16/172931663a09a1fa515567af5fbef00897d3c04/slf4j-api-2.0.16.jar","/home/jbergqvist/.gradle/caches/modules-2/files-2.1/com.fasterxml.jackson.datatype/jackson-datatype-jsr310/2.17.2/267b85e9ba2892a37be6d80aa9ca1438a0d8c210/jackson-datatype-jsr310-2.17.2.jar","/home/jbergqvist/.gradle/caches/modules-2/files-2.1/com.fasterxml.jackson.module/jackson-module-parameter-names/2.17.2/d27b9f95ccce98984c1ba58d61c5a9c072b1ad95/jackson-module-parameter-names-2.17.2.jar","/home/jbergqvist/.gradle/caches/modules-2/files-2.1/io.swagger.core.v3/swagger-models-jakarta/2.2.22/bc2809b2efa1f7b062bc9668304a84b198fececd/swagger-models-jakarta-2.2.22.jar","/home/jbergqvist/.gradle/caches/modules-2/files-2.1/com.fasterxml.jackson.core/jackson-annotations/2.17.2/147b7b9412ffff24339f8aba080b292448e08698/jackson-annotations-2.17.2.jar","/home/jbergqvist/.gradle/caches/modules-2/files-2.1/com.fasterxml.jackson.dataformat/jackson-dataformat-yaml/2.17.2/78d2c73dbec62044d7cf3b544b2e0d24a1a093b0/jackson-dataformat-yaml-2.17.2.jar","/home/jbergqvist/.gradle/caches/modules-2/files-2.1/com.fasterxml.jackson.core/jackson-core/2.17.2/969a35cb35c86512acbadcdbbbfb044c877db814/jackson-core-2.17.2.jar","/home/jbergqvist/.gradle/caches/modules-2/files-2.1/com.fasterxml.jackson.datatype/jackson-datatype-jdk8/2.17.2/efd3dd0e1d0db8bc72abbe71c15e697bb83b4b45/jackson-datatype-jdk8-2.17.2.jar","/home/jbergqvist/.gradle/caches/modules-2/files-2.1/com.fasterxml.jackson.core/jackson-databind/2.17.2/e6deb029e5901e027c129341fac39e515066b68c/jackson-databind-2.17.2.jar","/home/jbergqvist/.gradle/caches/modules-2/files-2.1/org.apache.tomcat.embed/tomcat-embed-websocket/10.1.28/1a5ee88106795215e8a7b6cfea46e57cdfc96430/tomcat-embed-websocket-10.1.28.jar","/home/jbergqvist/.gradle/caches/modules-2/files-2.1/org.apache.tomcat.embed/tomcat-embed-core/10.1.28/624f53789b7ba96bc3c8e871fb5eed4cab5a7c89/tomcat-embed-core-10.1.28.jar","/home/jbergqvist/.gradle/caches/modules-2/files-2.1/org.apache.tomcat.embed/tomcat-embed-el/10.1.28/3220f687c5ffc8650559f08ecac5b149838627b3/tomcat-embed-el-10.1.28.jar","/home/jbergqvist/.gradle/caches/modules-2/files-2.1/io.micrometer/micrometer-observation/1.13.3/99840eb14ecf95d349f39123c867c2ca33808d/micrometer-observation-1.13.3.jar","/home/jbergqvist/.gradle/caches/modules-2/files-2.1/com.squareup.okhttp3/okhttp/4.12.0/2f4525d4a200e97e1b87449c2cd9bd2e25b7e8cd/okhttp-4.12.0.jar","/home/jbergqvist/.gradle/caches/modules-2/files-2.1/org.eclipse.angus/angus-activation/2.0.2/41f1e0ddd157c856926ed149ab837d110955a9fc/angus-activation-2.0.2.jar","/home/jbergqvist/.gradle/caches/modules-2/files-2.1/jakarta.activation/jakarta.activation-api/2.1.3/fa165bd70cda600368eee31555222776a46b881f/jakarta.activation-api-2.1.3.jar","/home/jbergqvist/.gradle/caches/modules-2/files-2.1/net.minidev/accessors-smart/2.5.1/19b820261eb2e7de7d5bde11d1c06e4501dd7e5f/accessors-smart-2.5.1.jar","/home/jbergqvist/.gradle/caches/modules-2/files-2.1/net.bytebuddy/byte-buddy-agent/1.14.19/154da3a65b4f4a909d3e5bdec55d1b2b4cbb6ce1/byte-buddy-agent-1.14.19.jar","/home/jbergqvist/.gradle/caches/modules-2/files-2.1/org.objenesis/objenesis/3.3/1049c09f1de4331e8193e579448d0916d75b7631/objenesis-3.3.jar","/home/jbergqvist/.gradle/caches/modules-2/files-2.1/com.vaadin.external.google/android-json/0.0.20131108.vaadin1/fa26d351fe62a6a17f5cda1287c1c6110dec413f/android-json-0.0.20131108.vaadin1.jar","/home/jbergqvist/.gradle/caches/modules-2/files-2.1/org.springframework/spring-jcl/6.1.12/f46d6016fd1dd3801a0e6fcd64789ac468254944/spring-jcl-6.1.12.jar","/home/jbergqvist/.gradle/caches/modules-2/files-2.1/io.micrometer/micrometer-commons/1.13.3/47b6b093cd6ba80c9da8d973ea79c7ef69a878d5/micrometer-commons-1.13.3.jar","/home/jbergqvist/.gradle/caches/modules-2/files-2.1/com.squareup.okio/okio-jvm/3.6.0/5600569133b7bdefe1daf9ec7f4abeb6d13e1786/okio-jvm-3.6.0.jar","/home/jbergqvist/.gradle/caches/modules-2/files-2.1/org.jetbrains.kotlin/kotlin-stdlib-jdk7/1.9.25/1c166692314a2639e5edfed0d23ed7eee4a5c7a5/kotlin-stdlib-jdk7-1.9.25.jar","/home/jbergqvist/.gradle/caches/modules-2/files-2.1/org.jetbrains.kotlin/kotlin-stdlib/1.9.25/f700a2f2b8f0d6d0fde48f56d894dc722fb029d7/kotlin-stdlib-1.9.25.jar","/home/jbergqvist/.gradle/caches/modules-2/files-2.1/org.jetbrains.kotlin/kotlin-stdlib-jdk8/1.9.25/20d44e880a284f7b5cd99dd69450b403073f49b2/kotlin-stdlib-jdk8-1.9.25.jar","/home/jbergqvist/.gradle/caches/modules-2/files-2.1/org.ow2.asm/asm/9.6/aa205cf0a06dbd8e04ece91c0b37c3f5d567546a/asm-9.6.jar","/home/jbergqvist/.gradle/caches/modules-2/files-2.1/org.opentest4j/opentest4j/1.3.0/152ea56b3a72f655d4fd677fc0ef2596c3dd5e6e/opentest4j-1.3.0.jar","/home/jbergqvist/.gradle/caches/modules-2/files-2.1/org.glassfish.jaxb/txw2/4.0.5/f36a4ef12120a9bb06d766d6a0e54b144fd7ed98/txw2-4.0.5.jar","/home/jbergqvist/.gradle/caches/modules-2/files-2.1/com.sun.istack/istack-commons-runtime/4.1.2/18ec117c85f3ba0ac65409136afa8e42bc74e739/istack-commons-runtime-4.1.2.jar","/home/jbergqvist/.gradle/caches/modules-2/files-2.1/ch.qos.logback/logback-core/1.5.7/ba0d0cbac3f21abd28faed3b4931d5b49cc5887e/logback-core-1.5.7.jar","/home/jbergqvist/.gradle/caches/modules-2/files-2.1/org.apache.logging.log4j/log4j-api/2.23.1/9c15c29c526d9c6783049c0a77722693c66706e1/log4j-api-2.23.1.jar","/home/jbergqvist/.gradle/caches/modules-2/files-2.1/org.apache.commons/commons-lang3/3.14.0/1ed471194b02f2c6cb734a0cd6f6f107c673afae/commons-lang3-3.14.0.jar","/home/jbergqvist/.gradle/caches/modules-2/files-2.1/io.swagger.core.v3/swagger-annotations-jakarta/2.2.22/1efc0b0af32fce629f0786062c89e8b117abe120/swagger-annotations-jakarta-2.2.22.jar","/home/jbergqvist/.gradle/caches/modules-2/files-2.1/jakarta.validation/jakarta.validation-api/3.0.2/92b6631659ba35ca09e44874d3eb936edfeee532/jakarta.validation-api-3.0.2.jar","/home/jbergqvist/.gradle/caches/modules-2/files-2.1/org.jetbrains/annotations/13.0/919f0dfe192fb4e063e7dacadee7f8bb9a2672a9/annotations-13.0.jar","/home/jbergqvist/.gradle/caches/modules-2/files-2.1/org.apiguardian/apiguardian-api/1.1.2/a231e0d844d2721b0fa1b238006d15c6ded6842a/apiguardian-api-1.1.2.jar"],"complianceLevel":"21","productionSources":["/home/jbergqvist/diffblue/finos-traderX/trade-service/src/main/java"],"testSources":["/home/jbergqvist/diffblue/finos-traderX/trade-service/src/test/java"],"productionClasses":"/home/jbergqvist/diffblue/finos-traderX/trade-service/build/classes/java/main","testClasses":"/home/jbergqvist/diffblue/finos-traderX/trade-service/build/classes/java/test","sourceToBuildPathMap":{"/home/jbergqvist/diffblue/finos-traderX/trade-service/src/main/java":"/home/jbergqvist/diffblue/finos-traderX/trade-service/build/classes/java/main"},"testSourceToBuildPathMap":{"/home/jbergqvist/diffblue/finos-traderX/trade-service/src/test/java":"/home/jbergqvist/diffblue/finos-traderX/trade-service/build/classes/java/test"},"buildDirectory":null,"plugins":[{"__type":"DefaultPlugin","groupId":null,"artefactId":null,"version":null,"pluginClassName":"com.diffblue.cover.buildsystem.gradle.plugin.CoverPlugin"},{"__type":"DefaultPlugin","groupId":null,"artefactId":null,"version":"8.8","pluginClassName":"org.gradle.api.plugins.HelpTasksPlugin$Inject"},{"__type":"DefaultPlugin","groupId":null,"artefactId":null,"version":"8.8","pluginClassName":"org.gradle.buildinit.plugins.BuildInitPlugin$Inject"},{"__type":"DefaultPlugin","groupId":null,"artefactId":null,"version":"8.8","pluginClassName":"org.gradle.buildinit.plugins.WrapperPlugin$Inject"},{"__type":"DefaultPlugin","groupId":null,"artefactId":null,"version":"8.8","pluginClassName":"org.gradle.language.base.plugins.LifecycleBasePlugin$Inject"},{"__type":"DefaultPlugin","groupId":null,"artefactId":null,"version":"8.8","pluginClassName":"org.gradle.api.plugins.BasePlugin$Inject"},{"__type":"DefaultPlugin","groupId":null,"artefactId":null,"version":"8.8","pluginClassName":"org.gradle.api.plugins.JvmEcosystemPlugin$Inject"},{"__type":"DefaultPlugin","groupId":null,"artefactId":null,"version":"8.8","pluginClassName":"org.gradle.api.plugins.ReportingBasePlugin$Inject"},{"__type":"DefaultPlugin","groupId":null,"artefactId":null,"version":"8.8","pluginClassName":"org.gradle.api.plugins.JvmToolchainsPlugin$Inject"},{"__type":"DefaultPlugin","groupId":null,"artefactId":null,"version":"8.8","pluginClassName":"org.gradle.api.plugins.JavaBasePlugin$Inject"},{"__type":"DefaultPlugin","groupId":null,"artefactId":null,"version":"8.8","pluginClassName":"org.gradle.testing.base.plugins.TestSuiteBasePlugin$Inject"},{"__type":"DefaultPlugin","groupId":null,"artefactId":null,"version":"8.8","pluginClassName":"org.gradle.api.plugins.JvmTestSuitePlugin$Inject"},{"__type":"DefaultPlugin","groupId":null,"artefactId":null,"version":"8.8","pluginClassName":"org.gradle.api.plugins.JavaPlugin$Inject"},{"__type":"DefaultPlugin","groupId":null,"artefactId":null,"version":"3.3.3","pluginClassName":"org.springframework.boot.gradle.plugin.SpringBootPlugin"},{"__type":"DefaultPlugin","groupId":null,"artefactId":null,"version":"1.1.6","pluginClassName":"io.spring.gradle.dependencymanagement.DependencyManagementPlugin"},{"__type":"DefaultPlugin","groupId":null,"artefactId":null,"version":"0.8.11","pluginClassName":"org.gradle.testing.jacoco.plugins.JacocoPlugin$Inject"}],"version":"8.8","encoding":"UTF-8","name":"gradle","subModules":[],"simpleModuleName":"trade-service","parentModuleName":"","location":"/home/jbergqvist/diffblue/finos-traderX/trade-service","fullModuleName":"trade-service"},{"__type":"DefaultProjectModule","junitReport":["/home/jbergqvist/diffblue/finos-traderX/position-service/build/test-results/test"],"jacocoReport":["/home/jbergqvist/diffblue/finos-traderX/position-service/build/reports/jacoco/test/jacocoTestReport.xml"],"jacocoDestFile":["/home/jbergqvist/diffblue/finos-traderX/position-service/build/jacoco/test.exec"],"jacocoFormats":null,"jacocoSkipped":false,"classpath":["/home/jbergqvist/diffblue/finos-traderX/position-service/build/classes/java/test","/home/jbergqvist/diffblue/finos-traderX/position-service/build/resources/test","/home/jbergqvist/diffblue/finos-traderX/position-service/build/classes/java/main","/home/jbergqvist/diffblue/finos-traderX/position-service/build/resources/main","/home/jbergqvist/.gradle/caches/modules-2/files-2.1/org.springframework.boot/spring-boot-starter-data-jpa/3.3.3/7eeb176d6130f7aa83405fe2985fe7cadc11ebc5/spring-boot-starter-data-jpa-3.3.3.jar","/home/jbergqvist/.gradle/caches/modules-2/files-2.1/org.springframework.boot/spring-boot-starter-web/3.3.3/f19325fefd33dc920c0f68547a798ed731a8c70c/spring-boot-starter-web-3.3.3.jar","/home/jbergqvist/.gradle/caches/modules-2/files-2.1/com.h2database/h2/2.2.224/7bdade27d8cd197d9b5ce9dc251f41d2edc5f7ad/h2-2.2.224.jar","/home/jbergqvist/.gradle/caches/modules-2/files-2.1/org.springdoc/springdoc-openapi-starter-webmvc-ui/2.6.0/2dddebb56441dbaa1009c4de434a83c65596f6ad/springdoc-openapi-starter-webmvc-ui-2.6.0.jar","/home/jbergqvist/.gradle/caches/modules-2/files-2.1/com.diffblue.cover/cover-annotations/1.8.0/9eb3621b5f61d1dd8d7fa1af6b2c8c3fcf8ee857/cover-annotations-1.8.0.jar","/home/jbergqvist/.gradle/caches/modules-2/files-2.1/org.springframework.boot/spring-boot-starter-test/3.3.3/6774cadaa893fce1f18ff5e528e17f75d32f6670/spring-boot-starter-test-3.3.3.jar","/home/jbergqvist/.gradle/caches/modules-2/files-2.1/org.springframework.boot/spring-boot-starter-aop/3.3.3/f64c22484c1ab36ae70abc752509ec4c7b1abcfc/spring-boot-starter-aop-3.3.3.jar","/home/jbergqvist/.gradle/caches/modules-2/files-2.1/org.springframework.boot/spring-boot-starter-jdbc/3.3.3/c97a56c12c79d1ce419a306ddee4ccb89b7d3728/spring-boot-starter-jdbc-3.3.3.jar","/home/jbergqvist/.gradle/caches/modules-2/files-2.1/org.hibernate.orm/hibernate-core/6.5.2.Final/e9e0cc47f6cd2b2553968aee66bd9e55e7485221/hibernate-core-6.5.2.Final.jar","/home/jbergqvist/.gradle/caches/modules-2/files-2.1/org.springframework.data/spring-data-jpa/3.3.3/9b89dbd19eee24c4dc4df12564efc603c614aa91/spring-data-jpa-3.3.3.jar","/home/jbergqvist/.gradle/caches/modules-2/files-2.1/org.springframework/spring-aspects/6.1.12/b72435b5813755a894531e2cf1565eff1b313574/spring-aspects-6.1.12.jar","/home/jbergqvist/.gradle/caches/modules-2/files-2.1/org.springframework.boot/spring-boot-starter-json/3.3.3/3dde3b6089f772a77763020cc97a219307a8f39f/spring-boot-starter-json-3.3.3.jar","/home/jbergqvist/.gradle/caches/modules-2/files-2.1/org.springframework.boot/spring-boot-starter/3.3.3/174d6cb1c59036a01756d6bf4d8945325f94155f/spring-boot-starter-3.3.3.jar","/home/jbergqvist/.gradle/caches/modules-2/files-2.1/org.springframework.boot/spring-boot-starter-tomcat/3.3.3/8ca660b0ecba2f0ff8ce27603fe89953dc4ec18d/spring-boot-starter-tomcat-3.3.3.jar","/home/jbergqvist/.gradle/caches/modules-2/files-2.1/org.springdoc/springdoc-openapi-starter-webmvc-api/2.6.0/d235c2989247641e5dfe764d7add3a11e4d54a5f/springdoc-openapi-starter-webmvc-api-2.6.0.jar","/home/jbergqvist/.gradle/caches/modules-2/files-2.1/org.springframework/spring-webmvc/6.1.12/86bb0c203d68adb4b2675765f5a372f4c5254b2d/spring-webmvc-6.1.12.jar","/home/jbergqvist/.gradle/caches/modules-2/files-2.1/org.springframework/spring-web/6.1.12/b60e69b3ec87f8e001537a0fa7e3e2732dfafa7e/spring-web-6.1.12.jar","/home/jbergqvist/.gradle/caches/modules-2/files-2.1/org.webjars/swagger-ui/5.17.14/7c746d197424eb721b4e08fcaa9e85231662d81f/swagger-ui-5.17.14.jar","/home/jbergqvist/.gradle/caches/modules-2/files-2.1/org.springframework.boot/spring-boot-test-autoconfigure/3.3.3/ebce486202d965dc984ff8013a8f87fdb9b6fe46/spring-boot-test-autoconfigure-3.3.3.jar","/home/jbergqvist/.gradle/caches/modules-2/files-2.1/org.springframework.boot/spring-boot-test/3.3.3/42a314ffe171b6fb3932a86a884ef721467dc704/spring-boot-test-3.3.3.jar","/home/jbergqvist/.gradle/caches/modules-2/files-2.1/com.jayway.jsonpath/json-path/2.9.0/37fe2217f577b0b68b18e62c4d17a8858ecf9b69/json-path-2.9.0.jar","/home/jbergqvist/.gradle/caches/modules-2/files-2.1/org.glassfish.jaxb/jaxb-runtime/4.0.5/ca84c2a7169b5293e232b9d00d1e4e36d4c3914a/jaxb-runtime-4.0.5.jar","/home/jbergqvist/.gradle/caches/modules-2/files-2.1/org.glassfish.jaxb/jaxb-core/4.0.5/7b4b11ea5542eea4ad55e1080b23be436795b3/jaxb-core-4.0.5.jar","/home/jbergqvist/.gradle/caches/modules-2/files-2.1/org.springdoc/springdoc-openapi-starter-common/2.6.0/c8cf5fbd1f9e4c410d67f1de27dfc3529de13620/springdoc-openapi-starter-common-2.6.0.jar","/home/jbergqvist/.gradle/caches/modules-2/files-2.1/io.swagger.core.v3/swagger-core-jakarta/2.2.22/9ed5daaaa1c94c9a6b56c058c9d1b3190044a2e2/swagger-core-jakarta-2.2.22.jar","/home/jbergqvist/.gradle/caches/modules-2/files-2.1/jakarta.xml.bind/jakarta.xml.bind-api/4.0.2/6cd5a999b834b63238005b7144136379dc36cad2/jakarta.xml.bind-api-4.0.2.jar","/home/jbergqvist/.gradle/caches/modules-2/files-2.1/net.minidev/json-smart/2.5.1/4c11d2808d009132dfbbf947ebf37de6bf266c8e/json-smart-2.5.1.jar","/home/jbergqvist/.gradle/caches/modules-2/files-2.1/org.assertj/assertj-core/3.25.3/792b270e73aa1cfc28fa135be0b95e69ea451432/assertj-core-3.25.3.jar","/home/jbergqvist/.gradle/caches/modules-2/files-2.1/org.awaitility/awaitility/4.2.2/7336242073ebf83fe034e42b46a403c5501b63c9/awaitility-4.2.2.jar","/home/jbergqvist/.gradle/caches/modules-2/files-2.1/org.hamcrest/hamcrest/2.2/1820c0968dba3a11a1b30669bb1f01978a91dedc/hamcrest-2.2.jar","/home/jbergqvist/.gradle/caches/modules-2/files-2.1/org.mockito/mockito-junit-jupiter/5.11.0/8e658dd339f40305ed4293db25545b5df98b171b/mockito-junit-jupiter-5.11.0.jar","/home/jbergqvist/.gradle/caches/modules-2/files-2.1/org.junit.jupiter/junit-jupiter-params/5.10.3/4852f4e4af9074d9214213b199751f99efeab8b9/junit-jupiter-params-5.10.3.jar","/home/jbergqvist/.gradle/caches/modules-2/files-2.1/org.junit.jupiter/junit-jupiter-engine/5.10.3/48c14e866bb1a87ca35d24ff068463bb202ada24/junit-jupiter-engine-5.10.3.jar","/home/jbergqvist/.gradle/caches/modules-2/files-2.1/org.junit.jupiter/junit-jupiter-api/5.10.3/a22aa91d1d6c69b2020a9aeb6d095ea81132bfa5/junit-jupiter-api-5.10.3.jar","/home/jbergqvist/.gradle/caches/modules-2/files-2.1/org.junit.platform/junit-platform-engine/1.10.3/365a320c3cfd47f3346625e541e424e35dc75c42/junit-platform-engine-1.10.3.jar","/home/jbergqvist/.gradle/caches/modules-2/files-2.1/org.junit.platform/junit-platform-commons/1.10.3/a353d42a2f13343a7cb80c5228ae66ff64495481/junit-platform-commons-1.10.3.jar","/home/jbergqvist/.gradle/caches/modules-2/files-2.1/org.junit.jupiter/junit-jupiter/5.10.3/6686d8fbf251f9bf8ecba413cab57b9e00f9134d/junit-jupiter-5.10.3.jar","/home/jbergqvist/.gradle/caches/modules-2/files-2.1/org.mockito/mockito-core/5.11.0/e4069fa4f4ff2c94322cfec5f2e45341c6c70aff/mockito-core-5.11.0.jar","/home/jbergqvist/.gradle/caches/modules-2/files-2.1/org.skyscreamer/jsonassert/1.5.3/aaa43e0823d2a0e106e8754d6a9c4ab24e05e9bc/jsonassert-1.5.3.jar","/home/jbergqvist/.gradle/caches/modules-2/files-2.1/org.springframework/spring-test/6.1.12/ea59acc56a32e6a46f66c06e5d4c2b8e8c6a2869/spring-test-6.1.12.jar","/home/jbergqvist/.gradle/caches/modules-2/files-2.1/org.springframework.boot/spring-boot-autoconfigure/3.3.3/4445f0bbf838c1e3aeb5a83bf2367fbd1013237f/spring-boot-autoconfigure-3.3.3.jar","/home/jbergqvist/.gradle/caches/modules-2/files-2.1/org.springframework.boot/spring-boot/3.3.3/f34dba93611823e521800a47043267715184911b/spring-boot-3.3.3.jar","/home/jbergqvist/.gradle/caches/modules-2/files-2.1/org.springframework/spring-context/6.1.12/e69d476d1334935529a61f403749c6b8593e3272/spring-context-6.1.12.jar","/home/jbergqvist/.gradle/caches/modules-2/files-2.1/org.springframework/spring-aop/6.1.12/5fce5ff02455fad179fc0ea05435dfb79bbeaa66/spring-aop-6.1.12.jar","/home/jbergqvist/.gradle/caches/modules-2/files-2.1/org.springframework/spring-orm/6.1.12/9df98d9ebdfcf5359dbda945de515d8af2cabe89/spring-orm-6.1.12.jar","/home/jbergqvist/.gradle/caches/modules-2/files-2.1/org.springframework/spring-jdbc/6.1.12/feb177a07e109f633c3fb1892d22a2867d0b2284/spring-jdbc-6.1.12.jar","/home/jbergqvist/.gradle/caches/modules-2/files-2.1/org.springframework.data/spring-data-commons/3.3.3/89ab77494e1e56b058001354265e381a0a2868e6/spring-data-commons-3.3.3.jar","/home/jbergqvist/.gradle/caches/modules-2/files-2.1/org.springframework/spring-tx/6.1.12/c47885e494845584e08407b611031ea2bcef0ef7/spring-tx-6.1.12.jar","/home/jbergqvist/.gradle/caches/modules-2/files-2.1/org.springframework/spring-beans/6.1.12/f0344fa934f114a15f02c2b1a199189ec12b7eb5/spring-beans-6.1.12.jar","/home/jbergqvist/.gradle/caches/modules-2/files-2.1/org.springframework/spring-expression/6.1.12/644bbc2e65eb40feb7284b8570d7a7eb8b1fe8df/spring-expression-6.1.12.jar","/home/jbergqvist/.gradle/caches/modules-2/files-2.1/org.springframework/spring-core/6.1.12/5f4162fb645c4f72b57b21d721fce9f26edb9bb9/spring-core-6.1.12.jar","/home/jbergqvist/.gradle/caches/modules-2/files-2.1/org.xmlunit/xmlunit-core/2.9.1/e5833662d9a1279a37da3ef6f62a1da29fcd68c4/xmlunit-core-2.9.1.jar","/home/jbergqvist/.gradle/caches/modules-2/files-2.1/org.aspectj/aspectjweaver/1.9.22.1/bca243d0af0db4758fbae45c5f4995cb5dabb612/aspectjweaver-1.9.22.1.jar","/home/jbergqvist/.gradle/caches/modules-2/files-2.1/com.zaxxer/HikariCP/5.1.0/8c96e36c14461fc436bb02b264b96ef3ca5dca8c/HikariCP-5.1.0.jar","/home/jbergqvist/.gradle/caches/modules-2/files-2.1/jakarta.persistence/jakarta.persistence-api/3.1.0/66901fa1c373c6aff65c13791cc11da72060a8d6/jakarta.persistence-api-3.1.0.jar","/home/jbergqvist/.gradle/caches/modules-2/files-2.1/jakarta.transaction/jakarta.transaction-api/2.0.1/51a520e3fae406abb84e2e1148e6746ce3f80a1a/jakarta.transaction-api-2.0.1.jar","/home/jbergqvist/.gradle/caches/modules-2/files-2.1/org.jboss.logging/jboss-logging/3.5.3.Final/c88fc1d8a96d4c3491f55d4317458ccad53ca663/jboss-logging-3.5.3.Final.jar","/home/jbergqvist/.gradle/caches/modules-2/files-2.1/org.hibernate.common/hibernate-commons-annotations/6.0.6.Final/77a5f94b56d49508e0ee334751db5b78e5ccd50c/hibernate-commons-annotations-6.0.6.Final.jar","/home/jbergqvist/.gradle/caches/modules-2/files-2.1/io.smallrye/jandex/3.1.2/a6c1c89925c7df06242b03dddb353116ceb9584c/jandex-3.1.2.jar","/home/jbergqvist/.gradle/caches/modules-2/files-2.1/com.fasterxml/classmate/1.7.0/e98374da1f2143ac8e6e0a95036994bb19137a3/classmate-1.7.0.jar","/home/jbergqvist/.gradle/caches/modules-2/files-2.1/net.bytebuddy/byte-buddy/1.14.19/4c0c637b8f47dc08f89240e6f59900011752c97b/byte-buddy-1.14.19.jar","/home/jbergqvist/.gradle/caches/modules-2/files-2.1/jakarta.inject/jakarta.inject-api/2.0.1/4c28afe1991a941d7702fe1362c365f0a8641d1e/jakarta.inject-api-2.0.1.jar","/home/jbergqvist/.gradle/caches/modules-2/files-2.1/org.antlr/antlr4-runtime/4.13.0/5a02e48521624faaf5ff4d99afc88b01686af655/antlr4-runtime-4.13.0.jar","/home/jbergqvist/.gradle/caches/modules-2/files-2.1/jakarta.annotation/jakarta.annotation-api/2.1.1/48b9bda22b091b1f48b13af03fe36db3be6e1ae3/jakarta.annotation-api-2.1.1.jar","/home/jbergqvist/.gradle/caches/modules-2/files-2.1/org.springframework.boot/spring-boot-starter-logging/3.3.3/43d07b2e6bbb628c7fc5df103d35ee2eb091522/spring-boot-starter-logging-3.3.3.jar","/home/jbergqvist/.gradle/caches/modules-2/files-2.1/ch.qos.logback/logback-classic/1.5.7/ad4ff8ca015737ade8e8a9de07de565c423e5b7a/logback-classic-1.5.7.jar","/home/jbergqvist/.gradle/caches/modules-2/files-2.1/org.apache.logging.log4j/log4j-to-slf4j/2.23.1/425ad1eb8a39904d2830e907a324e956fb456520/log4j-to-slf4j-2.23.1.jar","/home/jbergqvist/.gradle/caches/modules-2/files-2.1/org.slf4j/jul-to-slf4j/2.0.16/6d57da3e961daac65bcca0dd3def6cd11e48a24a/jul-to-slf4j-2.0.16.jar","/home/jbergqvist/.gradle/caches/modules-2/files-2.1/org.slf4j/slf4j-api/2.0.16/172931663a09a1fa515567af5fbef00897d3c04/slf4j-api-2.0.16.jar","/home/jbergqvist/.gradle/caches/modules-2/files-2.1/com.fasterxml.jackson.datatype/jackson-datatype-jdk8/2.17.2/efd3dd0e1d0db8bc72abbe71c15e697bb83b4b45/jackson-datatype-jdk8-2.17.2.jar","/home/jbergqvist/.gradle/caches/modules-2/files-2.1/com.fasterxml.jackson.datatype/jackson-datatype-jsr310/2.17.2/267b85e9ba2892a37be6d80aa9ca1438a0d8c210/jackson-datatype-jsr310-2.17.2.jar","/home/jbergqvist/.gradle/caches/modules-2/files-2.1/com.fasterxml.jackson.module/jackson-module-parameter-names/2.17.2/d27b9f95ccce98984c1ba58d61c5a9c072b1ad95/jackson-module-parameter-names-2.17.2.jar","/home/jbergqvist/.gradle/caches/modules-2/files-2.1/com.fasterxml.jackson.core/jackson-databind/2.17.2/e6deb029e5901e027c129341fac39e515066b68c/jackson-databind-2.17.2.jar","/home/jbergqvist/.gradle/caches/modules-2/files-2.1/io.swagger.core.v3/swagger-models-jakarta/2.2.22/bc2809b2efa1f7b062bc9668304a84b198fececd/swagger-models-jakarta-2.2.22.jar","/home/jbergqvist/.gradle/caches/modules-2/files-2.1/com.fasterxml.jackson.core/jackson-annotations/2.17.2/147b7b9412ffff24339f8aba080b292448e08698/jackson-annotations-2.17.2.jar","/home/jbergqvist/.gradle/caches/modules-2/files-2.1/com.fasterxml.jackson.core/jackson-core/2.17.2/969a35cb35c86512acbadcdbbbfb044c877db814/jackson-core-2.17.2.jar","/home/jbergqvist/.gradle/caches/modules-2/files-2.1/com.fasterxml.jackson.dataformat/jackson-dataformat-yaml/2.17.2/78d2c73dbec62044d7cf3b544b2e0d24a1a093b0/jackson-dataformat-yaml-2.17.2.jar","/home/jbergqvist/.gradle/caches/modules-2/files-2.1/org.yaml/snakeyaml/2.2/3af797a25458550a16bf89acc8e4ab2b7f2bfce0/snakeyaml-2.2.jar","/home/jbergqvist/.gradle/caches/modules-2/files-2.1/org.apache.tomcat.embed/tomcat-embed-websocket/10.1.28/1a5ee88106795215e8a7b6cfea46e57cdfc96430/tomcat-embed-websocket-10.1.28.jar","/home/jbergqvist/.gradle/caches/modules-2/files-2.1/org.apache.tomcat.embed/tomcat-embed-core/10.1.28/624f53789b7ba96bc3c8e871fb5eed4cab5a7c89/tomcat-embed-core-10.1.28.jar","/home/jbergqvist/.gradle/caches/modules-2/files-2.1/org.apache.tomcat.embed/tomcat-embed-el/10.1.28/3220f687c5ffc8650559f08ecac5b149838627b3/tomcat-embed-el-10.1.28.jar","/home/jbergqvist/.gradle/caches/modules-2/files-2.1/io.micrometer/micrometer-observation/1.13.3/99840eb14ecf95d349f39123c867c2ca33808d/micrometer-observation-1.13.3.jar","/home/jbergqvist/.gradle/caches/modules-2/files-2.1/org.eclipse.angus/angus-activation/2.0.2/41f1e0ddd157c856926ed149ab837d110955a9fc/angus-activation-2.0.2.jar","/home/jbergqvist/.gradle/caches/modules-2/files-2.1/jakarta.activation/jakarta.activation-api/2.1.3/fa165bd70cda600368eee31555222776a46b881f/jakarta.activation-api-2.1.3.jar","/home/jbergqvist/.gradle/caches/modules-2/files-2.1/net.minidev/accessors-smart/2.5.1/19b820261eb2e7de7d5bde11d1c06e4501dd7e5f/accessors-smart-2.5.1.jar","/home/jbergqvist/.gradle/caches/modules-2/files-2.1/net.bytebuddy/byte-buddy-agent/1.14.19/154da3a65b4f4a909d3e5bdec55d1b2b4cbb6ce1/byte-buddy-agent-1.14.19.jar","/home/jbergqvist/.gradle/caches/modules-2/files-2.1/org.objenesis/objenesis/3.3/1049c09f1de4331e8193e579448d0916d75b7631/objenesis-3.3.jar","/home/jbergqvist/.gradle/caches/modules-2/files-2.1/com.vaadin.external.google/android-json/0.0.20131108.vaadin1/fa26d351fe62a6a17f5cda1287c1c6110dec413f/android-json-0.0.20131108.vaadin1.jar","/home/jbergqvist/.gradle/caches/modules-2/files-2.1/org.springframework/spring-jcl/6.1.12/f46d6016fd1dd3801a0e6fcd64789ac468254944/spring-jcl-6.1.12.jar","/home/jbergqvist/.gradle/caches/modules-2/files-2.1/io.micrometer/micrometer-commons/1.13.3/47b6b093cd6ba80c9da8d973ea79c7ef69a878d5/micrometer-commons-1.13.3.jar","/home/jbergqvist/.gradle/caches/modules-2/files-2.1/org.ow2.asm/asm/9.6/aa205cf0a06dbd8e04ece91c0b37c3f5d567546a/asm-9.6.jar","/home/jbergqvist/.gradle/caches/modules-2/files-2.1/org.opentest4j/opentest4j/1.3.0/152ea56b3a72f655d4fd677fc0ef2596c3dd5e6e/opentest4j-1.3.0.jar","/home/jbergqvist/.gradle/caches/modules-2/files-2.1/org.glassfish.jaxb/txw2/4.0.5/f36a4ef12120a9bb06d766d6a0e54b144fd7ed98/txw2-4.0.5.jar","/home/jbergqvist/.gradle/caches/modules-2/files-2.1/com.sun.istack/istack-commons-runtime/4.1.2/18ec117c85f3ba0ac65409136afa8e42bc74e739/istack-commons-runtime-4.1.2.jar","/home/jbergqvist/.gradle/caches/modules-2/files-2.1/ch.qos.logback/logback-core/1.5.7/ba0d0cbac3f21abd28faed3b4931d5b49cc5887e/logback-core-1.5.7.jar","/home/jbergqvist/.gradle/caches/modules-2/files-2.1/org.apache.logging.log4j/log4j-api/2.23.1/9c15c29c526d9c6783049c0a77722693c66706e1/log4j-api-2.23.1.jar","/home/jbergqvist/.gradle/caches/modules-2/files-2.1/org.apache.commons/commons-lang3/3.14.0/1ed471194b02f2c6cb734a0cd6f6f107c673afae/commons-lang3-3.14.0.jar","/home/jbergqvist/.gradle/caches/modules-2/files-2.1/io.swagger.core.v3/swagger-annotations-jakarta/2.2.22/1efc0b0af32fce629f0786062c89e8b117abe120/swagger-annotations-jakarta-2.2.22.jar","/home/jbergqvist/.gradle/caches/modules-2/files-2.1/jakarta.validation/jakarta.validation-api/3.0.2/92b6631659ba35ca09e44874d3eb936edfeee532/jakarta.validation-api-3.0.2.jar","/home/jbergqvist/.gradle/caches/modules-2/files-2.1/org.apiguardian/apiguardian-api/1.1.2/a231e0d844d2721b0fa1b238006d15c6ded6842a/apiguardian-api-1.1.2.jar"],"complianceLevel":"21","productionSources":["/home/jbergqvist/diffblue/finos-traderX/position-service/src/main/java"],"testSources":["/home/jbergqvist/diffblue/finos-traderX/position-service/src/test/java"],"productionClasses":"/home/jbergqvist/diffblue/finos-traderX/position-service/build/classes/java/main","testClasses":"/home/jbergqvist/diffblue/finos-traderX/position-service/build/classes/java/test","sourceToBuildPathMap":{"/home/jbergqvist/diffblue/finos-traderX/position-service/src/main/java":"/home/jbergqvist/diffblue/finos-traderX/position-service/build/classes/java/main"},"testSourceToBuildPathMap":{"/home/jbergqvist/diffblue/finos-traderX/position-service/src/test/java":"/home/jbergqvist/diffblue/finos-traderX/position-service/build/classes/java/test"},"buildDirectory":null,"plugins":[{"__type":"DefaultPlugin","groupId":null,"artefactId":null,"version":null,"pluginClassName":"com.diffblue.cover.buildsystem.gradle.plugin.CoverPlugin"},{"__type":"DefaultPlugin","groupId":null,"artefactId":null,"version":"8.8","pluginClassName":"org.gradle.api.plugins.HelpTasksPlugin$Inject"},{"__type":"DefaultPlugin","groupId":null,"artefactId":null,"version":"8.8","pluginClassName":"org.gradle.buildinit.plugins.BuildInitPlugin$Inject"},{"__type":"DefaultPlugin","groupId":null,"artefactId":null,"version":"8.8","pluginClassName":"org.gradle.buildinit.plugins.WrapperPlugin$Inject"},{"__type":"DefaultPlugin","groupId":null,"artefactId":null,"version":"8.8","pluginClassName":"org.gradle.language.base.plugins.LifecycleBasePlugin$Inject"},{"__type":"DefaultPlugin","groupId":null,"artefactId":null,"version":"8.8","pluginClassName":"org.gradle.api.plugins.BasePlugin$Inject"},{"__type":"DefaultPlugin","groupId":null,"artefactId":null,"version":"8.8","pluginClassName":"org.gradle.api.plugins.JvmEcosystemPlugin$Inject"},{"__type":"DefaultPlugin","groupId":null,"artefactId":null,"version":"8.8","pluginClassName":"org.gradle.api.plugins.ReportingBasePlugin$Inject"},{"__type":"DefaultPlugin","groupId":null,"artefactId":null,"version":"8.8","pluginClassName":"org.gradle.api.plugins.JvmToolchainsPlugin$Inject"},{"__type":"DefaultPlugin","groupId":null,"artefactId":null,"version":"8.8","pluginClassName":"org.gradle.api.plugins.JavaBasePlugin$Inject"},{"__type":"DefaultPlugin","groupId":null,"artefactId":null,"version":"8.8","pluginClassName":"org.gradle.testing.base.plugins.TestSuiteBasePlugin$Inject"},{"__type":"DefaultPlugin","groupId":null,"artefactId":null,"version":"8.8","pluginClassName":"org.gradle.api.plugins.JvmTestSuitePlugin$Inject"},{"__type":"DefaultPlugin","groupId":null,"artefactId":null,"version":"8.8","pluginClassName":"org.gradle.api.plugins.JavaPlugin$Inject"},{"__type":"DefaultPlugin","groupId":null,"artefactId":null,"version":"3.3.3","pluginClassName":"org.springframework.boot.gradle.plugin.SpringBootPlugin"},{"__type":"DefaultPlugin","groupId":null,"artefactId":null,"version":"1.1.6","pluginClassName":"io.spring.gradle.dependencymanagement.DependencyManagementPlugin"},{"__type":"DefaultPlugin","groupId":null,"artefactId":null,"version":"0.8.11","pluginClassName":"org.gradle.testing.jacoco.plugins.JacocoPlugin$Inject"}],"version":"8.8","encoding":"UTF-8","name":"gradle","subModules":[],"simpleModuleName":"position-service","parentModuleName":"","location":"/home/jbergqvist/diffblue/finos-traderX/position-service","fullModuleName":"position-service"},{"__type":"DefaultProjectModule","junitReport":["/home/jbergqvist/diffblue/finos-traderX/account-service/build/test-results/test"],"jacocoReport":["/home/jbergqvist/diffblue/finos-traderX/account-service/build/reports/jacoco/test/jacocoTestReport.xml"],"jacocoDestFile":["/home/jbergqvist/diffblue/finos-traderX/account-service/build/jacoco/test.exec"],"jacocoFormats":null,"jacocoSkipped":false,"classpath":["/home/jbergqvist/diffblue/finos-traderX/account-service/build/classes/java/test","/home/jbergqvist/diffblue/finos-traderX/account-service/build/resources/test","/home/jbergqvist/diffblue/finos-traderX/account-service/build/classes/java/main","/home/jbergqvist/diffblue/finos-traderX/account-service/build/resources/main","/home/jbergqvist/.gradle/caches/modules-2/files-2.1/org.springframework.boot/spring-boot-starter-data-jpa/3.3.3/7eeb176d6130f7aa83405fe2985fe7cadc11ebc5/spring-boot-starter-data-jpa-3.3.3.jar","/home/jbergqvist/.gradle/caches/modules-2/files-2.1/org.springframework.boot/spring-boot-starter-web/3.3.3/f19325fefd33dc920c0f68547a798ed731a8c70c/spring-boot-starter-web-3.3.3.jar","/home/jbergqvist/.gradle/caches/modules-2/files-2.1/com.h2database/h2/2.2.224/7bdade27d8cd197d9b5ce9dc251f41d2edc5f7ad/h2-2.2.224.jar","/home/jbergqvist/.gradle/caches/modules-2/files-2.1/org.springdoc/springdoc-openapi-starter-webmvc-ui/2.6.0/2dddebb56441dbaa1009c4de434a83c65596f6ad/springdoc-openapi-starter-webmvc-ui-2.6.0.jar","/home/jbergqvist/.gradle/caches/modules-2/files-2.1/com.diffblue.cover/cover-annotations/1.8.0/9eb3621b5f61d1dd8d7fa1af6b2c8c3fcf8ee857/cover-annotations-1.8.0.jar","/home/jbergqvist/.gradle/caches/modules-2/files-2.1/org.springframework.boot/spring-boot-starter-test/3.3.3/6774cadaa893fce1f18ff5e528e17f75d32f6670/spring-boot-starter-test-3.3.3.jar","/home/jbergqvist/.gradle/caches/modules-2/files-2.1/org.springframework.boot/spring-boot-starter-aop/3.3.3/f64c22484c1ab36ae70abc752509ec4c7b1abcfc/spring-boot-starter-aop-3.3.3.jar","/home/jbergqvist/.gradle/caches/modules-2/files-2.1/org.springframework.boot/spring-boot-starter-jdbc/3.3.3/c97a56c12c79d1ce419a306ddee4ccb89b7d3728/spring-boot-starter-jdbc-3.3.3.jar","/home/jbergqvist/.gradle/caches/modules-2/files-2.1/org.hibernate.orm/hibernate-core/6.5.2.Final/e9e0cc47f6cd2b2553968aee66bd9e55e7485221/hibernate-core-6.5.2.Final.jar","/home/jbergqvist/.gradle/caches/modules-2/files-2.1/org.springframework.data/spring-data-jpa/3.3.3/9b89dbd19eee24c4dc4df12564efc603c614aa91/spring-data-jpa-3.3.3.jar","/home/jbergqvist/.gradle/caches/modules-2/files-2.1/org.springframework/spring-aspects/6.1.12/b72435b5813755a894531e2cf1565eff1b313574/spring-aspects-6.1.12.jar","/home/jbergqvist/.gradle/caches/modules-2/files-2.1/org.springframework.boot/spring-boot-starter-json/3.3.3/3dde3b6089f772a77763020cc97a219307a8f39f/spring-boot-starter-json-3.3.3.jar","/home/jbergqvist/.gradle/caches/modules-2/files-2.1/org.springframework.boot/spring-boot-starter/3.3.3/174d6cb1c59036a01756d6bf4d8945325f94155f/spring-boot-starter-3.3.3.jar","/home/jbergqvist/.gradle/caches/modules-2/files-2.1/org.springframework.boot/spring-boot-starter-tomcat/3.3.3/8ca660b0ecba2f0ff8ce27603fe89953dc4ec18d/spring-boot-starter-tomcat-3.3.3.jar","/home/jbergqvist/.gradle/caches/modules-2/files-2.1/org.springdoc/springdoc-openapi-starter-webmvc-api/2.6.0/d235c2989247641e5dfe764d7add3a11e4d54a5f/springdoc-openapi-starter-webmvc-api-2.6.0.jar","/home/jbergqvist/.gradle/caches/modules-2/files-2.1/org.springframework/spring-webmvc/6.1.12/86bb0c203d68adb4b2675765f5a372f4c5254b2d/spring-webmvc-6.1.12.jar","/home/jbergqvist/.gradle/caches/modules-2/files-2.1/org.springframework/spring-web/6.1.12/b60e69b3ec87f8e001537a0fa7e3e2732dfafa7e/spring-web-6.1.12.jar","/home/jbergqvist/.gradle/caches/modules-2/files-2.1/org.webjars/swagger-ui/5.17.14/7c746d197424eb721b4e08fcaa9e85231662d81f/swagger-ui-5.17.14.jar","/home/jbergqvist/.gradle/caches/modules-2/files-2.1/org.springframework.boot/spring-boot-test-autoconfigure/3.3.3/ebce486202d965dc984ff8013a8f87fdb9b6fe46/spring-boot-test-autoconfigure-3.3.3.jar","/home/jbergqvist/.gradle/caches/modules-2/files-2.1/org.springframework.boot/spring-boot-test/3.3.3/42a314ffe171b6fb3932a86a884ef721467dc704/spring-boot-test-3.3.3.jar","/home/jbergqvist/.gradle/caches/modules-2/files-2.1/com.jayway.jsonpath/json-path/2.9.0/37fe2217f577b0b68b18e62c4d17a8858ecf9b69/json-path-2.9.0.jar","/home/jbergqvist/.gradle/caches/modules-2/files-2.1/org.glassfish.jaxb/jaxb-runtime/4.0.5/ca84c2a7169b5293e232b9d00d1e4e36d4c3914a/jaxb-runtime-4.0.5.jar","/home/jbergqvist/.gradle/caches/modules-2/files-2.1/org.glassfish.jaxb/jaxb-core/4.0.5/7b4b11ea5542eea4ad55e1080b23be436795b3/jaxb-core-4.0.5.jar","/home/jbergqvist/.gradle/caches/modules-2/files-2.1/org.springdoc/springdoc-openapi-starter-common/2.6.0/c8cf5fbd1f9e4c410d67f1de27dfc3529de13620/springdoc-openapi-starter-common-2.6.0.jar","/home/jbergqvist/.gradle/caches/modules-2/files-2.1/io.swagger.core.v3/swagger-core-jakarta/2.2.22/9ed5daaaa1c94c9a6b56c058c9d1b3190044a2e2/swagger-core-jakarta-2.2.22.jar","/home/jbergqvist/.gradle/caches/modules-2/files-2.1/jakarta.xml.bind/jakarta.xml.bind-api/4.0.2/6cd5a999b834b63238005b7144136379dc36cad2/jakarta.xml.bind-api-4.0.2.jar","/home/jbergqvist/.gradle/caches/modules-2/files-2.1/net.minidev/json-smart/2.5.1/4c11d2808d009132dfbbf947ebf37de6bf266c8e/json-smart-2.5.1.jar","/home/jbergqvist/.gradle/caches/modules-2/files-2.1/org.assertj/assertj-core/3.25.3/792b270e73aa1cfc28fa135be0b95e69ea451432/assertj-core-3.25.3.jar","/home/jbergqvist/.gradle/caches/modules-2/files-2.1/org.awaitility/awaitility/4.2.2/7336242073ebf83fe034e42b46a403c5501b63c9/awaitility-4.2.2.jar","/home/jbergqvist/.gradle/caches/modules-2/files-2.1/org.hamcrest/hamcrest/2.2/1820c0968dba3a11a1b30669bb1f01978a91dedc/hamcrest-2.2.jar","/home/jbergqvist/.gradle/caches/modules-2/files-2.1/org.mockito/mockito-junit-jupiter/5.11.0/8e658dd339f40305ed4293db25545b5df98b171b/mockito-junit-jupiter-5.11.0.jar","/home/jbergqvist/.gradle/caches/modules-2/files-2.1/org.junit.jupiter/junit-jupiter-params/5.10.3/4852f4e4af9074d9214213b199751f99efeab8b9/junit-jupiter-params-5.10.3.jar","/home/jbergqvist/.gradle/caches/modules-2/files-2.1/org.junit.jupiter/junit-jupiter-engine/5.10.3/48c14e866bb1a87ca35d24ff068463bb202ada24/junit-jupiter-engine-5.10.3.jar","/home/jbergqvist/.gradle/caches/modules-2/files-2.1/org.junit.jupiter/junit-jupiter-api/5.10.3/a22aa91d1d6c69b2020a9aeb6d095ea81132bfa5/junit-jupiter-api-5.10.3.jar","/home/jbergqvist/.gradle/caches/modules-2/files-2.1/org.junit.platform/junit-platform-engine/1.10.3/365a320c3cfd47f3346625e541e424e35dc75c42/junit-platform-engine-1.10.3.jar","/home/jbergqvist/.gradle/caches/modules-2/files-2.1/org.junit.platform/junit-platform-commons/1.10.3/a353d42a2f13343a7cb80c5228ae66ff64495481/junit-platform-commons-1.10.3.jar","/home/jbergqvist/.gradle/caches/modules-2/files-2.1/org.junit.jupiter/junit-jupiter/5.10.3/6686d8fbf251f9bf8ecba413cab57b9e00f9134d/junit-jupiter-5.10.3.jar","/home/jbergqvist/.gradle/caches/modules-2/files-2.1/org.mockito/mockito-core/5.11.0/e4069fa4f4ff2c94322cfec5f2e45341c6c70aff/mockito-core-5.11.0.jar","/home/jbergqvist/.gradle/caches/modules-2/files-2.1/org.skyscreamer/jsonassert/1.5.3/aaa43e0823d2a0e106e8754d6a9c4ab24e05e9bc/jsonassert-1.5.3.jar","/home/jbergqvist/.gradle/caches/modules-2/files-2.1/org.springframework/spring-test/6.1.12/ea59acc56a32e6a46f66c06e5d4c2b8e8c6a2869/spring-test-6.1.12.jar","/home/jbergqvist/.gradle/caches/modules-2/files-2.1/org.springframework.boot/spring-boot-autoconfigure/3.3.3/4445f0bbf838c1e3aeb5a83bf2367fbd1013237f/spring-boot-autoconfigure-3.3.3.jar","/home/jbergqvist/.gradle/caches/modules-2/files-2.1/org.springframework.boot/spring-boot/3.3.3/f34dba93611823e521800a47043267715184911b/spring-boot-3.3.3.jar","/home/jbergqvist/.gradle/caches/modules-2/files-2.1/org.springframework/spring-context/6.1.12/e69d476d1334935529a61f403749c6b8593e3272/spring-context-6.1.12.jar","/home/jbergqvist/.gradle/caches/modules-2/files-2.1/org.springframework/spring-aop/6.1.12/5fce5ff02455fad179fc0ea05435dfb79bbeaa66/spring-aop-6.1.12.jar","/home/jbergqvist/.gradle/caches/modules-2/files-2.1/org.springframework/spring-orm/6.1.12/9df98d9ebdfcf5359dbda945de515d8af2cabe89/spring-orm-6.1.12.jar","/home/jbergqvist/.gradle/caches/modules-2/files-2.1/org.springframework/spring-jdbc/6.1.12/feb177a07e109f633c3fb1892d22a2867d0b2284/spring-jdbc-6.1.12.jar","/home/jbergqvist/.gradle/caches/modules-2/files-2.1/org.springframework.data/spring-data-commons/3.3.3/89ab77494e1e56b058001354265e381a0a2868e6/spring-data-commons-3.3.3.jar","/home/jbergqvist/.gradle/caches/modules-2/files-2.1/org.springframework/spring-tx/6.1.12/c47885e494845584e08407b611031ea2bcef0ef7/spring-tx-6.1.12.jar","/home/jbergqvist/.gradle/caches/modules-2/files-2.1/org.springframework/spring-beans/6.1.12/f0344fa934f114a15f02c2b1a199189ec12b7eb5/spring-beans-6.1.12.jar","/home/jbergqvist/.gradle/caches/modules-2/files-2.1/org.springframework/spring-expression/6.1.12/644bbc2e65eb40feb7284b8570d7a7eb8b1fe8df/spring-expression-6.1.12.jar","/home/jbergqvist/.gradle/caches/modules-2/files-2.1/org.springframework/spring-core/6.1.12/5f4162fb645c4f72b57b21d721fce9f26edb9bb9/spring-core-6.1.12.jar","/home/jbergqvist/.gradle/caches/modules-2/files-2.1/org.xmlunit/xmlunit-core/2.9.1/e5833662d9a1279a37da3ef6f62a1da29fcd68c4/xmlunit-core-2.9.1.jar","/home/jbergqvist/.gradle/caches/modules-2/files-2.1/org.aspectj/aspectjweaver/1.9.22.1/bca243d0af0db4758fbae45c5f4995cb5dabb612/aspectjweaver-1.9.22.1.jar","/home/jbergqvist/.gradle/caches/modules-2/files-2.1/com.zaxxer/HikariCP/5.1.0/8c96e36c14461fc436bb02b264b96ef3ca5dca8c/HikariCP-5.1.0.jar","/home/jbergqvist/.gradle/caches/modules-2/files-2.1/jakarta.persistence/jakarta.persistence-api/3.1.0/66901fa1c373c6aff65c13791cc11da72060a8d6/jakarta.persistence-api-3.1.0.jar","/home/jbergqvist/.gradle/caches/modules-2/files-2.1/jakarta.transaction/jakarta.transaction-api/2.0.1/51a520e3fae406abb84e2e1148e6746ce3f80a1a/jakarta.transaction-api-2.0.1.jar","/home/jbergqvist/.gradle/caches/modules-2/files-2.1/org.jboss.logging/jboss-logging/3.5.3.Final/c88fc1d8a96d4c3491f55d4317458ccad53ca663/jboss-logging-3.5.3.Final.jar","/home/jbergqvist/.gradle/caches/modules-2/files-2.1/org.hibernate.common/hibernate-commons-annotations/6.0.6.Final/77a5f94b56d49508e0ee334751db5b78e5ccd50c/hibernate-commons-annotations-6.0.6.Final.jar","/home/jbergqvist/.gradle/caches/modules-2/files-2.1/io.smallrye/jandex/3.1.2/a6c1c89925c7df06242b03dddb353116ceb9584c/jandex-3.1.2.jar","/home/jbergqvist/.gradle/caches/modules-2/files-2.1/com.fasterxml/classmate/1.7.0/e98374da1f2143ac8e6e0a95036994bb19137a3/classmate-1.7.0.jar","/home/jbergqvist/.gradle/caches/modules-2/files-2.1/net.bytebuddy/byte-buddy/1.14.19/4c0c637b8f47dc08f89240e6f59900011752c97b/byte-buddy-1.14.19.jar","/home/jbergqvist/.gradle/caches/modules-2/files-2.1/jakarta.inject/jakarta.inject-api/2.0.1/4c28afe1991a941d7702fe1362c365f0a8641d1e/jakarta.inject-api-2.0.1.jar","/home/jbergqvist/.gradle/caches/modules-2/files-2.1/org.antlr/antlr4-runtime/4.13.0/5a02e48521624faaf5ff4d99afc88b01686af655/antlr4-runtime-4.13.0.jar","/home/jbergqvist/.gradle/caches/modules-2/files-2.1/jakarta.annotation/jakarta.annotation-api/2.1.1/48b9bda22b091b1f48b13af03fe36db3be6e1ae3/jakarta.annotation-api-2.1.1.jar","/home/jbergqvist/.gradle/caches/modules-2/files-2.1/org.springframework.boot/spring-boot-starter-logging/3.3.3/43d07b2e6bbb628c7fc5df103d35ee2eb091522/spring-boot-starter-logging-3.3.3.jar","/home/jbergqvist/.gradle/caches/modules-2/files-2.1/ch.qos.logback/logback-classic/1.5.7/ad4ff8ca015737ade8e8a9de07de565c423e5b7a/logback-classic-1.5.7.jar","/home/jbergqvist/.gradle/caches/modules-2/files-2.1/org.apache.logging.log4j/log4j-to-slf4j/2.23.1/425ad1eb8a39904d2830e907a324e956fb456520/log4j-to-slf4j-2.23.1.jar","/home/jbergqvist/.gradle/caches/modules-2/files-2.1/org.slf4j/jul-to-slf4j/2.0.16/6d57da3e961daac65bcca0dd3def6cd11e48a24a/jul-to-slf4j-2.0.16.jar","/home/jbergqvist/.gradle/caches/modules-2/files-2.1/org.slf4j/slf4j-api/2.0.16/172931663a09a1fa515567af5fbef00897d3c04/slf4j-api-2.0.16.jar","/home/jbergqvist/.gradle/caches/modules-2/files-2.1/com.fasterxml.jackson.datatype/jackson-datatype-jdk8/2.17.2/efd3dd0e1d0db8bc72abbe71c15e697bb83b4b45/jackson-datatype-jdk8-2.17.2.jar","/home/jbergqvist/.gradle/caches/modules-2/files-2.1/com.fasterxml.jackson.datatype/jackson-datatype-jsr310/2.17.2/267b85e9ba2892a37be6d80aa9ca1438a0d8c210/jackson-datatype-jsr310-2.17.2.jar","/home/jbergqvist/.gradle/caches/modules-2/files-2.1/com.fasterxml.jackson.module/jackson-module-parameter-names/2.17.2/d27b9f95ccce98984c1ba58d61c5a9c072b1ad95/jackson-module-parameter-names-2.17.2.jar","/home/jbergqvist/.gradle/caches/modules-2/files-2.1/com.fasterxml.jackson.core/jackson-databind/2.17.2/e6deb029e5901e027c129341fac39e515066b68c/jackson-databind-2.17.2.jar","/home/jbergqvist/.gradle/caches/modules-2/files-2.1/io.swagger.core.v3/swagger-models-jakarta/2.2.22/bc2809b2efa1f7b062bc9668304a84b198fececd/swagger-models-jakarta-2.2.22.jar","/home/jbergqvist/.gradle/caches/modules-2/files-2.1/com.fasterxml.jackson.core/jackson-annotations/2.17.2/147b7b9412ffff24339f8aba080b292448e08698/jackson-annotations-2.17.2.jar","/home/jbergqvist/.gradle/caches/modules-2/files-2.1/com.fasterxml.jackson.core/jackson-core/2.17.2/969a35cb35c86512acbadcdbbbfb044c877db814/jackson-core-2.17.2.jar","/home/jbergqvist/.gradle/caches/modules-2/files-2.1/com.fasterxml.jackson.dataformat/jackson-dataformat-yaml/2.17.2/78d2c73dbec62044d7cf3b544b2e0d24a1a093b0/jackson-dataformat-yaml-2.17.2.jar","/home/jbergqvist/.gradle/caches/modules-2/files-2.1/org.yaml/snakeyaml/2.2/3af797a25458550a16bf89acc8e4ab2b7f2bfce0/snakeyaml-2.2.jar","/home/jbergqvist/.gradle/caches/modules-2/files-2.1/org.apache.tomcat.embed/tomcat-embed-websocket/10.1.28/1a5ee88106795215e8a7b6cfea46e57cdfc96430/tomcat-embed-websocket-10.1.28.jar","/home/jbergqvist/.gradle/caches/modules-2/files-2.1/org.apache.tomcat.embed/tomcat-embed-core/10.1.28/624f53789b7ba96bc3c8e871fb5eed4cab5a7c89/tomcat-embed-core-10.1.28.jar","/home/jbergqvist/.gradle/caches/modules-2/files-2.1/org.apache.tomcat.embed/tomcat-embed-el/10.1.28/3220f687c5ffc8650559f08ecac5b149838627b3/tomcat-embed-el-10.1.28.jar","/home/jbergqvist/.gradle/caches/modules-2/files-2.1/io.micrometer/micrometer-observation/1.13.3/99840eb14ecf95d349f39123c867c2ca33808d/micrometer-observation-1.13.3.jar","/home/jbergqvist/.gradle/caches/modules-2/files-2.1/org.eclipse.angus/angus-activation/2.0.2/41f1e0ddd157c856926ed149ab837d110955a9fc/angus-activation-2.0.2.jar","/home/jbergqvist/.gradle/caches/modules-2/files-2.1/jakarta.activation/jakarta.activation-api/2.1.3/fa165bd70cda600368eee31555222776a46b881f/jakarta.activation-api-2.1.3.jar","/home/jbergqvist/.gradle/caches/modules-2/files-2.1/net.minidev/accessors-smart/2.5.1/19b820261eb2e7de7d5bde11d1c06e4501dd7e5f/accessors-smart-2.5.1.jar","/home/jbergqvist/.gradle/caches/modules-2/files-2.1/net.bytebuddy/byte-buddy-agent/1.14.19/154da3a65b4f4a909d3e5bdec55d1b2b4cbb6ce1/byte-buddy-agent-1.14.19.jar","/home/jbergqvist/.gradle/caches/modules-2/files-2.1/org.objenesis/objenesis/3.3/1049c09f1de4331e8193e579448d0916d75b7631/objenesis-3.3.jar","/home/jbergqvist/.gradle/caches/modules-2/files-2.1/com.vaadin.external.google/android-json/0.0.20131108.vaadin1/fa26d351fe62a6a17f5cda1287c1c6110dec413f/android-json-0.0.20131108.vaadin1.jar","/home/jbergqvist/.gradle/caches/modules-2/files-2.1/org.springframework/spring-jcl/6.1.12/f46d6016fd1dd3801a0e6fcd64789ac468254944/spring-jcl-6.1.12.jar","/home/jbergqvist/.gradle/caches/modules-2/files-2.1/io.micrometer/micrometer-commons/1.13.3/47b6b093cd6ba80c9da8d973ea79c7ef69a878d5/micrometer-commons-1.13.3.jar","/home/jbergqvist/.gradle/caches/modules-2/files-2.1/org.ow2.asm/asm/9.6/aa205cf0a06dbd8e04ece91c0b37c3f5d567546a/asm-9.6.jar","/home/jbergqvist/.gradle/caches/modules-2/files-2.1/org.opentest4j/opentest4j/1.3.0/152ea56b3a72f655d4fd677fc0ef2596c3dd5e6e/opentest4j-1.3.0.jar","/home/jbergqvist/.gradle/caches/modules-2/files-2.1/org.glassfish.jaxb/txw2/4.0.5/f36a4ef12120a9bb06d766d6a0e54b144fd7ed98/txw2-4.0.5.jar","/home/jbergqvist/.gradle/caches/modules-2/files-2.1/com.sun.istack/istack-commons-runtime/4.1.2/18ec117c85f3ba0ac65409136afa8e42bc74e739/istack-commons-runtime-4.1.2.jar","/home/jbergqvist/.gradle/caches/modules-2/files-2.1/ch.qos.logback/logback-core/1.5.7/ba0d0cbac3f21abd28faed3b4931d5b49cc5887e/logback-core-1.5.7.jar","/home/jbergqvist/.gradle/caches/modules-2/files-2.1/org.apache.logging.log4j/log4j-api/2.23.1/9c15c29c526d9c6783049c0a77722693c66706e1/log4j-api-2.23.1.jar","/home/jbergqvist/.gradle/caches/modules-2/files-2.1/org.apache.commons/commons-lang3/3.14.0/1ed471194b02f2c6cb734a0cd6f6f107c673afae/commons-lang3-3.14.0.jar","/home/jbergqvist/.gradle/caches/modules-2/files-2.1/io.swagger.core.v3/swagger-annotations-jakarta/2.2.22/1efc0b0af32fce629f0786062c89e8b117abe120/swagger-annotations-jakarta-2.2.22.jar","/home/jbergqvist/.gradle/caches/modules-2/files-2.1/jakarta.validation/jakarta.validation-api/3.0.2/92b6631659ba35ca09e44874d3eb936edfeee532/jakarta.validation-api-3.0.2.jar","/home/jbergqvist/.gradle/caches/modules-2/files-2.1/org.apiguardian/apiguardian-api/1.1.2/a231e0d844d2721b0fa1b238006d15c6ded6842a/apiguardian-api-1.1.2.jar"],"complianceLevel":"21","productionSources":["/home/jbergqvist/diffblue/finos-traderX/account-service/src/main/java"],"testSources":["/home/jbergqvist/diffblue/finos-traderX/account-service/src/test/java"],"productionClasses":"/home/jbergqvist/diffblue/finos-traderX/account-service/build/classes/java/main","testClasses":"/home/jbergqvist/diffblue/finos-traderX/account-service/build/classes/java/test","sourceToBuildPathMap":{"/home/jbergqvist/diffblue/finos-traderX/account-service/src/main/java":"/home/jbergqvist/diffblue/finos-traderX/account-service/build/classes/java/main"},"testSourceToBuildPathMap":{"/home/jbergqvist/diffblue/finos-traderX/account-service/src/test/java":"/home/jbergqvist/diffblue/finos-traderX/account-service/build/classes/java/test"},"buildDirectory":null,"plugins":[{"__type":"DefaultPlugin","groupId":null,"artefactId":null,"version":null,"pluginClassName":"com.diffblue.cover.buildsystem.gradle.plugin.CoverPlugin"},{"__type":"DefaultPlugin","groupId":null,"artefactId":null,"version":"8.8","pluginClassName":"org.gradle.api.plugins.HelpTasksPlugin$Inject"},{"__type":"DefaultPlugin","groupId":null,"artefactId":null,"version":"8.8","pluginClassName":"org.gradle.buildinit.plugins.BuildInitPlugin$Inject"},{"__type":"DefaultPlugin","groupId":null,"artefactId":null,"version":"8.8","pluginClassName":"org.gradle.buildinit.plugins.WrapperPlugin$Inject"},{"__type":"DefaultPlugin","groupId":null,"artefactId":null,"version":"8.8","pluginClassName":"org.gradle.language.base.plugins.LifecycleBasePlugin$Inject"},{"__type":"DefaultPlugin","groupId":null,"artefactId":null,"version":"8.8","pluginClassName":"org.gradle.api.plugins.BasePlugin$Inject"},{"__type":"DefaultPlugin","groupId":null,"artefactId":null,"version":"8.8","pluginClassName":"org.gradle.api.plugins.JvmEcosystemPlugin$Inject"},{"__type":"DefaultPlugin","groupId":null,"artefactId":null,"version":"8.8","pluginClassName":"org.gradle.api.plugins.ReportingBasePlugin$Inject"},{"__type":"DefaultPlugin","groupId":null,"artefactId":null,"version":"8.8","pluginClassName":"org.gradle.api.plugins.JvmToolchainsPlugin$Inject"},{"__type":"DefaultPlugin","groupId":null,"artefactId":null,"version":"8.8","pluginClassName":"org.gradle.api.plugins.JavaBasePlugin$Inject"},{"__type":"DefaultPlugin","groupId":null,"artefactId":null,"version":"8.8","pluginClassName":"org.gradle.testing.base.plugins.TestSuiteBasePlugin$Inject"},{"__type":"DefaultPlugin","groupId":null,"artefactId":null,"version":"8.8","pluginClassName":"org.gradle.api.plugins.JvmTestSuitePlugin$Inject"},{"__type":"DefaultPlugin","groupId":null,"artefactId":null,"version":"8.8","pluginClassName":"org.gradle.api.plugins.JavaPlugin$Inject"},{"__type":"DefaultPlugin","groupId":null,"artefactId":null,"version":"3.3.3","pluginClassName":"org.springframework.boot.gradle.plugin.SpringBootPlugin"},{"__type":"DefaultPlugin","groupId":null,"artefactId":null,"version":"1.1.6","pluginClassName":"io.spring.gradle.dependencymanagement.DependencyManagementPlugin"},{"__type":"DefaultPlugin","groupId":null,"artefactId":null,"version":"0.8.11","pluginClassName":"org.gradle.testing.jacoco.plugins.JacocoPlugin$Inject"}],"version":"8.8","encoding":"UTF-8","name":"gradle","subModules":[],"simpleModuleName":"account-service","parentModuleName":"","location":"/home/jbergqvist/diffblue/finos-traderX/account-service","fullModuleName":"account-service"}],"simpleModuleName":"finos-traderX","parentModuleName":null,"location":"/home/jbergqvist/diffblue/finos-traderX","fullModuleName":"finos-traderX"}}
12:45:38.197 [INFO]   [Checking]    out: Task name matched 'assemble'
12:45:38.197 [INFO]   [Checking]    out: Task name matched 'testClasses'
12:45:38.197 [INFO]   [Checking]    out: Selected primary task 'assemble' from project :
12:45:38.197 [INFO]   [Checking]    out: Excluding []
12:45:38.197 [INFO]   [Checking]    out: Excluding []
12:45:38.197 [INFO]   [Checking]    out: Excluding []
12:45:38.286 [INFO]   [Checking]    out: Excluding []
12:45:38.287 [INFO]   [Checking]    out: Excluding []
12:45:38.287 [INFO]   [Checking]    out: Excluding []
12:45:38.287 [INFO]   [Checking]    out: Excluding []
12:45:38.287 [INFO]   [Checking]    out: Excluding []
12:45:38.287 [INFO]   [Checking]    out: Excluding []
12:45:38.287 [INFO]   [Checking]    out: Excluding []
12:45:38.287 [INFO]   [Checking]    out: Excluding []
12:45:38.287 [INFO]   [Checking]    out: Excluding []
12:45:38.287 [INFO]   [Checking]    out: Excluding []
12:45:38.287 [INFO]   [Checking]    out: Excluding []
12:45:38.287 [INFO]   [Checking]    out: Excluding []
12:45:38.287 [INFO]   [Checking]    out: Excluding []
12:45:38.287 [INFO]   [Checking]    out: Selected primary task 'testClasses' from project :
12:45:38.287 [INFO]   [Checking]    out: Excluding []
12:45:38.287 [INFO]   [Checking]    out: Excluding []
12:45:38.287 [INFO]   [Checking]    out: Excluding []
12:45:38.287 [INFO]   [Checking]    out: Excluding []
12:45:38.386 [INFO]   [Checking]    out: Tasks to be executed: [task ':account-service:compileJava', task ':account-service:processResources', task ':account-service:classes', task ':account-service:resolveMainClassName', task ':account-service:bootJar', task ':account-service:jar', task ':account-service:assemble', task ':database:compileJava', task ':database:processResources', task ':database:classes', task ':database:jar', task ':database:startScripts', task ':database:distTar', task ':database:distZip', task ':database:assemble', task ':position-service:compileJava', task ':position-service:processResources', task ':position-service:classes', task ':position-service:resolveMainClassName', task ':position-service:bootJar', task ':position-service:jar', task ':position-service:assemble', task ':trade-processor:compileJava', task ':trade-processor:processResources', task ':trade-processor:classes', task ':trade-processor:resolveMainClassName', task ':trade-processor:bootJar', task ':trade-processor:jar', task ':trade-processor:assemble', task ':trade-service:compileJava', task ':trade-service:processResources', task ':trade-service:classes', task ':trade-service:resolveMainClassName', task ':trade-service:bootJar', task ':trade-service:jar', task ':trade-service:assemble', task ':account-service:compileTestJava', task ':account-service:processTestResources', task ':account-service:testClasses', task ':database:compileTestJava', task ':database:processTestResources', task ':database:testClasses', task ':position-service:compileTestJava', task ':position-service:processTestResources', task ':position-service:testClasses', task ':trade-processor:compileTestJava', task ':trade-processor:processTestResources', task ':trade-processor:testClasses', task ':trade-service:compileTestJava', task ':trade-service:processTestResources', task ':trade-service:testClasses']
12:45:38.387 [INFO]   [Checking]    out: Tasks that were excluded: []
12:45:38.387 [INFO]   [Checking]    out: Resolve mutations for :account-service:compileJava (Thread[#285,Execution worker,5,main]) started.
12:45:38.387 [INFO]   [Checking]    out: destroyer locations for task group 0 (Thread[#297,Execution worker Thread 13,5,main]) started.
12:45:38.387 [INFO]   [Checking]    out: :account-service:compileJava (Thread[#285,Execution worker,5,main]) started.
12:45:38.486 [INFO]   [Checking]    out: 
12:45:38.487 [INFO]   [Checking]    out: > Task :account-service:compileJava UP-TO-DATE
12:45:38.487 [INFO]   [Checking]    out: Writing Diffblue message (event type)
12:45:38.487 [INFO]   [Checking]    deserializing line [DIFFBLUE]{"__type":"com.diffblue.cover.buildsystem.model.DefaultEventMessage","project":"account-service","goal":"compileJava","cause":null,"state":"STARTED"}
12:45:38.489 [INFO]   [Checking]    - account-service
12:45:38.489 [INFO]   [Checking]    out: Custom actions are attached to task ':account-service:compileJava'.
12:45:38.489 [INFO]   [Checking]    out: Caching disabled for task ':account-service:compileJava' because:
12:45:38.489 [INFO]   [Checking]    out:   Build cache is disabled
12:45:38.489 [INFO]   [Checking]    out: Skipping task ':account-service:compileJava' as it is up-to-date.
12:45:38.489 [INFO]   [Checking]    out: Writing Diffblue message (event type)
12:45:38.489 [INFO]   [Checking]    deserializing line [DIFFBLUE]{"__type":"com.diffblue.cover.buildsystem.model.DefaultEventMessage","project":"account-service","goal":"compileJava","cause":null,"state":"SKIPPED"}
12:45:38.491 [INFO]   [Checking]    out: Resolve mutations for :account-service:processResources (Thread[#285,Execution worker,5,main]) started.
12:45:38.491 [INFO]   [Checking]    out: :account-service:processResources (Thread[#285,Execution worker,5,main]) started.
12:45:38.491 [INFO]   [Checking]    out: 
12:45:38.491 [INFO]   [Checking]    out: > Task :account-service:processResources UP-TO-DATE
12:45:38.491 [INFO]   [Checking]    out: Writing Diffblue message (event type)
12:45:38.491 [INFO]   [Checking]    deserializing line [DIFFBLUE]{"__type":"com.diffblue.cover.buildsystem.model.DefaultEventMessage","project":"account-service","goal":"processResources","cause":null,"state":"STARTED"}
12:45:38.493 [INFO]   [Checking]    out: Caching disabled for task ':account-service:processResources' because:
12:45:38.493 [INFO]   [Checking]    out:   Build cache is disabled
12:45:38.493 [INFO]   [Checking]    out:   Not worth caching
12:45:38.493 [INFO]   [Checking]    out: Skipping task ':account-service:processResources' as it is up-to-date.
12:45:38.493 [INFO]   [Checking]    out: Writing Diffblue message (event type)
12:45:38.493 [INFO]   [Checking]    deserializing line [DIFFBLUE]{"__type":"com.diffblue.cover.buildsystem.model.DefaultEventMessage","project":"account-service","goal":"processResources","cause":null,"state":"SKIPPED"}
12:45:38.495 [INFO]   [Checking]    out: Resolve mutations for :account-service:classes (Thread[#285,Execution worker,5,main]) started.
12:45:38.495 [INFO]   [Checking]    out: :account-service:classes (Thread[#285,Execution worker,5,main]) started.
12:45:38.495 [INFO]   [Checking]    out: 
12:45:38.495 [INFO]   [Checking]    out: > Task :account-service:classes UP-TO-DATE
12:45:38.495 [INFO]   [Checking]    out: Writing Diffblue message (event type)
12:45:38.495 [INFO]   [Checking]    deserializing line [DIFFBLUE]{"__type":"com.diffblue.cover.buildsystem.model.DefaultEventMessage","project":"account-service","goal":"classes","cause":null,"state":"STARTED"}
12:45:38.497 [INFO]   [Checking]    out: Skipping task ':account-service:classes' as it has no actions.
12:45:38.497 [INFO]   [Checking]    out: Writing Diffblue message (event type)
12:45:38.497 [INFO]   [Checking]    deserializing line [DIFFBLUE]{"__type":"com.diffblue.cover.buildsystem.model.DefaultEventMessage","project":"account-service","goal":"classes","cause":null,"state":"SKIPPED"}
12:45:38.498 [INFO]   [Checking]    out: Resolve mutations for :account-service:resolveMainClassName (Thread[#285,Execution worker,5,main]) started.
12:45:38.498 [INFO]   [Checking]    out: :account-service:resolveMainClassName (Thread[#285,Execution worker,5,main]) started.
12:45:38.498 [INFO]   [Checking]    out: 
12:45:38.498 [INFO]   [Checking]    out: > Task :account-service:resolveMainClassName UP-TO-DATE
12:45:38.498 [INFO]   [Checking]    out: Writing Diffblue message (event type)
12:45:38.498 [INFO]   [Checking]    deserializing line [DIFFBLUE]{"__type":"com.diffblue.cover.buildsystem.model.DefaultEventMessage","project":"account-service","goal":"resolveMainClassName","cause":null,"state":"STARTED"}
12:45:38.500 [INFO]   [Checking]    out: Caching disabled for task ':account-service:resolveMainClassName' because:
12:45:38.500 [INFO]   [Checking]    out:   Build cache is disabled
12:45:38.500 [INFO]   [Checking]    out:   Not worth caching
12:45:38.500 [INFO]   [Checking]    out: Skipping task ':account-service:resolveMainClassName' as it is up-to-date.
12:45:38.500 [INFO]   [Checking]    out: Writing Diffblue message (event type)
12:45:38.500 [INFO]   [Checking]    deserializing line [DIFFBLUE]{"__type":"com.diffblue.cover.buildsystem.model.DefaultEventMessage","project":"account-service","goal":"resolveMainClassName","cause":null,"state":"SKIPPED"}
12:45:38.502 [INFO]   [Checking]    out: Resolve mutations for :account-service:bootJar (Thread[#285,Execution worker,5,main]) started.
12:45:38.502 [INFO]   [Checking]    out: :account-service:bootJar (Thread[#285,Execution worker,5,main]) started.
12:45:38.586 [INFO]   [Checking]    out: 
12:45:38.587 [INFO]   [Checking]    out: > Task :account-service:bootJar UP-TO-DATE
12:45:38.587 [INFO]   [Checking]    out: Writing Diffblue message (event type)
12:45:38.587 [INFO]   [Checking]    deserializing line [DIFFBLUE]{"__type":"com.diffblue.cover.buildsystem.model.DefaultEventMessage","project":"account-service","goal":"bootJar","cause":null,"state":"STARTED"}
12:45:38.589 [INFO]   [Checking]    out: Excluding []
12:45:38.589 [INFO]   [Checking]    out: Caching disabled for task ':account-service:bootJar' because:
12:45:38.589 [INFO]   [Checking]    out:   Build cache is disabled
12:45:38.589 [INFO]   [Checking]    out:   Not worth caching
12:45:38.589 [INFO]   [Checking]    out: Skipping task ':account-service:bootJar' as it is up-to-date.
12:45:38.589 [INFO]   [Checking]    out: Writing Diffblue message (event type)
12:45:38.589 [INFO]   [Checking]    deserializing line [DIFFBLUE]{"__type":"com.diffblue.cover.buildsystem.model.DefaultEventMessage","project":"account-service","goal":"bootJar","cause":null,"state":"SKIPPED"}
12:45:38.591 [INFO]   [Checking]    out: Resolve mutations for :account-service:jar (Thread[#285,Execution worker,5,main]) started.
12:45:38.591 [INFO]   [Checking]    out: :account-service:jar (Thread[#285,Execution worker,5,main]) started.
12:45:38.591 [INFO]   [Checking]    out: 
12:45:38.591 [INFO]   [Checking]    out: > Task :account-service:jar UP-TO-DATE
12:45:38.591 [INFO]   [Checking]    out: Writing Diffblue message (event type)
12:45:38.591 [INFO]   [Checking]    deserializing line [DIFFBLUE]{"__type":"com.diffblue.cover.buildsystem.model.DefaultEventMessage","project":"account-service","goal":"jar","cause":null,"state":"STARTED"}
12:45:38.592 [INFO]   [Checking]    out: Caching disabled for task ':account-service:jar' because:
12:45:38.592 [INFO]   [Checking]    out:   Build cache is disabled
12:45:38.592 [INFO]   [Checking]    out:   Not worth caching
12:45:38.592 [INFO]   [Checking]    out: Skipping task ':account-service:jar' as it is up-to-date.
12:45:38.592 [INFO]   [Checking]    out: Writing Diffblue message (event type)
12:45:38.592 [INFO]   [Checking]    deserializing line [DIFFBLUE]{"__type":"com.diffblue.cover.buildsystem.model.DefaultEventMessage","project":"account-service","goal":"jar","cause":null,"state":"SKIPPED"}
12:45:38.594 [INFO]   [Checking]    out: Resolve mutations for :account-service:assemble (Thread[#285,Execution worker,5,main]) started.
12:45:38.594 [INFO]   [Checking]    out: :account-service:assemble (Thread[#285,Execution worker,5,main]) started.
12:45:38.594 [INFO]   [Checking]    out: 
12:45:38.594 [INFO]   [Checking]    out: > Task :account-service:assemble UP-TO-DATE
12:45:38.594 [INFO]   [Checking]    out: Writing Diffblue message (event type)
12:45:38.594 [INFO]   [Checking]    deserializing line [DIFFBLUE]{"__type":"com.diffblue.cover.buildsystem.model.DefaultEventMessage","project":"account-service","goal":"assemble","cause":null,"state":"STARTED"}
12:45:38.595 [INFO]   [Checking]    out: Skipping task ':account-service:assemble' as it has no actions.
12:45:38.595 [INFO]   [Checking]    out: Writing Diffblue message (event type)
12:45:38.595 [INFO]   [Checking]    deserializing line [DIFFBLUE]{"__type":"com.diffblue.cover.buildsystem.model.DefaultEventMessage","project":"account-service","goal":"assemble","cause":null,"state":"SKIPPED"}
12:45:38.597 [INFO]   [Checking]    out: Resolve mutations for :database:compileJava (Thread[#285,Execution worker,5,main]) started.
12:45:38.597 [INFO]   [Checking]    out: :database:compileJava (Thread[#285,Execution worker,5,main]) started.
12:45:38.597 [INFO]   [Checking]    out: 
12:45:38.597 [INFO]   [Checking]    out: > Task :database:compileJava NO-SOURCE
12:45:38.597 [INFO]   [Checking]    out: Writing Diffblue message (event type)
12:45:38.597 [INFO]   [Checking]    deserializing line [DIFFBLUE]{"__type":"com.diffblue.cover.buildsystem.model.DefaultEventMessage","project":"database","goal":"compileJava","cause":null,"state":"STARTED"}
12:45:38.598 [INFO]   [Checking]    - database
12:45:38.598 [INFO]   [Checking]    out: Skipping task ':database:compileJava' as it has no source files and no previous output files.
12:45:38.598 [INFO]   [Checking]    out: Writing Diffblue message (event type)
12:45:38.598 [INFO]   [Checking]    deserializing line [DIFFBLUE]{"__type":"com.diffblue.cover.buildsystem.model.DefaultEventMessage","project":"database","goal":"compileJava","cause":null,"state":"SKIPPED"}
12:45:38.599 [INFO]   [Checking]    out: Resolve mutations for :database:processResources (Thread[#285,Execution worker,5,main]) started.
12:45:38.600 [INFO]   [Checking]    out: :database:processResources (Thread[#285,Execution worker,5,main]) started.
12:45:38.600 [INFO]   [Checking]    out: 
12:45:38.600 [INFO]   [Checking]    out: > Task :database:processResources NO-SOURCE
12:45:38.600 [INFO]   [Checking]    out: Writing Diffblue message (event type)
12:45:38.600 [INFO]   [Checking]    deserializing line [DIFFBLUE]{"__type":"com.diffblue.cover.buildsystem.model.DefaultEventMessage","project":"database","goal":"processResources","cause":null,"state":"STARTED"}
12:45:38.601 [INFO]   [Checking]    out: Skipping task ':database:processResources' as it has no source files and no previous output files.
12:45:38.601 [INFO]   [Checking]    out: Writing Diffblue message (event type)
12:45:38.601 [INFO]   [Checking]    deserializing line [DIFFBLUE]{"__type":"com.diffblue.cover.buildsystem.model.DefaultEventMessage","project":"database","goal":"processResources","cause":null,"state":"SKIPPED"}
12:45:38.603 [INFO]   [Checking]    out: Resolve mutations for :database:classes (Thread[#285,Execution worker,5,main]) started.
12:45:38.603 [INFO]   [Checking]    out: :database:classes (Thread[#285,Execution worker,5,main]) started.
12:45:38.603 [INFO]   [Checking]    out: 
12:45:38.603 [INFO]   [Checking]    out: > Task :database:classes UP-TO-DATE
12:45:38.603 [INFO]   [Checking]    out: Writing Diffblue message (event type)
12:45:38.603 [INFO]   [Checking]    deserializing line [DIFFBLUE]{"__type":"com.diffblue.cover.buildsystem.model.DefaultEventMessage","project":"database","goal":"classes","cause":null,"state":"STARTED"}
12:45:38.606 [INFO]   [Checking]    out: Skipping task ':database:classes' as it has no actions.
12:45:38.606 [INFO]   [Checking]    out: Writing Diffblue message (event type)
12:45:38.606 [INFO]   [Checking]    deserializing line [DIFFBLUE]{"__type":"com.diffblue.cover.buildsystem.model.DefaultEventMessage","project":"database","goal":"classes","cause":null,"state":"SKIPPED"}
12:45:38.608 [INFO]   [Checking]    out: Resolve mutations for :database:jar (Thread[#285,Execution worker,5,main]) started.
12:45:38.608 [INFO]   [Checking]    out: :database:jar (Thread[#285,Execution worker,5,main]) started.
12:45:38.608 [INFO]   [Checking]    out: 
12:45:38.608 [INFO]   [Checking]    out: > Task :database:jar UP-TO-DATE
12:45:38.608 [INFO]   [Checking]    out: Writing Diffblue message (event type)
12:45:38.608 [INFO]   [Checking]    deserializing line [DIFFBLUE]{"__type":"com.diffblue.cover.buildsystem.model.DefaultEventMessage","project":"database","goal":"jar","cause":null,"state":"STARTED"}
12:45:38.609 [INFO]   [Checking]    out: Caching disabled for task ':database:jar' because:
12:45:38.609 [INFO]   [Checking]    out:   Build cache is disabled
12:45:38.609 [INFO]   [Checking]    out:   Not worth caching
12:45:38.609 [INFO]   [Checking]    out: Skipping task ':database:jar' as it is up-to-date.
12:45:38.609 [INFO]   [Checking]    out: Writing Diffblue message (event type)
12:45:38.609 [INFO]   [Checking]    deserializing line [DIFFBLUE]{"__type":"com.diffblue.cover.buildsystem.model.DefaultEventMessage","project":"database","goal":"jar","cause":null,"state":"SKIPPED"}
12:45:38.611 [INFO]   [Checking]    out: Resolve mutations for :database:startScripts (Thread[#285,Execution worker,5,main]) started.
12:45:38.611 [INFO]   [Checking]    out: :database:startScripts (Thread[#285,Execution worker,5,main]) started.
12:45:38.611 [INFO]   [Checking]    out: 
12:45:38.611 [INFO]   [Checking]    out: > Task :database:startScripts UP-TO-DATE
12:45:38.611 [INFO]   [Checking]    out: Writing Diffblue message (event type)
12:45:38.611 [INFO]   [Checking]    deserializing line [DIFFBLUE]{"__type":"com.diffblue.cover.buildsystem.model.DefaultEventMessage","project":"database","goal":"startScripts","cause":null,"state":"STARTED"}
12:45:38.612 [INFO]   [Checking]    out: Caching disabled for task ':database:startScripts' because:
12:45:38.613 [INFO]   [Checking]    out:   Build cache is disabled
12:45:38.613 [INFO]   [Checking]    out:   Not worth caching
12:45:38.613 [INFO]   [Checking]    out: Skipping task ':database:startScripts' as it is up-to-date.
12:45:38.613 [INFO]   [Checking]    out: Writing Diffblue message (event type)
12:45:38.613 [INFO]   [Checking]    deserializing line [DIFFBLUE]{"__type":"com.diffblue.cover.buildsystem.model.DefaultEventMessage","project":"database","goal":"startScripts","cause":null,"state":"SKIPPED"}
12:45:38.615 [INFO]   [Checking]    out: Resolve mutations for :database:distTar (Thread[#285,Execution worker,5,main]) started.
12:45:38.615 [INFO]   [Checking]    out: :database:distTar (Thread[#285,Execution worker,5,main]) started.
12:45:38.615 [INFO]   [Checking]    out: 
12:45:38.615 [INFO]   [Checking]    out: > Task :database:distTar UP-TO-DATE
12:45:38.615 [INFO]   [Checking]    out: Writing Diffblue message (event type)
12:45:38.615 [INFO]   [Checking]    deserializing line [DIFFBLUE]{"__type":"com.diffblue.cover.buildsystem.model.DefaultEventMessage","project":"database","goal":"distTar","cause":null,"state":"STARTED"}
12:45:38.617 [INFO]   [Checking]    out: Caching disabled for task ':database:distTar' because:
12:45:38.617 [INFO]   [Checking]    out:   Build cache is disabled
12:45:38.617 [INFO]   [Checking]    out:   Not worth caching
12:45:38.617 [INFO]   [Checking]    out: Skipping task ':database:distTar' as it is up-to-date.
12:45:38.617 [INFO]   [Checking]    out: Writing Diffblue message (event type)
12:45:38.617 [INFO]   [Checking]    deserializing line [DIFFBLUE]{"__type":"com.diffblue.cover.buildsystem.model.DefaultEventMessage","project":"database","goal":"distTar","cause":null,"state":"SKIPPED"}
12:45:38.620 [INFO]   [Checking]    out: Resolve mutations for :database:distZip (Thread[#286,Execution worker Thread 2,5,main]) started.
12:45:38.620 [INFO]   [Checking]    out: :database:distZip (Thread[#286,Execution worker Thread 2,5,main]) started.
12:45:38.620 [INFO]   [Checking]    out: 
12:45:38.620 [INFO]   [Checking]    out: > Task :database:distZip UP-TO-DATE
12:45:38.620 [INFO]   [Checking]    out: Writing Diffblue message (event type)
12:45:38.620 [INFO]   [Checking]    deserializing line [DIFFBLUE]{"__type":"com.diffblue.cover.buildsystem.model.DefaultEventMessage","project":"database","goal":"distZip","cause":null,"state":"STARTED"}
12:45:38.622 [INFO]   [Checking]    out: Caching disabled for task ':database:distZip' because:
12:45:38.622 [INFO]   [Checking]    out:   Build cache is disabled
12:45:38.622 [INFO]   [Checking]    out:   Not worth caching
12:45:38.622 [INFO]   [Checking]    out: Skipping task ':database:distZip' as it is up-to-date.
12:45:38.622 [INFO]   [Checking]    out: Writing Diffblue message (event type)
12:45:38.622 [INFO]   [Checking]    deserializing line [DIFFBLUE]{"__type":"com.diffblue.cover.buildsystem.model.DefaultEventMessage","project":"database","goal":"distZip","cause":null,"state":"SKIPPED"}
12:45:38.624 [INFO]   [Checking]    out: Resolve mutations for :database:assemble (Thread[#286,Execution worker Thread 2,5,main]) started.
12:45:38.624 [INFO]   [Checking]    out: :database:assemble (Thread[#286,Execution worker Thread 2,5,main]) started.
12:45:38.624 [INFO]   [Checking]    out: 
12:45:38.624 [INFO]   [Checking]    out: > Task :database:assemble UP-TO-DATE
12:45:38.624 [INFO]   [Checking]    out: Writing Diffblue message (event type)
12:45:38.624 [INFO]   [Checking]    deserializing line [DIFFBLUE]{"__type":"com.diffblue.cover.buildsystem.model.DefaultEventMessage","project":"database","goal":"assemble","cause":null,"state":"STARTED"}
12:45:38.626 [INFO]   [Checking]    out: Skipping task ':database:assemble' as it has no actions.
12:45:38.626 [INFO]   [Checking]    out: Writing Diffblue message (event type)
12:45:38.626 [INFO]   [Checking]    deserializing line [DIFFBLUE]{"__type":"com.diffblue.cover.buildsystem.model.DefaultEventMessage","project":"database","goal":"assemble","cause":null,"state":"SKIPPED"}
12:45:38.627 [INFO]   [Checking]    out: Resolve mutations for :position-service:compileJava (Thread[#286,Execution worker Thread 2,5,main]) started.
12:45:38.628 [INFO]   [Checking]    out: :position-service:compileJava (Thread[#286,Execution worker Thread 2,5,main]) started.
12:45:38.628 [INFO]   [Checking]    out: 
12:45:38.628 [INFO]   [Checking]    out: > Task :position-service:compileJava UP-TO-DATE
12:45:38.628 [INFO]   [Checking]    out: Writing Diffblue message (event type)
12:45:38.628 [INFO]   [Checking]    deserializing line [DIFFBLUE]{"__type":"com.diffblue.cover.buildsystem.model.DefaultEventMessage","project":"position-service","goal":"compileJava","cause":null,"state":"STARTED"}
12:45:38.629 [INFO]   [Checking]    - position-service
12:45:38.629 [INFO]   [Checking]    out: Custom actions are attached to task ':position-service:compileJava'.
12:45:38.629 [INFO]   [Checking]    out: Caching disabled for task ':position-service:compileJava' because:
12:45:38.629 [INFO]   [Checking]    out:   Build cache is disabled
12:45:38.629 [INFO]   [Checking]    out: Skipping task ':position-service:compileJava' as it is up-to-date.
12:45:38.629 [INFO]   [Checking]    out: Writing Diffblue message (event type)
12:45:38.629 [INFO]   [Checking]    deserializing line [DIFFBLUE]{"__type":"com.diffblue.cover.buildsystem.model.DefaultEventMessage","project":"position-service","goal":"compileJava","cause":null,"state":"SKIPPED"}
12:45:38.631 [INFO]   [Checking]    out: Resolve mutations for :position-service:processResources (Thread[#286,Execution worker Thread 2,5,main]) started.
12:45:38.631 [INFO]   [Checking]    out: :position-service:processResources (Thread[#286,Execution worker Thread 2,5,main]) started.
12:45:38.686 [INFO]   [Checking]    out: 
12:45:38.687 [INFO]   [Checking]    out: > Task :position-service:processResources UP-TO-DATE
12:45:38.687 [INFO]   [Checking]    out: Writing Diffblue message (event type)
12:45:38.687 [INFO]   [Checking]    deserializing line [DIFFBLUE]{"__type":"com.diffblue.cover.buildsystem.model.DefaultEventMessage","project":"position-service","goal":"processResources","cause":null,"state":"STARTED"}
12:45:38.689 [INFO]   [Checking]    out: Caching disabled for task ':position-service:processResources' because:
12:45:38.690 [INFO]   [Checking]    out:   Build cache is disabled
12:45:38.690 [INFO]   [Checking]    out:   Not worth caching
12:45:38.690 [INFO]   [Checking]    out: Skipping task ':position-service:processResources' as it is up-to-date.
12:45:38.690 [INFO]   [Checking]    out: Writing Diffblue message (event type)
12:45:38.690 [INFO]   [Checking]    deserializing line [DIFFBLUE]{"__type":"com.diffblue.cover.buildsystem.model.DefaultEventMessage","project":"position-service","goal":"processResources","cause":null,"state":"SKIPPED"}
12:45:38.694 [INFO]   [Checking]    out: Resolve mutations for :position-service:classes (Thread[#286,Execution worker Thread 2,5,main]) started.
12:45:38.694 [INFO]   [Checking]    out: :position-service:classes (Thread[#286,Execution worker Thread 2,5,main]) started.
12:45:38.694 [INFO]   [Checking]    out: 
12:45:38.694 [INFO]   [Checking]    out: > Task :position-service:classes UP-TO-DATE
12:45:38.694 [INFO]   [Checking]    out: Writing Diffblue message (event type)
12:45:38.694 [INFO]   [Checking]    deserializing line [DIFFBLUE]{"__type":"com.diffblue.cover.buildsystem.model.DefaultEventMessage","project":"position-service","goal":"classes","cause":null,"state":"STARTED"}
12:45:38.696 [INFO]   [Checking]    out: Skipping task ':position-service:classes' as it has no actions.
12:45:38.697 [INFO]   [Checking]    out: Writing Diffblue message (event type)
12:45:38.697 [INFO]   [Checking]    deserializing line [DIFFBLUE]{"__type":"com.diffblue.cover.buildsystem.model.DefaultEventMessage","project":"position-service","goal":"classes","cause":null,"state":"SKIPPED"}
12:45:38.698 [INFO]   [Checking]    out: Resolve mutations for :position-service:resolveMainClassName (Thread[#286,Execution worker Thread 2,5,main]) started.
12:45:38.698 [INFO]   [Checking]    out: :position-service:resolveMainClassName (Thread[#298,Execution worker Thread 14,5,main]) started.
12:45:38.698 [INFO]   [Checking]    out: 
12:45:38.698 [INFO]   [Checking]    out: > Task :position-service:resolveMainClassName UP-TO-DATE
12:45:38.698 [INFO]   [Checking]    out: Writing Diffblue message (event type)
12:45:38.699 [INFO]   [Checking]    deserializing line [DIFFBLUE]{"__type":"com.diffblue.cover.buildsystem.model.DefaultEventMessage","project":"position-service","goal":"resolveMainClassName","cause":null,"state":"STARTED"}
12:45:38.700 [INFO]   [Checking]    out: Caching disabled for task ':position-service:resolveMainClassName' because:
12:45:38.700 [INFO]   [Checking]    out:   Build cache is disabled
12:45:38.700 [INFO]   [Checking]    out:   Not worth caching
12:45:38.700 [INFO]   [Checking]    out: Skipping task ':position-service:resolveMainClassName' as it is up-to-date.
12:45:38.700 [INFO]   [Checking]    out: Writing Diffblue message (event type)
12:45:38.700 [INFO]   [Checking]    deserializing line [DIFFBLUE]{"__type":"com.diffblue.cover.buildsystem.model.DefaultEventMessage","project":"position-service","goal":"resolveMainClassName","cause":null,"state":"SKIPPED"}
12:45:38.701 [INFO]   [Checking]    out: Resolve mutations for :position-service:bootJar (Thread[#298,Execution worker Thread 14,5,main]) started.
12:45:38.702 [INFO]   [Checking]    out: :position-service:bootJar (Thread[#298,Execution worker Thread 14,5,main]) started.
12:45:38.702 [INFO]   [Checking]    out: 
12:45:38.702 [INFO]   [Checking]    out: > Task :position-service:bootJar UP-TO-DATE
12:45:38.702 [INFO]   [Checking]    out: Writing Diffblue message (event type)
12:45:38.702 [INFO]   [Checking]    deserializing line [DIFFBLUE]{"__type":"com.diffblue.cover.buildsystem.model.DefaultEventMessage","project":"position-service","goal":"bootJar","cause":null,"state":"STARTED"}
12:45:38.703 [INFO]   [Checking]    out: Excluding []
12:45:38.703 [INFO]   [Checking]    out: Caching disabled for task ':position-service:bootJar' because:
12:45:38.703 [INFO]   [Checking]    out:   Build cache is disabled
12:45:38.703 [INFO]   [Checking]    out:   Not worth caching
12:45:38.703 [INFO]   [Checking]    out: Skipping task ':position-service:bootJar' as it is up-to-date.
12:45:38.704 [INFO]   [Checking]    out: Writing Diffblue message (event type)
12:45:38.704 [INFO]   [Checking]    deserializing line [DIFFBLUE]{"__type":"com.diffblue.cover.buildsystem.model.DefaultEventMessage","project":"position-service","goal":"bootJar","cause":null,"state":"SKIPPED"}
12:45:38.705 [INFO]   [Checking]    out: Resolve mutations for :position-service:jar (Thread[#298,Execution worker Thread 14,5,main]) started.
12:45:38.705 [INFO]   [Checking]    out: :position-service:jar (Thread[#298,Execution worker Thread 14,5,main]) started.
12:45:38.705 [INFO]   [Checking]    out: 
12:45:38.705 [INFO]   [Checking]    out: > Task :position-service:jar UP-TO-DATE
12:45:38.705 [INFO]   [Checking]    out: Writing Diffblue message (event type)
12:45:38.705 [INFO]   [Checking]    deserializing line [DIFFBLUE]{"__type":"com.diffblue.cover.buildsystem.model.DefaultEventMessage","project":"position-service","goal":"jar","cause":null,"state":"STARTED"}
12:45:38.706 [INFO]   [Checking]    out: Caching disabled for task ':position-service:jar' because:
12:45:38.706 [INFO]   [Checking]    out:   Build cache is disabled
12:45:38.706 [INFO]   [Checking]    out:   Not worth caching
12:45:38.706 [INFO]   [Checking]    out: Skipping task ':position-service:jar' as it is up-to-date.
12:45:38.706 [INFO]   [Checking]    out: Writing Diffblue message (event type)
12:45:38.706 [INFO]   [Checking]    deserializing line [DIFFBLUE]{"__type":"com.diffblue.cover.buildsystem.model.DefaultEventMessage","project":"position-service","goal":"jar","cause":null,"state":"SKIPPED"}
12:45:38.707 [INFO]   [Checking]    out: Resolve mutations for :position-service:assemble (Thread[#298,Execution worker Thread 14,5,main]) started.
12:45:38.708 [INFO]   [Checking]    out: :position-service:assemble (Thread[#298,Execution worker Thread 14,5,main]) started.
12:45:38.708 [INFO]   [Checking]    out: 
12:45:38.708 [INFO]   [Checking]    out: > Task :position-service:assemble UP-TO-DATE
12:45:38.708 [INFO]   [Checking]    out: Writing Diffblue message (event type)
12:45:38.708 [INFO]   [Checking]    deserializing line [DIFFBLUE]{"__type":"com.diffblue.cover.buildsystem.model.DefaultEventMessage","project":"position-service","goal":"assemble","cause":null,"state":"STARTED"}
12:45:38.709 [INFO]   [Checking]    out: Skipping task ':position-service:assemble' as it has no actions.
12:45:38.709 [INFO]   [Checking]    out: Writing Diffblue message (event type)
12:45:38.709 [INFO]   [Checking]    deserializing line [DIFFBLUE]{"__type":"com.diffblue.cover.buildsystem.model.DefaultEventMessage","project":"position-service","goal":"assemble","cause":null,"state":"SKIPPED"}
12:45:38.710 [INFO]   [Checking]    out: Resolve mutations for :trade-processor:compileJava (Thread[#298,Execution worker Thread 14,5,main]) started.
12:45:38.710 [INFO]   [Checking]    out: :trade-processor:compileJava (Thread[#298,Execution worker Thread 14,5,main]) started.
12:45:38.787 [INFO]   [Checking]    out: 
12:45:38.787 [INFO]   [Checking]    out: > Task :trade-processor:compileJava UP-TO-DATE
12:45:38.787 [INFO]   [Checking]    out: Writing Diffblue message (event type)
12:45:38.787 [INFO]   [Checking]    deserializing line [DIFFBLUE]{"__type":"com.diffblue.cover.buildsystem.model.DefaultEventMessage","project":"trade-processor","goal":"compileJava","cause":null,"state":"STARTED"}
12:45:38.789 [INFO]   [Checking]    - trade-processor
12:45:38.789 [INFO]   [Checking]    out: Custom actions are attached to task ':trade-processor:compileJava'.
12:45:38.789 [INFO]   [Checking]    out: Caching disabled for task ':trade-processor:compileJava' because:
12:45:38.789 [INFO]   [Checking]    out:   Build cache is disabled
12:45:38.789 [INFO]   [Checking]    out: Skipping task ':trade-processor:compileJava' as it is up-to-date.
12:45:38.789 [INFO]   [Checking]    out: Writing Diffblue message (event type)
12:45:38.789 [INFO]   [Checking]    deserializing line [DIFFBLUE]{"__type":"com.diffblue.cover.buildsystem.model.DefaultEventMessage","project":"trade-processor","goal":"compileJava","cause":null,"state":"SKIPPED"}
12:45:38.790 [INFO]   [Checking]    out: Resolve mutations for :trade-processor:processResources (Thread[#298,Execution worker Thread 14,5,main]) started.
12:45:38.791 [INFO]   [Checking]    out: :trade-processor:processResources (Thread[#298,Execution worker Thread 14,5,main]) started.
12:45:38.791 [INFO]   [Checking]    out: 
12:45:38.791 [INFO]   [Checking]    out: > Task :trade-processor:processResources UP-TO-DATE
12:45:38.791 [INFO]   [Checking]    out: Writing Diffblue message (event type)
12:45:38.791 [INFO]   [Checking]    deserializing line [DIFFBLUE]{"__type":"com.diffblue.cover.buildsystem.model.DefaultEventMessage","project":"trade-processor","goal":"processResources","cause":null,"state":"STARTED"}
12:45:38.792 [INFO]   [Checking]    out: Caching disabled for task ':trade-processor:processResources' because:
12:45:38.792 [INFO]   [Checking]    out:   Build cache is disabled
12:45:38.792 [INFO]   [Checking]    out:   Not worth caching
12:45:38.792 [INFO]   [Checking]    out: Skipping task ':trade-processor:processResources' as it is up-to-date.
12:45:38.792 [INFO]   [Checking]    out: Writing Diffblue message (event type)
12:45:38.792 [INFO]   [Checking]    deserializing line [DIFFBLUE]{"__type":"com.diffblue.cover.buildsystem.model.DefaultEventMessage","project":"trade-processor","goal":"processResources","cause":null,"state":"SKIPPED"}
12:45:38.793 [INFO]   [Checking]    out: Resolve mutations for :trade-processor:classes (Thread[#298,Execution worker Thread 14,5,main]) started.
12:45:38.793 [INFO]   [Checking]    out: :trade-processor:classes (Thread[#298,Execution worker Thread 14,5,main]) started.
12:45:38.793 [INFO]   [Checking]    out: 
12:45:38.793 [INFO]   [Checking]    out: > Task :trade-processor:classes UP-TO-DATE
12:45:38.793 [INFO]   [Checking]    out: Writing Diffblue message (event type)
12:45:38.793 [INFO]   [Checking]    deserializing line [DIFFBLUE]{"__type":"com.diffblue.cover.buildsystem.model.DefaultEventMessage","project":"trade-processor","goal":"classes","cause":null,"state":"STARTED"}
12:45:38.794 [INFO]   [Checking]    out: Skipping task ':trade-processor:classes' as it has no actions.
12:45:38.794 [INFO]   [Checking]    out: Writing Diffblue message (event type)
12:45:38.794 [INFO]   [Checking]    deserializing line [DIFFBLUE]{"__type":"com.diffblue.cover.buildsystem.model.DefaultEventMessage","project":"trade-processor","goal":"classes","cause":null,"state":"SKIPPED"}
12:45:38.796 [INFO]   [Checking]    out: Resolve mutations for :trade-processor:resolveMainClassName (Thread[#298,Execution worker Thread 14,5,main]) started.
12:45:38.796 [INFO]   [Checking]    out: :trade-processor:resolveMainClassName (Thread[#298,Execution worker Thread 14,5,main]) started.
12:45:38.796 [INFO]   [Checking]    out: 
12:45:38.796 [INFO]   [Checking]    out: > Task :trade-processor:resolveMainClassName UP-TO-DATE
12:45:38.796 [INFO]   [Checking]    out: Writing Diffblue message (event type)
12:45:38.796 [INFO]   [Checking]    deserializing line [DIFFBLUE]{"__type":"com.diffblue.cover.buildsystem.model.DefaultEventMessage","project":"trade-processor","goal":"resolveMainClassName","cause":null,"state":"STARTED"}
12:45:38.797 [INFO]   [Checking]    out: Caching disabled for task ':trade-processor:resolveMainClassName' because:
12:45:38.797 [INFO]   [Checking]    out:   Build cache is disabled
12:45:38.797 [INFO]   [Checking]    out:   Not worth caching
12:45:38.797 [INFO]   [Checking]    out: Skipping task ':trade-processor:resolveMainClassName' as it is up-to-date.
12:45:38.797 [INFO]   [Checking]    out: Writing Diffblue message (event type)
12:45:38.797 [INFO]   [Checking]    deserializing line [DIFFBLUE]{"__type":"com.diffblue.cover.buildsystem.model.DefaultEventMessage","project":"trade-processor","goal":"resolveMainClassName","cause":null,"state":"SKIPPED"}
12:45:38.799 [INFO]   [Checking]    out: Resolve mutations for :trade-processor:bootJar (Thread[#298,Execution worker Thread 14,5,main]) started.
12:45:38.799 [INFO]   [Checking]    out: :trade-processor:bootJar (Thread[#298,Execution worker Thread 14,5,main]) started.
12:45:38.886 [INFO]   [Checking]    out: 
12:45:38.887 [INFO]   [Checking]    out: > Task :trade-processor:bootJar UP-TO-DATE
12:45:38.887 [INFO]   [Checking]    out: Writing Diffblue message (event type)
12:45:38.887 [INFO]   [Checking]    deserializing line [DIFFBLUE]{"__type":"com.diffblue.cover.buildsystem.model.DefaultEventMessage","project":"trade-processor","goal":"bootJar","cause":null,"state":"STARTED"}
12:45:38.888 [INFO]   [Checking]    out: Excluding []
12:45:38.888 [INFO]   [Checking]    out: Caching disabled for task ':trade-processor:bootJar' because:
12:45:38.888 [INFO]   [Checking]    out:   Build cache is disabled
12:45:38.888 [INFO]   [Checking]    out:   Not worth caching
12:45:38.888 [INFO]   [Checking]    out: Skipping task ':trade-processor:bootJar' as it is up-to-date.
12:45:38.888 [INFO]   [Checking]    out: Writing Diffblue message (event type)
12:45:38.888 [INFO]   [Checking]    deserializing line [DIFFBLUE]{"__type":"com.diffblue.cover.buildsystem.model.DefaultEventMessage","project":"trade-processor","goal":"bootJar","cause":null,"state":"SKIPPED"}
12:45:38.889 [INFO]   [Checking]    out: Resolve mutations for :trade-processor:jar (Thread[#298,Execution worker Thread 14,5,main]) started.
12:45:38.889 [INFO]   [Checking]    out: :trade-processor:jar (Thread[#298,Execution worker Thread 14,5,main]) started.
12:45:38.889 [INFO]   [Checking]    out: 
12:45:38.889 [INFO]   [Checking]    out: > Task :trade-processor:jar UP-TO-DATE
12:45:38.889 [INFO]   [Checking]    out: Writing Diffblue message (event type)
12:45:38.889 [INFO]   [Checking]    deserializing line [DIFFBLUE]{"__type":"com.diffblue.cover.buildsystem.model.DefaultEventMessage","project":"trade-processor","goal":"jar","cause":null,"state":"STARTED"}
12:45:38.890 [INFO]   [Checking]    out: Caching disabled for task ':trade-processor:jar' because:
12:45:38.890 [INFO]   [Checking]    out:   Build cache is disabled
12:45:38.890 [INFO]   [Checking]    out:   Not worth caching
12:45:38.890 [INFO]   [Checking]    out: Skipping task ':trade-processor:jar' as it is up-to-date.
12:45:38.890 [INFO]   [Checking]    out: Writing Diffblue message (event type)
12:45:38.890 [INFO]   [Checking]    deserializing line [DIFFBLUE]{"__type":"com.diffblue.cover.buildsystem.model.DefaultEventMessage","project":"trade-processor","goal":"jar","cause":null,"state":"SKIPPED"}
12:45:38.891 [INFO]   [Checking]    out: Resolve mutations for :trade-processor:assemble (Thread[#298,Execution worker Thread 14,5,main]) started.
12:45:38.891 [INFO]   [Checking]    out: :trade-processor:assemble (Thread[#298,Execution worker Thread 14,5,main]) started.
12:45:38.891 [INFO]   [Checking]    out: 
12:45:38.891 [INFO]   [Checking]    out: > Task :trade-processor:assemble UP-TO-DATE
12:45:38.891 [INFO]   [Checking]    out: Writing Diffblue message (event type)
12:45:38.892 [INFO]   [Checking]    deserializing line [DIFFBLUE]{"__type":"com.diffblue.cover.buildsystem.model.DefaultEventMessage","project":"trade-processor","goal":"assemble","cause":null,"state":"STARTED"}
12:45:38.893 [INFO]   [Checking]    out: Skipping task ':trade-processor:assemble' as it has no actions.
12:45:38.893 [INFO]   [Checking]    out: Writing Diffblue message (event type)
12:45:38.893 [INFO]   [Checking]    deserializing line [DIFFBLUE]{"__type":"com.diffblue.cover.buildsystem.model.DefaultEventMessage","project":"trade-processor","goal":"assemble","cause":null,"state":"SKIPPED"}
12:45:38.894 [INFO]   [Checking]    out: Resolve mutations for :trade-service:compileJava (Thread[#298,Execution worker Thread 14,5,main]) started.
12:45:38.894 [INFO]   [Checking]    out: :trade-service:compileJava (Thread[#298,Execution worker Thread 14,5,main]) started.
12:45:38.894 [INFO]   [Checking]    out: 
12:45:38.894 [INFO]   [Checking]    out: > Task :trade-service:compileJava UP-TO-DATE
12:45:38.894 [INFO]   [Checking]    out: Writing Diffblue message (event type)
12:45:38.894 [INFO]   [Checking]    deserializing line [DIFFBLUE]{"__type":"com.diffblue.cover.buildsystem.model.DefaultEventMessage","project":"trade-service","goal":"compileJava","cause":null,"state":"STARTED"}
12:45:38.895 [INFO]   [Checking]    - trade-service
12:45:38.895 [INFO]   [Checking]    out: Custom actions are attached to task ':trade-service:compileJava'.
12:45:38.895 [INFO]   [Checking]    out: Caching disabled for task ':trade-service:compileJava' because:
12:45:38.895 [INFO]   [Checking]    out:   Build cache is disabled
12:45:38.895 [INFO]   [Checking]    out: Skipping task ':trade-service:compileJava' as it is up-to-date.
12:45:38.895 [INFO]   [Checking]    out: Writing Diffblue message (event type)
12:45:38.895 [INFO]   [Checking]    deserializing line [DIFFBLUE]{"__type":"com.diffblue.cover.buildsystem.model.DefaultEventMessage","project":"trade-service","goal":"compileJava","cause":null,"state":"SKIPPED"}
12:45:38.896 [INFO]   [Checking]    out: Resolve mutations for :trade-service:processResources (Thread[#298,Execution worker Thread 14,5,main]) started.
12:45:38.896 [INFO]   [Checking]    out: :trade-service:processResources (Thread[#298,Execution worker Thread 14,5,main]) started.
12:45:38.896 [INFO]   [Checking]    out: 
12:45:38.896 [INFO]   [Checking]    out: > Task :trade-service:processResources UP-TO-DATE
12:45:38.896 [INFO]   [Checking]    out: Writing Diffblue message (event type)
12:45:38.896 [INFO]   [Checking]    deserializing line [DIFFBLUE]{"__type":"com.diffblue.cover.buildsystem.model.DefaultEventMessage","project":"trade-service","goal":"processResources","cause":null,"state":"STARTED"}
12:45:38.897 [INFO]   [Checking]    out: Caching disabled for task ':trade-service:processResources' because:
12:45:38.897 [INFO]   [Checking]    out:   Build cache is disabled
12:45:38.897 [INFO]   [Checking]    out:   Not worth caching
12:45:38.897 [INFO]   [Checking]    out: Skipping task ':trade-service:processResources' as it is up-to-date.
12:45:38.897 [INFO]   [Checking]    out: Writing Diffblue message (event type)
12:45:38.897 [INFO]   [Checking]    deserializing line [DIFFBLUE]{"__type":"com.diffblue.cover.buildsystem.model.DefaultEventMessage","project":"trade-service","goal":"processResources","cause":null,"state":"SKIPPED"}
12:45:38.898 [INFO]   [Checking]    out: Resolve mutations for :trade-service:classes (Thread[#298,Execution worker Thread 14,5,main]) started.
12:45:38.898 [INFO]   [Checking]    out: :trade-service:classes (Thread[#298,Execution worker Thread 14,5,main]) started.
12:45:38.898 [INFO]   [Checking]    out: 
12:45:38.898 [INFO]   [Checking]    out: > Task :trade-service:classes UP-TO-DATE
12:45:38.898 [INFO]   [Checking]    out: Writing Diffblue message (event type)
12:45:38.898 [INFO]   [Checking]    deserializing line [DIFFBLUE]{"__type":"com.diffblue.cover.buildsystem.model.DefaultEventMessage","project":"trade-service","goal":"classes","cause":null,"state":"STARTED"}
12:45:38.899 [INFO]   [Checking]    out: Skipping task ':trade-service:classes' as it has no actions.
12:45:38.899 [INFO]   [Checking]    out: Writing Diffblue message (event type)
12:45:38.899 [INFO]   [Checking]    deserializing line [DIFFBLUE]{"__type":"com.diffblue.cover.buildsystem.model.DefaultEventMessage","project":"trade-service","goal":"classes","cause":null,"state":"SKIPPED"}
12:45:38.900 [INFO]   [Checking]    out: Resolve mutations for :trade-service:resolveMainClassName (Thread[#298,Execution worker Thread 14,5,main]) started.
12:45:38.900 [INFO]   [Checking]    out: :trade-service:resolveMainClassName (Thread[#298,Execution worker Thread 14,5,main]) started.
12:45:38.900 [INFO]   [Checking]    out: 
12:45:38.900 [INFO]   [Checking]    out: > Task :trade-service:resolveMainClassName UP-TO-DATE
12:45:38.900 [INFO]   [Checking]    out: Writing Diffblue message (event type)
12:45:38.900 [INFO]   [Checking]    deserializing line [DIFFBLUE]{"__type":"com.diffblue.cover.buildsystem.model.DefaultEventMessage","project":"trade-service","goal":"resolveMainClassName","cause":null,"state":"STARTED"}
12:45:38.901 [INFO]   [Checking]    out: Caching disabled for task ':trade-service:resolveMainClassName' because:
12:45:38.902 [INFO]   [Checking]    out:   Build cache is disabled
12:45:38.902 [INFO]   [Checking]    out:   Not worth caching
12:45:38.902 [INFO]   [Checking]    out: Skipping task ':trade-service:resolveMainClassName' as it is up-to-date.
12:45:38.902 [INFO]   [Checking]    out: Writing Diffblue message (event type)
12:45:38.902 [INFO]   [Checking]    deserializing line [DIFFBLUE]{"__type":"com.diffblue.cover.buildsystem.model.DefaultEventMessage","project":"trade-service","goal":"resolveMainClassName","cause":null,"state":"SKIPPED"}
12:45:38.903 [INFO]   [Checking]    out: Resolve mutations for :trade-service:bootJar (Thread[#298,Execution worker Thread 14,5,main]) started.
12:45:38.903 [INFO]   [Checking]    out: :trade-service:bootJar (Thread[#298,Execution worker Thread 14,5,main]) started.
12:45:38.986 [INFO]   [Checking]    out: 
12:45:38.987 [INFO]   [Checking]    out: > Task :trade-service:bootJar UP-TO-DATE
12:45:38.987 [INFO]   [Checking]    out: Writing Diffblue message (event type)
12:45:38.987 [INFO]   [Checking]    deserializing line [DIFFBLUE]{"__type":"com.diffblue.cover.buildsystem.model.DefaultEventMessage","project":"trade-service","goal":"bootJar","cause":null,"state":"STARTED"}
12:45:38.988 [INFO]   [Checking]    out: Excluding []
12:45:38.988 [INFO]   [Checking]    out: Caching disabled for task ':trade-service:bootJar' because:
12:45:38.988 [INFO]   [Checking]    out:   Build cache is disabled
12:45:38.988 [INFO]   [Checking]    out:   Not worth caching
12:45:38.988 [INFO]   [Checking]    out: Skipping task ':trade-service:bootJar' as it is up-to-date.
12:45:38.988 [INFO]   [Checking]    out: Writing Diffblue message (event type)
12:45:38.988 [INFO]   [Checking]    deserializing line [DIFFBLUE]{"__type":"com.diffblue.cover.buildsystem.model.DefaultEventMessage","project":"trade-service","goal":"bootJar","cause":null,"state":"SKIPPED"}
12:45:38.990 [INFO]   [Checking]    out: Resolve mutations for :trade-service:jar (Thread[#298,Execution worker Thread 14,5,main]) started.
12:45:38.990 [INFO]   [Checking]    out: :trade-service:jar (Thread[#298,Execution worker Thread 14,5,main]) started.
12:45:38.990 [INFO]   [Checking]    out: 
12:45:38.990 [INFO]   [Checking]    out: > Task :trade-service:jar UP-TO-DATE
12:45:38.990 [INFO]   [Checking]    out: Writing Diffblue message (event type)
12:45:38.990 [INFO]   [Checking]    deserializing line [DIFFBLUE]{"__type":"com.diffblue.cover.buildsystem.model.DefaultEventMessage","project":"trade-service","goal":"jar","cause":null,"state":"STARTED"}
12:45:38.991 [INFO]   [Checking]    out: Caching disabled for task ':trade-service:jar' because:
12:45:38.991 [INFO]   [Checking]    out:   Build cache is disabled
12:45:38.991 [INFO]   [Checking]    out:   Not worth caching
12:45:38.991 [INFO]   [Checking]    out: Skipping task ':trade-service:jar' as it is up-to-date.
12:45:38.991 [INFO]   [Checking]    out: Writing Diffblue message (event type)
12:45:38.991 [INFO]   [Checking]    deserializing line [DIFFBLUE]{"__type":"com.diffblue.cover.buildsystem.model.DefaultEventMessage","project":"trade-service","goal":"jar","cause":null,"state":"SKIPPED"}
12:45:38.992 [INFO]   [Checking]    out: Resolve mutations for :trade-service:assemble (Thread[#298,Execution worker Thread 14,5,main]) started.
12:45:38.993 [INFO]   [Checking]    out: :trade-service:assemble (Thread[#298,Execution worker Thread 14,5,main]) started.
12:45:38.993 [INFO]   [Checking]    out: 
12:45:38.993 [INFO]   [Checking]    out: > Task :trade-service:assemble UP-TO-DATE
12:45:38.993 [INFO]   [Checking]    out: Writing Diffblue message (event type)
12:45:38.993 [INFO]   [Checking]    deserializing line [DIFFBLUE]{"__type":"com.diffblue.cover.buildsystem.model.DefaultEventMessage","project":"trade-service","goal":"assemble","cause":null,"state":"STARTED"}
12:45:38.994 [INFO]   [Checking]    out: Skipping task ':trade-service:assemble' as it has no actions.
12:45:38.994 [INFO]   [Checking]    out: Writing Diffblue message (event type)
12:45:38.994 [INFO]   [Checking]    deserializing line [DIFFBLUE]{"__type":"com.diffblue.cover.buildsystem.model.DefaultEventMessage","project":"trade-service","goal":"assemble","cause":null,"state":"SKIPPED"}
12:45:38.995 [INFO]   [Checking]    out: Resolve mutations for :account-service:compileTestJava (Thread[#298,Execution worker Thread 14,5,main]) started.
12:45:38.995 [INFO]   [Checking]    out: :account-service:compileTestJava (Thread[#298,Execution worker Thread 14,5,main]) started.
12:45:39.587 [INFO]   [Checking]    out: 
12:45:39.587 [INFO]   [Checking]    out: > Task :account-service:compileTestJava
12:45:39.587 [INFO]   [Checking]    out: Writing Diffblue message (event type)
12:45:39.587 [INFO]   [Checking]    deserializing line [DIFFBLUE]{"__type":"com.diffblue.cover.buildsystem.model.DefaultEventMessage","project":"account-service","goal":"compileTestJava","cause":null,"state":"STARTED"}
12:45:39.589 [INFO]   [Checking]    out: Custom actions are attached to task ':account-service:compileTestJava'.
12:45:39.589 [INFO]   [Checking]    out: Caching disabled for task ':account-service:compileTestJava' because:
12:45:39.589 [INFO]   [Checking]    out:   Build cache is disabled
12:45:39.589 [INFO]   [Checking]    out: Task ':account-service:compileTestJava' is not up-to-date because:
12:45:39.589 [INFO]   [Checking]    out:   Input property 'stableSources' file /home/jbergqvist/diffblue/finos-traderX/account-service/src/test/java/finos/traderx/accountservice/OpenApiConfigDiffblueTest.java has been removed.
12:45:39.589 [INFO]   [Checking]    out:   Input property 'stableSources' file /home/jbergqvist/diffblue/finos-traderX/account-service/src/test/java/finos/traderx/accountservice/controller/AccountControllerDiffblueTest.java has been removed.
12:45:39.589 [INFO]   [Checking]    out:   Input property 'stableSources' file /home/jbergqvist/diffblue/finos-traderX/account-service/src/test/java/finos/traderx/accountservice/controller/AccountUserControllerDiffblueTest.java has been removed.
12:45:39.589 [INFO]   [Checking]    out: Created classpath snapshot for incremental compilation in 0.146 secs.
12:45:39.589 [INFO]   [Checking]    out: Compiling with toolchain '/home/jbergqvist/.sdkman/candidates/java/21.0.9-amzn'.
12:45:39.589 [INFO]   [Checking]    out: Compiling with JDK Java compiler API.
12:45:39.589 [INFO]   [Checking]    out: Incremental compilation of 14 classes completed in 0.539 secs.
12:45:39.589 [INFO]   [Checking]    out: Class dependency analysis for incremental compilation took 0.006 secs.
12:45:39.589 [INFO]   [Checking]    out: Writing Diffblue message (event type)
12:45:39.589 [INFO]   [Checking]    deserializing line [DIFFBLUE]{"__type":"com.diffblue.cover.buildsystem.model.DefaultEventMessage","project":"account-service","goal":"compileTestJava","cause":null,"state":"SUCCESS"}
12:45:39.590 [INFO]   [Checking]    out: Resolve mutations for :account-service:processTestResources (Thread[#298,Execution worker Thread 14,5,main]) started.
12:45:39.590 [INFO]   [Checking]    out: :account-service:processTestResources (Thread[#298,Execution worker Thread 14,5,main]) started.
12:45:39.590 [INFO]   [Checking]    out: 
12:45:39.590 [INFO]   [Checking]    out: > Task :account-service:processTestResources NO-SOURCE
12:45:39.590 [INFO]   [Checking]    out: Writing Diffblue message (event type)
12:45:39.590 [INFO]   [Checking]    deserializing line [DIFFBLUE]{"__type":"com.diffblue.cover.buildsystem.model.DefaultEventMessage","project":"account-service","goal":"processTestResources","cause":null,"state":"STARTED"}
12:45:39.591 [INFO]   [Checking]    out: Skipping task ':account-service:processTestResources' as it has no source files and no previous output files.
12:45:39.591 [INFO]   [Checking]    out: Writing Diffblue message (event type)
12:45:39.591 [INFO]   [Checking]    deserializing line [DIFFBLUE]{"__type":"com.diffblue.cover.buildsystem.model.DefaultEventMessage","project":"account-service","goal":"processTestResources","cause":null,"state":"SKIPPED"}
12:45:39.593 [INFO]   [Checking]    out: Resolve mutations for :account-service:testClasses (Thread[#298,Execution worker Thread 14,5,main]) started.
12:45:39.593 [INFO]   [Checking]    out: :account-service:testClasses (Thread[#298,Execution worker Thread 14,5,main]) started.
12:45:39.593 [INFO]   [Checking]    out: 
12:45:39.593 [INFO]   [Checking]    out: > Task :account-service:testClasses
12:45:39.593 [INFO]   [Checking]    out: Writing Diffblue message (event type)
12:45:39.593 [INFO]   [Checking]    deserializing line [DIFFBLUE]{"__type":"com.diffblue.cover.buildsystem.model.DefaultEventMessage","project":"account-service","goal":"testClasses","cause":null,"state":"STARTED"}
12:45:39.594 [INFO]   [Checking]    out: Skipping task ':account-service:testClasses' as it has no actions.
12:45:39.594 [INFO]   [Checking]    out: Writing Diffblue message (event type)
12:45:39.594 [INFO]   [Checking]    deserializing line [DIFFBLUE]{"__type":"com.diffblue.cover.buildsystem.model.DefaultEventMessage","project":"account-service","goal":"testClasses","cause":null,"state":"SUCCESS"}
12:45:39.595 [INFO]   [Checking]    out: Resolve mutations for :database:compileTestJava (Thread[#298,Execution worker Thread 14,5,main]) started.
12:45:39.595 [INFO]   [Checking]    out: :database:compileTestJava (Thread[#298,Execution worker Thread 14,5,main]) started.
12:45:39.595 [INFO]   [Checking]    out: 
12:45:39.595 [INFO]   [Checking]    out: > Task :database:compileTestJava NO-SOURCE
12:45:39.595 [INFO]   [Checking]    out: Writing Diffblue message (event type)
12:45:39.595 [INFO]   [Checking]    deserializing line [DIFFBLUE]{"__type":"com.diffblue.cover.buildsystem.model.DefaultEventMessage","project":"database","goal":"compileTestJava","cause":null,"state":"STARTED"}
12:45:39.596 [INFO]   [Checking]    out: Skipping task ':database:compileTestJava' as it has no source files and no previous output files.
12:45:39.596 [INFO]   [Checking]    out: Writing Diffblue message (event type)
12:45:39.596 [INFO]   [Checking]    deserializing line [DIFFBLUE]{"__type":"com.diffblue.cover.buildsystem.model.DefaultEventMessage","project":"database","goal":"compileTestJava","cause":null,"state":"SKIPPED"}
12:45:39.597 [INFO]   [Checking]    out: Resolve mutations for :database:processTestResources (Thread[#298,Execution worker Thread 14,5,main]) started.
12:45:39.597 [INFO]   [Checking]    out: :database:processTestResources (Thread[#298,Execution worker Thread 14,5,main]) started.
12:45:39.597 [INFO]   [Checking]    out: 
12:45:39.597 [INFO]   [Checking]    out: > Task :database:processTestResources NO-SOURCE
12:45:39.597 [INFO]   [Checking]    out: Writing Diffblue message (event type)
12:45:39.597 [INFO]   [Checking]    deserializing line [DIFFBLUE]{"__type":"com.diffblue.cover.buildsystem.model.DefaultEventMessage","project":"database","goal":"processTestResources","cause":null,"state":"STARTED"}
12:45:39.598 [INFO]   [Checking]    out: Skipping task ':database:processTestResources' as it has no source files and no previous output files.
12:45:39.598 [INFO]   [Checking]    out: Writing Diffblue message (event type)
12:45:39.598 [INFO]   [Checking]    deserializing line [DIFFBLUE]{"__type":"com.diffblue.cover.buildsystem.model.DefaultEventMessage","project":"database","goal":"processTestResources","cause":null,"state":"SKIPPED"}
12:45:39.599 [INFO]   [Checking]    out: Resolve mutations for :database:testClasses (Thread[#298,Execution worker Thread 14,5,main]) started.
12:45:39.599 [INFO]   [Checking]    out: :database:testClasses (Thread[#298,Execution worker Thread 14,5,main]) started.
12:45:39.599 [INFO]   [Checking]    out: 
12:45:39.599 [INFO]   [Checking]    out: > Task :database:testClasses UP-TO-DATE
12:45:39.599 [INFO]   [Checking]    out: Writing Diffblue message (event type)
12:45:39.599 [INFO]   [Checking]    deserializing line [DIFFBLUE]{"__type":"com.diffblue.cover.buildsystem.model.DefaultEventMessage","project":"database","goal":"testClasses","cause":null,"state":"STARTED"}
12:45:39.600 [INFO]   [Checking]    out: Skipping task ':database:testClasses' as it has no actions.
12:45:39.600 [INFO]   [Checking]    out: Writing Diffblue message (event type)
12:45:39.600 [INFO]   [Checking]    deserializing line [DIFFBLUE]{"__type":"com.diffblue.cover.buildsystem.model.DefaultEventMessage","project":"database","goal":"testClasses","cause":null,"state":"SKIPPED"}
12:45:39.601 [INFO]   [Checking]    out: Resolve mutations for :position-service:compileTestJava (Thread[#298,Execution worker Thread 14,5,main]) started.
12:45:39.601 [INFO]   [Checking]    out: :position-service:compileTestJava (Thread[#298,Execution worker Thread 14,5,main]) started.
12:45:39.787 [INFO]   [Checking]    out: 
12:45:39.787 [INFO]   [Checking]    out: > Task :position-service:compileTestJava
12:45:39.787 [INFO]   [Checking]    out: Writing Diffblue message (event type)
12:45:39.787 [INFO]   [Checking]    deserializing line [DIFFBLUE]{"__type":"com.diffblue.cover.buildsystem.model.DefaultEventMessage","project":"position-service","goal":"compileTestJava","cause":null,"state":"STARTED"}
12:45:39.788 [INFO]   [Checking]    out: Custom actions are attached to task ':position-service:compileTestJava'.
12:45:39.788 [INFO]   [Checking]    out: Caching disabled for task ':position-service:compileTestJava' because:
12:45:39.788 [INFO]   [Checking]    out:   Build cache is disabled
12:45:39.788 [INFO]   [Checking]    out: Task ':position-service:compileTestJava' is not up-to-date because:
12:45:39.788 [INFO]   [Checking]    out:   Input property 'stableSources' file /home/jbergqvist/diffblue/finos-traderX/position-service/src/test/java/finos/traderx/positionservice/OpenApiConfigDiffblueTest.java has been removed.
12:45:39.788 [INFO]   [Checking]    out:   Input property 'stableSources' file /home/jbergqvist/diffblue/finos-traderX/position-service/src/test/java/finos/traderx/positionservice/controller/DocsControllerDiffblueTest.java has been removed.
12:45:39.788 [INFO]   [Checking]    out:   Input property 'stableSources' file /home/jbergqvist/diffblue/finos-traderX/position-service/src/test/java/finos/traderx/positionservice/controller/PositionControllerDiffblueTest.java has been removed.
12:45:39.788 [INFO]   [Checking]    out: Created classpath snapshot for incremental compilation in 0.023 secs.
12:45:39.788 [INFO]   [Checking]    out: Compiling with toolchain '/home/jbergqvist/.sdkman/candidates/java/21.0.9-amzn'.
12:45:39.788 [INFO]   [Checking]    out: Compiling with JDK Java compiler API.
12:45:39.788 [INFO]   [Checking]    out: Incremental compilation of 11 classes completed in 0.184 secs.
12:45:39.788 [INFO]   [Checking]    out: Class dependency analysis for incremental compilation took 0.002 secs.
12:45:39.788 [INFO]   [Checking]    out: Writing Diffblue message (event type)
12:45:39.788 [INFO]   [Checking]    deserializing line [DIFFBLUE]{"__type":"com.diffblue.cover.buildsystem.model.DefaultEventMessage","project":"position-service","goal":"compileTestJava","cause":null,"state":"SUCCESS"}
12:45:39.789 [INFO]   [Checking]    out: Resolve mutations for :position-service:processTestResources (Thread[#298,Execution worker Thread 14,5,main]) started.
12:45:39.789 [INFO]   [Checking]    out: :position-service:processTestResources (Thread[#298,Execution worker Thread 14,5,main]) started.
12:45:39.789 [INFO]   [Checking]    out: 
12:45:39.789 [INFO]   [Checking]    out: > Task :position-service:processTestResources NO-SOURCE
12:45:39.789 [INFO]   [Checking]    out: Writing Diffblue message (event type)
12:45:39.789 [INFO]   [Checking]    deserializing line [DIFFBLUE]{"__type":"com.diffblue.cover.buildsystem.model.DefaultEventMessage","project":"position-service","goal":"processTestResources","cause":null,"state":"STARTED"}
12:45:39.790 [INFO]   [Checking]    out: Skipping task ':position-service:processTestResources' as it has no source files and no previous output files.
12:45:39.790 [INFO]   [Checking]    out: Writing Diffblue message (event type)
12:45:39.790 [INFO]   [Checking]    deserializing line [DIFFBLUE]{"__type":"com.diffblue.cover.buildsystem.model.DefaultEventMessage","project":"position-service","goal":"processTestResources","cause":null,"state":"SKIPPED"}
12:45:39.791 [INFO]   [Checking]    out: Resolve mutations for :position-service:testClasses (Thread[#298,Execution worker Thread 14,5,main]) started.
12:45:39.791 [INFO]   [Checking]    out: :position-service:testClasses (Thread[#298,Execution worker Thread 14,5,main]) started.
12:45:39.791 [INFO]   [Checking]    out: 
12:45:39.791 [INFO]   [Checking]    out: > Task :position-service:testClasses
12:45:39.791 [INFO]   [Checking]    out: Writing Diffblue message (event type)
12:45:39.791 [INFO]   [Checking]    deserializing line [DIFFBLUE]{"__type":"com.diffblue.cover.buildsystem.model.DefaultEventMessage","project":"position-service","goal":"testClasses","cause":null,"state":"STARTED"}
12:45:39.792 [INFO]   [Checking]    out: Skipping task ':position-service:testClasses' as it has no actions.
12:45:39.792 [INFO]   [Checking]    out: Writing Diffblue message (event type)
12:45:39.792 [INFO]   [Checking]    deserializing line [DIFFBLUE]{"__type":"com.diffblue.cover.buildsystem.model.DefaultEventMessage","project":"position-service","goal":"testClasses","cause":null,"state":"SUCCESS"}
12:45:39.793 [INFO]   [Checking]    out: Resolve mutations for :trade-processor:compileTestJava (Thread[#298,Execution worker Thread 14,5,main]) started.
12:45:39.793 [INFO]   [Checking]    out: :trade-processor:compileTestJava (Thread[#298,Execution worker Thread 14,5,main]) started.
12:45:39.987 [INFO]   [Checking]    out: 
12:45:39.987 [INFO]   [Checking]    out: > Task :trade-processor:compileTestJava
12:45:39.987 [INFO]   [Checking]    out: Writing Diffblue message (event type)
12:45:39.987 [INFO]   [Checking]    deserializing line [DIFFBLUE]{"__type":"com.diffblue.cover.buildsystem.model.DefaultEventMessage","project":"trade-processor","goal":"compileTestJava","cause":null,"state":"STARTED"}
12:45:39.989 [INFO]   [Checking]    out: Custom actions are attached to task ':trade-processor:compileTestJava'.
12:45:39.989 [INFO]   [Checking]    out: Caching disabled for task ':trade-processor:compileTestJava' because:
12:45:39.989 [INFO]   [Checking]    out:   Build cache is disabled
12:45:39.989 [INFO]   [Checking]    out: Task ':trade-processor:compileTestJava' is not up-to-date because:
12:45:39.989 [INFO]   [Checking]    out:   Input property 'stableSources' file /home/jbergqvist/diffblue/finos-traderX/trade-processor/src/test/java/finos/traderx/messaging/PubSubExceptionDiffblueTest.java has been removed.
12:45:39.989 [INFO]   [Checking]    out:   Input property 'stableSources' file /home/jbergqvist/diffblue/finos-traderX/trade-processor/src/test/java/finos/traderx/messaging/socketio/SocketIOEnvelopeDiffblueTest.java has been removed.
12:45:39.989 [INFO]   [Checking]    out:   Input property 'stableSources' file /home/jbergqvist/diffblue/finos-traderX/trade-processor/src/test/java/finos/traderx/messaging/socketio/SocketIOJSONSubscriberDiffblueTest.java has been removed.
12:45:39.989 [INFO]   [Checking]    out: Created classpath snapshot for incremental compilation in 0.028 secs.
12:45:39.989 [INFO]   [Checking]    out: Compiling with toolchain '/home/jbergqvist/.sdkman/candidates/java/21.0.9-amzn'.
12:45:39.989 [INFO]   [Checking]    out: Compiling with JDK Java compiler API.
12:45:39.989 [INFO]   [Checking]    out: Incremental compilation of 18 classes completed in 0.148 secs.
12:45:39.989 [INFO]   [Checking]    out: Class dependency analysis for incremental compilation took 0.001 secs.
12:45:39.989 [INFO]   [Checking]    out: Writing Diffblue message (event type)
12:45:39.989 [INFO]   [Checking]    deserializing line [DIFFBLUE]{"__type":"com.diffblue.cover.buildsystem.model.DefaultEventMessage","project":"trade-processor","goal":"compileTestJava","cause":null,"state":"SUCCESS"}
12:45:39.990 [INFO]   [Checking]    out: Resolve mutations for :trade-processor:processTestResources (Thread[#298,Execution worker Thread 14,5,main]) started.
12:45:39.990 [INFO]   [Checking]    out: :trade-processor:processTestResources (Thread[#298,Execution worker Thread 14,5,main]) started.
12:45:39.990 [INFO]   [Checking]    out: 
12:45:39.990 [INFO]   [Checking]    out: > Task :trade-processor:processTestResources NO-SOURCE
12:45:39.990 [INFO]   [Checking]    out: Writing Diffblue message (event type)
12:45:39.990 [INFO]   [Checking]    deserializing line [DIFFBLUE]{"__type":"com.diffblue.cover.buildsystem.model.DefaultEventMessage","project":"trade-processor","goal":"processTestResources","cause":null,"state":"STARTED"}
12:45:39.990 [INFO]   [Checking]    out: Skipping task ':trade-processor:processTestResources' as it has no source files and no previous output files.
12:45:39.991 [INFO]   [Checking]    out: Writing Diffblue message (event type)
12:45:39.991 [INFO]   [Checking]    deserializing line [DIFFBLUE]{"__type":"com.diffblue.cover.buildsystem.model.DefaultEventMessage","project":"trade-processor","goal":"processTestResources","cause":null,"state":"SKIPPED"}
12:45:39.991 [INFO]   [Checking]    out: Resolve mutations for :trade-processor:testClasses (Thread[#298,Execution worker Thread 14,5,main]) started.
12:45:39.991 [INFO]   [Checking]    out: :trade-processor:testClasses (Thread[#298,Execution worker Thread 14,5,main]) started.
12:45:39.991 [INFO]   [Checking]    out: 
12:45:39.991 [INFO]   [Checking]    out: > Task :trade-processor:testClasses
12:45:39.991 [INFO]   [Checking]    out: Writing Diffblue message (event type)
12:45:39.991 [INFO]   [Checking]    deserializing line [DIFFBLUE]{"__type":"com.diffblue.cover.buildsystem.model.DefaultEventMessage","project":"trade-processor","goal":"testClasses","cause":null,"state":"STARTED"}
12:45:39.992 [INFO]   [Checking]    out: Skipping task ':trade-processor:testClasses' as it has no actions.
12:45:39.992 [INFO]   [Checking]    out: Writing Diffblue message (event type)
12:45:39.992 [INFO]   [Checking]    deserializing line [DIFFBLUE]{"__type":"com.diffblue.cover.buildsystem.model.DefaultEventMessage","project":"trade-processor","goal":"testClasses","cause":null,"state":"SUCCESS"}
12:45:39.993 [INFO]   [Checking]    out: Resolve mutations for :trade-service:compileTestJava (Thread[#298,Execution worker Thread 14,5,main]) started.
12:45:39.993 [INFO]   [Checking]    out: :trade-service:compileTestJava (Thread[#298,Execution worker Thread 14,5,main]) started.
12:45:39.993 [INFO]   [Checking]    out: 
12:45:39.993 [INFO]   [Checking]    out: > Task :trade-service:compileTestJava
12:45:39.993 [INFO]   [Checking]    out: Writing Diffblue message (event type)
12:45:39.993 [INFO]   [Checking]    deserializing line [DIFFBLUE]{"__type":"com.diffblue.cover.buildsystem.model.DefaultEventMessage","project":"trade-service","goal":"compileTestJava","cause":null,"state":"STARTED"}
12:45:39.994 [INFO]   [Checking]    out: Cleaned previous output of task ':trade-service:compileTestJava' as it has no source files.
12:45:39.994 [INFO]   [Checking]    out: Writing Diffblue message (event type)
12:45:39.994 [INFO]   [Checking]    deserializing line [DIFFBLUE]{"__type":"com.diffblue.cover.buildsystem.model.DefaultEventMessage","project":"trade-service","goal":"compileTestJava","cause":null,"state":"SUCCESS"}
12:45:39.994 [INFO]   [Checking]    out: Resolve mutations for :trade-service:processTestResources (Thread[#298,Execution worker Thread 14,5,main]) started.
12:45:39.994 [INFO]   [Checking]    out: :trade-service:processTestResources (Thread[#298,Execution worker Thread 14,5,main]) started.
12:45:39.995 [INFO]   [Checking]    out: 
12:45:39.995 [INFO]   [Checking]    out: > Task :trade-service:processTestResources NO-SOURCE
12:45:39.995 [INFO]   [Checking]    out: Writing Diffblue message (event type)
12:45:39.995 [INFO]   [Checking]    deserializing line [DIFFBLUE]{"__type":"com.diffblue.cover.buildsystem.model.DefaultEventMessage","project":"trade-service","goal":"processTestResources","cause":null,"state":"STARTED"}
12:45:39.995 [INFO]   [Checking]    out: Skipping task ':trade-service:processTestResources' as it has no source files and no previous output files.
12:45:39.995 [INFO]   [Checking]    out: Writing Diffblue message (event type)
12:45:39.995 [INFO]   [Checking]    deserializing line [DIFFBLUE]{"__type":"com.diffblue.cover.buildsystem.model.DefaultEventMessage","project":"trade-service","goal":"processTestResources","cause":null,"state":"SKIPPED"}
12:45:39.996 [INFO]   [Checking]    out: Resolve mutations for :trade-service:testClasses (Thread[#298,Execution worker Thread 14,5,main]) started.
12:45:39.996 [INFO]   [Checking]    out: :trade-service:testClasses (Thread[#298,Execution worker Thread 14,5,main]) started.
12:45:39.996 [INFO]   [Checking]    out: 
12:45:39.996 [INFO]   [Checking]    out: > Task :trade-service:testClasses
12:45:39.996 [INFO]   [Checking]    out: Writing Diffblue message (event type)
12:45:39.996 [INFO]   [Checking]    deserializing line [DIFFBLUE]{"__type":"com.diffblue.cover.buildsystem.model.DefaultEventMessage","project":"trade-service","goal":"testClasses","cause":null,"state":"STARTED"}
12:45:39.997 [INFO]   [Checking]    out: Skipping task ':trade-service:testClasses' as it has no actions.
12:45:39.997 [INFO]   [Checking]    out: Writing Diffblue message (event type)
12:45:39.997 [INFO]   [Checking]    deserializing line [DIFFBLUE]{"__type":"com.diffblue.cover.buildsystem.model.DefaultEventMessage","project":"trade-service","goal":"testClasses","cause":null,"state":"SUCCESS"}
12:45:39.997 [INFO]   [Checking]    out: 
12:45:39.997 [INFO]   [Checking]    out: Deprecated Gradle features were used in this build, making it incompatible with Gradle 9.0.
12:45:39.997 [INFO]   [Checking]    out: 
12:45:39.997 [INFO]   [Checking]    out: You can use '--warning-mode all' to show the individual deprecation warnings and determine if they come from your own scripts or plugins.
12:45:39.997 [INFO]   [Checking]    out: 
12:45:39.997 [INFO]   [Checking]    out: For more on this, please refer to https://docs.gradle.org/8.8/userguide/command_line_interface.html#sec:command_line_warnings in the Gradle documentation.
12:45:39.997 [INFO]   [Checking]    out: 
12:45:39.997 [INFO]   [Checking]    out: BUILD SUCCESSFUL in 7s
12:45:39.997 [INFO]   [Checking]    out: 28 actionable tasks: 4 executed, 24 up-to-date
12:45:40.308 [INFO]   [Checking]    gradle:err process not stopped, joining thread
12:45:40.308 [INFO]   [Checking]    gradle:out process not stopped, joining thread
12:45:40.309 [INFO]   [Checking]    Built in 7s
12:45:40.310 [INFO]   [Reporting]   
12:45:40.310 [INFO]   [Reporting]   Log file: /home/jbergqvist/diffblue/finos-traderX/.diffblue/log/user-20260109T124524.log
12:45:40.310 [INFO]   [Reporting]   Finished in 7s
