INFO  Diffblue Cover 2025.12.02-74144f0-licensed
INFO  
INFO  Command: issues
INFO  Output a prioritized list of issues.
INFO  
INFO  Discovered modules:
INFO  - database
INFO  - trade-processor
INFO  - trade-service
INFO  - position-service
INFO  - account-service
INFO  
INFO  
INFO  [1/5] Diagnosing issues for module: database
INFO  ============================================
INFO  
INFO  Detected Java version 21.0.9
INFO  Selected build system: Gradle
INFO  Reading report file '/home/jbergqvist/diffblue/finos-traderX/database/.diffblue/reports/report.json'
WARN  Failed to find report file '/home/jbergqvist/diffblue/finos-traderX/database/.diffblue/reports/report.json', have you run `dcover create`?
INFO  
INFO  [2/5] Diagnosing issues for module: trade-processor
INFO  ===================================================
INFO  
INFO  Detected Java version 21.0.9
INFO  Selected build system: Gradle
INFO  Reading report file '/home/jbergqvist/diffblue/finos-traderX/trade-processor/.diffblue/reports/report.json'
INFO  Copied report file to '/home/jbergqvist/diffblue/finos-traderX/trade-processor/.diffblue/reports/report-20260113T113119.json'
INFO  
INFO  R013: No inputs found that don't throw a trivial exception
      Diffblue Cover tried to run the arrange/act section, but the test threw
      org.springframework.dao.InvalidDataAccessApiUsageException: Example must not be null
          at org.springframework.orm.jpa.EntityManagerFactoryUtils.convertJpaAccessExceptionIfPossible(EntityManagerFactoryUtils.java:371)
          at org.springframework.orm.jpa.vendor.HibernateJpaDialect.translateExceptionIfPossible(HibernateJpaDialect.java:246)
          at org.springframework.orm.jpa.AbstractEntityManagerFactoryBean.translateExceptionIfPossible(AbstractEntityManagerFactoryBean.java:550)
          at org.springframework.dao.support.ChainedPersistenceExceptionTranslator.translateExceptionIfPossible(ChainedPersistenceExceptionTranslator.java:61)
          at org.springframework.dao.support.DataAccessUtils.translateIfNecessary(DataAccessUtils.java:335)
          at org.springframework.dao.support.PersistenceExceptionTranslationInterceptor.invoke(PersistenceExceptionTranslationInterceptor.java:160)
          at org.springframework.aop.framework.ReflectiveMethodInvocation.proceed(ReflectiveMethodInvocation.java:184)
          at org.springframework.data.jpa.repository.support.CrudMethodMetadataPostProcessor$CrudMethodMetadataPopulatingMethodInterceptor.invoke(CrudMethodMetadataPostProcessor.java:165)
          at org.springframework.aop.framework.ReflectiveMethodInvocation.proceed(ReflectiveMethodInvocation.java:184)
          at org.springframework.aop.interceptor.ExposeInvocationInterceptor.invoke(ExposeInvocationInterceptor.java:97)
          at org.springframework.aop.framework.ReflectiveMethodInvocation.proceed(ReflectiveMethodInvocation.java:184)
          at org.springframework.aop.framework.JdkDynamicAopProxy.invoke(JdkDynamicAopProxy.java:223)
      In order to prevent the method under test
      from throwing InvalidDataAccessApiUsageException, add constructors or factory
      methods that make it easier to construct fully initialized objects used in
      the method under test.
      See https://diff.blue/R013 to resolve this issue.
      
INFO  Affected methods:
      finos.traderx.tradeprocessor.repository.PositionRepository.findBy:(Lorg/springframework/data/domain/Example;Ljava/util/function/Function;)Ljava/lang/Object;
      
INFO  To resolve the issue, use the following prompt with your AI assistant:
      
      We are unit testing `finos.traderx.tradeprocessor.repository.PositionRepository.findBy:(Lorg/springframework/data/domain/Example;Ljava/util/function/Function;)Ljava/lang/Object;`.
      
      Create a parameterless factory method for the problematic
      parameter/this object, determining which by reading the error message below.
      The new factory method should be in the test classpath, not production.
      Create a new factory class if there isn't already one for the class under test.
      Do not create a test yourself, only a factory (don't test the factory either).
      The factory must be annotated with `@com.diffblue.cover.annotations.InterestingTestFactory`.
      Avoid using mocks, these tend to produce unused stubbing errors or a
      `java.lang.NullPointerException`.
      If your environment has internet access then further documentation on
      factory methods for Cover can be found here:
      https://docs.diffblue.com/features/tutorials/increase-code-coverage#test-factory-pattern
      
      The factory should produce a parameter/this object such that
      the following exception does not occur:
      
      ```
      org.springframework.dao.InvalidDataAccessApiUsageException: Example must not be null
        at org.springframework.orm.jpa.EntityManagerFactoryUtils.convertJpaAccessExceptionIfPossible(EntityManagerFactoryUtils.java:371)
        at org.springframework.orm.jpa.vendor.HibernateJpaDialect.translateExceptionIfPossible(HibernateJpaDialect.java:246)
        at org.springframework.orm.jpa.AbstractEntityManagerFactoryBean.translateExceptionIfPossible(AbstractEntityManagerFactoryBean.java:550)
        at org.springframework.dao.support.ChainedPersistenceExceptionTranslator.translateExceptionIfPossible(ChainedPersistenceExceptionTranslator.java:61)
        at org.springframework.dao.support.DataAccessUtils.translateIfNecessary(DataAccessUtils.java:335)
        at org.springframework.dao.support.PersistenceExceptionTranslationInterceptor.invoke(PersistenceExceptionTranslationInterceptor.java:160)
        at org.springframework.aop.framework.ReflectiveMethodInvocation.proceed(ReflectiveMethodInvocation.java:184)
        at org.springframework.data.jpa.repository.support.CrudMethodMetadataPostProcessor$CrudMethodMetadataPopulatingMethodInterceptor.invoke(CrudMethodMetadataPostProcessor.java:165)
        at org.springframework.aop.framework.ReflectiveMethodInvocation.proceed(ReflectiveMethodInvocation.java:184)
        at org.springframework.aop.interceptor.ExposeInvocationInterceptor.invoke(ExposeInvocationInterceptor.java:97)
        at org.springframework.aop.framework.ReflectiveMethodInvocation.proceed(ReflectiveMethodInvocation.java:184)
        at org.springframework.aop.framework.JdkDynamicAopProxy.invoke(JdkDynamicAopProxy.java:223)
      java.lang.IllegalArgumentException: Example must not be null
        at org.springframework.util.Assert.notNull(Assert.java:172)
        at org.springframework.data.jpa.repository.support.SimpleJpaRepository.findBy(SimpleJpaRepository.java:594)
        at org.springframework.aop.support.AopUtils.invokeJoinpointUsingReflection(AopUtils.java:355)
        at org.springframework.data.repository.core.support.RepositoryMethodInvoker$RepositoryFragmentMethodInvoker.lambda$new$0(RepositoryMethodInvoker.java:277)
        at org.springframework.data.repository.core.support.RepositoryMethodInvoker.doInvoke(RepositoryMethodInvoker.java:170)
        at org.springframework.data.repository.core.support.RepositoryMethodInvoker.invoke(RepositoryMethodInvoker.java:158)
        at org.springframework.data.repository.core.support.RepositoryComposition$RepositoryFragments.invoke(RepositoryComposition.java:516)
        at org.springframework.data.repository.core.support.RepositoryComposition.invoke(RepositoryComposition.java:285)
        at org.springframework.data.repository.core.support.RepositoryFactorySupport$ImplementationMethodExecutionInterceptor.invoke(RepositoryFactorySupport.java:628)
        at org.springframework.aop.framework.ReflectiveMethodInvocation.proceed(ReflectiveMethodInvocation.java:184)
        at org.springframework.data.repository.core.support.QueryExecutorMethodInterceptor.doInvoke(QueryExecutorMethodInterceptor.java:173)
        at org.springframework.data.repository.core.support.QueryExecutorMethodInterceptor.invoke(QueryExecutorMethodInterceptor.java:148)
        at org.springframework.aop.framework.ReflectiveMethodInvocation.proceed(ReflectiveMethodInvocation.java:184)
        at org.springframework.data.projection.DefaultMethodInvokingMethodInterceptor.invoke(DefaultMethodInvokingMethodInterceptor.java:70)
        at org.springframework.aop.framework.ReflectiveMethodInvocation.proceed(ReflectiveMethodInvocation.java:184)
        at org.springframework.transaction.interceptor.TransactionAspectSupport.invokeWithinTransaction(TransactionAspectSupport.java:379)
        at org.springframework.transaction.interceptor.TransactionInterceptor.invoke(TransactionInterceptor.java:119)
        at org.springframework.aop.framework.ReflectiveMethodInvocation.proceed(ReflectiveMethodInvocation.java:184)
        at org.springframework.dao.support.PersistenceExceptionTranslationInterceptor.invoke(PersistenceExceptionTranslationInterceptor.java:138)
        at org.springframework.aop.framework.ReflectiveMethodInvocation.proceed(ReflectiveMethodInvocation.java:184)
        at org.springframework.data.jpa.repository.support.CrudMethodMetadataPostProcessor$CrudMethodMetadataPopulatingMethodInterceptor.invoke(CrudMethodMetadataPostProcessor.java:165)
        at org.springframework.aop.framework.ReflectiveMethodInvocation.proceed(ReflectiveMethodInvocation.java:184)
        at org.springframework.aop.interceptor.ExposeInvocationInterceptor.invoke(ExposeInvocationInterceptor.java:97)
        at org.springframework.aop.framework.ReflectiveMethodInvocation.proceed(ReflectiveMethodInvocation.java:184)
        at org.springframework.aop.framework.JdkDynamicAopProxy.invoke(JdkDynamicAopProxy.java:223)
      ```
      
      Recompile the project to make sure the new factory is available to Cover.
      For example run `mvn install -DskipTests` or `gradle install -x test`.
      
INFO  
INFO  R026: Failed to create Spring context
      Attempt to initialize test context failed with
      java.lang.IllegalStateException: ApplicationContext failure threshold (1) exceeded: skipping repeated attempt to load context for [MergedContextConfiguration@2f2e6dca testClass = finos.traderx.messaging.socketio.DiffblueFakeClass1444, locations = [], classes = [finos.traderx.tradeprocessor.TradeFeedHandler], contextInitializerClasses = [], activeProfiles = [], propertySourceDescriptors = [], propertySourceProperties = [], contextCustomizers = [org.springframework.boot.test.autoconfigure.actuate.observability.ObservabilityContextCustomizerFactory$DisableObservabilityContextCustomizer@1f, org.springframework.boot.test.autoconfigure.properties.PropertyMappingContextCustomizer@0, org.springframework.boot.test.autoconfigure.web.servlet.WebDriverContextCustomizer@1f197811, org.springframework.boot.test.context.filter.ExcludeFilterContextCustomizer@6ddd86fe, org.springframework.boot.test.json.DuplicateJsonObjectContextCustomizerFactory$DuplicateJsonObjectContextCustomizer@6882b792, org.springframework.boot.test.mock.mockito.MockitoContextCustomizer@fab8b2ea, org.springframework.boot.test.web.reactor.netty.DisableReactorResourceFactoryGlobalResourcesContextCustomizerFactory$DisableReactorResourceFactoryGlobalResourcesContextCustomizerCustomizer@2b58e889], contextLoader = org.springframework.test.context.support.DelegatingSmartContextLoader, parent = null]
          at org.springframework.test.context.cache.DefaultCacheAwareContextLoaderDelegate.loadContext(DefaultCacheAwareContextLoaderDelegate.java:145)
          at org.springframework.test.context.support.DefaultTestContext.getApplicationContext(DefaultTestContext.java:130)
          at java.util.stream.ReferencePipeline$3$1.accept(ReferencePipeline.java:197)
          at java.util.ArrayList$ArrayListSpliterator.forEachRemaining(ArrayList.java:1708)
          at java.util.stream.AbstractPipeline.copyInto(AbstractPipeline.java:509)
          at java.util.stream.AbstractPipeline.wrapAndCopyInto(AbstractPipeline.java:499)
          at java.util.stream.ReduceOps$ReduceOp.evaluateSequential(ReduceOps.java:921)
          at java.util.stream.AbstractPipeline.evaluate(AbstractPipeline.java:234)
          at java.util.stream.ReferencePipeline.collect(ReferencePipeline.java:682)
      when running class:
      package finos.traderx.messaging.socketio;
      @org.springframework.test.context.ContextConfiguration(classes = {finos.traderx.tradeprocessor.TradeFeedHandler.class})
      @org.junit.runner.RunWith(value = org.springframework.test.context.junit4.SpringRunner.class) // if JUnit 4
      @org.junit.jupiter.api.extension.ExtendWith(value = org.springframework.test.context.junit.jupiter.SpringExtension.class) // if JUnit 5
      public class DiffblueFakeClass1444 {
        @org.springframework.beans.factory.annotation.Autowired finos.traderx.messaging.socketio.SocketIOJSONSubscriber socketIOJSONSubscriber;
        @org.springframework.boot.test.mock.mockito.MockBean finos.traderx.tradeprocessor.service.TradeService tradeService;
        @org.junit.Test // if JUnit 4
        @org.junit.jupiter.api.Test // if JUnit 5
        public void testSpringContextLoads() {}
      }
      To avoid this error, consider adding a custom base class to setup static
      mocking for org.springframework.test.context.cache.DefaultCacheAwareContextLoaderDelegate.
      For details on how to set up a custom base class, please follow this link:
      https://docs.diffblue.com/features/cover-cli/writing-tests/custom-test-setup
      See https://diff.blue/R026 to resolve this issue.
      
INFO  Affected methods:
      finos.traderx.messaging.socketio.SocketIOJSONSubscriber.disconnect:()V
      
INFO  To resolve the issue, use the following prompt with your AI assistant:
      
      Fix the following issue preventing test creation for:
      finos.traderx.messaging.socketio.SocketIOJSONSubscriber.disconnect:()V
      
      Attempt to initialize test context failed with
      java.lang.IllegalStateException: ApplicationContext failure threshold (1) exceeded: skipping repeated attempt to load context for [MergedContextConfiguration@2f2e6dca testClass = finos.traderx.messaging.socketio.DiffblueFakeClass1444, locations = [], classes = [finos.traderx.tradeprocessor.TradeFeedHandler], contextInitializerClasses = [], activeProfiles = [], propertySourceDescriptors = [], propertySourceProperties = [], contextCustomizers = [org.springframework.boot.test.autoconfigure.actuate.observability.ObservabilityContextCustomizerFactory$DisableObservabilityContextCustomizer@1f, org.springframework.boot.test.autoconfigure.properties.PropertyMappingContextCustomizer@0, org.springframework.boot.test.autoconfigure.web.servlet.WebDriverContextCustomizer@1f197811, org.springframework.boot.test.context.filter.ExcludeFilterContextCustomizer@6ddd86fe, org.springframework.boot.test.json.DuplicateJsonObjectContextCustomizerFactory$DuplicateJsonObjectContextCustomizer@6882b792, org.springframework.boot.test.mock.mockito.MockitoContextCustomizer@fab8b2ea, org.springframework.boot.test.web.reactor.netty.DisableReactorResourceFactoryGlobalResourcesContextCustomizerFactory$DisableReactorResourceFactoryGlobalResourcesContextCustomizerCustomizer@2b58e889], contextLoader = org.springframework.test.context.support.DelegatingSmartContextLoader, parent = null]
          at org.springframework.test.context.cache.DefaultCacheAwareContextLoaderDelegate.loadContext(DefaultCacheAwareContextLoaderDelegate.java:145)
          at org.springframework.test.context.support.DefaultTestContext.getApplicationContext(DefaultTestContext.java:130)
          at java.util.stream.ReferencePipeline$3$1.accept(ReferencePipeline.java:197)
          at java.util.ArrayList$ArrayListSpliterator.forEachRemaining(ArrayList.java:1708)
          at java.util.stream.AbstractPipeline.copyInto(AbstractPipeline.java:509)
          at java.util.stream.AbstractPipeline.wrapAndCopyInto(AbstractPipeline.java:499)
          at java.util.stream.ReduceOps$ReduceOp.evaluateSequential(ReduceOps.java:921)
          at java.util.stream.AbstractPipeline.evaluate(AbstractPipeline.java:234)
          at java.util.stream.ReferencePipeline.collect(ReferencePipeline.java:682)
      when running class:
      package finos.traderx.messaging.socketio;
      @org.springframework.test.context.ContextConfiguration(classes = {finos.traderx.tradeprocessor.TradeFeedHandler.class})
      @org.junit.runner.RunWith(value = org.springframework.test.context.junit4.SpringRunner.class) // if JUnit 4
      @org.junit.jupiter.api.extension.ExtendWith(value = org.springframework.test.context.junit.jupiter.SpringExtension.class) // if JUnit 5
      public class DiffblueFakeClass1444 {
        @org.springframework.beans.factory.annotation.Autowired finos.traderx.messaging.socketio.SocketIOJSONSubscriber socketIOJSONSubscriber;
        @org.springframework.boot.test.mock.mockito.MockBean finos.traderx.tradeprocessor.service.TradeService tradeService;
        @org.junit.Test // if JUnit 4
        @org.junit.jupiter.api.Test // if JUnit 5
        public void testSpringContextLoads() {}
      }
      To avoid this error, consider adding a custom base class to setup static
      mocking for org.springframework.test.context.cache.DefaultCacheAwareContextLoaderDelegate.
      For details on how to set up a custom base class, please follow this link:
      https://docs.diffblue.com/features/cover-cli/writing-tests/custom-test-setup
      See https://diff.blue/R026 to resolve this issue.
      
INFO  
INFO  R026: Failed to create Spring context
      Attempt to initialize test context failed with
      java.lang.IllegalStateException: ApplicationContext failure threshold (1) exceeded: skipping repeated attempt to load context for [MergedContextConfiguration@621a065e testClass = finos.traderx.messaging.socketio.DiffblueFakeClass2764, locations = [], classes = [finos.traderx.tradeprocessor.TradeFeedHandler], contextInitializerClasses = [], activeProfiles = [], propertySourceDescriptors = [], propertySourceProperties = [], contextCustomizers = [org.springframework.boot.test.autoconfigure.actuate.observability.ObservabilityContextCustomizerFactory$DisableObservabilityContextCustomizer@1f, org.springframework.boot.test.autoconfigure.properties.PropertyMappingContextCustomizer@0, org.springframework.boot.test.autoconfigure.web.servlet.WebDriverContextCustomizer@1f197811, org.springframework.boot.test.context.filter.ExcludeFilterContextCustomizer@6ddd86fe, org.springframework.boot.test.json.DuplicateJsonObjectContextCustomizerFactory$DuplicateJsonObjectContextCustomizer@6882b792, org.springframework.boot.test.mock.mockito.MockitoContextCustomizer@fab8b2ea, org.springframework.boot.test.web.reactor.netty.DisableReactorResourceFactoryGlobalResourcesContextCustomizerFactory$DisableReactorResourceFactoryGlobalResourcesContextCustomizerCustomizer@2b58e889], contextLoader = org.springframework.test.context.support.DelegatingSmartContextLoader, parent = null]
          at org.springframework.test.context.cache.DefaultCacheAwareContextLoaderDelegate.loadContext(DefaultCacheAwareContextLoaderDelegate.java:145)
          at org.springframework.test.context.support.DefaultTestContext.getApplicationContext(DefaultTestContext.java:130)
          at java.util.stream.ReferencePipeline$3$1.accept(ReferencePipeline.java:197)
          at java.util.ArrayList$ArrayListSpliterator.forEachRemaining(ArrayList.java:1708)
          at java.util.stream.AbstractPipeline.copyInto(AbstractPipeline.java:509)
          at java.util.stream.AbstractPipeline.wrapAndCopyInto(AbstractPipeline.java:499)
          at java.util.stream.ReduceOps$ReduceOp.evaluateSequential(ReduceOps.java:921)
          at java.util.stream.AbstractPipeline.evaluate(AbstractPipeline.java:234)
          at java.util.stream.ReferencePipeline.collect(ReferencePipeline.java:682)
      when running class:
      package finos.traderx.messaging.socketio;
      @org.springframework.test.context.ContextConfiguration(classes = {finos.traderx.tradeprocessor.TradeFeedHandler.class})
      @org.junit.runner.RunWith(value = org.springframework.test.context.junit4.SpringRunner.class) // if JUnit 4
      @org.junit.jupiter.api.extension.ExtendWith(value = org.springframework.test.context.junit.jupiter.SpringExtension.class) // if JUnit 5
      public class DiffblueFakeClass2764 {
        @org.springframework.beans.factory.annotation.Autowired finos.traderx.messaging.socketio.SocketIOJSONSubscriber socketIOJSONSubscriber;
        @org.springframework.boot.test.mock.mockito.MockBean finos.traderx.tradeprocessor.service.TradeService tradeService;
        @org.junit.Test // if JUnit 4
        @org.junit.jupiter.api.Test // if JUnit 5
        public void testSpringContextLoads() {}
      }
      To avoid this error, consider adding a custom base class to setup static
      mocking for org.springframework.test.context.cache.DefaultCacheAwareContextLoaderDelegate.
      For details on how to set up a custom base class, please follow this link:
      https://docs.diffblue.com/features/cover-cli/writing-tests/custom-test-setup
      See https://diff.blue/R026 to resolve this issue.
      
INFO  Affected methods:
      finos.traderx.messaging.socketio.SocketIOJSONSubscriber.internalConnect:(Ljava/net/URI;)Lio/socket/client/Socket;
      
INFO  To resolve the issue, use the following prompt with your AI assistant:
      
      Fix the following issue preventing test creation for:
      finos.traderx.messaging.socketio.SocketIOJSONSubscriber.internalConnect:(Ljava/net/URI;)Lio/socket/client/Socket;
      
      Attempt to initialize test context failed with
      java.lang.IllegalStateException: ApplicationContext failure threshold (1) exceeded: skipping repeated attempt to load context for [MergedContextConfiguration@621a065e testClass = finos.traderx.messaging.socketio.DiffblueFakeClass2764, locations = [], classes = [finos.traderx.tradeprocessor.TradeFeedHandler], contextInitializerClasses = [], activeProfiles = [], propertySourceDescriptors = [], propertySourceProperties = [], contextCustomizers = [org.springframework.boot.test.autoconfigure.actuate.observability.ObservabilityContextCustomizerFactory$DisableObservabilityContextCustomizer@1f, org.springframework.boot.test.autoconfigure.properties.PropertyMappingContextCustomizer@0, org.springframework.boot.test.autoconfigure.web.servlet.WebDriverContextCustomizer@1f197811, org.springframework.boot.test.context.filter.ExcludeFilterContextCustomizer@6ddd86fe, org.springframework.boot.test.json.DuplicateJsonObjectContextCustomizerFactory$DuplicateJsonObjectContextCustomizer@6882b792, org.springframework.boot.test.mock.mockito.MockitoContextCustomizer@fab8b2ea, org.springframework.boot.test.web.reactor.netty.DisableReactorResourceFactoryGlobalResourcesContextCustomizerFactory$DisableReactorResourceFactoryGlobalResourcesContextCustomizerCustomizer@2b58e889], contextLoader = org.springframework.test.context.support.DelegatingSmartContextLoader, parent = null]
          at org.springframework.test.context.cache.DefaultCacheAwareContextLoaderDelegate.loadContext(DefaultCacheAwareContextLoaderDelegate.java:145)
          at org.springframework.test.context.support.DefaultTestContext.getApplicationContext(DefaultTestContext.java:130)
          at java.util.stream.ReferencePipeline$3$1.accept(ReferencePipeline.java:197)
          at java.util.ArrayList$ArrayListSpliterator.forEachRemaining(ArrayList.java:1708)
          at java.util.stream.AbstractPipeline.copyInto(AbstractPipeline.java:509)
          at java.util.stream.AbstractPipeline.wrapAndCopyInto(AbstractPipeline.java:499)
          at java.util.stream.ReduceOps$ReduceOp.evaluateSequential(ReduceOps.java:921)
          at java.util.stream.AbstractPipeline.evaluate(AbstractPipeline.java:234)
          at java.util.stream.ReferencePipeline.collect(ReferencePipeline.java:682)
      when running class:
      package finos.traderx.messaging.socketio;
      @org.springframework.test.context.ContextConfiguration(classes = {finos.traderx.tradeprocessor.TradeFeedHandler.class})
      @org.junit.runner.RunWith(value = org.springframework.test.context.junit4.SpringRunner.class) // if JUnit 4
      @org.junit.jupiter.api.extension.ExtendWith(value = org.springframework.test.context.junit.jupiter.SpringExtension.class) // if JUnit 5
      public class DiffblueFakeClass2764 {
        @org.springframework.beans.factory.annotation.Autowired finos.traderx.messaging.socketio.SocketIOJSONSubscriber socketIOJSONSubscriber;
        @org.springframework.boot.test.mock.mockito.MockBean finos.traderx.tradeprocessor.service.TradeService tradeService;
        @org.junit.Test // if JUnit 4
        @org.junit.jupiter.api.Test // if JUnit 5
        public void testSpringContextLoads() {}
      }
      To avoid this error, consider adding a custom base class to setup static
      mocking for org.springframework.test.context.cache.DefaultCacheAwareContextLoaderDelegate.
      For details on how to set up a custom base class, please follow this link:
      https://docs.diffblue.com/features/cover-cli/writing-tests/custom-test-setup
      See https://diff.blue/R026 to resolve this issue.
      
INFO  
INFO  R026: Failed to create Spring context
      Attempt to initialize test context failed with
      java.lang.IllegalStateException: ApplicationContext failure threshold (1) exceeded: skipping repeated attempt to load context for [MergedContextConfiguration@2bcfb559 testClass = finos.traderx.messaging.socketio.DiffblueFakeClass4127, locations = [], classes = [finos.traderx.tradeprocessor.TradeFeedHandler], contextInitializerClasses = [], activeProfiles = [], propertySourceDescriptors = [], propertySourceProperties = [], contextCustomizers = [org.springframework.boot.test.autoconfigure.actuate.observability.ObservabilityContextCustomizerFactory$DisableObservabilityContextCustomizer@1f, org.springframework.boot.test.autoconfigure.properties.PropertyMappingContextCustomizer@0, org.springframework.boot.test.autoconfigure.web.servlet.WebDriverContextCustomizer@1f197811, org.springframework.boot.test.context.filter.ExcludeFilterContextCustomizer@6ddd86fe, org.springframework.boot.test.json.DuplicateJsonObjectContextCustomizerFactory$DuplicateJsonObjectContextCustomizer@6882b792, org.springframework.boot.test.mock.mockito.MockitoContextCustomizer@fab8b2ea, org.springframework.boot.test.web.reactor.netty.DisableReactorResourceFactoryGlobalResourcesContextCustomizerFactory$DisableReactorResourceFactoryGlobalResourcesContextCustomizerCustomizer@2b58e889], contextLoader = org.springframework.test.context.support.DelegatingSmartContextLoader, parent = null]
          at org.springframework.test.context.cache.DefaultCacheAwareContextLoaderDelegate.loadContext(DefaultCacheAwareContextLoaderDelegate.java:145)
          at org.springframework.test.context.support.DefaultTestContext.getApplicationContext(DefaultTestContext.java:130)
          at java.util.stream.ReferencePipeline$3$1.accept(ReferencePipeline.java:197)
          at java.util.ArrayList$ArrayListSpliterator.forEachRemaining(ArrayList.java:1708)
          at java.util.stream.AbstractPipeline.copyInto(AbstractPipeline.java:509)
          at java.util.stream.AbstractPipeline.wrapAndCopyInto(AbstractPipeline.java:499)
          at java.util.stream.ReduceOps$ReduceOp.evaluateSequential(ReduceOps.java:921)
          at java.util.stream.AbstractPipeline.evaluate(AbstractPipeline.java:234)
          at java.util.stream.ReferencePipeline.collect(ReferencePipeline.java:682)
      when running class:
      package finos.traderx.messaging.socketio;
      @org.springframework.test.context.ContextConfiguration(classes = {finos.traderx.tradeprocessor.TradeFeedHandler.class})
      @org.junit.runner.RunWith(value = org.springframework.test.context.junit4.SpringRunner.class) // if JUnit 4
      @org.junit.jupiter.api.extension.ExtendWith(value = org.springframework.test.context.junit.jupiter.SpringExtension.class) // if JUnit 5
      public class DiffblueFakeClass4127 {
        @org.springframework.beans.factory.annotation.Autowired finos.traderx.messaging.socketio.SocketIOJSONSubscriber socketIOJSONSubscriber;
        @org.springframework.boot.test.mock.mockito.MockBean finos.traderx.tradeprocessor.service.TradeService tradeService;
        @org.junit.Test // if JUnit 4
        @org.junit.jupiter.api.Test // if JUnit 5
        public void testSpringContextLoads() {}
      }
      To avoid this error, consider adding a custom base class to setup static
      mocking for org.springframework.test.context.cache.DefaultCacheAwareContextLoaderDelegate.
      For details on how to set up a custom base class, please follow this link:
      https://docs.diffblue.com/features/cover-cli/writing-tests/custom-test-setup
      See https://diff.blue/R026 to resolve this issue.
      
INFO  Affected methods:
      finos.traderx.messaging.socketio.SocketIOJSONSubscriber.setDefaultTopic:(Ljava/lang/String;)V
      
INFO  To resolve the issue, use the following prompt with your AI assistant:
      
      Fix the following issue preventing test creation for:
      finos.traderx.messaging.socketio.SocketIOJSONSubscriber.setDefaultTopic:(Ljava/lang/String;)V
      
      Attempt to initialize test context failed with
      java.lang.IllegalStateException: ApplicationContext failure threshold (1) exceeded: skipping repeated attempt to load context for [MergedContextConfiguration@2bcfb559 testClass = finos.traderx.messaging.socketio.DiffblueFakeClass4127, locations = [], classes = [finos.traderx.tradeprocessor.TradeFeedHandler], contextInitializerClasses = [], activeProfiles = [], propertySourceDescriptors = [], propertySourceProperties = [], contextCustomizers = [org.springframework.boot.test.autoconfigure.actuate.observability.ObservabilityContextCustomizerFactory$DisableObservabilityContextCustomizer@1f, org.springframework.boot.test.autoconfigure.properties.PropertyMappingContextCustomizer@0, org.springframework.boot.test.autoconfigure.web.servlet.WebDriverContextCustomizer@1f197811, org.springframework.boot.test.context.filter.ExcludeFilterContextCustomizer@6ddd86fe, org.springframework.boot.test.json.DuplicateJsonObjectContextCustomizerFactory$DuplicateJsonObjectContextCustomizer@6882b792, org.springframework.boot.test.mock.mockito.MockitoContextCustomizer@fab8b2ea, org.springframework.boot.test.web.reactor.netty.DisableReactorResourceFactoryGlobalResourcesContextCustomizerFactory$DisableReactorResourceFactoryGlobalResourcesContextCustomizerCustomizer@2b58e889], contextLoader = org.springframework.test.context.support.DelegatingSmartContextLoader, parent = null]
          at org.springframework.test.context.cache.DefaultCacheAwareContextLoaderDelegate.loadContext(DefaultCacheAwareContextLoaderDelegate.java:145)
          at org.springframework.test.context.support.DefaultTestContext.getApplicationContext(DefaultTestContext.java:130)
          at java.util.stream.ReferencePipeline$3$1.accept(ReferencePipeline.java:197)
          at java.util.ArrayList$ArrayListSpliterator.forEachRemaining(ArrayList.java:1708)
          at java.util.stream.AbstractPipeline.copyInto(AbstractPipeline.java:509)
          at java.util.stream.AbstractPipeline.wrapAndCopyInto(AbstractPipeline.java:499)
          at java.util.stream.ReduceOps$ReduceOp.evaluateSequential(ReduceOps.java:921)
          at java.util.stream.AbstractPipeline.evaluate(AbstractPipeline.java:234)
          at java.util.stream.ReferencePipeline.collect(ReferencePipeline.java:682)
      when running class:
      package finos.traderx.messaging.socketio;
      @org.springframework.test.context.ContextConfiguration(classes = {finos.traderx.tradeprocessor.TradeFeedHandler.class})
      @org.junit.runner.RunWith(value = org.springframework.test.context.junit4.SpringRunner.class) // if JUnit 4
      @org.junit.jupiter.api.extension.ExtendWith(value = org.springframework.test.context.junit.jupiter.SpringExtension.class) // if JUnit 5
      public class DiffblueFakeClass4127 {
        @org.springframework.beans.factory.annotation.Autowired finos.traderx.messaging.socketio.SocketIOJSONSubscriber socketIOJSONSubscriber;
        @org.springframework.boot.test.mock.mockito.MockBean finos.traderx.tradeprocessor.service.TradeService tradeService;
        @org.junit.Test // if JUnit 4
        @org.junit.jupiter.api.Test // if JUnit 5
        public void testSpringContextLoads() {}
      }
      To avoid this error, consider adding a custom base class to setup static
      mocking for org.springframework.test.context.cache.DefaultCacheAwareContextLoaderDelegate.
      For details on how to set up a custom base class, please follow this link:
      https://docs.diffblue.com/features/cover-cli/writing-tests/custom-test-setup
      See https://diff.blue/R026 to resolve this issue.
      
INFO  
INFO  R026: Failed to create Spring context
      Attempt to initialize test context failed with
      java.lang.IllegalStateException: ApplicationContext failure threshold (1) exceeded: skipping repeated attempt to load context for [MergedContextConfiguration@4a84c748 testClass = finos.traderx.messaging.socketio.DiffblueFakeClass5665, locations = [], classes = [finos.traderx.tradeprocessor.TradeFeedHandler], contextInitializerClasses = [], activeProfiles = [], propertySourceDescriptors = [], propertySourceProperties = [], contextCustomizers = [org.springframework.boot.test.autoconfigure.actuate.observability.ObservabilityContextCustomizerFactory$DisableObservabilityContextCustomizer@1f, org.springframework.boot.test.autoconfigure.properties.PropertyMappingContextCustomizer@0, org.springframework.boot.test.autoconfigure.web.servlet.WebDriverContextCustomizer@1f197811, org.springframework.boot.test.context.filter.ExcludeFilterContextCustomizer@6ddd86fe, org.springframework.boot.test.json.DuplicateJsonObjectContextCustomizerFactory$DuplicateJsonObjectContextCustomizer@6882b792, org.springframework.boot.test.mock.mockito.MockitoContextCustomizer@fab8b2ea, org.springframework.boot.test.web.reactor.netty.DisableReactorResourceFactoryGlobalResourcesContextCustomizerFactory$DisableReactorResourceFactoryGlobalResourcesContextCustomizerCustomizer@2b58e889], contextLoader = org.springframework.test.context.support.DelegatingSmartContextLoader, parent = null]
          at org.springframework.test.context.cache.DefaultCacheAwareContextLoaderDelegate.loadContext(DefaultCacheAwareContextLoaderDelegate.java:145)
          at org.springframework.test.context.support.DefaultTestContext.getApplicationContext(DefaultTestContext.java:130)
          at java.util.stream.ReferencePipeline$3$1.accept(ReferencePipeline.java:197)
          at java.util.ArrayList$ArrayListSpliterator.forEachRemaining(ArrayList.java:1708)
          at java.util.stream.AbstractPipeline.copyInto(AbstractPipeline.java:509)
          at java.util.stream.AbstractPipeline.wrapAndCopyInto(AbstractPipeline.java:499)
          at java.util.stream.ReduceOps$ReduceOp.evaluateSequential(ReduceOps.java:921)
          at java.util.stream.AbstractPipeline.evaluate(AbstractPipeline.java:234)
          at java.util.stream.ReferencePipeline.collect(ReferencePipeline.java:682)
      when running class:
      package finos.traderx.messaging.socketio;
      @org.springframework.test.context.ContextConfiguration(classes = {finos.traderx.tradeprocessor.TradeFeedHandler.class})
      @org.junit.runner.RunWith(value = org.springframework.test.context.junit4.SpringRunner.class) // if JUnit 4
      @org.junit.jupiter.api.extension.ExtendWith(value = org.springframework.test.context.junit.jupiter.SpringExtension.class) // if JUnit 5
      public class DiffblueFakeClass5665 {
        @org.springframework.beans.factory.annotation.Autowired finos.traderx.messaging.socketio.SocketIOJSONSubscriber socketIOJSONSubscriber;
        @org.springframework.boot.test.mock.mockito.MockBean finos.traderx.tradeprocessor.service.TradeService tradeService;
        @org.junit.Test // if JUnit 4
        @org.junit.jupiter.api.Test // if JUnit 5
        public void testSpringContextLoads() {}
      }
      To avoid this error, consider adding a custom base class to setup static
      mocking for org.springframework.test.context.cache.DefaultCacheAwareContextLoaderDelegate.
      For details on how to set up a custom base class, please follow this link:
      https://docs.diffblue.com/features/cover-cli/writing-tests/custom-test-setup
      See https://diff.blue/R026 to resolve this issue.
      
INFO  Affected methods:
      finos.traderx.messaging.socketio.SocketIOJSONSubscriber.subscribe:(Ljava/lang/String;)V
      
INFO  To resolve the issue, use the following prompt with your AI assistant:
      
      Fix the following issue preventing test creation for:
      finos.traderx.messaging.socketio.SocketIOJSONSubscriber.subscribe:(Ljava/lang/String;)V
      
      Attempt to initialize test context failed with
      java.lang.IllegalStateException: ApplicationContext failure threshold (1) exceeded: skipping repeated attempt to load context for [MergedContextConfiguration@4a84c748 testClass = finos.traderx.messaging.socketio.DiffblueFakeClass5665, locations = [], classes = [finos.traderx.tradeprocessor.TradeFeedHandler], contextInitializerClasses = [], activeProfiles = [], propertySourceDescriptors = [], propertySourceProperties = [], contextCustomizers = [org.springframework.boot.test.autoconfigure.actuate.observability.ObservabilityContextCustomizerFactory$DisableObservabilityContextCustomizer@1f, org.springframework.boot.test.autoconfigure.properties.PropertyMappingContextCustomizer@0, org.springframework.boot.test.autoconfigure.web.servlet.WebDriverContextCustomizer@1f197811, org.springframework.boot.test.context.filter.ExcludeFilterContextCustomizer@6ddd86fe, org.springframework.boot.test.json.DuplicateJsonObjectContextCustomizerFactory$DuplicateJsonObjectContextCustomizer@6882b792, org.springframework.boot.test.mock.mockito.MockitoContextCustomizer@fab8b2ea, org.springframework.boot.test.web.reactor.netty.DisableReactorResourceFactoryGlobalResourcesContextCustomizerFactory$DisableReactorResourceFactoryGlobalResourcesContextCustomizerCustomizer@2b58e889], contextLoader = org.springframework.test.context.support.DelegatingSmartContextLoader, parent = null]
          at org.springframework.test.context.cache.DefaultCacheAwareContextLoaderDelegate.loadContext(DefaultCacheAwareContextLoaderDelegate.java:145)
          at org.springframework.test.context.support.DefaultTestContext.getApplicationContext(DefaultTestContext.java:130)
          at java.util.stream.ReferencePipeline$3$1.accept(ReferencePipeline.java:197)
          at java.util.ArrayList$ArrayListSpliterator.forEachRemaining(ArrayList.java:1708)
          at java.util.stream.AbstractPipeline.copyInto(AbstractPipeline.java:509)
          at java.util.stream.AbstractPipeline.wrapAndCopyInto(AbstractPipeline.java:499)
          at java.util.stream.ReduceOps$ReduceOp.evaluateSequential(ReduceOps.java:921)
          at java.util.stream.AbstractPipeline.evaluate(AbstractPipeline.java:234)
          at java.util.stream.ReferencePipeline.collect(ReferencePipeline.java:682)
      when running class:
      package finos.traderx.messaging.socketio;
      @org.springframework.test.context.ContextConfiguration(classes = {finos.traderx.tradeprocessor.TradeFeedHandler.class})
      @org.junit.runner.RunWith(value = org.springframework.test.context.junit4.SpringRunner.class) // if JUnit 4
      @org.junit.jupiter.api.extension.ExtendWith(value = org.springframework.test.context.junit.jupiter.SpringExtension.class) // if JUnit 5
      public class DiffblueFakeClass5665 {
        @org.springframework.beans.factory.annotation.Autowired finos.traderx.messaging.socketio.SocketIOJSONSubscriber socketIOJSONSubscriber;
        @org.springframework.boot.test.mock.mockito.MockBean finos.traderx.tradeprocessor.service.TradeService tradeService;
        @org.junit.Test // if JUnit 4
        @org.junit.jupiter.api.Test // if JUnit 5
        public void testSpringContextLoads() {}
      }
      To avoid this error, consider adding a custom base class to setup static
      mocking for org.springframework.test.context.cache.DefaultCacheAwareContextLoaderDelegate.
      For details on how to set up a custom base class, please follow this link:
      https://docs.diffblue.com/features/cover-cli/writing-tests/custom-test-setup
      See https://diff.blue/R026 to resolve this issue.
      
INFO  
INFO  R026: Failed to create Spring context
      Attempt to initialize test context failed with
      java.lang.IllegalStateException: ApplicationContext failure threshold (1) exceeded: skipping repeated attempt to load context for [MergedContextConfiguration@14b4f5d9 testClass = finos.traderx.messaging.socketio.DiffblueFakeClass6802, locations = [], classes = [finos.traderx.tradeprocessor.TradeFeedHandler], contextInitializerClasses = [], activeProfiles = [], propertySourceDescriptors = [], propertySourceProperties = [], contextCustomizers = [org.springframework.boot.test.autoconfigure.actuate.observability.ObservabilityContextCustomizerFactory$DisableObservabilityContextCustomizer@1f, org.springframework.boot.test.autoconfigure.properties.PropertyMappingContextCustomizer@0, org.springframework.boot.test.autoconfigure.web.servlet.WebDriverContextCustomizer@1f197811, org.springframework.boot.test.context.filter.ExcludeFilterContextCustomizer@6ddd86fe, org.springframework.boot.test.json.DuplicateJsonObjectContextCustomizerFactory$DuplicateJsonObjectContextCustomizer@6882b792, org.springframework.boot.test.mock.mockito.MockitoContextCustomizer@fab8b2ea, org.springframework.boot.test.web.reactor.netty.DisableReactorResourceFactoryGlobalResourcesContextCustomizerFactory$DisableReactorResourceFactoryGlobalResourcesContextCustomizerCustomizer@2b58e889], contextLoader = org.springframework.test.context.support.DelegatingSmartContextLoader, parent = null]
          at org.springframework.test.context.cache.DefaultCacheAwareContextLoaderDelegate.loadContext(DefaultCacheAwareContextLoaderDelegate.java:145)
          at org.springframework.test.context.support.DefaultTestContext.getApplicationContext(DefaultTestContext.java:130)
          at java.util.stream.ReferencePipeline$3$1.accept(ReferencePipeline.java:197)
          at java.util.ArrayList$ArrayListSpliterator.forEachRemaining(ArrayList.java:1708)
          at java.util.stream.AbstractPipeline.copyInto(AbstractPipeline.java:509)
          at java.util.stream.AbstractPipeline.wrapAndCopyInto(AbstractPipeline.java:499)
          at java.util.stream.ReduceOps$ReduceOp.evaluateSequential(ReduceOps.java:921)
          at java.util.stream.AbstractPipeline.evaluate(AbstractPipeline.java:234)
          at java.util.stream.ReferencePipeline.collect(ReferencePipeline.java:682)
      when running class:
      package finos.traderx.messaging.socketio;
      @org.springframework.test.context.ContextConfiguration(classes = {finos.traderx.tradeprocessor.TradeFeedHandler.class})
      @org.junit.runner.RunWith(value = org.springframework.test.context.junit4.SpringRunner.class) // if JUnit 4
      @org.junit.jupiter.api.extension.ExtendWith(value = org.springframework.test.context.junit.jupiter.SpringExtension.class) // if JUnit 5
      public class DiffblueFakeClass6802 {
        @org.springframework.beans.factory.annotation.Autowired finos.traderx.messaging.socketio.SocketIOJSONSubscriber socketIOJSONSubscriber;
        @org.springframework.boot.test.mock.mockito.MockBean finos.traderx.tradeprocessor.service.TradeService tradeService;
        @org.junit.Test // if JUnit 4
        @org.junit.jupiter.api.Test // if JUnit 5
        public void testSpringContextLoads() {}
      }
      To avoid this error, consider adding a custom base class to setup static
      mocking for org.springframework.test.context.cache.DefaultCacheAwareContextLoaderDelegate.
      For details on how to set up a custom base class, please follow this link:
      https://docs.diffblue.com/features/cover-cli/writing-tests/custom-test-setup
      See https://diff.blue/R026 to resolve this issue.
      
INFO  Affected methods:
      finos.traderx.messaging.socketio.SocketIOJSONSubscriber.unsubscribe:(Ljava/lang/String;)V
      
INFO  To resolve the issue, use the following prompt with your AI assistant:
      
      Fix the following issue preventing test creation for:
      finos.traderx.messaging.socketio.SocketIOJSONSubscriber.unsubscribe:(Ljava/lang/String;)V
      
      Attempt to initialize test context failed with
      java.lang.IllegalStateException: ApplicationContext failure threshold (1) exceeded: skipping repeated attempt to load context for [MergedContextConfiguration@14b4f5d9 testClass = finos.traderx.messaging.socketio.DiffblueFakeClass6802, locations = [], classes = [finos.traderx.tradeprocessor.TradeFeedHandler], contextInitializerClasses = [], activeProfiles = [], propertySourceDescriptors = [], propertySourceProperties = [], contextCustomizers = [org.springframework.boot.test.autoconfigure.actuate.observability.ObservabilityContextCustomizerFactory$DisableObservabilityContextCustomizer@1f, org.springframework.boot.test.autoconfigure.properties.PropertyMappingContextCustomizer@0, org.springframework.boot.test.autoconfigure.web.servlet.WebDriverContextCustomizer@1f197811, org.springframework.boot.test.context.filter.ExcludeFilterContextCustomizer@6ddd86fe, org.springframework.boot.test.json.DuplicateJsonObjectContextCustomizerFactory$DuplicateJsonObjectContextCustomizer@6882b792, org.springframework.boot.test.mock.mockito.MockitoContextCustomizer@fab8b2ea, org.springframework.boot.test.web.reactor.netty.DisableReactorResourceFactoryGlobalResourcesContextCustomizerFactory$DisableReactorResourceFactoryGlobalResourcesContextCustomizerCustomizer@2b58e889], contextLoader = org.springframework.test.context.support.DelegatingSmartContextLoader, parent = null]
          at org.springframework.test.context.cache.DefaultCacheAwareContextLoaderDelegate.loadContext(DefaultCacheAwareContextLoaderDelegate.java:145)
          at org.springframework.test.context.support.DefaultTestContext.getApplicationContext(DefaultTestContext.java:130)
          at java.util.stream.ReferencePipeline$3$1.accept(ReferencePipeline.java:197)
          at java.util.ArrayList$ArrayListSpliterator.forEachRemaining(ArrayList.java:1708)
          at java.util.stream.AbstractPipeline.copyInto(AbstractPipeline.java:509)
          at java.util.stream.AbstractPipeline.wrapAndCopyInto(AbstractPipeline.java:499)
          at java.util.stream.ReduceOps$ReduceOp.evaluateSequential(ReduceOps.java:921)
          at java.util.stream.AbstractPipeline.evaluate(AbstractPipeline.java:234)
          at java.util.stream.ReferencePipeline.collect(ReferencePipeline.java:682)
      when running class:
      package finos.traderx.messaging.socketio;
      @org.springframework.test.context.ContextConfiguration(classes = {finos.traderx.tradeprocessor.TradeFeedHandler.class})
      @org.junit.runner.RunWith(value = org.springframework.test.context.junit4.SpringRunner.class) // if JUnit 4
      @org.junit.jupiter.api.extension.ExtendWith(value = org.springframework.test.context.junit.jupiter.SpringExtension.class) // if JUnit 5
      public class DiffblueFakeClass6802 {
        @org.springframework.beans.factory.annotation.Autowired finos.traderx.messaging.socketio.SocketIOJSONSubscriber socketIOJSONSubscriber;
        @org.springframework.boot.test.mock.mockito.MockBean finos.traderx.tradeprocessor.service.TradeService tradeService;
        @org.junit.Test // if JUnit 4
        @org.junit.jupiter.api.Test // if JUnit 5
        public void testSpringContextLoads() {}
      }
      To avoid this error, consider adding a custom base class to setup static
      mocking for org.springframework.test.context.cache.DefaultCacheAwareContextLoaderDelegate.
      For details on how to set up a custom base class, please follow this link:
      https://docs.diffblue.com/features/cover-cli/writing-tests/custom-test-setup
      See https://diff.blue/R026 to resolve this issue.
      
INFO  
INFO  R026: Failed to create Spring context
      Attempt to initialize test context failed with
      java.lang.IllegalStateException: Failed to load ApplicationContext for [MergedContextConfiguration@3dc69e73 testClass = finos.traderx.tradeprocessor.DiffblueFakeClass7941, locations = [], classes = [finos.traderx.tradeprocessor.PubSubConfig], contextInitializerClasses = [], activeProfiles = [], propertySourceDescriptors = [], propertySourceProperties = [], contextCustomizers = [org.springframework.boot.test.autoconfigure.actuate.observability.ObservabilityContextCustomizerFactory$DisableObservabilityContextCustomizer@1f, org.springframework.boot.test.autoconfigure.properties.PropertyMappingContextCustomizer@0, org.springframework.boot.test.autoconfigure.web.servlet.WebDriverContextCustomizer@1f197811, org.springframework.boot.test.context.filter.ExcludeFilterContextCustomizer@6ddd86fe, org.springframework.boot.test.json.DuplicateJsonObjectContextCustomizerFactory$DuplicateJsonObjectContextCustomizer@6882b792, org.springframework.boot.test.mock.mockito.MockitoContextCustomizer@903ba0a, org.springframework.boot.test.web.reactor.netty.DisableReactorResourceFactoryGlobalResourcesContextCustomizerFactory$DisableReactorResourceFactoryGlobalResourcesContextCustomizerCustomizer@2b58e889], contextLoader = org.springframework.test.context.support.DelegatingSmartContextLoader, parent = null]
          at org.springframework.test.context.cache.DefaultCacheAwareContextLoaderDelegate.loadContext(DefaultCacheAwareContextLoaderDelegate.java:180)
          at org.springframework.test.context.support.DefaultTestContext.getApplicationContext(DefaultTestContext.java:130)
          at java.util.stream.ReferencePipeline$3$1.accept(ReferencePipeline.java:197)
          at java.util.ArrayList$ArrayListSpliterator.forEachRemaining(ArrayList.java:1708)
          at java.util.stream.AbstractPipeline.copyInto(AbstractPipeline.java:509)
          at java.util.stream.AbstractPipeline.wrapAndCopyInto(AbstractPipeline.java:499)
          at java.util.stream.ReduceOps$ReduceOp.evaluateSequential(ReduceOps.java:921)
          at java.util.stream.AbstractPipeline.evaluate(AbstractPipeline.java:234)
          at java.util.stream.ReferencePipeline.collect(ReferencePipeline.java:682)
      java.lang.IllegalStateException: Unable to register mock bean finos.traderx.messaging.Publisher<?> expected a single matching bean to replace but found [positionPublisher, tradePublisher]
          at org.springframework.boot.test.mock.mockito.MockitoPostProcessor.getBeanName(MockitoPostProcessor.java:220)
          at org.springframework.boot.test.mock.mockito.MockitoPostProcessor.registerMock(MockitoPostProcessor.java:177)
          at org.springframework.boot.test.mock.mockito.MockitoPostProcessor.register(MockitoPostProcessor.java:167)
          at org.springframework.boot.test.mock.mockito.MockitoPostProcessor.postProcessBeanFactory(MockitoPostProcessor.java:141)
          at org.springframework.boot.test.mock.mockito.MockitoPostProcessor.postProcessBeanFactory(MockitoPostProcessor.java:129)
          at org.springframework.context.support.PostProcessorRegistrationDelegate.invokeBeanFactoryPostProcessors(PostProcessorRegistrationDelegate.java:363)
          at org.springframework.context.support.PostProcessorRegistrationDelegate.invokeBeanFactoryPostProcessors(PostProcessorRegistrationDelegate.java:197)
          at org.springframework.context.support.AbstractApplicationContext.invokeBeanFactoryPostProcessors(AbstractApplicationContext.java:789)
          at org.springframework.context.support.AbstractApplicationContext.refresh(AbstractApplicationContext.java:607)
          at org.springframework.test.context.support.AbstractGenericContextLoader.loadContext(AbstractGenericContextLoader.java:221)
          at org.springframework.test.context.support.AbstractGenericContextLoader.loadContext(AbstractGenericContextLoader.java:110)
          at org.springframework.test.context.support.AbstractDelegatingSmartContextLoader.loadContext(AbstractDelegatingSmartContextLoader.java:212)
          at org.springframework.test.context.cache.DefaultCacheAwareContextLoaderDelegate.loadContextInternal(DefaultCacheAwareContextLoaderDelegate.java:225)
          at org.springframework.test.context.cache.DefaultCacheAwareContextLoaderDelegate.loadContext(DefaultCacheAwareContextLoaderDelegate.java:152)
          at org.springframework.test.context.support.DefaultTestContext.getApplicationContext(DefaultTestContext.java:130)
          at java.util.stream.ReferencePipeline$3$1.accept(ReferencePipeline.java:197)
          at java.util.ArrayList$ArrayListSpliterator.forEachRemaining(ArrayList.java:1708)
          at java.util.stream.AbstractPipeline.copyInto(AbstractPipeline.java:509)
          at java.util.stream.AbstractPipeline.wrapAndCopyInto(AbstractPipeline.java:499)
          at java.util.stream.ReduceOps$ReduceOp.evaluateSequential(ReduceOps.java:921)
          at java.util.stream.AbstractPipeline.evaluate(AbstractPipeline.java:234)
          at java.util.stream.ReferencePipeline.collect(ReferencePipeline.java:682)
      when running class:
      package finos.traderx.tradeprocessor;
      @org.springframework.test.context.ContextConfiguration(classes = {finos.traderx.tradeprocessor.PubSubConfig.class})
      @org.junit.runner.RunWith(value = org.springframework.test.context.junit4.SpringRunner.class) // if JUnit 4
      @org.junit.jupiter.api.extension.ExtendWith(value = org.springframework.test.context.junit.jupiter.SpringExtension.class) // if JUnit 5
      public class DiffblueFakeClass7941 {
        @org.springframework.beans.factory.annotation.Autowired finos.traderx.tradeprocessor.PubSubConfig pubSubConfig;
        @org.springframework.boot.test.mock.mockito.MockBean finos.traderx.messaging.Publisher publisher;
        @org.junit.Test // if JUnit 4
        @org.junit.jupiter.api.Test // if JUnit 5
        public void testSpringContextLoads() {}
      }
      To avoid this error, consider adding a custom base class to setup static
      mocking for org.springframework.boot.test.mock.mockito.MockitoPostProcessor.
      For details on how to set up a custom base class, please follow this link:
      https://docs.diffblue.com/features/cover-cli/writing-tests/custom-test-setup
      See https://diff.blue/R026 to resolve this issue.
      
INFO  Affected methods:
      finos.traderx.tradeprocessor.PubSubConfig.positionPublisher:()Lfinos/traderx/messaging/Publisher;
      
INFO  To resolve the issue, use the following prompt with your AI assistant:
      
      Fix the following issue preventing test creation for:
      finos.traderx.tradeprocessor.PubSubConfig.positionPublisher:()Lfinos/traderx/messaging/Publisher;
      
      Attempt to initialize test context failed with
      java.lang.IllegalStateException: Failed to load ApplicationContext for [MergedContextConfiguration@3dc69e73 testClass = finos.traderx.tradeprocessor.DiffblueFakeClass7941, locations = [], classes = [finos.traderx.tradeprocessor.PubSubConfig], contextInitializerClasses = [], activeProfiles = [], propertySourceDescriptors = [], propertySourceProperties = [], contextCustomizers = [org.springframework.boot.test.autoconfigure.actuate.observability.ObservabilityContextCustomizerFactory$DisableObservabilityContextCustomizer@1f, org.springframework.boot.test.autoconfigure.properties.PropertyMappingContextCustomizer@0, org.springframework.boot.test.autoconfigure.web.servlet.WebDriverContextCustomizer@1f197811, org.springframework.boot.test.context.filter.ExcludeFilterContextCustomizer@6ddd86fe, org.springframework.boot.test.json.DuplicateJsonObjectContextCustomizerFactory$DuplicateJsonObjectContextCustomizer@6882b792, org.springframework.boot.test.mock.mockito.MockitoContextCustomizer@903ba0a, org.springframework.boot.test.web.reactor.netty.DisableReactorResourceFactoryGlobalResourcesContextCustomizerFactory$DisableReactorResourceFactoryGlobalResourcesContextCustomizerCustomizer@2b58e889], contextLoader = org.springframework.test.context.support.DelegatingSmartContextLoader, parent = null]
          at org.springframework.test.context.cache.DefaultCacheAwareContextLoaderDelegate.loadContext(DefaultCacheAwareContextLoaderDelegate.java:180)
          at org.springframework.test.context.support.DefaultTestContext.getApplicationContext(DefaultTestContext.java:130)
          at java.util.stream.ReferencePipeline$3$1.accept(ReferencePipeline.java:197)
          at java.util.ArrayList$ArrayListSpliterator.forEachRemaining(ArrayList.java:1708)
          at java.util.stream.AbstractPipeline.copyInto(AbstractPipeline.java:509)
          at java.util.stream.AbstractPipeline.wrapAndCopyInto(AbstractPipeline.java:499)
          at java.util.stream.ReduceOps$ReduceOp.evaluateSequential(ReduceOps.java:921)
          at java.util.stream.AbstractPipeline.evaluate(AbstractPipeline.java:234)
          at java.util.stream.ReferencePipeline.collect(ReferencePipeline.java:682)
      java.lang.IllegalStateException: Unable to register mock bean finos.traderx.messaging.Publisher<?> expected a single matching bean to replace but found [positionPublisher, tradePublisher]
          at org.springframework.boot.test.mock.mockito.MockitoPostProcessor.getBeanName(MockitoPostProcessor.java:220)
          at org.springframework.boot.test.mock.mockito.MockitoPostProcessor.registerMock(MockitoPostProcessor.java:177)
          at org.springframework.boot.test.mock.mockito.MockitoPostProcessor.register(MockitoPostProcessor.java:167)
          at org.springframework.boot.test.mock.mockito.MockitoPostProcessor.postProcessBeanFactory(MockitoPostProcessor.java:141)
          at org.springframework.boot.test.mock.mockito.MockitoPostProcessor.postProcessBeanFactory(MockitoPostProcessor.java:129)
          at org.springframework.context.support.PostProcessorRegistrationDelegate.invokeBeanFactoryPostProcessors(PostProcessorRegistrationDelegate.java:363)
          at org.springframework.context.support.PostProcessorRegistrationDelegate.invokeBeanFactoryPostProcessors(PostProcessorRegistrationDelegate.java:197)
          at org.springframework.context.support.AbstractApplicationContext.invokeBeanFactoryPostProcessors(AbstractApplicationContext.java:789)
          at org.springframework.context.support.AbstractApplicationContext.refresh(AbstractApplicationContext.java:607)
          at org.springframework.test.context.support.AbstractGenericContextLoader.loadContext(AbstractGenericContextLoader.java:221)
          at org.springframework.test.context.support.AbstractGenericContextLoader.loadContext(AbstractGenericContextLoader.java:110)
          at org.springframework.test.context.support.AbstractDelegatingSmartContextLoader.loadContext(AbstractDelegatingSmartContextLoader.java:212)
          at org.springframework.test.context.cache.DefaultCacheAwareContextLoaderDelegate.loadContextInternal(DefaultCacheAwareContextLoaderDelegate.java:225)
          at org.springframework.test.context.cache.DefaultCacheAwareContextLoaderDelegate.loadContext(DefaultCacheAwareContextLoaderDelegate.java:152)
          at org.springframework.test.context.support.DefaultTestContext.getApplicationContext(DefaultTestContext.java:130)
          at java.util.stream.ReferencePipeline$3$1.accept(ReferencePipeline.java:197)
          at java.util.ArrayList$ArrayListSpliterator.forEachRemaining(ArrayList.java:1708)
          at java.util.stream.AbstractPipeline.copyInto(AbstractPipeline.java:509)
          at java.util.stream.AbstractPipeline.wrapAndCopyInto(AbstractPipeline.java:499)
          at java.util.stream.ReduceOps$ReduceOp.evaluateSequential(ReduceOps.java:921)
          at java.util.stream.AbstractPipeline.evaluate(AbstractPipeline.java:234)
          at java.util.stream.ReferencePipeline.collect(ReferencePipeline.java:682)
      when running class:
      package finos.traderx.tradeprocessor;
      @org.springframework.test.context.ContextConfiguration(classes = {finos.traderx.tradeprocessor.PubSubConfig.class})
      @org.junit.runner.RunWith(value = org.springframework.test.context.junit4.SpringRunner.class) // if JUnit 4
      @org.junit.jupiter.api.extension.ExtendWith(value = org.springframework.test.context.junit.jupiter.SpringExtension.class) // if JUnit 5
      public class DiffblueFakeClass7941 {
        @org.springframework.beans.factory.annotation.Autowired finos.traderx.tradeprocessor.PubSubConfig pubSubConfig;
        @org.springframework.boot.test.mock.mockito.MockBean finos.traderx.messaging.Publisher publisher;
        @org.junit.Test // if JUnit 4
        @org.junit.jupiter.api.Test // if JUnit 5
        public void testSpringContextLoads() {}
      }
      To avoid this error, consider adding a custom base class to setup static
      mocking for org.springframework.boot.test.mock.mockito.MockitoPostProcessor.
      For details on how to set up a custom base class, please follow this link:
      https://docs.diffblue.com/features/cover-cli/writing-tests/custom-test-setup
      See https://diff.blue/R026 to resolve this issue.
      
INFO  
INFO  R026: Failed to create Spring context
      Attempt to initialize test context failed with
      java.lang.IllegalStateException: ApplicationContext failure threshold (1) exceeded: skipping repeated attempt to load context for [MergedContextConfiguration@d2b734e testClass = finos.traderx.tradeprocessor.DiffblueFakeClass7950, locations = [], classes = [finos.traderx.tradeprocessor.PubSubConfig], contextInitializerClasses = [], activeProfiles = [], propertySourceDescriptors = [], propertySourceProperties = [], contextCustomizers = [org.springframework.boot.test.autoconfigure.actuate.observability.ObservabilityContextCustomizerFactory$DisableObservabilityContextCustomizer@1f, org.springframework.boot.test.autoconfigure.properties.PropertyMappingContextCustomizer@0, org.springframework.boot.test.autoconfigure.web.servlet.WebDriverContextCustomizer@1f197811, org.springframework.boot.test.context.filter.ExcludeFilterContextCustomizer@6ddd86fe, org.springframework.boot.test.json.DuplicateJsonObjectContextCustomizerFactory$DuplicateJsonObjectContextCustomizer@6882b792, org.springframework.boot.test.mock.mockito.MockitoContextCustomizer@0, org.springframework.boot.test.web.reactor.netty.DisableReactorResourceFactoryGlobalResourcesContextCustomizerFactory$DisableReactorResourceFactoryGlobalResourcesContextCustomizerCustomizer@2b58e889], contextLoader = org.springframework.test.context.support.DelegatingSmartContextLoader, parent = null]
          at org.springframework.test.context.cache.DefaultCacheAwareContextLoaderDelegate.loadContext(DefaultCacheAwareContextLoaderDelegate.java:145)
          at org.springframework.test.context.support.DefaultTestContext.getApplicationContext(DefaultTestContext.java:130)
          at java.util.stream.ReferencePipeline$3$1.accept(ReferencePipeline.java:197)
          at java.util.ArrayList$ArrayListSpliterator.forEachRemaining(ArrayList.java:1708)
          at java.util.stream.AbstractPipeline.copyInto(AbstractPipeline.java:509)
          at java.util.stream.AbstractPipeline.wrapAndCopyInto(AbstractPipeline.java:499)
          at java.util.stream.ReduceOps$ReduceOp.evaluateSequential(ReduceOps.java:921)
          at java.util.stream.AbstractPipeline.evaluate(AbstractPipeline.java:234)
          at java.util.stream.ReferencePipeline.collect(ReferencePipeline.java:682)
      when running class:
      package finos.traderx.tradeprocessor;
      @org.springframework.test.context.ContextConfiguration(classes = {finos.traderx.tradeprocessor.PubSubConfig.class})
      @org.junit.runner.RunWith(value = org.springframework.test.context.junit4.SpringRunner.class) // if JUnit 4
      @org.junit.jupiter.api.extension.ExtendWith(value = org.springframework.test.context.junit.jupiter.SpringExtension.class) // if JUnit 5
      public class DiffblueFakeClass7950 {
        @org.springframework.beans.factory.annotation.Autowired finos.traderx.tradeprocessor.PubSubConfig pubSubConfig;
        @org.junit.Test // if JUnit 4
        @org.junit.jupiter.api.Test // if JUnit 5
        public void testSpringContextLoads() {}
      }
      To avoid this error, consider adding a custom base class to setup static
      mocking for org.springframework.test.context.cache.DefaultCacheAwareContextLoaderDelegate.
      For details on how to set up a custom base class, please follow this link:
      https://docs.diffblue.com/features/cover-cli/writing-tests/custom-test-setup
      See https://diff.blue/R026 to resolve this issue.
      
INFO  Affected methods:
      finos.traderx.tradeprocessor.PubSubConfig.tradePublisher:()Lfinos/traderx/messaging/Publisher;
      
INFO  To resolve the issue, use the following prompt with your AI assistant:
      
      Fix the following issue preventing test creation for:
      finos.traderx.tradeprocessor.PubSubConfig.tradePublisher:()Lfinos/traderx/messaging/Publisher;
      
      Attempt to initialize test context failed with
      java.lang.IllegalStateException: ApplicationContext failure threshold (1) exceeded: skipping repeated attempt to load context for [MergedContextConfiguration@d2b734e testClass = finos.traderx.tradeprocessor.DiffblueFakeClass7950, locations = [], classes = [finos.traderx.tradeprocessor.PubSubConfig], contextInitializerClasses = [], activeProfiles = [], propertySourceDescriptors = [], propertySourceProperties = [], contextCustomizers = [org.springframework.boot.test.autoconfigure.actuate.observability.ObservabilityContextCustomizerFactory$DisableObservabilityContextCustomizer@1f, org.springframework.boot.test.autoconfigure.properties.PropertyMappingContextCustomizer@0, org.springframework.boot.test.autoconfigure.web.servlet.WebDriverContextCustomizer@1f197811, org.springframework.boot.test.context.filter.ExcludeFilterContextCustomizer@6ddd86fe, org.springframework.boot.test.json.DuplicateJsonObjectContextCustomizerFactory$DuplicateJsonObjectContextCustomizer@6882b792, org.springframework.boot.test.mock.mockito.MockitoContextCustomizer@0, org.springframework.boot.test.web.reactor.netty.DisableReactorResourceFactoryGlobalResourcesContextCustomizerFactory$DisableReactorResourceFactoryGlobalResourcesContextCustomizerCustomizer@2b58e889], contextLoader = org.springframework.test.context.support.DelegatingSmartContextLoader, parent = null]
          at org.springframework.test.context.cache.DefaultCacheAwareContextLoaderDelegate.loadContext(DefaultCacheAwareContextLoaderDelegate.java:145)
          at org.springframework.test.context.support.DefaultTestContext.getApplicationContext(DefaultTestContext.java:130)
          at java.util.stream.ReferencePipeline$3$1.accept(ReferencePipeline.java:197)
          at java.util.ArrayList$ArrayListSpliterator.forEachRemaining(ArrayList.java:1708)
          at java.util.stream.AbstractPipeline.copyInto(AbstractPipeline.java:509)
          at java.util.stream.AbstractPipeline.wrapAndCopyInto(AbstractPipeline.java:499)
          at java.util.stream.ReduceOps$ReduceOp.evaluateSequential(ReduceOps.java:921)
          at java.util.stream.AbstractPipeline.evaluate(AbstractPipeline.java:234)
          at java.util.stream.ReferencePipeline.collect(ReferencePipeline.java:682)
      when running class:
      package finos.traderx.tradeprocessor;
      @org.springframework.test.context.ContextConfiguration(classes = {finos.traderx.tradeprocessor.PubSubConfig.class})
      @org.junit.runner.RunWith(value = org.springframework.test.context.junit4.SpringRunner.class) // if JUnit 4
      @org.junit.jupiter.api.extension.ExtendWith(value = org.springframework.test.context.junit.jupiter.SpringExtension.class) // if JUnit 5
      public class DiffblueFakeClass7950 {
        @org.springframework.beans.factory.annotation.Autowired finos.traderx.tradeprocessor.PubSubConfig pubSubConfig;
        @org.junit.Test // if JUnit 4
        @org.junit.jupiter.api.Test // if JUnit 5
        public void testSpringContextLoads() {}
      }
      To avoid this error, consider adding a custom base class to setup static
      mocking for org.springframework.test.context.cache.DefaultCacheAwareContextLoaderDelegate.
      For details on how to set up a custom base class, please follow this link:
      https://docs.diffblue.com/features/cover-cli/writing-tests/custom-test-setup
      See https://diff.blue/R026 to resolve this issue.
      
INFO  
INFO  R028: Incomplete repository information
      Diffblue Cover cannot write tests because it wasn't able to fully understand
      your Spring Data Repository:
      Repository:  finos.traderx.tradeprocessor.repository.TradeRepository
      Data Type:   finos.traderx.tradeprocessor.model.Trade
      ID Type:     java.lang.Integer
      ID Getter:
      Save Method: org.springframework.data.repository.CrudRepository.save(Object)
      Is Entity an IdClass: false
      Diffblue Cover needs to understand the Data Type and the ID Type in order to
      write repository tests. Diffblue Cover also needs an ID Getter method that
      gets the identifier field from a Data Type instance, this should be annotated
      '@Id' and be of type ID Type. Alternatively, if using composite keys with
      '@IdClass', the entity class must be annotated with '@IdClass' which must
      reference the ID Type. Finally, better tests can be written if a Save Method
      is found taking a Data Type instance and storing it in the repository.
      Try extending 'CrudRepository' with concrete type parameters, or if the class
      should not be considered a repository then annotate the class with the
      '@NoRepositoryBean' annotation.
      Please contact Diffblue through the appropriate support channel
      (https://www.diffblue.com/support/) providing details about this error.
      
INFO  Affected methods:
      finos.traderx.tradeprocessor.repository.TradeRepository.count:()J
      finos.traderx.tradeprocessor.repository.TradeRepository.count:(Lorg/springframework/data/domain/Example;)J
      finos.traderx.tradeprocessor.repository.TradeRepository.delete:(Ljava/lang/Object;)V
      finos.traderx.tradeprocessor.repository.TradeRepository.deleteAll:()V
      finos.traderx.tradeprocessor.repository.TradeRepository.deleteAll:(Ljava/lang/Iterable;)V
      finos.traderx.tradeprocessor.repository.TradeRepository.deleteAllById:(Ljava/lang/Iterable;)V
      finos.traderx.tradeprocessor.repository.TradeRepository.deleteAllByIdInBatch:(Ljava/lang/Iterable;)V
      finos.traderx.tradeprocessor.repository.TradeRepository.deleteAllInBatch:()V
      finos.traderx.tradeprocessor.repository.TradeRepository.deleteAllInBatch:(Ljava/lang/Iterable;)V
      finos.traderx.tradeprocessor.repository.TradeRepository.deleteById:(Ljava/lang/Object;)V
      finos.traderx.tradeprocessor.repository.TradeRepository.deleteInBatch:(Ljava/lang/Iterable;)V
      finos.traderx.tradeprocessor.repository.TradeRepository.exists:(Lorg/springframework/data/domain/Example;)Z
      finos.traderx.tradeprocessor.repository.TradeRepository.existsById:(Ljava/lang/Object;)Z
      finos.traderx.tradeprocessor.repository.TradeRepository.findAll:()Ljava/util/List;
      finos.traderx.tradeprocessor.repository.TradeRepository.findAll:(Lorg/springframework/data/domain/Example;)Ljava/util/List;
      finos.traderx.tradeprocessor.repository.TradeRepository.findAll:(Lorg/springframework/data/domain/Example;Lorg/springframework/data/domain/Pageable;)Lorg/springframework/data/domain/Page;
      finos.traderx.tradeprocessor.repository.TradeRepository.findAll:(Lorg/springframework/data/domain/Example;Lorg/springframework/data/domain/Sort;)Ljava/util/List;
      finos.traderx.tradeprocessor.repository.TradeRepository.findAll:(Lorg/springframework/data/domain/Pageable;)Lorg/springframework/data/domain/Page;
      finos.traderx.tradeprocessor.repository.TradeRepository.findAll:(Lorg/springframework/data/domain/Sort;)Ljava/util/List;
      finos.traderx.tradeprocessor.repository.TradeRepository.findAllById:(Ljava/lang/Iterable;)Ljava/util/List;
      finos.traderx.tradeprocessor.repository.TradeRepository.findBy:(Lorg/springframework/data/domain/Example;Ljava/util/function/Function;)Ljava/lang/Object;
      finos.traderx.tradeprocessor.repository.TradeRepository.findByAccountId:(Ljava/lang/Integer;)Ljava/util/List;
      finos.traderx.tradeprocessor.repository.TradeRepository.findById:(Ljava/lang/Object;)Ljava/util/Optional;
      finos.traderx.tradeprocessor.repository.TradeRepository.findOne:(Lorg/springframework/data/domain/Example;)Ljava/util/Optional;
      finos.traderx.tradeprocessor.repository.TradeRepository.flush:()V
      finos.traderx.tradeprocessor.repository.TradeRepository.getById:(Ljava/lang/Object;)Ljava/lang/Object;
      finos.traderx.tradeprocessor.repository.TradeRepository.getOne:(Ljava/lang/Object;)Ljava/lang/Object;
      finos.traderx.tradeprocessor.repository.TradeRepository.getReferenceById:(Ljava/lang/Object;)Ljava/lang/Object;
      finos.traderx.tradeprocessor.repository.TradeRepository.save:(Ljava/lang/Object;)Ljava/lang/Object;
      finos.traderx.tradeprocessor.repository.TradeRepository.saveAll:(Ljava/lang/Iterable;)Ljava/util/List;
      finos.traderx.tradeprocessor.repository.TradeRepository.saveAllAndFlush:(Ljava/lang/Iterable;)Ljava/util/List;
      finos.traderx.tradeprocessor.repository.TradeRepository.saveAndFlush:(Ljava/lang/Object;)Ljava/lang/Object;
      
INFO  To resolve the issue, use the following prompt with your AI assistant:
      
      Fix the following issue preventing test creation for:
      finos.traderx.tradeprocessor.repository.TradeRepository.count:()J
      finos.traderx.tradeprocessor.repository.TradeRepository.count:(Lorg/springframework/data/domain/Example;)J
      finos.traderx.tradeprocessor.repository.TradeRepository.delete:(Ljava/lang/Object;)V
      finos.traderx.tradeprocessor.repository.TradeRepository.deleteAll:()V
      finos.traderx.tradeprocessor.repository.TradeRepository.deleteAll:(Ljava/lang/Iterable;)V
      finos.traderx.tradeprocessor.repository.TradeRepository.deleteAllById:(Ljava/lang/Iterable;)V
      finos.traderx.tradeprocessor.repository.TradeRepository.deleteAllByIdInBatch:(Ljava/lang/Iterable;)V
      finos.traderx.tradeprocessor.repository.TradeRepository.deleteAllInBatch:()V
      finos.traderx.tradeprocessor.repository.TradeRepository.deleteAllInBatch:(Ljava/lang/Iterable;)V
      finos.traderx.tradeprocessor.repository.TradeRepository.deleteById:(Ljava/lang/Object;)V
      finos.traderx.tradeprocessor.repository.TradeRepository.deleteInBatch:(Ljava/lang/Iterable;)V
      finos.traderx.tradeprocessor.repository.TradeRepository.exists:(Lorg/springframework/data/domain/Example;)Z
      finos.traderx.tradeprocessor.repository.TradeRepository.existsById:(Ljava/lang/Object;)Z
      finos.traderx.tradeprocessor.repository.TradeRepository.findAll:()Ljava/util/List;
      finos.traderx.tradeprocessor.repository.TradeRepository.findAll:(Lorg/springframework/data/domain/Example;)Ljava/util/List;
      finos.traderx.tradeprocessor.repository.TradeRepository.findAll:(Lorg/springframework/data/domain/Example;Lorg/springframework/data/domain/Pageable;)Lorg/springframework/data/domain/Page;
      finos.traderx.tradeprocessor.repository.TradeRepository.findAll:(Lorg/springframework/data/domain/Example;Lorg/springframework/data/domain/Sort;)Ljava/util/List;
      finos.traderx.tradeprocessor.repository.TradeRepository.findAll:(Lorg/springframework/data/domain/Pageable;)Lorg/springframework/data/domain/Page;
      finos.traderx.tradeprocessor.repository.TradeRepository.findAll:(Lorg/springframework/data/domain/Sort;)Ljava/util/List;
      finos.traderx.tradeprocessor.repository.TradeRepository.findAllById:(Ljava/lang/Iterable;)Ljava/util/List;
      finos.traderx.tradeprocessor.repository.TradeRepository.findBy:(Lorg/springframework/data/domain/Example;Ljava/util/function/Function;)Ljava/lang/Object;
      finos.traderx.tradeprocessor.repository.TradeRepository.findByAccountId:(Ljava/lang/Integer;)Ljava/util/List;
      finos.traderx.tradeprocessor.repository.TradeRepository.findById:(Ljava/lang/Object;)Ljava/util/Optional;
      finos.traderx.tradeprocessor.repository.TradeRepository.findOne:(Lorg/springframework/data/domain/Example;)Ljava/util/Optional;
      finos.traderx.tradeprocessor.repository.TradeRepository.flush:()V
      finos.traderx.tradeprocessor.repository.TradeRepository.getById:(Ljava/lang/Object;)Ljava/lang/Object;
      finos.traderx.tradeprocessor.repository.TradeRepository.getOne:(Ljava/lang/Object;)Ljava/lang/Object;
      finos.traderx.tradeprocessor.repository.TradeRepository.getReferenceById:(Ljava/lang/Object;)Ljava/lang/Object;
      finos.traderx.tradeprocessor.repository.TradeRepository.save:(Ljava/lang/Object;)Ljava/lang/Object;
      finos.traderx.tradeprocessor.repository.TradeRepository.saveAll:(Ljava/lang/Iterable;)Ljava/util/List;
      finos.traderx.tradeprocessor.repository.TradeRepository.saveAllAndFlush:(Ljava/lang/Iterable;)Ljava/util/List;
      finos.traderx.tradeprocessor.repository.TradeRepository.saveAndFlush:(Ljava/lang/Object;)Ljava/lang/Object;
      
      Diffblue Cover cannot write tests because it wasn't able to fully understand
      your Spring Data Repository:
      Repository:  finos.traderx.tradeprocessor.repository.TradeRepository
      Data Type:   finos.traderx.tradeprocessor.model.Trade
      ID Type:     java.lang.Integer
      ID Getter:
      Save Method: org.springframework.data.repository.CrudRepository.save(Object)
      Is Entity an IdClass: false
      Diffblue Cover needs to understand the Data Type and the ID Type in order to
      write repository tests. Diffblue Cover also needs an ID Getter method that
      gets the identifier field from a Data Type instance, this should be annotated
      '@Id' and be of type ID Type. Alternatively, if using composite keys with
      '@IdClass', the entity class must be annotated with '@IdClass' which must
      reference the ID Type. Finally, better tests can be written if a Save Method
      is found taking a Data Type instance and storing it in the repository.
      Try extending 'CrudRepository' with concrete type parameters, or if the class
      should not be considered a repository then annotate the class with the
      '@NoRepositoryBean' annotation.
      Please contact Diffblue through the appropriate support channel
      (https://www.diffblue.com/support/) providing details about this error.
      
INFO  
INFO  9 issues were found and displayed
INFO  Rerun without --prompts to summarise all the issues
INFO  
INFO  [3/5] Diagnosing issues for module: trade-service
INFO  =================================================
INFO  
INFO  Detected Java version 21.0.9
INFO  Selected build system: Gradle
INFO  Reading report file '/home/jbergqvist/diffblue/finos-traderX/trade-service/.diffblue/reports/report.json'
INFO  Copied report file to '/home/jbergqvist/diffblue/finos-traderX/trade-service/.diffblue/reports/report-20260113T113119.json'
INFO  
INFO  R013: No inputs found that don't throw a trivial exception
      Diffblue Cover tried to run the arrange/act section, but the test threw
      org.springframework.dao.InvalidDataAccessApiUsageException: Example must not be null
          at org.springframework.orm.jpa.EntityManagerFactoryUtils.convertJpaAccessExceptionIfPossible(EntityManagerFactoryUtils.java:371)
          at org.springframework.orm.jpa.vendor.HibernateJpaDialect.translateExceptionIfPossible(HibernateJpaDialect.java:246)
          at org.springframework.orm.jpa.AbstractEntityManagerFactoryBean.translateExceptionIfPossible(AbstractEntityManagerFactoryBean.java:550)
          at org.springframework.dao.support.ChainedPersistenceExceptionTranslator.translateExceptionIfPossible(ChainedPersistenceExceptionTranslator.java:61)
          at org.springframework.dao.support.DataAccessUtils.translateIfNecessary(DataAccessUtils.java:335)
          at org.springframework.dao.support.PersistenceExceptionTranslationInterceptor.invoke(PersistenceExceptionTranslationInterceptor.java:160)
          at org.springframework.aop.framework.ReflectiveMethodInvocation.proceed(ReflectiveMethodInvocation.java:184)
          at org.springframework.data.jpa.repository.support.CrudMethodMetadataPostProcessor$CrudMethodMetadataPopulatingMethodInterceptor.invoke(CrudMethodMetadataPostProcessor.java:165)
          at org.springframework.aop.framework.ReflectiveMethodInvocation.proceed(ReflectiveMethodInvocation.java:184)
          at org.springframework.aop.interceptor.ExposeInvocationInterceptor.invoke(ExposeInvocationInterceptor.java:97)
          at org.springframework.aop.framework.ReflectiveMethodInvocation.proceed(ReflectiveMethodInvocation.java:184)
          at org.springframework.aop.framework.JdkDynamicAopProxy.invoke(JdkDynamicAopProxy.java:223)
      In order to prevent the method under test
      from throwing InvalidDataAccessApiUsageException, add constructors or factory
      methods that make it easier to construct fully initialized objects used in
      the method under test.
      See https://diff.blue/R013 to resolve this issue.
      
INFO  Affected methods:
      finos.traderx.tradeprocessor.repository.PositionRepository.findBy:(Lorg/springframework/data/domain/Example;Ljava/util/function/Function;)Ljava/lang/Object;
      
INFO  To resolve the issue, use the following prompt with your AI assistant:
      
      We are unit testing `finos.traderx.tradeprocessor.repository.PositionRepository.findBy:(Lorg/springframework/data/domain/Example;Ljava/util/function/Function;)Ljava/lang/Object;`.
      
      Create a parameterless factory method for the problematic
      parameter/this object, determining which by reading the error message below.
      The new factory method should be in the test classpath, not production.
      Create a new factory class if there isn't already one for the class under test.
      Do not create a test yourself, only a factory (don't test the factory either).
      The factory must be annotated with `@com.diffblue.cover.annotations.InterestingTestFactory`.
      Avoid using mocks, these tend to produce unused stubbing errors or a
      `java.lang.NullPointerException`.
      If your environment has internet access then further documentation on
      factory methods for Cover can be found here:
      https://docs.diffblue.com/features/tutorials/increase-code-coverage#test-factory-pattern
      
      The factory should produce a parameter/this object such that
      the following exception does not occur:
      
      ```
      org.springframework.dao.InvalidDataAccessApiUsageException: Example must not be null
        at org.springframework.orm.jpa.EntityManagerFactoryUtils.convertJpaAccessExceptionIfPossible(EntityManagerFactoryUtils.java:371)
        at org.springframework.orm.jpa.vendor.HibernateJpaDialect.translateExceptionIfPossible(HibernateJpaDialect.java:246)
        at org.springframework.orm.jpa.AbstractEntityManagerFactoryBean.translateExceptionIfPossible(AbstractEntityManagerFactoryBean.java:550)
        at org.springframework.dao.support.ChainedPersistenceExceptionTranslator.translateExceptionIfPossible(ChainedPersistenceExceptionTranslator.java:61)
        at org.springframework.dao.support.DataAccessUtils.translateIfNecessary(DataAccessUtils.java:335)
        at org.springframework.dao.support.PersistenceExceptionTranslationInterceptor.invoke(PersistenceExceptionTranslationInterceptor.java:160)
        at org.springframework.aop.framework.ReflectiveMethodInvocation.proceed(ReflectiveMethodInvocation.java:184)
        at org.springframework.data.jpa.repository.support.CrudMethodMetadataPostProcessor$CrudMethodMetadataPopulatingMethodInterceptor.invoke(CrudMethodMetadataPostProcessor.java:165)
        at org.springframework.aop.framework.ReflectiveMethodInvocation.proceed(ReflectiveMethodInvocation.java:184)
        at org.springframework.aop.interceptor.ExposeInvocationInterceptor.invoke(ExposeInvocationInterceptor.java:97)
        at org.springframework.aop.framework.ReflectiveMethodInvocation.proceed(ReflectiveMethodInvocation.java:184)
        at org.springframework.aop.framework.JdkDynamicAopProxy.invoke(JdkDynamicAopProxy.java:223)
      java.lang.IllegalArgumentException: Example must not be null
        at org.springframework.util.Assert.notNull(Assert.java:172)
        at org.springframework.data.jpa.repository.support.SimpleJpaRepository.findBy(SimpleJpaRepository.java:594)
        at org.springframework.aop.support.AopUtils.invokeJoinpointUsingReflection(AopUtils.java:355)
        at org.springframework.data.repository.core.support.RepositoryMethodInvoker$RepositoryFragmentMethodInvoker.lambda$new$0(RepositoryMethodInvoker.java:277)
        at org.springframework.data.repository.core.support.RepositoryMethodInvoker.doInvoke(RepositoryMethodInvoker.java:170)
        at org.springframework.data.repository.core.support.RepositoryMethodInvoker.invoke(RepositoryMethodInvoker.java:158)
        at org.springframework.data.repository.core.support.RepositoryComposition$RepositoryFragments.invoke(RepositoryComposition.java:516)
        at org.springframework.data.repository.core.support.RepositoryComposition.invoke(RepositoryComposition.java:285)
        at org.springframework.data.repository.core.support.RepositoryFactorySupport$ImplementationMethodExecutionInterceptor.invoke(RepositoryFactorySupport.java:628)
        at org.springframework.aop.framework.ReflectiveMethodInvocation.proceed(ReflectiveMethodInvocation.java:184)
        at org.springframework.data.repository.core.support.QueryExecutorMethodInterceptor.doInvoke(QueryExecutorMethodInterceptor.java:173)
        at org.springframework.data.repository.core.support.QueryExecutorMethodInterceptor.invoke(QueryExecutorMethodInterceptor.java:148)
        at org.springframework.aop.framework.ReflectiveMethodInvocation.proceed(ReflectiveMethodInvocation.java:184)
        at org.springframework.data.projection.DefaultMethodInvokingMethodInterceptor.invoke(DefaultMethodInvokingMethodInterceptor.java:70)
        at org.springframework.aop.framework.ReflectiveMethodInvocation.proceed(ReflectiveMethodInvocation.java:184)
        at org.springframework.transaction.interceptor.TransactionAspectSupport.invokeWithinTransaction(TransactionAspectSupport.java:379)
        at org.springframework.transaction.interceptor.TransactionInterceptor.invoke(TransactionInterceptor.java:119)
        at org.springframework.aop.framework.ReflectiveMethodInvocation.proceed(ReflectiveMethodInvocation.java:184)
        at org.springframework.dao.support.PersistenceExceptionTranslationInterceptor.invoke(PersistenceExceptionTranslationInterceptor.java:138)
        at org.springframework.aop.framework.ReflectiveMethodInvocation.proceed(ReflectiveMethodInvocation.java:184)
        at org.springframework.data.jpa.repository.support.CrudMethodMetadataPostProcessor$CrudMethodMetadataPopulatingMethodInterceptor.invoke(CrudMethodMetadataPostProcessor.java:165)
        at org.springframework.aop.framework.ReflectiveMethodInvocation.proceed(ReflectiveMethodInvocation.java:184)
        at org.springframework.aop.interceptor.ExposeInvocationInterceptor.invoke(ExposeInvocationInterceptor.java:97)
        at org.springframework.aop.framework.ReflectiveMethodInvocation.proceed(ReflectiveMethodInvocation.java:184)
        at org.springframework.aop.framework.JdkDynamicAopProxy.invoke(JdkDynamicAopProxy.java:223)
      ```
      
      Recompile the project to make sure the new factory is available to Cover.
      For example run `mvn install -DskipTests` or `gradle install -x test`.
      
INFO  
INFO  R026: Failed to create Spring context
      Attempt to initialize test context failed with
      java.lang.IllegalStateException: ApplicationContext failure threshold (1) exceeded: skipping repeated attempt to load context for [MergedContextConfiguration@2f2e6dca testClass = finos.traderx.messaging.socketio.DiffblueFakeClass1444, locations = [], classes = [finos.traderx.tradeprocessor.TradeFeedHandler], contextInitializerClasses = [], activeProfiles = [], propertySourceDescriptors = [], propertySourceProperties = [], contextCustomizers = [org.springframework.boot.test.autoconfigure.actuate.observability.ObservabilityContextCustomizerFactory$DisableObservabilityContextCustomizer@1f, org.springframework.boot.test.autoconfigure.properties.PropertyMappingContextCustomizer@0, org.springframework.boot.test.autoconfigure.web.servlet.WebDriverContextCustomizer@1f197811, org.springframework.boot.test.context.filter.ExcludeFilterContextCustomizer@6ddd86fe, org.springframework.boot.test.json.DuplicateJsonObjectContextCustomizerFactory$DuplicateJsonObjectContextCustomizer@6882b792, org.springframework.boot.test.mock.mockito.MockitoContextCustomizer@fab8b2ea, org.springframework.boot.test.web.reactor.netty.DisableReactorResourceFactoryGlobalResourcesContextCustomizerFactory$DisableReactorResourceFactoryGlobalResourcesContextCustomizerCustomizer@2b58e889], contextLoader = org.springframework.test.context.support.DelegatingSmartContextLoader, parent = null]
          at org.springframework.test.context.cache.DefaultCacheAwareContextLoaderDelegate.loadContext(DefaultCacheAwareContextLoaderDelegate.java:145)
          at org.springframework.test.context.support.DefaultTestContext.getApplicationContext(DefaultTestContext.java:130)
          at java.util.stream.ReferencePipeline$3$1.accept(ReferencePipeline.java:197)
          at java.util.ArrayList$ArrayListSpliterator.forEachRemaining(ArrayList.java:1708)
          at java.util.stream.AbstractPipeline.copyInto(AbstractPipeline.java:509)
          at java.util.stream.AbstractPipeline.wrapAndCopyInto(AbstractPipeline.java:499)
          at java.util.stream.ReduceOps$ReduceOp.evaluateSequential(ReduceOps.java:921)
          at java.util.stream.AbstractPipeline.evaluate(AbstractPipeline.java:234)
          at java.util.stream.ReferencePipeline.collect(ReferencePipeline.java:682)
      when running class:
      package finos.traderx.messaging.socketio;
      @org.springframework.test.context.ContextConfiguration(classes = {finos.traderx.tradeprocessor.TradeFeedHandler.class})
      @org.junit.runner.RunWith(value = org.springframework.test.context.junit4.SpringRunner.class) // if JUnit 4
      @org.junit.jupiter.api.extension.ExtendWith(value = org.springframework.test.context.junit.jupiter.SpringExtension.class) // if JUnit 5
      public class DiffblueFakeClass1444 {
        @org.springframework.beans.factory.annotation.Autowired finos.traderx.messaging.socketio.SocketIOJSONSubscriber socketIOJSONSubscriber;
        @org.springframework.boot.test.mock.mockito.MockBean finos.traderx.tradeprocessor.service.TradeService tradeService;
        @org.junit.Test // if JUnit 4
        @org.junit.jupiter.api.Test // if JUnit 5
        public void testSpringContextLoads() {}
      }
      To avoid this error, consider adding a custom base class to setup static
      mocking for org.springframework.test.context.cache.DefaultCacheAwareContextLoaderDelegate.
      For details on how to set up a custom base class, please follow this link:
      https://docs.diffblue.com/features/cover-cli/writing-tests/custom-test-setup
      See https://diff.blue/R026 to resolve this issue.
      
INFO  Affected methods:
      finos.traderx.messaging.socketio.SocketIOJSONSubscriber.disconnect:()V
      
INFO  To resolve the issue, use the following prompt with your AI assistant:
      
      Fix the following issue preventing test creation for:
      finos.traderx.messaging.socketio.SocketIOJSONSubscriber.disconnect:()V
      
      Attempt to initialize test context failed with
      java.lang.IllegalStateException: ApplicationContext failure threshold (1) exceeded: skipping repeated attempt to load context for [MergedContextConfiguration@2f2e6dca testClass = finos.traderx.messaging.socketio.DiffblueFakeClass1444, locations = [], classes = [finos.traderx.tradeprocessor.TradeFeedHandler], contextInitializerClasses = [], activeProfiles = [], propertySourceDescriptors = [], propertySourceProperties = [], contextCustomizers = [org.springframework.boot.test.autoconfigure.actuate.observability.ObservabilityContextCustomizerFactory$DisableObservabilityContextCustomizer@1f, org.springframework.boot.test.autoconfigure.properties.PropertyMappingContextCustomizer@0, org.springframework.boot.test.autoconfigure.web.servlet.WebDriverContextCustomizer@1f197811, org.springframework.boot.test.context.filter.ExcludeFilterContextCustomizer@6ddd86fe, org.springframework.boot.test.json.DuplicateJsonObjectContextCustomizerFactory$DuplicateJsonObjectContextCustomizer@6882b792, org.springframework.boot.test.mock.mockito.MockitoContextCustomizer@fab8b2ea, org.springframework.boot.test.web.reactor.netty.DisableReactorResourceFactoryGlobalResourcesContextCustomizerFactory$DisableReactorResourceFactoryGlobalResourcesContextCustomizerCustomizer@2b58e889], contextLoader = org.springframework.test.context.support.DelegatingSmartContextLoader, parent = null]
          at org.springframework.test.context.cache.DefaultCacheAwareContextLoaderDelegate.loadContext(DefaultCacheAwareContextLoaderDelegate.java:145)
          at org.springframework.test.context.support.DefaultTestContext.getApplicationContext(DefaultTestContext.java:130)
          at java.util.stream.ReferencePipeline$3$1.accept(ReferencePipeline.java:197)
          at java.util.ArrayList$ArrayListSpliterator.forEachRemaining(ArrayList.java:1708)
          at java.util.stream.AbstractPipeline.copyInto(AbstractPipeline.java:509)
          at java.util.stream.AbstractPipeline.wrapAndCopyInto(AbstractPipeline.java:499)
          at java.util.stream.ReduceOps$ReduceOp.evaluateSequential(ReduceOps.java:921)
          at java.util.stream.AbstractPipeline.evaluate(AbstractPipeline.java:234)
          at java.util.stream.ReferencePipeline.collect(ReferencePipeline.java:682)
      when running class:
      package finos.traderx.messaging.socketio;
      @org.springframework.test.context.ContextConfiguration(classes = {finos.traderx.tradeprocessor.TradeFeedHandler.class})
      @org.junit.runner.RunWith(value = org.springframework.test.context.junit4.SpringRunner.class) // if JUnit 4
      @org.junit.jupiter.api.extension.ExtendWith(value = org.springframework.test.context.junit.jupiter.SpringExtension.class) // if JUnit 5
      public class DiffblueFakeClass1444 {
        @org.springframework.beans.factory.annotation.Autowired finos.traderx.messaging.socketio.SocketIOJSONSubscriber socketIOJSONSubscriber;
        @org.springframework.boot.test.mock.mockito.MockBean finos.traderx.tradeprocessor.service.TradeService tradeService;
        @org.junit.Test // if JUnit 4
        @org.junit.jupiter.api.Test // if JUnit 5
        public void testSpringContextLoads() {}
      }
      To avoid this error, consider adding a custom base class to setup static
      mocking for org.springframework.test.context.cache.DefaultCacheAwareContextLoaderDelegate.
      For details on how to set up a custom base class, please follow this link:
      https://docs.diffblue.com/features/cover-cli/writing-tests/custom-test-setup
      See https://diff.blue/R026 to resolve this issue.
      
INFO  
INFO  R026: Failed to create Spring context
      Attempt to initialize test context failed with
      java.lang.IllegalStateException: ApplicationContext failure threshold (1) exceeded: skipping repeated attempt to load context for [MergedContextConfiguration@621a065e testClass = finos.traderx.messaging.socketio.DiffblueFakeClass2764, locations = [], classes = [finos.traderx.tradeprocessor.TradeFeedHandler], contextInitializerClasses = [], activeProfiles = [], propertySourceDescriptors = [], propertySourceProperties = [], contextCustomizers = [org.springframework.boot.test.autoconfigure.actuate.observability.ObservabilityContextCustomizerFactory$DisableObservabilityContextCustomizer@1f, org.springframework.boot.test.autoconfigure.properties.PropertyMappingContextCustomizer@0, org.springframework.boot.test.autoconfigure.web.servlet.WebDriverContextCustomizer@1f197811, org.springframework.boot.test.context.filter.ExcludeFilterContextCustomizer@6ddd86fe, org.springframework.boot.test.json.DuplicateJsonObjectContextCustomizerFactory$DuplicateJsonObjectContextCustomizer@6882b792, org.springframework.boot.test.mock.mockito.MockitoContextCustomizer@fab8b2ea, org.springframework.boot.test.web.reactor.netty.DisableReactorResourceFactoryGlobalResourcesContextCustomizerFactory$DisableReactorResourceFactoryGlobalResourcesContextCustomizerCustomizer@2b58e889], contextLoader = org.springframework.test.context.support.DelegatingSmartContextLoader, parent = null]
          at org.springframework.test.context.cache.DefaultCacheAwareContextLoaderDelegate.loadContext(DefaultCacheAwareContextLoaderDelegate.java:145)
          at org.springframework.test.context.support.DefaultTestContext.getApplicationContext(DefaultTestContext.java:130)
          at java.util.stream.ReferencePipeline$3$1.accept(ReferencePipeline.java:197)
          at java.util.ArrayList$ArrayListSpliterator.forEachRemaining(ArrayList.java:1708)
          at java.util.stream.AbstractPipeline.copyInto(AbstractPipeline.java:509)
          at java.util.stream.AbstractPipeline.wrapAndCopyInto(AbstractPipeline.java:499)
          at java.util.stream.ReduceOps$ReduceOp.evaluateSequential(ReduceOps.java:921)
          at java.util.stream.AbstractPipeline.evaluate(AbstractPipeline.java:234)
          at java.util.stream.ReferencePipeline.collect(ReferencePipeline.java:682)
      when running class:
      package finos.traderx.messaging.socketio;
      @org.springframework.test.context.ContextConfiguration(classes = {finos.traderx.tradeprocessor.TradeFeedHandler.class})
      @org.junit.runner.RunWith(value = org.springframework.test.context.junit4.SpringRunner.class) // if JUnit 4
      @org.junit.jupiter.api.extension.ExtendWith(value = org.springframework.test.context.junit.jupiter.SpringExtension.class) // if JUnit 5
      public class DiffblueFakeClass2764 {
        @org.springframework.beans.factory.annotation.Autowired finos.traderx.messaging.socketio.SocketIOJSONSubscriber socketIOJSONSubscriber;
        @org.springframework.boot.test.mock.mockito.MockBean finos.traderx.tradeprocessor.service.TradeService tradeService;
        @org.junit.Test // if JUnit 4
        @org.junit.jupiter.api.Test // if JUnit 5
        public void testSpringContextLoads() {}
      }
      To avoid this error, consider adding a custom base class to setup static
      mocking for org.springframework.test.context.cache.DefaultCacheAwareContextLoaderDelegate.
      For details on how to set up a custom base class, please follow this link:
      https://docs.diffblue.com/features/cover-cli/writing-tests/custom-test-setup
      See https://diff.blue/R026 to resolve this issue.
      
INFO  Affected methods:
      finos.traderx.messaging.socketio.SocketIOJSONSubscriber.internalConnect:(Ljava/net/URI;)Lio/socket/client/Socket;
      
INFO  To resolve the issue, use the following prompt with your AI assistant:
      
      Fix the following issue preventing test creation for:
      finos.traderx.messaging.socketio.SocketIOJSONSubscriber.internalConnect:(Ljava/net/URI;)Lio/socket/client/Socket;
      
      Attempt to initialize test context failed with
      java.lang.IllegalStateException: ApplicationContext failure threshold (1) exceeded: skipping repeated attempt to load context for [MergedContextConfiguration@621a065e testClass = finos.traderx.messaging.socketio.DiffblueFakeClass2764, locations = [], classes = [finos.traderx.tradeprocessor.TradeFeedHandler], contextInitializerClasses = [], activeProfiles = [], propertySourceDescriptors = [], propertySourceProperties = [], contextCustomizers = [org.springframework.boot.test.autoconfigure.actuate.observability.ObservabilityContextCustomizerFactory$DisableObservabilityContextCustomizer@1f, org.springframework.boot.test.autoconfigure.properties.PropertyMappingContextCustomizer@0, org.springframework.boot.test.autoconfigure.web.servlet.WebDriverContextCustomizer@1f197811, org.springframework.boot.test.context.filter.ExcludeFilterContextCustomizer@6ddd86fe, org.springframework.boot.test.json.DuplicateJsonObjectContextCustomizerFactory$DuplicateJsonObjectContextCustomizer@6882b792, org.springframework.boot.test.mock.mockito.MockitoContextCustomizer@fab8b2ea, org.springframework.boot.test.web.reactor.netty.DisableReactorResourceFactoryGlobalResourcesContextCustomizerFactory$DisableReactorResourceFactoryGlobalResourcesContextCustomizerCustomizer@2b58e889], contextLoader = org.springframework.test.context.support.DelegatingSmartContextLoader, parent = null]
          at org.springframework.test.context.cache.DefaultCacheAwareContextLoaderDelegate.loadContext(DefaultCacheAwareContextLoaderDelegate.java:145)
          at org.springframework.test.context.support.DefaultTestContext.getApplicationContext(DefaultTestContext.java:130)
          at java.util.stream.ReferencePipeline$3$1.accept(ReferencePipeline.java:197)
          at java.util.ArrayList$ArrayListSpliterator.forEachRemaining(ArrayList.java:1708)
          at java.util.stream.AbstractPipeline.copyInto(AbstractPipeline.java:509)
          at java.util.stream.AbstractPipeline.wrapAndCopyInto(AbstractPipeline.java:499)
          at java.util.stream.ReduceOps$ReduceOp.evaluateSequential(ReduceOps.java:921)
          at java.util.stream.AbstractPipeline.evaluate(AbstractPipeline.java:234)
          at java.util.stream.ReferencePipeline.collect(ReferencePipeline.java:682)
      when running class:
      package finos.traderx.messaging.socketio;
      @org.springframework.test.context.ContextConfiguration(classes = {finos.traderx.tradeprocessor.TradeFeedHandler.class})
      @org.junit.runner.RunWith(value = org.springframework.test.context.junit4.SpringRunner.class) // if JUnit 4
      @org.junit.jupiter.api.extension.ExtendWith(value = org.springframework.test.context.junit.jupiter.SpringExtension.class) // if JUnit 5
      public class DiffblueFakeClass2764 {
        @org.springframework.beans.factory.annotation.Autowired finos.traderx.messaging.socketio.SocketIOJSONSubscriber socketIOJSONSubscriber;
        @org.springframework.boot.test.mock.mockito.MockBean finos.traderx.tradeprocessor.service.TradeService tradeService;
        @org.junit.Test // if JUnit 4
        @org.junit.jupiter.api.Test // if JUnit 5
        public void testSpringContextLoads() {}
      }
      To avoid this error, consider adding a custom base class to setup static
      mocking for org.springframework.test.context.cache.DefaultCacheAwareContextLoaderDelegate.
      For details on how to set up a custom base class, please follow this link:
      https://docs.diffblue.com/features/cover-cli/writing-tests/custom-test-setup
      See https://diff.blue/R026 to resolve this issue.
      
INFO  
INFO  R026: Failed to create Spring context
      Attempt to initialize test context failed with
      java.lang.IllegalStateException: ApplicationContext failure threshold (1) exceeded: skipping repeated attempt to load context for [MergedContextConfiguration@2bcfb559 testClass = finos.traderx.messaging.socketio.DiffblueFakeClass4127, locations = [], classes = [finos.traderx.tradeprocessor.TradeFeedHandler], contextInitializerClasses = [], activeProfiles = [], propertySourceDescriptors = [], propertySourceProperties = [], contextCustomizers = [org.springframework.boot.test.autoconfigure.actuate.observability.ObservabilityContextCustomizerFactory$DisableObservabilityContextCustomizer@1f, org.springframework.boot.test.autoconfigure.properties.PropertyMappingContextCustomizer@0, org.springframework.boot.test.autoconfigure.web.servlet.WebDriverContextCustomizer@1f197811, org.springframework.boot.test.context.filter.ExcludeFilterContextCustomizer@6ddd86fe, org.springframework.boot.test.json.DuplicateJsonObjectContextCustomizerFactory$DuplicateJsonObjectContextCustomizer@6882b792, org.springframework.boot.test.mock.mockito.MockitoContextCustomizer@fab8b2ea, org.springframework.boot.test.web.reactor.netty.DisableReactorResourceFactoryGlobalResourcesContextCustomizerFactory$DisableReactorResourceFactoryGlobalResourcesContextCustomizerCustomizer@2b58e889], contextLoader = org.springframework.test.context.support.DelegatingSmartContextLoader, parent = null]
          at org.springframework.test.context.cache.DefaultCacheAwareContextLoaderDelegate.loadContext(DefaultCacheAwareContextLoaderDelegate.java:145)
          at org.springframework.test.context.support.DefaultTestContext.getApplicationContext(DefaultTestContext.java:130)
          at java.util.stream.ReferencePipeline$3$1.accept(ReferencePipeline.java:197)
          at java.util.ArrayList$ArrayListSpliterator.forEachRemaining(ArrayList.java:1708)
          at java.util.stream.AbstractPipeline.copyInto(AbstractPipeline.java:509)
          at java.util.stream.AbstractPipeline.wrapAndCopyInto(AbstractPipeline.java:499)
          at java.util.stream.ReduceOps$ReduceOp.evaluateSequential(ReduceOps.java:921)
          at java.util.stream.AbstractPipeline.evaluate(AbstractPipeline.java:234)
          at java.util.stream.ReferencePipeline.collect(ReferencePipeline.java:682)
      when running class:
      package finos.traderx.messaging.socketio;
      @org.springframework.test.context.ContextConfiguration(classes = {finos.traderx.tradeprocessor.TradeFeedHandler.class})
      @org.junit.runner.RunWith(value = org.springframework.test.context.junit4.SpringRunner.class) // if JUnit 4
      @org.junit.jupiter.api.extension.ExtendWith(value = org.springframework.test.context.junit.jupiter.SpringExtension.class) // if JUnit 5
      public class DiffblueFakeClass4127 {
        @org.springframework.beans.factory.annotation.Autowired finos.traderx.messaging.socketio.SocketIOJSONSubscriber socketIOJSONSubscriber;
        @org.springframework.boot.test.mock.mockito.MockBean finos.traderx.tradeprocessor.service.TradeService tradeService;
        @org.junit.Test // if JUnit 4
        @org.junit.jupiter.api.Test // if JUnit 5
        public void testSpringContextLoads() {}
      }
      To avoid this error, consider adding a custom base class to setup static
      mocking for org.springframework.test.context.cache.DefaultCacheAwareContextLoaderDelegate.
      For details on how to set up a custom base class, please follow this link:
      https://docs.diffblue.com/features/cover-cli/writing-tests/custom-test-setup
      See https://diff.blue/R026 to resolve this issue.
      
INFO  Affected methods:
      finos.traderx.messaging.socketio.SocketIOJSONSubscriber.setDefaultTopic:(Ljava/lang/String;)V
      
INFO  To resolve the issue, use the following prompt with your AI assistant:
      
      Fix the following issue preventing test creation for:
      finos.traderx.messaging.socketio.SocketIOJSONSubscriber.setDefaultTopic:(Ljava/lang/String;)V
      
      Attempt to initialize test context failed with
      java.lang.IllegalStateException: ApplicationContext failure threshold (1) exceeded: skipping repeated attempt to load context for [MergedContextConfiguration@2bcfb559 testClass = finos.traderx.messaging.socketio.DiffblueFakeClass4127, locations = [], classes = [finos.traderx.tradeprocessor.TradeFeedHandler], contextInitializerClasses = [], activeProfiles = [], propertySourceDescriptors = [], propertySourceProperties = [], contextCustomizers = [org.springframework.boot.test.autoconfigure.actuate.observability.ObservabilityContextCustomizerFactory$DisableObservabilityContextCustomizer@1f, org.springframework.boot.test.autoconfigure.properties.PropertyMappingContextCustomizer@0, org.springframework.boot.test.autoconfigure.web.servlet.WebDriverContextCustomizer@1f197811, org.springframework.boot.test.context.filter.ExcludeFilterContextCustomizer@6ddd86fe, org.springframework.boot.test.json.DuplicateJsonObjectContextCustomizerFactory$DuplicateJsonObjectContextCustomizer@6882b792, org.springframework.boot.test.mock.mockito.MockitoContextCustomizer@fab8b2ea, org.springframework.boot.test.web.reactor.netty.DisableReactorResourceFactoryGlobalResourcesContextCustomizerFactory$DisableReactorResourceFactoryGlobalResourcesContextCustomizerCustomizer@2b58e889], contextLoader = org.springframework.test.context.support.DelegatingSmartContextLoader, parent = null]
          at org.springframework.test.context.cache.DefaultCacheAwareContextLoaderDelegate.loadContext(DefaultCacheAwareContextLoaderDelegate.java:145)
          at org.springframework.test.context.support.DefaultTestContext.getApplicationContext(DefaultTestContext.java:130)
          at java.util.stream.ReferencePipeline$3$1.accept(ReferencePipeline.java:197)
          at java.util.ArrayList$ArrayListSpliterator.forEachRemaining(ArrayList.java:1708)
          at java.util.stream.AbstractPipeline.copyInto(AbstractPipeline.java:509)
          at java.util.stream.AbstractPipeline.wrapAndCopyInto(AbstractPipeline.java:499)
          at java.util.stream.ReduceOps$ReduceOp.evaluateSequential(ReduceOps.java:921)
          at java.util.stream.AbstractPipeline.evaluate(AbstractPipeline.java:234)
          at java.util.stream.ReferencePipeline.collect(ReferencePipeline.java:682)
      when running class:
      package finos.traderx.messaging.socketio;
      @org.springframework.test.context.ContextConfiguration(classes = {finos.traderx.tradeprocessor.TradeFeedHandler.class})
      @org.junit.runner.RunWith(value = org.springframework.test.context.junit4.SpringRunner.class) // if JUnit 4
      @org.junit.jupiter.api.extension.ExtendWith(value = org.springframework.test.context.junit.jupiter.SpringExtension.class) // if JUnit 5
      public class DiffblueFakeClass4127 {
        @org.springframework.beans.factory.annotation.Autowired finos.traderx.messaging.socketio.SocketIOJSONSubscriber socketIOJSONSubscriber;
        @org.springframework.boot.test.mock.mockito.MockBean finos.traderx.tradeprocessor.service.TradeService tradeService;
        @org.junit.Test // if JUnit 4
        @org.junit.jupiter.api.Test // if JUnit 5
        public void testSpringContextLoads() {}
      }
      To avoid this error, consider adding a custom base class to setup static
      mocking for org.springframework.test.context.cache.DefaultCacheAwareContextLoaderDelegate.
      For details on how to set up a custom base class, please follow this link:
      https://docs.diffblue.com/features/cover-cli/writing-tests/custom-test-setup
      See https://diff.blue/R026 to resolve this issue.
      
INFO  
INFO  R026: Failed to create Spring context
      Attempt to initialize test context failed with
      java.lang.IllegalStateException: ApplicationContext failure threshold (1) exceeded: skipping repeated attempt to load context for [MergedContextConfiguration@4a84c748 testClass = finos.traderx.messaging.socketio.DiffblueFakeClass5665, locations = [], classes = [finos.traderx.tradeprocessor.TradeFeedHandler], contextInitializerClasses = [], activeProfiles = [], propertySourceDescriptors = [], propertySourceProperties = [], contextCustomizers = [org.springframework.boot.test.autoconfigure.actuate.observability.ObservabilityContextCustomizerFactory$DisableObservabilityContextCustomizer@1f, org.springframework.boot.test.autoconfigure.properties.PropertyMappingContextCustomizer@0, org.springframework.boot.test.autoconfigure.web.servlet.WebDriverContextCustomizer@1f197811, org.springframework.boot.test.context.filter.ExcludeFilterContextCustomizer@6ddd86fe, org.springframework.boot.test.json.DuplicateJsonObjectContextCustomizerFactory$DuplicateJsonObjectContextCustomizer@6882b792, org.springframework.boot.test.mock.mockito.MockitoContextCustomizer@fab8b2ea, org.springframework.boot.test.web.reactor.netty.DisableReactorResourceFactoryGlobalResourcesContextCustomizerFactory$DisableReactorResourceFactoryGlobalResourcesContextCustomizerCustomizer@2b58e889], contextLoader = org.springframework.test.context.support.DelegatingSmartContextLoader, parent = null]
          at org.springframework.test.context.cache.DefaultCacheAwareContextLoaderDelegate.loadContext(DefaultCacheAwareContextLoaderDelegate.java:145)
          at org.springframework.test.context.support.DefaultTestContext.getApplicationContext(DefaultTestContext.java:130)
          at java.util.stream.ReferencePipeline$3$1.accept(ReferencePipeline.java:197)
          at java.util.ArrayList$ArrayListSpliterator.forEachRemaining(ArrayList.java:1708)
          at java.util.stream.AbstractPipeline.copyInto(AbstractPipeline.java:509)
          at java.util.stream.AbstractPipeline.wrapAndCopyInto(AbstractPipeline.java:499)
          at java.util.stream.ReduceOps$ReduceOp.evaluateSequential(ReduceOps.java:921)
          at java.util.stream.AbstractPipeline.evaluate(AbstractPipeline.java:234)
          at java.util.stream.ReferencePipeline.collect(ReferencePipeline.java:682)
      when running class:
      package finos.traderx.messaging.socketio;
      @org.springframework.test.context.ContextConfiguration(classes = {finos.traderx.tradeprocessor.TradeFeedHandler.class})
      @org.junit.runner.RunWith(value = org.springframework.test.context.junit4.SpringRunner.class) // if JUnit 4
      @org.junit.jupiter.api.extension.ExtendWith(value = org.springframework.test.context.junit.jupiter.SpringExtension.class) // if JUnit 5
      public class DiffblueFakeClass5665 {
        @org.springframework.beans.factory.annotation.Autowired finos.traderx.messaging.socketio.SocketIOJSONSubscriber socketIOJSONSubscriber;
        @org.springframework.boot.test.mock.mockito.MockBean finos.traderx.tradeprocessor.service.TradeService tradeService;
        @org.junit.Test // if JUnit 4
        @org.junit.jupiter.api.Test // if JUnit 5
        public void testSpringContextLoads() {}
      }
      To avoid this error, consider adding a custom base class to setup static
      mocking for org.springframework.test.context.cache.DefaultCacheAwareContextLoaderDelegate.
      For details on how to set up a custom base class, please follow this link:
      https://docs.diffblue.com/features/cover-cli/writing-tests/custom-test-setup
      See https://diff.blue/R026 to resolve this issue.
      
INFO  Affected methods:
      finos.traderx.messaging.socketio.SocketIOJSONSubscriber.subscribe:(Ljava/lang/String;)V
      
INFO  To resolve the issue, use the following prompt with your AI assistant:
      
      Fix the following issue preventing test creation for:
      finos.traderx.messaging.socketio.SocketIOJSONSubscriber.subscribe:(Ljava/lang/String;)V
      
      Attempt to initialize test context failed with
      java.lang.IllegalStateException: ApplicationContext failure threshold (1) exceeded: skipping repeated attempt to load context for [MergedContextConfiguration@4a84c748 testClass = finos.traderx.messaging.socketio.DiffblueFakeClass5665, locations = [], classes = [finos.traderx.tradeprocessor.TradeFeedHandler], contextInitializerClasses = [], activeProfiles = [], propertySourceDescriptors = [], propertySourceProperties = [], contextCustomizers = [org.springframework.boot.test.autoconfigure.actuate.observability.ObservabilityContextCustomizerFactory$DisableObservabilityContextCustomizer@1f, org.springframework.boot.test.autoconfigure.properties.PropertyMappingContextCustomizer@0, org.springframework.boot.test.autoconfigure.web.servlet.WebDriverContextCustomizer@1f197811, org.springframework.boot.test.context.filter.ExcludeFilterContextCustomizer@6ddd86fe, org.springframework.boot.test.json.DuplicateJsonObjectContextCustomizerFactory$DuplicateJsonObjectContextCustomizer@6882b792, org.springframework.boot.test.mock.mockito.MockitoContextCustomizer@fab8b2ea, org.springframework.boot.test.web.reactor.netty.DisableReactorResourceFactoryGlobalResourcesContextCustomizerFactory$DisableReactorResourceFactoryGlobalResourcesContextCustomizerCustomizer@2b58e889], contextLoader = org.springframework.test.context.support.DelegatingSmartContextLoader, parent = null]
          at org.springframework.test.context.cache.DefaultCacheAwareContextLoaderDelegate.loadContext(DefaultCacheAwareContextLoaderDelegate.java:145)
          at org.springframework.test.context.support.DefaultTestContext.getApplicationContext(DefaultTestContext.java:130)
          at java.util.stream.ReferencePipeline$3$1.accept(ReferencePipeline.java:197)
          at java.util.ArrayList$ArrayListSpliterator.forEachRemaining(ArrayList.java:1708)
          at java.util.stream.AbstractPipeline.copyInto(AbstractPipeline.java:509)
          at java.util.stream.AbstractPipeline.wrapAndCopyInto(AbstractPipeline.java:499)
          at java.util.stream.ReduceOps$ReduceOp.evaluateSequential(ReduceOps.java:921)
          at java.util.stream.AbstractPipeline.evaluate(AbstractPipeline.java:234)
          at java.util.stream.ReferencePipeline.collect(ReferencePipeline.java:682)
      when running class:
      package finos.traderx.messaging.socketio;
      @org.springframework.test.context.ContextConfiguration(classes = {finos.traderx.tradeprocessor.TradeFeedHandler.class})
      @org.junit.runner.RunWith(value = org.springframework.test.context.junit4.SpringRunner.class) // if JUnit 4
      @org.junit.jupiter.api.extension.ExtendWith(value = org.springframework.test.context.junit.jupiter.SpringExtension.class) // if JUnit 5
      public class DiffblueFakeClass5665 {
        @org.springframework.beans.factory.annotation.Autowired finos.traderx.messaging.socketio.SocketIOJSONSubscriber socketIOJSONSubscriber;
        @org.springframework.boot.test.mock.mockito.MockBean finos.traderx.tradeprocessor.service.TradeService tradeService;
        @org.junit.Test // if JUnit 4
        @org.junit.jupiter.api.Test // if JUnit 5
        public void testSpringContextLoads() {}
      }
      To avoid this error, consider adding a custom base class to setup static
      mocking for org.springframework.test.context.cache.DefaultCacheAwareContextLoaderDelegate.
      For details on how to set up a custom base class, please follow this link:
      https://docs.diffblue.com/features/cover-cli/writing-tests/custom-test-setup
      See https://diff.blue/R026 to resolve this issue.
      
INFO  
INFO  R026: Failed to create Spring context
      Attempt to initialize test context failed with
      java.lang.IllegalStateException: ApplicationContext failure threshold (1) exceeded: skipping repeated attempt to load context for [MergedContextConfiguration@14b4f5d9 testClass = finos.traderx.messaging.socketio.DiffblueFakeClass6802, locations = [], classes = [finos.traderx.tradeprocessor.TradeFeedHandler], contextInitializerClasses = [], activeProfiles = [], propertySourceDescriptors = [], propertySourceProperties = [], contextCustomizers = [org.springframework.boot.test.autoconfigure.actuate.observability.ObservabilityContextCustomizerFactory$DisableObservabilityContextCustomizer@1f, org.springframework.boot.test.autoconfigure.properties.PropertyMappingContextCustomizer@0, org.springframework.boot.test.autoconfigure.web.servlet.WebDriverContextCustomizer@1f197811, org.springframework.boot.test.context.filter.ExcludeFilterContextCustomizer@6ddd86fe, org.springframework.boot.test.json.DuplicateJsonObjectContextCustomizerFactory$DuplicateJsonObjectContextCustomizer@6882b792, org.springframework.boot.test.mock.mockito.MockitoContextCustomizer@fab8b2ea, org.springframework.boot.test.web.reactor.netty.DisableReactorResourceFactoryGlobalResourcesContextCustomizerFactory$DisableReactorResourceFactoryGlobalResourcesContextCustomizerCustomizer@2b58e889], contextLoader = org.springframework.test.context.support.DelegatingSmartContextLoader, parent = null]
          at org.springframework.test.context.cache.DefaultCacheAwareContextLoaderDelegate.loadContext(DefaultCacheAwareContextLoaderDelegate.java:145)
          at org.springframework.test.context.support.DefaultTestContext.getApplicationContext(DefaultTestContext.java:130)
          at java.util.stream.ReferencePipeline$3$1.accept(ReferencePipeline.java:197)
          at java.util.ArrayList$ArrayListSpliterator.forEachRemaining(ArrayList.java:1708)
          at java.util.stream.AbstractPipeline.copyInto(AbstractPipeline.java:509)
          at java.util.stream.AbstractPipeline.wrapAndCopyInto(AbstractPipeline.java:499)
          at java.util.stream.ReduceOps$ReduceOp.evaluateSequential(ReduceOps.java:921)
          at java.util.stream.AbstractPipeline.evaluate(AbstractPipeline.java:234)
          at java.util.stream.ReferencePipeline.collect(ReferencePipeline.java:682)
      when running class:
      package finos.traderx.messaging.socketio;
      @org.springframework.test.context.ContextConfiguration(classes = {finos.traderx.tradeprocessor.TradeFeedHandler.class})
      @org.junit.runner.RunWith(value = org.springframework.test.context.junit4.SpringRunner.class) // if JUnit 4
      @org.junit.jupiter.api.extension.ExtendWith(value = org.springframework.test.context.junit.jupiter.SpringExtension.class) // if JUnit 5
      public class DiffblueFakeClass6802 {
        @org.springframework.beans.factory.annotation.Autowired finos.traderx.messaging.socketio.SocketIOJSONSubscriber socketIOJSONSubscriber;
        @org.springframework.boot.test.mock.mockito.MockBean finos.traderx.tradeprocessor.service.TradeService tradeService;
        @org.junit.Test // if JUnit 4
        @org.junit.jupiter.api.Test // if JUnit 5
        public void testSpringContextLoads() {}
      }
      To avoid this error, consider adding a custom base class to setup static
      mocking for org.springframework.test.context.cache.DefaultCacheAwareContextLoaderDelegate.
      For details on how to set up a custom base class, please follow this link:
      https://docs.diffblue.com/features/cover-cli/writing-tests/custom-test-setup
      See https://diff.blue/R026 to resolve this issue.
      
INFO  Affected methods:
      finos.traderx.messaging.socketio.SocketIOJSONSubscriber.unsubscribe:(Ljava/lang/String;)V
      
INFO  To resolve the issue, use the following prompt with your AI assistant:
      
      Fix the following issue preventing test creation for:
      finos.traderx.messaging.socketio.SocketIOJSONSubscriber.unsubscribe:(Ljava/lang/String;)V
      
      Attempt to initialize test context failed with
      java.lang.IllegalStateException: ApplicationContext failure threshold (1) exceeded: skipping repeated attempt to load context for [MergedContextConfiguration@14b4f5d9 testClass = finos.traderx.messaging.socketio.DiffblueFakeClass6802, locations = [], classes = [finos.traderx.tradeprocessor.TradeFeedHandler], contextInitializerClasses = [], activeProfiles = [], propertySourceDescriptors = [], propertySourceProperties = [], contextCustomizers = [org.springframework.boot.test.autoconfigure.actuate.observability.ObservabilityContextCustomizerFactory$DisableObservabilityContextCustomizer@1f, org.springframework.boot.test.autoconfigure.properties.PropertyMappingContextCustomizer@0, org.springframework.boot.test.autoconfigure.web.servlet.WebDriverContextCustomizer@1f197811, org.springframework.boot.test.context.filter.ExcludeFilterContextCustomizer@6ddd86fe, org.springframework.boot.test.json.DuplicateJsonObjectContextCustomizerFactory$DuplicateJsonObjectContextCustomizer@6882b792, org.springframework.boot.test.mock.mockito.MockitoContextCustomizer@fab8b2ea, org.springframework.boot.test.web.reactor.netty.DisableReactorResourceFactoryGlobalResourcesContextCustomizerFactory$DisableReactorResourceFactoryGlobalResourcesContextCustomizerCustomizer@2b58e889], contextLoader = org.springframework.test.context.support.DelegatingSmartContextLoader, parent = null]
          at org.springframework.test.context.cache.DefaultCacheAwareContextLoaderDelegate.loadContext(DefaultCacheAwareContextLoaderDelegate.java:145)
          at org.springframework.test.context.support.DefaultTestContext.getApplicationContext(DefaultTestContext.java:130)
          at java.util.stream.ReferencePipeline$3$1.accept(ReferencePipeline.java:197)
          at java.util.ArrayList$ArrayListSpliterator.forEachRemaining(ArrayList.java:1708)
          at java.util.stream.AbstractPipeline.copyInto(AbstractPipeline.java:509)
          at java.util.stream.AbstractPipeline.wrapAndCopyInto(AbstractPipeline.java:499)
          at java.util.stream.ReduceOps$ReduceOp.evaluateSequential(ReduceOps.java:921)
          at java.util.stream.AbstractPipeline.evaluate(AbstractPipeline.java:234)
          at java.util.stream.ReferencePipeline.collect(ReferencePipeline.java:682)
      when running class:
      package finos.traderx.messaging.socketio;
      @org.springframework.test.context.ContextConfiguration(classes = {finos.traderx.tradeprocessor.TradeFeedHandler.class})
      @org.junit.runner.RunWith(value = org.springframework.test.context.junit4.SpringRunner.class) // if JUnit 4
      @org.junit.jupiter.api.extension.ExtendWith(value = org.springframework.test.context.junit.jupiter.SpringExtension.class) // if JUnit 5
      public class DiffblueFakeClass6802 {
        @org.springframework.beans.factory.annotation.Autowired finos.traderx.messaging.socketio.SocketIOJSONSubscriber socketIOJSONSubscriber;
        @org.springframework.boot.test.mock.mockito.MockBean finos.traderx.tradeprocessor.service.TradeService tradeService;
        @org.junit.Test // if JUnit 4
        @org.junit.jupiter.api.Test // if JUnit 5
        public void testSpringContextLoads() {}
      }
      To avoid this error, consider adding a custom base class to setup static
      mocking for org.springframework.test.context.cache.DefaultCacheAwareContextLoaderDelegate.
      For details on how to set up a custom base class, please follow this link:
      https://docs.diffblue.com/features/cover-cli/writing-tests/custom-test-setup
      See https://diff.blue/R026 to resolve this issue.
      
INFO  
INFO  R026: Failed to create Spring context
      Attempt to initialize test context failed with
      java.lang.IllegalStateException: Failed to load ApplicationContext for [MergedContextConfiguration@3dc69e73 testClass = finos.traderx.tradeprocessor.DiffblueFakeClass7941, locations = [], classes = [finos.traderx.tradeprocessor.PubSubConfig], contextInitializerClasses = [], activeProfiles = [], propertySourceDescriptors = [], propertySourceProperties = [], contextCustomizers = [org.springframework.boot.test.autoconfigure.actuate.observability.ObservabilityContextCustomizerFactory$DisableObservabilityContextCustomizer@1f, org.springframework.boot.test.autoconfigure.properties.PropertyMappingContextCustomizer@0, org.springframework.boot.test.autoconfigure.web.servlet.WebDriverContextCustomizer@1f197811, org.springframework.boot.test.context.filter.ExcludeFilterContextCustomizer@6ddd86fe, org.springframework.boot.test.json.DuplicateJsonObjectContextCustomizerFactory$DuplicateJsonObjectContextCustomizer@6882b792, org.springframework.boot.test.mock.mockito.MockitoContextCustomizer@903ba0a, org.springframework.boot.test.web.reactor.netty.DisableReactorResourceFactoryGlobalResourcesContextCustomizerFactory$DisableReactorResourceFactoryGlobalResourcesContextCustomizerCustomizer@2b58e889], contextLoader = org.springframework.test.context.support.DelegatingSmartContextLoader, parent = null]
          at org.springframework.test.context.cache.DefaultCacheAwareContextLoaderDelegate.loadContext(DefaultCacheAwareContextLoaderDelegate.java:180)
          at org.springframework.test.context.support.DefaultTestContext.getApplicationContext(DefaultTestContext.java:130)
          at java.util.stream.ReferencePipeline$3$1.accept(ReferencePipeline.java:197)
          at java.util.ArrayList$ArrayListSpliterator.forEachRemaining(ArrayList.java:1708)
          at java.util.stream.AbstractPipeline.copyInto(AbstractPipeline.java:509)
          at java.util.stream.AbstractPipeline.wrapAndCopyInto(AbstractPipeline.java:499)
          at java.util.stream.ReduceOps$ReduceOp.evaluateSequential(ReduceOps.java:921)
          at java.util.stream.AbstractPipeline.evaluate(AbstractPipeline.java:234)
          at java.util.stream.ReferencePipeline.collect(ReferencePipeline.java:682)
      java.lang.IllegalStateException: Unable to register mock bean finos.traderx.messaging.Publisher<?> expected a single matching bean to replace but found [positionPublisher, tradePublisher]
          at org.springframework.boot.test.mock.mockito.MockitoPostProcessor.getBeanName(MockitoPostProcessor.java:220)
          at org.springframework.boot.test.mock.mockito.MockitoPostProcessor.registerMock(MockitoPostProcessor.java:177)
          at org.springframework.boot.test.mock.mockito.MockitoPostProcessor.register(MockitoPostProcessor.java:167)
          at org.springframework.boot.test.mock.mockito.MockitoPostProcessor.postProcessBeanFactory(MockitoPostProcessor.java:141)
          at org.springframework.boot.test.mock.mockito.MockitoPostProcessor.postProcessBeanFactory(MockitoPostProcessor.java:129)
          at org.springframework.context.support.PostProcessorRegistrationDelegate.invokeBeanFactoryPostProcessors(PostProcessorRegistrationDelegate.java:363)
          at org.springframework.context.support.PostProcessorRegistrationDelegate.invokeBeanFactoryPostProcessors(PostProcessorRegistrationDelegate.java:197)
          at org.springframework.context.support.AbstractApplicationContext.invokeBeanFactoryPostProcessors(AbstractApplicationContext.java:789)
          at org.springframework.context.support.AbstractApplicationContext.refresh(AbstractApplicationContext.java:607)
          at org.springframework.test.context.support.AbstractGenericContextLoader.loadContext(AbstractGenericContextLoader.java:221)
          at org.springframework.test.context.support.AbstractGenericContextLoader.loadContext(AbstractGenericContextLoader.java:110)
          at org.springframework.test.context.support.AbstractDelegatingSmartContextLoader.loadContext(AbstractDelegatingSmartContextLoader.java:212)
          at org.springframework.test.context.cache.DefaultCacheAwareContextLoaderDelegate.loadContextInternal(DefaultCacheAwareContextLoaderDelegate.java:225)
          at org.springframework.test.context.cache.DefaultCacheAwareContextLoaderDelegate.loadContext(DefaultCacheAwareContextLoaderDelegate.java:152)
          at org.springframework.test.context.support.DefaultTestContext.getApplicationContext(DefaultTestContext.java:130)
          at java.util.stream.ReferencePipeline$3$1.accept(ReferencePipeline.java:197)
          at java.util.ArrayList$ArrayListSpliterator.forEachRemaining(ArrayList.java:1708)
          at java.util.stream.AbstractPipeline.copyInto(AbstractPipeline.java:509)
          at java.util.stream.AbstractPipeline.wrapAndCopyInto(AbstractPipeline.java:499)
          at java.util.stream.ReduceOps$ReduceOp.evaluateSequential(ReduceOps.java:921)
          at java.util.stream.AbstractPipeline.evaluate(AbstractPipeline.java:234)
          at java.util.stream.ReferencePipeline.collect(ReferencePipeline.java:682)
      when running class:
      package finos.traderx.tradeprocessor;
      @org.springframework.test.context.ContextConfiguration(classes = {finos.traderx.tradeprocessor.PubSubConfig.class})
      @org.junit.runner.RunWith(value = org.springframework.test.context.junit4.SpringRunner.class) // if JUnit 4
      @org.junit.jupiter.api.extension.ExtendWith(value = org.springframework.test.context.junit.jupiter.SpringExtension.class) // if JUnit 5
      public class DiffblueFakeClass7941 {
        @org.springframework.beans.factory.annotation.Autowired finos.traderx.tradeprocessor.PubSubConfig pubSubConfig;
        @org.springframework.boot.test.mock.mockito.MockBean finos.traderx.messaging.Publisher publisher;
        @org.junit.Test // if JUnit 4
        @org.junit.jupiter.api.Test // if JUnit 5
        public void testSpringContextLoads() {}
      }
      To avoid this error, consider adding a custom base class to setup static
      mocking for org.springframework.boot.test.mock.mockito.MockitoPostProcessor.
      For details on how to set up a custom base class, please follow this link:
      https://docs.diffblue.com/features/cover-cli/writing-tests/custom-test-setup
      See https://diff.blue/R026 to resolve this issue.
      
INFO  Affected methods:
      finos.traderx.tradeprocessor.PubSubConfig.positionPublisher:()Lfinos/traderx/messaging/Publisher;
      
INFO  To resolve the issue, use the following prompt with your AI assistant:
      
      Fix the following issue preventing test creation for:
      finos.traderx.tradeprocessor.PubSubConfig.positionPublisher:()Lfinos/traderx/messaging/Publisher;
      
      Attempt to initialize test context failed with
      java.lang.IllegalStateException: Failed to load ApplicationContext for [MergedContextConfiguration@3dc69e73 testClass = finos.traderx.tradeprocessor.DiffblueFakeClass7941, locations = [], classes = [finos.traderx.tradeprocessor.PubSubConfig], contextInitializerClasses = [], activeProfiles = [], propertySourceDescriptors = [], propertySourceProperties = [], contextCustomizers = [org.springframework.boot.test.autoconfigure.actuate.observability.ObservabilityContextCustomizerFactory$DisableObservabilityContextCustomizer@1f, org.springframework.boot.test.autoconfigure.properties.PropertyMappingContextCustomizer@0, org.springframework.boot.test.autoconfigure.web.servlet.WebDriverContextCustomizer@1f197811, org.springframework.boot.test.context.filter.ExcludeFilterContextCustomizer@6ddd86fe, org.springframework.boot.test.json.DuplicateJsonObjectContextCustomizerFactory$DuplicateJsonObjectContextCustomizer@6882b792, org.springframework.boot.test.mock.mockito.MockitoContextCustomizer@903ba0a, org.springframework.boot.test.web.reactor.netty.DisableReactorResourceFactoryGlobalResourcesContextCustomizerFactory$DisableReactorResourceFactoryGlobalResourcesContextCustomizerCustomizer@2b58e889], contextLoader = org.springframework.test.context.support.DelegatingSmartContextLoader, parent = null]
          at org.springframework.test.context.cache.DefaultCacheAwareContextLoaderDelegate.loadContext(DefaultCacheAwareContextLoaderDelegate.java:180)
          at org.springframework.test.context.support.DefaultTestContext.getApplicationContext(DefaultTestContext.java:130)
          at java.util.stream.ReferencePipeline$3$1.accept(ReferencePipeline.java:197)
          at java.util.ArrayList$ArrayListSpliterator.forEachRemaining(ArrayList.java:1708)
          at java.util.stream.AbstractPipeline.copyInto(AbstractPipeline.java:509)
          at java.util.stream.AbstractPipeline.wrapAndCopyInto(AbstractPipeline.java:499)
          at java.util.stream.ReduceOps$ReduceOp.evaluateSequential(ReduceOps.java:921)
          at java.util.stream.AbstractPipeline.evaluate(AbstractPipeline.java:234)
          at java.util.stream.ReferencePipeline.collect(ReferencePipeline.java:682)
      java.lang.IllegalStateException: Unable to register mock bean finos.traderx.messaging.Publisher<?> expected a single matching bean to replace but found [positionPublisher, tradePublisher]
          at org.springframework.boot.test.mock.mockito.MockitoPostProcessor.getBeanName(MockitoPostProcessor.java:220)
          at org.springframework.boot.test.mock.mockito.MockitoPostProcessor.registerMock(MockitoPostProcessor.java:177)
          at org.springframework.boot.test.mock.mockito.MockitoPostProcessor.register(MockitoPostProcessor.java:167)
          at org.springframework.boot.test.mock.mockito.MockitoPostProcessor.postProcessBeanFactory(MockitoPostProcessor.java:141)
          at org.springframework.boot.test.mock.mockito.MockitoPostProcessor.postProcessBeanFactory(MockitoPostProcessor.java:129)
          at org.springframework.context.support.PostProcessorRegistrationDelegate.invokeBeanFactoryPostProcessors(PostProcessorRegistrationDelegate.java:363)
          at org.springframework.context.support.PostProcessorRegistrationDelegate.invokeBeanFactoryPostProcessors(PostProcessorRegistrationDelegate.java:197)
          at org.springframework.context.support.AbstractApplicationContext.invokeBeanFactoryPostProcessors(AbstractApplicationContext.java:789)
          at org.springframework.context.support.AbstractApplicationContext.refresh(AbstractApplicationContext.java:607)
          at org.springframework.test.context.support.AbstractGenericContextLoader.loadContext(AbstractGenericContextLoader.java:221)
          at org.springframework.test.context.support.AbstractGenericContextLoader.loadContext(AbstractGenericContextLoader.java:110)
          at org.springframework.test.context.support.AbstractDelegatingSmartContextLoader.loadContext(AbstractDelegatingSmartContextLoader.java:212)
          at org.springframework.test.context.cache.DefaultCacheAwareContextLoaderDelegate.loadContextInternal(DefaultCacheAwareContextLoaderDelegate.java:225)
          at org.springframework.test.context.cache.DefaultCacheAwareContextLoaderDelegate.loadContext(DefaultCacheAwareContextLoaderDelegate.java:152)
          at org.springframework.test.context.support.DefaultTestContext.getApplicationContext(DefaultTestContext.java:130)
          at java.util.stream.ReferencePipeline$3$1.accept(ReferencePipeline.java:197)
          at java.util.ArrayList$ArrayListSpliterator.forEachRemaining(ArrayList.java:1708)
          at java.util.stream.AbstractPipeline.copyInto(AbstractPipeline.java:509)
          at java.util.stream.AbstractPipeline.wrapAndCopyInto(AbstractPipeline.java:499)
          at java.util.stream.ReduceOps$ReduceOp.evaluateSequential(ReduceOps.java:921)
          at java.util.stream.AbstractPipeline.evaluate(AbstractPipeline.java:234)
          at java.util.stream.ReferencePipeline.collect(ReferencePipeline.java:682)
      when running class:
      package finos.traderx.tradeprocessor;
      @org.springframework.test.context.ContextConfiguration(classes = {finos.traderx.tradeprocessor.PubSubConfig.class})
      @org.junit.runner.RunWith(value = org.springframework.test.context.junit4.SpringRunner.class) // if JUnit 4
      @org.junit.jupiter.api.extension.ExtendWith(value = org.springframework.test.context.junit.jupiter.SpringExtension.class) // if JUnit 5
      public class DiffblueFakeClass7941 {
        @org.springframework.beans.factory.annotation.Autowired finos.traderx.tradeprocessor.PubSubConfig pubSubConfig;
        @org.springframework.boot.test.mock.mockito.MockBean finos.traderx.messaging.Publisher publisher;
        @org.junit.Test // if JUnit 4
        @org.junit.jupiter.api.Test // if JUnit 5
        public void testSpringContextLoads() {}
      }
      To avoid this error, consider adding a custom base class to setup static
      mocking for org.springframework.boot.test.mock.mockito.MockitoPostProcessor.
      For details on how to set up a custom base class, please follow this link:
      https://docs.diffblue.com/features/cover-cli/writing-tests/custom-test-setup
      See https://diff.blue/R026 to resolve this issue.
      
INFO  
INFO  R026: Failed to create Spring context
      Attempt to initialize test context failed with
      java.lang.IllegalStateException: ApplicationContext failure threshold (1) exceeded: skipping repeated attempt to load context for [MergedContextConfiguration@d2b734e testClass = finos.traderx.tradeprocessor.DiffblueFakeClass7950, locations = [], classes = [finos.traderx.tradeprocessor.PubSubConfig], contextInitializerClasses = [], activeProfiles = [], propertySourceDescriptors = [], propertySourceProperties = [], contextCustomizers = [org.springframework.boot.test.autoconfigure.actuate.observability.ObservabilityContextCustomizerFactory$DisableObservabilityContextCustomizer@1f, org.springframework.boot.test.autoconfigure.properties.PropertyMappingContextCustomizer@0, org.springframework.boot.test.autoconfigure.web.servlet.WebDriverContextCustomizer@1f197811, org.springframework.boot.test.context.filter.ExcludeFilterContextCustomizer@6ddd86fe, org.springframework.boot.test.json.DuplicateJsonObjectContextCustomizerFactory$DuplicateJsonObjectContextCustomizer@6882b792, org.springframework.boot.test.mock.mockito.MockitoContextCustomizer@0, org.springframework.boot.test.web.reactor.netty.DisableReactorResourceFactoryGlobalResourcesContextCustomizerFactory$DisableReactorResourceFactoryGlobalResourcesContextCustomizerCustomizer@2b58e889], contextLoader = org.springframework.test.context.support.DelegatingSmartContextLoader, parent = null]
          at org.springframework.test.context.cache.DefaultCacheAwareContextLoaderDelegate.loadContext(DefaultCacheAwareContextLoaderDelegate.java:145)
          at org.springframework.test.context.support.DefaultTestContext.getApplicationContext(DefaultTestContext.java:130)
          at java.util.stream.ReferencePipeline$3$1.accept(ReferencePipeline.java:197)
          at java.util.ArrayList$ArrayListSpliterator.forEachRemaining(ArrayList.java:1708)
          at java.util.stream.AbstractPipeline.copyInto(AbstractPipeline.java:509)
          at java.util.stream.AbstractPipeline.wrapAndCopyInto(AbstractPipeline.java:499)
          at java.util.stream.ReduceOps$ReduceOp.evaluateSequential(ReduceOps.java:921)
          at java.util.stream.AbstractPipeline.evaluate(AbstractPipeline.java:234)
          at java.util.stream.ReferencePipeline.collect(ReferencePipeline.java:682)
      when running class:
      package finos.traderx.tradeprocessor;
      @org.springframework.test.context.ContextConfiguration(classes = {finos.traderx.tradeprocessor.PubSubConfig.class})
      @org.junit.runner.RunWith(value = org.springframework.test.context.junit4.SpringRunner.class) // if JUnit 4
      @org.junit.jupiter.api.extension.ExtendWith(value = org.springframework.test.context.junit.jupiter.SpringExtension.class) // if JUnit 5
      public class DiffblueFakeClass7950 {
        @org.springframework.beans.factory.annotation.Autowired finos.traderx.tradeprocessor.PubSubConfig pubSubConfig;
        @org.junit.Test // if JUnit 4
        @org.junit.jupiter.api.Test // if JUnit 5
        public void testSpringContextLoads() {}
      }
      To avoid this error, consider adding a custom base class to setup static
      mocking for org.springframework.test.context.cache.DefaultCacheAwareContextLoaderDelegate.
      For details on how to set up a custom base class, please follow this link:
      https://docs.diffblue.com/features/cover-cli/writing-tests/custom-test-setup
      See https://diff.blue/R026 to resolve this issue.
      
INFO  Affected methods:
      finos.traderx.tradeprocessor.PubSubConfig.tradePublisher:()Lfinos/traderx/messaging/Publisher;
      
INFO  To resolve the issue, use the following prompt with your AI assistant:
      
      Fix the following issue preventing test creation for:
      finos.traderx.tradeprocessor.PubSubConfig.tradePublisher:()Lfinos/traderx/messaging/Publisher;
      
      Attempt to initialize test context failed with
      java.lang.IllegalStateException: ApplicationContext failure threshold (1) exceeded: skipping repeated attempt to load context for [MergedContextConfiguration@d2b734e testClass = finos.traderx.tradeprocessor.DiffblueFakeClass7950, locations = [], classes = [finos.traderx.tradeprocessor.PubSubConfig], contextInitializerClasses = [], activeProfiles = [], propertySourceDescriptors = [], propertySourceProperties = [], contextCustomizers = [org.springframework.boot.test.autoconfigure.actuate.observability.ObservabilityContextCustomizerFactory$DisableObservabilityContextCustomizer@1f, org.springframework.boot.test.autoconfigure.properties.PropertyMappingContextCustomizer@0, org.springframework.boot.test.autoconfigure.web.servlet.WebDriverContextCustomizer@1f197811, org.springframework.boot.test.context.filter.ExcludeFilterContextCustomizer@6ddd86fe, org.springframework.boot.test.json.DuplicateJsonObjectContextCustomizerFactory$DuplicateJsonObjectContextCustomizer@6882b792, org.springframework.boot.test.mock.mockito.MockitoContextCustomizer@0, org.springframework.boot.test.web.reactor.netty.DisableReactorResourceFactoryGlobalResourcesContextCustomizerFactory$DisableReactorResourceFactoryGlobalResourcesContextCustomizerCustomizer@2b58e889], contextLoader = org.springframework.test.context.support.DelegatingSmartContextLoader, parent = null]
          at org.springframework.test.context.cache.DefaultCacheAwareContextLoaderDelegate.loadContext(DefaultCacheAwareContextLoaderDelegate.java:145)
          at org.springframework.test.context.support.DefaultTestContext.getApplicationContext(DefaultTestContext.java:130)
          at java.util.stream.ReferencePipeline$3$1.accept(ReferencePipeline.java:197)
          at java.util.ArrayList$ArrayListSpliterator.forEachRemaining(ArrayList.java:1708)
          at java.util.stream.AbstractPipeline.copyInto(AbstractPipeline.java:509)
          at java.util.stream.AbstractPipeline.wrapAndCopyInto(AbstractPipeline.java:499)
          at java.util.stream.ReduceOps$ReduceOp.evaluateSequential(ReduceOps.java:921)
          at java.util.stream.AbstractPipeline.evaluate(AbstractPipeline.java:234)
          at java.util.stream.ReferencePipeline.collect(ReferencePipeline.java:682)
      when running class:
      package finos.traderx.tradeprocessor;
      @org.springframework.test.context.ContextConfiguration(classes = {finos.traderx.tradeprocessor.PubSubConfig.class})
      @org.junit.runner.RunWith(value = org.springframework.test.context.junit4.SpringRunner.class) // if JUnit 4
      @org.junit.jupiter.api.extension.ExtendWith(value = org.springframework.test.context.junit.jupiter.SpringExtension.class) // if JUnit 5
      public class DiffblueFakeClass7950 {
        @org.springframework.beans.factory.annotation.Autowired finos.traderx.tradeprocessor.PubSubConfig pubSubConfig;
        @org.junit.Test // if JUnit 4
        @org.junit.jupiter.api.Test // if JUnit 5
        public void testSpringContextLoads() {}
      }
      To avoid this error, consider adding a custom base class to setup static
      mocking for org.springframework.test.context.cache.DefaultCacheAwareContextLoaderDelegate.
      For details on how to set up a custom base class, please follow this link:
      https://docs.diffblue.com/features/cover-cli/writing-tests/custom-test-setup
      See https://diff.blue/R026 to resolve this issue.
      
INFO  
INFO  R028: Incomplete repository information
      Diffblue Cover cannot write tests because it wasn't able to fully understand
      your Spring Data Repository:
      Repository:  finos.traderx.tradeprocessor.repository.TradeRepository
      Data Type:   finos.traderx.tradeprocessor.model.Trade
      ID Type:     java.lang.Integer
      ID Getter:
      Save Method: org.springframework.data.repository.CrudRepository.save(Object)
      Is Entity an IdClass: false
      Diffblue Cover needs to understand the Data Type and the ID Type in order to
      write repository tests. Diffblue Cover also needs an ID Getter method that
      gets the identifier field from a Data Type instance, this should be annotated
      '@Id' and be of type ID Type. Alternatively, if using composite keys with
      '@IdClass', the entity class must be annotated with '@IdClass' which must
      reference the ID Type. Finally, better tests can be written if a Save Method
      is found taking a Data Type instance and storing it in the repository.
      Try extending 'CrudRepository' with concrete type parameters, or if the class
      should not be considered a repository then annotate the class with the
      '@NoRepositoryBean' annotation.
      Please contact Diffblue through the appropriate support channel
      (https://www.diffblue.com/support/) providing details about this error.
      
INFO  Affected methods:
      finos.traderx.tradeprocessor.repository.TradeRepository.count:()J
      finos.traderx.tradeprocessor.repository.TradeRepository.count:(Lorg/springframework/data/domain/Example;)J
      finos.traderx.tradeprocessor.repository.TradeRepository.delete:(Ljava/lang/Object;)V
      finos.traderx.tradeprocessor.repository.TradeRepository.deleteAll:()V
      finos.traderx.tradeprocessor.repository.TradeRepository.deleteAll:(Ljava/lang/Iterable;)V
      finos.traderx.tradeprocessor.repository.TradeRepository.deleteAllById:(Ljava/lang/Iterable;)V
      finos.traderx.tradeprocessor.repository.TradeRepository.deleteAllByIdInBatch:(Ljava/lang/Iterable;)V
      finos.traderx.tradeprocessor.repository.TradeRepository.deleteAllInBatch:()V
      finos.traderx.tradeprocessor.repository.TradeRepository.deleteAllInBatch:(Ljava/lang/Iterable;)V
      finos.traderx.tradeprocessor.repository.TradeRepository.deleteById:(Ljava/lang/Object;)V
      finos.traderx.tradeprocessor.repository.TradeRepository.deleteInBatch:(Ljava/lang/Iterable;)V
      finos.traderx.tradeprocessor.repository.TradeRepository.exists:(Lorg/springframework/data/domain/Example;)Z
      finos.traderx.tradeprocessor.repository.TradeRepository.existsById:(Ljava/lang/Object;)Z
      finos.traderx.tradeprocessor.repository.TradeRepository.findAll:()Ljava/util/List;
      finos.traderx.tradeprocessor.repository.TradeRepository.findAll:(Lorg/springframework/data/domain/Example;)Ljava/util/List;
      finos.traderx.tradeprocessor.repository.TradeRepository.findAll:(Lorg/springframework/data/domain/Example;Lorg/springframework/data/domain/Pageable;)Lorg/springframework/data/domain/Page;
      finos.traderx.tradeprocessor.repository.TradeRepository.findAll:(Lorg/springframework/data/domain/Example;Lorg/springframework/data/domain/Sort;)Ljava/util/List;
      finos.traderx.tradeprocessor.repository.TradeRepository.findAll:(Lorg/springframework/data/domain/Pageable;)Lorg/springframework/data/domain/Page;
      finos.traderx.tradeprocessor.repository.TradeRepository.findAll:(Lorg/springframework/data/domain/Sort;)Ljava/util/List;
      finos.traderx.tradeprocessor.repository.TradeRepository.findAllById:(Ljava/lang/Iterable;)Ljava/util/List;
      finos.traderx.tradeprocessor.repository.TradeRepository.findBy:(Lorg/springframework/data/domain/Example;Ljava/util/function/Function;)Ljava/lang/Object;
      finos.traderx.tradeprocessor.repository.TradeRepository.findByAccountId:(Ljava/lang/Integer;)Ljava/util/List;
      finos.traderx.tradeprocessor.repository.TradeRepository.findById:(Ljava/lang/Object;)Ljava/util/Optional;
      finos.traderx.tradeprocessor.repository.TradeRepository.findOne:(Lorg/springframework/data/domain/Example;)Ljava/util/Optional;
      finos.traderx.tradeprocessor.repository.TradeRepository.flush:()V
      finos.traderx.tradeprocessor.repository.TradeRepository.getById:(Ljava/lang/Object;)Ljava/lang/Object;
      finos.traderx.tradeprocessor.repository.TradeRepository.getOne:(Ljava/lang/Object;)Ljava/lang/Object;
      finos.traderx.tradeprocessor.repository.TradeRepository.getReferenceById:(Ljava/lang/Object;)Ljava/lang/Object;
      finos.traderx.tradeprocessor.repository.TradeRepository.save:(Ljava/lang/Object;)Ljava/lang/Object;
      finos.traderx.tradeprocessor.repository.TradeRepository.saveAll:(Ljava/lang/Iterable;)Ljava/util/List;
      finos.traderx.tradeprocessor.repository.TradeRepository.saveAllAndFlush:(Ljava/lang/Iterable;)Ljava/util/List;
      finos.traderx.tradeprocessor.repository.TradeRepository.saveAndFlush:(Ljava/lang/Object;)Ljava/lang/Object;
      
INFO  To resolve the issue, use the following prompt with your AI assistant:
      
      Fix the following issue preventing test creation for:
      finos.traderx.tradeprocessor.repository.TradeRepository.count:()J
      finos.traderx.tradeprocessor.repository.TradeRepository.count:(Lorg/springframework/data/domain/Example;)J
      finos.traderx.tradeprocessor.repository.TradeRepository.delete:(Ljava/lang/Object;)V
      finos.traderx.tradeprocessor.repository.TradeRepository.deleteAll:()V
      finos.traderx.tradeprocessor.repository.TradeRepository.deleteAll:(Ljava/lang/Iterable;)V
      finos.traderx.tradeprocessor.repository.TradeRepository.deleteAllById:(Ljava/lang/Iterable;)V
      finos.traderx.tradeprocessor.repository.TradeRepository.deleteAllByIdInBatch:(Ljava/lang/Iterable;)V
      finos.traderx.tradeprocessor.repository.TradeRepository.deleteAllInBatch:()V
      finos.traderx.tradeprocessor.repository.TradeRepository.deleteAllInBatch:(Ljava/lang/Iterable;)V
      finos.traderx.tradeprocessor.repository.TradeRepository.deleteById:(Ljava/lang/Object;)V
      finos.traderx.tradeprocessor.repository.TradeRepository.deleteInBatch:(Ljava/lang/Iterable;)V
      finos.traderx.tradeprocessor.repository.TradeRepository.exists:(Lorg/springframework/data/domain/Example;)Z
      finos.traderx.tradeprocessor.repository.TradeRepository.existsById:(Ljava/lang/Object;)Z
      finos.traderx.tradeprocessor.repository.TradeRepository.findAll:()Ljava/util/List;
      finos.traderx.tradeprocessor.repository.TradeRepository.findAll:(Lorg/springframework/data/domain/Example;)Ljava/util/List;
      finos.traderx.tradeprocessor.repository.TradeRepository.findAll:(Lorg/springframework/data/domain/Example;Lorg/springframework/data/domain/Pageable;)Lorg/springframework/data/domain/Page;
      finos.traderx.tradeprocessor.repository.TradeRepository.findAll:(Lorg/springframework/data/domain/Example;Lorg/springframework/data/domain/Sort;)Ljava/util/List;
      finos.traderx.tradeprocessor.repository.TradeRepository.findAll:(Lorg/springframework/data/domain/Pageable;)Lorg/springframework/data/domain/Page;
      finos.traderx.tradeprocessor.repository.TradeRepository.findAll:(Lorg/springframework/data/domain/Sort;)Ljava/util/List;
      finos.traderx.tradeprocessor.repository.TradeRepository.findAllById:(Ljava/lang/Iterable;)Ljava/util/List;
      finos.traderx.tradeprocessor.repository.TradeRepository.findBy:(Lorg/springframework/data/domain/Example;Ljava/util/function/Function;)Ljava/lang/Object;
      finos.traderx.tradeprocessor.repository.TradeRepository.findByAccountId:(Ljava/lang/Integer;)Ljava/util/List;
      finos.traderx.tradeprocessor.repository.TradeRepository.findById:(Ljava/lang/Object;)Ljava/util/Optional;
      finos.traderx.tradeprocessor.repository.TradeRepository.findOne:(Lorg/springframework/data/domain/Example;)Ljava/util/Optional;
      finos.traderx.tradeprocessor.repository.TradeRepository.flush:()V
      finos.traderx.tradeprocessor.repository.TradeRepository.getById:(Ljava/lang/Object;)Ljava/lang/Object;
      finos.traderx.tradeprocessor.repository.TradeRepository.getOne:(Ljava/lang/Object;)Ljava/lang/Object;
      finos.traderx.tradeprocessor.repository.TradeRepository.getReferenceById:(Ljava/lang/Object;)Ljava/lang/Object;
      finos.traderx.tradeprocessor.repository.TradeRepository.save:(Ljava/lang/Object;)Ljava/lang/Object;
      finos.traderx.tradeprocessor.repository.TradeRepository.saveAll:(Ljava/lang/Iterable;)Ljava/util/List;
      finos.traderx.tradeprocessor.repository.TradeRepository.saveAllAndFlush:(Ljava/lang/Iterable;)Ljava/util/List;
      finos.traderx.tradeprocessor.repository.TradeRepository.saveAndFlush:(Ljava/lang/Object;)Ljava/lang/Object;
      
      Diffblue Cover cannot write tests because it wasn't able to fully understand
      your Spring Data Repository:
      Repository:  finos.traderx.tradeprocessor.repository.TradeRepository
      Data Type:   finos.traderx.tradeprocessor.model.Trade
      ID Type:     java.lang.Integer
      ID Getter:
      Save Method: org.springframework.data.repository.CrudRepository.save(Object)
      Is Entity an IdClass: false
      Diffblue Cover needs to understand the Data Type and the ID Type in order to
      write repository tests. Diffblue Cover also needs an ID Getter method that
      gets the identifier field from a Data Type instance, this should be annotated
      '@Id' and be of type ID Type. Alternatively, if using composite keys with
      '@IdClass', the entity class must be annotated with '@IdClass' which must
      reference the ID Type. Finally, better tests can be written if a Save Method
      is found taking a Data Type instance and storing it in the repository.
      Try extending 'CrudRepository' with concrete type parameters, or if the class
      should not be considered a repository then annotate the class with the
      '@NoRepositoryBean' annotation.
      Please contact Diffblue through the appropriate support channel
      (https://www.diffblue.com/support/) providing details about this error.
      
INFO  
INFO  9 issues were found and displayed
INFO  Rerun without --prompts to summarise all the issues
INFO  
INFO  [4/5] Diagnosing issues for module: position-service
INFO  ====================================================
INFO  
INFO  Detected Java version 21.0.9
INFO  Selected build system: Gradle
INFO  Reading report file '/home/jbergqvist/diffblue/finos-traderX/position-service/.diffblue/reports/report.json'
INFO  Copied report file to '/home/jbergqvist/diffblue/finos-traderX/position-service/.diffblue/reports/report-20260113T113119.json'
INFO  
INFO  R013: No inputs found that don't throw a trivial exception
      Diffblue Cover tried to run the arrange/act section, but the test threw
      org.springframework.dao.InvalidDataAccessApiUsageException: Example must not be null
          at org.springframework.orm.jpa.EntityManagerFactoryUtils.convertJpaAccessExceptionIfPossible(EntityManagerFactoryUtils.java:371)
          at org.springframework.orm.jpa.vendor.HibernateJpaDialect.translateExceptionIfPossible(HibernateJpaDialect.java:246)
          at org.springframework.orm.jpa.AbstractEntityManagerFactoryBean.translateExceptionIfPossible(AbstractEntityManagerFactoryBean.java:550)
          at org.springframework.dao.support.ChainedPersistenceExceptionTranslator.translateExceptionIfPossible(ChainedPersistenceExceptionTranslator.java:61)
          at org.springframework.dao.support.DataAccessUtils.translateIfNecessary(DataAccessUtils.java:335)
          at org.springframework.dao.support.PersistenceExceptionTranslationInterceptor.invoke(PersistenceExceptionTranslationInterceptor.java:160)
          at org.springframework.aop.framework.ReflectiveMethodInvocation.proceed(ReflectiveMethodInvocation.java:184)
          at org.springframework.data.jpa.repository.support.CrudMethodMetadataPostProcessor$CrudMethodMetadataPopulatingMethodInterceptor.invoke(CrudMethodMetadataPostProcessor.java:165)
          at org.springframework.aop.framework.ReflectiveMethodInvocation.proceed(ReflectiveMethodInvocation.java:184)
          at org.springframework.aop.interceptor.ExposeInvocationInterceptor.invoke(ExposeInvocationInterceptor.java:97)
          at org.springframework.aop.framework.ReflectiveMethodInvocation.proceed(ReflectiveMethodInvocation.java:184)
          at org.springframework.aop.framework.JdkDynamicAopProxy.invoke(JdkDynamicAopProxy.java:223)
      In order to prevent the method under test
      from throwing InvalidDataAccessApiUsageException, add constructors or factory
      methods that make it easier to construct fully initialized objects used in
      the method under test.
      See https://diff.blue/R013 to resolve this issue.
      
INFO  Affected methods:
      finos.traderx.tradeprocessor.repository.PositionRepository.findBy:(Lorg/springframework/data/domain/Example;Ljava/util/function/Function;)Ljava/lang/Object;
      
INFO  To resolve the issue, use the following prompt with your AI assistant:
      
      We are unit testing `finos.traderx.tradeprocessor.repository.PositionRepository.findBy:(Lorg/springframework/data/domain/Example;Ljava/util/function/Function;)Ljava/lang/Object;`.
      
      Create a parameterless factory method for the problematic
      parameter/this object, determining which by reading the error message below.
      The new factory method should be in the test classpath, not production.
      Create a new factory class if there isn't already one for the class under test.
      Do not create a test yourself, only a factory (don't test the factory either).
      The factory must be annotated with `@com.diffblue.cover.annotations.InterestingTestFactory`.
      Avoid using mocks, these tend to produce unused stubbing errors or a
      `java.lang.NullPointerException`.
      If your environment has internet access then further documentation on
      factory methods for Cover can be found here:
      https://docs.diffblue.com/features/tutorials/increase-code-coverage#test-factory-pattern
      
      The factory should produce a parameter/this object such that
      the following exception does not occur:
      
      ```
      org.springframework.dao.InvalidDataAccessApiUsageException: Example must not be null
        at org.springframework.orm.jpa.EntityManagerFactoryUtils.convertJpaAccessExceptionIfPossible(EntityManagerFactoryUtils.java:371)
        at org.springframework.orm.jpa.vendor.HibernateJpaDialect.translateExceptionIfPossible(HibernateJpaDialect.java:246)
        at org.springframework.orm.jpa.AbstractEntityManagerFactoryBean.translateExceptionIfPossible(AbstractEntityManagerFactoryBean.java:550)
        at org.springframework.dao.support.ChainedPersistenceExceptionTranslator.translateExceptionIfPossible(ChainedPersistenceExceptionTranslator.java:61)
        at org.springframework.dao.support.DataAccessUtils.translateIfNecessary(DataAccessUtils.java:335)
        at org.springframework.dao.support.PersistenceExceptionTranslationInterceptor.invoke(PersistenceExceptionTranslationInterceptor.java:160)
        at org.springframework.aop.framework.ReflectiveMethodInvocation.proceed(ReflectiveMethodInvocation.java:184)
        at org.springframework.data.jpa.repository.support.CrudMethodMetadataPostProcessor$CrudMethodMetadataPopulatingMethodInterceptor.invoke(CrudMethodMetadataPostProcessor.java:165)
        at org.springframework.aop.framework.ReflectiveMethodInvocation.proceed(ReflectiveMethodInvocation.java:184)
        at org.springframework.aop.interceptor.ExposeInvocationInterceptor.invoke(ExposeInvocationInterceptor.java:97)
        at org.springframework.aop.framework.ReflectiveMethodInvocation.proceed(ReflectiveMethodInvocation.java:184)
        at org.springframework.aop.framework.JdkDynamicAopProxy.invoke(JdkDynamicAopProxy.java:223)
      java.lang.IllegalArgumentException: Example must not be null
        at org.springframework.util.Assert.notNull(Assert.java:172)
        at org.springframework.data.jpa.repository.support.SimpleJpaRepository.findBy(SimpleJpaRepository.java:594)
        at org.springframework.aop.support.AopUtils.invokeJoinpointUsingReflection(AopUtils.java:355)
        at org.springframework.data.repository.core.support.RepositoryMethodInvoker$RepositoryFragmentMethodInvoker.lambda$new$0(RepositoryMethodInvoker.java:277)
        at org.springframework.data.repository.core.support.RepositoryMethodInvoker.doInvoke(RepositoryMethodInvoker.java:170)
        at org.springframework.data.repository.core.support.RepositoryMethodInvoker.invoke(RepositoryMethodInvoker.java:158)
        at org.springframework.data.repository.core.support.RepositoryComposition$RepositoryFragments.invoke(RepositoryComposition.java:516)
        at org.springframework.data.repository.core.support.RepositoryComposition.invoke(RepositoryComposition.java:285)
        at org.springframework.data.repository.core.support.RepositoryFactorySupport$ImplementationMethodExecutionInterceptor.invoke(RepositoryFactorySupport.java:628)
        at org.springframework.aop.framework.ReflectiveMethodInvocation.proceed(ReflectiveMethodInvocation.java:184)
        at org.springframework.data.repository.core.support.QueryExecutorMethodInterceptor.doInvoke(QueryExecutorMethodInterceptor.java:173)
        at org.springframework.data.repository.core.support.QueryExecutorMethodInterceptor.invoke(QueryExecutorMethodInterceptor.java:148)
        at org.springframework.aop.framework.ReflectiveMethodInvocation.proceed(ReflectiveMethodInvocation.java:184)
        at org.springframework.data.projection.DefaultMethodInvokingMethodInterceptor.invoke(DefaultMethodInvokingMethodInterceptor.java:70)
        at org.springframework.aop.framework.ReflectiveMethodInvocation.proceed(ReflectiveMethodInvocation.java:184)
        at org.springframework.transaction.interceptor.TransactionAspectSupport.invokeWithinTransaction(TransactionAspectSupport.java:379)
        at org.springframework.transaction.interceptor.TransactionInterceptor.invoke(TransactionInterceptor.java:119)
        at org.springframework.aop.framework.ReflectiveMethodInvocation.proceed(ReflectiveMethodInvocation.java:184)
        at org.springframework.dao.support.PersistenceExceptionTranslationInterceptor.invoke(PersistenceExceptionTranslationInterceptor.java:138)
        at org.springframework.aop.framework.ReflectiveMethodInvocation.proceed(ReflectiveMethodInvocation.java:184)
        at org.springframework.data.jpa.repository.support.CrudMethodMetadataPostProcessor$CrudMethodMetadataPopulatingMethodInterceptor.invoke(CrudMethodMetadataPostProcessor.java:165)
        at org.springframework.aop.framework.ReflectiveMethodInvocation.proceed(ReflectiveMethodInvocation.java:184)
        at org.springframework.aop.interceptor.ExposeInvocationInterceptor.invoke(ExposeInvocationInterceptor.java:97)
        at org.springframework.aop.framework.ReflectiveMethodInvocation.proceed(ReflectiveMethodInvocation.java:184)
        at org.springframework.aop.framework.JdkDynamicAopProxy.invoke(JdkDynamicAopProxy.java:223)
      ```
      
      Recompile the project to make sure the new factory is available to Cover.
      For example run `mvn install -DskipTests` or `gradle install -x test`.
      
INFO  
INFO  R013: No inputs found that don't throw a trivial exception
      Diffblue Cover tried to run the arrange/act section, but the test threw
      org.springframework.dao.InvalidDataAccessApiUsageException: Example must not be null
          at org.springframework.orm.jpa.EntityManagerFactoryUtils.convertJpaAccessExceptionIfPossible(EntityManagerFactoryUtils.java:371)
          at org.springframework.orm.jpa.vendor.HibernateJpaDialect.translateExceptionIfPossible(HibernateJpaDialect.java:246)
          at org.springframework.orm.jpa.AbstractEntityManagerFactoryBean.translateExceptionIfPossible(AbstractEntityManagerFactoryBean.java:550)
          at org.springframework.dao.support.ChainedPersistenceExceptionTranslator.translateExceptionIfPossible(ChainedPersistenceExceptionTranslator.java:61)
          at org.springframework.dao.support.DataAccessUtils.translateIfNecessary(DataAccessUtils.java:335)
          at org.springframework.dao.support.PersistenceExceptionTranslationInterceptor.invoke(PersistenceExceptionTranslationInterceptor.java:160)
          at org.springframework.aop.framework.ReflectiveMethodInvocation.proceed(ReflectiveMethodInvocation.java:184)
          at org.springframework.data.jpa.repository.support.CrudMethodMetadataPostProcessor$CrudMethodMetadataPopulatingMethodInterceptor.invoke(CrudMethodMetadataPostProcessor.java:165)
          at org.springframework.aop.framework.ReflectiveMethodInvocation.proceed(ReflectiveMethodInvocation.java:184)
          at org.springframework.aop.interceptor.ExposeInvocationInterceptor.invoke(ExposeInvocationInterceptor.java:97)
          at org.springframework.aop.framework.ReflectiveMethodInvocation.proceed(ReflectiveMethodInvocation.java:184)
          at org.springframework.aop.framework.JdkDynamicAopProxy.invoke(JdkDynamicAopProxy.java:223)
      In order to prevent the method under test
      from throwing InvalidDataAccessApiUsageException, add constructors or factory
      methods that make it easier to construct fully initialized objects used in
      the method under test.
      See https://diff.blue/R013 to resolve this issue.
      
INFO  Affected methods:
      finos.traderx.positionservice.repository.PositionRepository.findBy:(Lorg/springframework/data/domain/Example;Ljava/util/function/Function;)Ljava/lang/Object;
      
INFO  To resolve the issue, use the following prompt with your AI assistant:
      
      We are unit testing `finos.traderx.positionservice.repository.PositionRepository.findBy:(Lorg/springframework/data/domain/Example;Ljava/util/function/Function;)Ljava/lang/Object;`.
      
      Create a parameterless factory method for the problematic
      parameter/this object, determining which by reading the error message below.
      The new factory method should be in the test classpath, not production.
      Create a new factory class if there isn't already one for the class under test.
      Do not create a test yourself, only a factory (don't test the factory either).
      The factory must be annotated with `@com.diffblue.cover.annotations.InterestingTestFactory`.
      Avoid using mocks, these tend to produce unused stubbing errors or a
      `java.lang.NullPointerException`.
      If your environment has internet access then further documentation on
      factory methods for Cover can be found here:
      https://docs.diffblue.com/features/tutorials/increase-code-coverage#test-factory-pattern
      
      The factory should produce a parameter/this object such that
      the following exception does not occur:
      
      ```
      org.springframework.dao.InvalidDataAccessApiUsageException: Example must not be null
        at org.springframework.orm.jpa.EntityManagerFactoryUtils.convertJpaAccessExceptionIfPossible(EntityManagerFactoryUtils.java:371)
        at org.springframework.orm.jpa.vendor.HibernateJpaDialect.translateExceptionIfPossible(HibernateJpaDialect.java:246)
        at org.springframework.orm.jpa.AbstractEntityManagerFactoryBean.translateExceptionIfPossible(AbstractEntityManagerFactoryBean.java:550)
        at org.springframework.dao.support.ChainedPersistenceExceptionTranslator.translateExceptionIfPossible(ChainedPersistenceExceptionTranslator.java:61)
        at org.springframework.dao.support.DataAccessUtils.translateIfNecessary(DataAccessUtils.java:335)
        at org.springframework.dao.support.PersistenceExceptionTranslationInterceptor.invoke(PersistenceExceptionTranslationInterceptor.java:160)
        at org.springframework.aop.framework.ReflectiveMethodInvocation.proceed(ReflectiveMethodInvocation.java:184)
        at org.springframework.data.jpa.repository.support.CrudMethodMetadataPostProcessor$CrudMethodMetadataPopulatingMethodInterceptor.invoke(CrudMethodMetadataPostProcessor.java:165)
        at org.springframework.aop.framework.ReflectiveMethodInvocation.proceed(ReflectiveMethodInvocation.java:184)
        at org.springframework.aop.interceptor.ExposeInvocationInterceptor.invoke(ExposeInvocationInterceptor.java:97)
        at org.springframework.aop.framework.ReflectiveMethodInvocation.proceed(ReflectiveMethodInvocation.java:184)
        at org.springframework.aop.framework.JdkDynamicAopProxy.invoke(JdkDynamicAopProxy.java:223)
      java.lang.IllegalArgumentException: Example must not be null
        at org.springframework.util.Assert.notNull(Assert.java:172)
        at org.springframework.data.jpa.repository.support.SimpleJpaRepository.findBy(SimpleJpaRepository.java:594)
        at org.springframework.aop.support.AopUtils.invokeJoinpointUsingReflection(AopUtils.java:355)
        at org.springframework.data.repository.core.support.RepositoryMethodInvoker$RepositoryFragmentMethodInvoker.lambda$new$0(RepositoryMethodInvoker.java:277)
        at org.springframework.data.repository.core.support.RepositoryMethodInvoker.doInvoke(RepositoryMethodInvoker.java:170)
        at org.springframework.data.repository.core.support.RepositoryMethodInvoker.invoke(RepositoryMethodInvoker.java:158)
        at org.springframework.data.repository.core.support.RepositoryComposition$RepositoryFragments.invoke(RepositoryComposition.java:516)
        at org.springframework.data.repository.core.support.RepositoryComposition.invoke(RepositoryComposition.java:285)
        at org.springframework.data.repository.core.support.RepositoryFactorySupport$ImplementationMethodExecutionInterceptor.invoke(RepositoryFactorySupport.java:628)
        at org.springframework.aop.framework.ReflectiveMethodInvocation.proceed(ReflectiveMethodInvocation.java:184)
        at org.springframework.data.repository.core.support.QueryExecutorMethodInterceptor.doInvoke(QueryExecutorMethodInterceptor.java:173)
        at org.springframework.data.repository.core.support.QueryExecutorMethodInterceptor.invoke(QueryExecutorMethodInterceptor.java:148)
        at org.springframework.aop.framework.ReflectiveMethodInvocation.proceed(ReflectiveMethodInvocation.java:184)
        at org.springframework.data.projection.DefaultMethodInvokingMethodInterceptor.invoke(DefaultMethodInvokingMethodInterceptor.java:70)
        at org.springframework.aop.framework.ReflectiveMethodInvocation.proceed(ReflectiveMethodInvocation.java:184)
        at org.springframework.transaction.interceptor.TransactionAspectSupport.invokeWithinTransaction(TransactionAspectSupport.java:379)
        at org.springframework.transaction.interceptor.TransactionInterceptor.invoke(TransactionInterceptor.java:119)
        at org.springframework.aop.framework.ReflectiveMethodInvocation.proceed(ReflectiveMethodInvocation.java:184)
        at org.springframework.dao.support.PersistenceExceptionTranslationInterceptor.invoke(PersistenceExceptionTranslationInterceptor.java:138)
        at org.springframework.aop.framework.ReflectiveMethodInvocation.proceed(ReflectiveMethodInvocation.java:184)
        at org.springframework.data.jpa.repository.support.CrudMethodMetadataPostProcessor$CrudMethodMetadataPopulatingMethodInterceptor.invoke(CrudMethodMetadataPostProcessor.java:165)
        at org.springframework.aop.framework.ReflectiveMethodInvocation.proceed(ReflectiveMethodInvocation.java:184)
        at org.springframework.aop.interceptor.ExposeInvocationInterceptor.invoke(ExposeInvocationInterceptor.java:97)
        at org.springframework.aop.framework.ReflectiveMethodInvocation.proceed(ReflectiveMethodInvocation.java:184)
        at org.springframework.aop.framework.JdkDynamicAopProxy.invoke(JdkDynamicAopProxy.java:223)
      ```
      
      Recompile the project to make sure the new factory is available to Cover.
      For example run `mvn install -DskipTests` or `gradle install -x test`.
      
INFO  
INFO  R026: Failed to create Spring context
      Attempt to initialize test context failed with
      java.lang.IllegalStateException: ApplicationContext failure threshold (1) exceeded: skipping repeated attempt to load context for [MergedContextConfiguration@2f2e6dca testClass = finos.traderx.messaging.socketio.DiffblueFakeClass1444, locations = [], classes = [finos.traderx.tradeprocessor.TradeFeedHandler], contextInitializerClasses = [], activeProfiles = [], propertySourceDescriptors = [], propertySourceProperties = [], contextCustomizers = [org.springframework.boot.test.autoconfigure.actuate.observability.ObservabilityContextCustomizerFactory$DisableObservabilityContextCustomizer@1f, org.springframework.boot.test.autoconfigure.properties.PropertyMappingContextCustomizer@0, org.springframework.boot.test.autoconfigure.web.servlet.WebDriverContextCustomizer@1f197811, org.springframework.boot.test.context.filter.ExcludeFilterContextCustomizer@6ddd86fe, org.springframework.boot.test.json.DuplicateJsonObjectContextCustomizerFactory$DuplicateJsonObjectContextCustomizer@6882b792, org.springframework.boot.test.mock.mockito.MockitoContextCustomizer@fab8b2ea, org.springframework.boot.test.web.reactor.netty.DisableReactorResourceFactoryGlobalResourcesContextCustomizerFactory$DisableReactorResourceFactoryGlobalResourcesContextCustomizerCustomizer@2b58e889], contextLoader = org.springframework.test.context.support.DelegatingSmartContextLoader, parent = null]
          at org.springframework.test.context.cache.DefaultCacheAwareContextLoaderDelegate.loadContext(DefaultCacheAwareContextLoaderDelegate.java:145)
          at org.springframework.test.context.support.DefaultTestContext.getApplicationContext(DefaultTestContext.java:130)
          at java.util.stream.ReferencePipeline$3$1.accept(ReferencePipeline.java:197)
          at java.util.ArrayList$ArrayListSpliterator.forEachRemaining(ArrayList.java:1708)
          at java.util.stream.AbstractPipeline.copyInto(AbstractPipeline.java:509)
          at java.util.stream.AbstractPipeline.wrapAndCopyInto(AbstractPipeline.java:499)
          at java.util.stream.ReduceOps$ReduceOp.evaluateSequential(ReduceOps.java:921)
          at java.util.stream.AbstractPipeline.evaluate(AbstractPipeline.java:234)
          at java.util.stream.ReferencePipeline.collect(ReferencePipeline.java:682)
      when running class:
      package finos.traderx.messaging.socketio;
      @org.springframework.test.context.ContextConfiguration(classes = {finos.traderx.tradeprocessor.TradeFeedHandler.class})
      @org.junit.runner.RunWith(value = org.springframework.test.context.junit4.SpringRunner.class) // if JUnit 4
      @org.junit.jupiter.api.extension.ExtendWith(value = org.springframework.test.context.junit.jupiter.SpringExtension.class) // if JUnit 5
      public class DiffblueFakeClass1444 {
        @org.springframework.beans.factory.annotation.Autowired finos.traderx.messaging.socketio.SocketIOJSONSubscriber socketIOJSONSubscriber;
        @org.springframework.boot.test.mock.mockito.MockBean finos.traderx.tradeprocessor.service.TradeService tradeService;
        @org.junit.Test // if JUnit 4
        @org.junit.jupiter.api.Test // if JUnit 5
        public void testSpringContextLoads() {}
      }
      To avoid this error, consider adding a custom base class to setup static
      mocking for org.springframework.test.context.cache.DefaultCacheAwareContextLoaderDelegate.
      For details on how to set up a custom base class, please follow this link:
      https://docs.diffblue.com/features/cover-cli/writing-tests/custom-test-setup
      See https://diff.blue/R026 to resolve this issue.
      
INFO  Affected methods:
      finos.traderx.messaging.socketio.SocketIOJSONSubscriber.disconnect:()V
      
INFO  To resolve the issue, use the following prompt with your AI assistant:
      
      Fix the following issue preventing test creation for:
      finos.traderx.messaging.socketio.SocketIOJSONSubscriber.disconnect:()V
      
      Attempt to initialize test context failed with
      java.lang.IllegalStateException: ApplicationContext failure threshold (1) exceeded: skipping repeated attempt to load context for [MergedContextConfiguration@2f2e6dca testClass = finos.traderx.messaging.socketio.DiffblueFakeClass1444, locations = [], classes = [finos.traderx.tradeprocessor.TradeFeedHandler], contextInitializerClasses = [], activeProfiles = [], propertySourceDescriptors = [], propertySourceProperties = [], contextCustomizers = [org.springframework.boot.test.autoconfigure.actuate.observability.ObservabilityContextCustomizerFactory$DisableObservabilityContextCustomizer@1f, org.springframework.boot.test.autoconfigure.properties.PropertyMappingContextCustomizer@0, org.springframework.boot.test.autoconfigure.web.servlet.WebDriverContextCustomizer@1f197811, org.springframework.boot.test.context.filter.ExcludeFilterContextCustomizer@6ddd86fe, org.springframework.boot.test.json.DuplicateJsonObjectContextCustomizerFactory$DuplicateJsonObjectContextCustomizer@6882b792, org.springframework.boot.test.mock.mockito.MockitoContextCustomizer@fab8b2ea, org.springframework.boot.test.web.reactor.netty.DisableReactorResourceFactoryGlobalResourcesContextCustomizerFactory$DisableReactorResourceFactoryGlobalResourcesContextCustomizerCustomizer@2b58e889], contextLoader = org.springframework.test.context.support.DelegatingSmartContextLoader, parent = null]
          at org.springframework.test.context.cache.DefaultCacheAwareContextLoaderDelegate.loadContext(DefaultCacheAwareContextLoaderDelegate.java:145)
          at org.springframework.test.context.support.DefaultTestContext.getApplicationContext(DefaultTestContext.java:130)
          at java.util.stream.ReferencePipeline$3$1.accept(ReferencePipeline.java:197)
          at java.util.ArrayList$ArrayListSpliterator.forEachRemaining(ArrayList.java:1708)
          at java.util.stream.AbstractPipeline.copyInto(AbstractPipeline.java:509)
          at java.util.stream.AbstractPipeline.wrapAndCopyInto(AbstractPipeline.java:499)
          at java.util.stream.ReduceOps$ReduceOp.evaluateSequential(ReduceOps.java:921)
          at java.util.stream.AbstractPipeline.evaluate(AbstractPipeline.java:234)
          at java.util.stream.ReferencePipeline.collect(ReferencePipeline.java:682)
      when running class:
      package finos.traderx.messaging.socketio;
      @org.springframework.test.context.ContextConfiguration(classes = {finos.traderx.tradeprocessor.TradeFeedHandler.class})
      @org.junit.runner.RunWith(value = org.springframework.test.context.junit4.SpringRunner.class) // if JUnit 4
      @org.junit.jupiter.api.extension.ExtendWith(value = org.springframework.test.context.junit.jupiter.SpringExtension.class) // if JUnit 5
      public class DiffblueFakeClass1444 {
        @org.springframework.beans.factory.annotation.Autowired finos.traderx.messaging.socketio.SocketIOJSONSubscriber socketIOJSONSubscriber;
        @org.springframework.boot.test.mock.mockito.MockBean finos.traderx.tradeprocessor.service.TradeService tradeService;
        @org.junit.Test // if JUnit 4
        @org.junit.jupiter.api.Test // if JUnit 5
        public void testSpringContextLoads() {}
      }
      To avoid this error, consider adding a custom base class to setup static
      mocking for org.springframework.test.context.cache.DefaultCacheAwareContextLoaderDelegate.
      For details on how to set up a custom base class, please follow this link:
      https://docs.diffblue.com/features/cover-cli/writing-tests/custom-test-setup
      See https://diff.blue/R026 to resolve this issue.
      
INFO  
INFO  R026: Failed to create Spring context
      Attempt to initialize test context failed with
      java.lang.IllegalStateException: ApplicationContext failure threshold (1) exceeded: skipping repeated attempt to load context for [MergedContextConfiguration@621a065e testClass = finos.traderx.messaging.socketio.DiffblueFakeClass2764, locations = [], classes = [finos.traderx.tradeprocessor.TradeFeedHandler], contextInitializerClasses = [], activeProfiles = [], propertySourceDescriptors = [], propertySourceProperties = [], contextCustomizers = [org.springframework.boot.test.autoconfigure.actuate.observability.ObservabilityContextCustomizerFactory$DisableObservabilityContextCustomizer@1f, org.springframework.boot.test.autoconfigure.properties.PropertyMappingContextCustomizer@0, org.springframework.boot.test.autoconfigure.web.servlet.WebDriverContextCustomizer@1f197811, org.springframework.boot.test.context.filter.ExcludeFilterContextCustomizer@6ddd86fe, org.springframework.boot.test.json.DuplicateJsonObjectContextCustomizerFactory$DuplicateJsonObjectContextCustomizer@6882b792, org.springframework.boot.test.mock.mockito.MockitoContextCustomizer@fab8b2ea, org.springframework.boot.test.web.reactor.netty.DisableReactorResourceFactoryGlobalResourcesContextCustomizerFactory$DisableReactorResourceFactoryGlobalResourcesContextCustomizerCustomizer@2b58e889], contextLoader = org.springframework.test.context.support.DelegatingSmartContextLoader, parent = null]
          at org.springframework.test.context.cache.DefaultCacheAwareContextLoaderDelegate.loadContext(DefaultCacheAwareContextLoaderDelegate.java:145)
          at org.springframework.test.context.support.DefaultTestContext.getApplicationContext(DefaultTestContext.java:130)
          at java.util.stream.ReferencePipeline$3$1.accept(ReferencePipeline.java:197)
          at java.util.ArrayList$ArrayListSpliterator.forEachRemaining(ArrayList.java:1708)
          at java.util.stream.AbstractPipeline.copyInto(AbstractPipeline.java:509)
          at java.util.stream.AbstractPipeline.wrapAndCopyInto(AbstractPipeline.java:499)
          at java.util.stream.ReduceOps$ReduceOp.evaluateSequential(ReduceOps.java:921)
          at java.util.stream.AbstractPipeline.evaluate(AbstractPipeline.java:234)
          at java.util.stream.ReferencePipeline.collect(ReferencePipeline.java:682)
      when running class:
      package finos.traderx.messaging.socketio;
      @org.springframework.test.context.ContextConfiguration(classes = {finos.traderx.tradeprocessor.TradeFeedHandler.class})
      @org.junit.runner.RunWith(value = org.springframework.test.context.junit4.SpringRunner.class) // if JUnit 4
      @org.junit.jupiter.api.extension.ExtendWith(value = org.springframework.test.context.junit.jupiter.SpringExtension.class) // if JUnit 5
      public class DiffblueFakeClass2764 {
        @org.springframework.beans.factory.annotation.Autowired finos.traderx.messaging.socketio.SocketIOJSONSubscriber socketIOJSONSubscriber;
        @org.springframework.boot.test.mock.mockito.MockBean finos.traderx.tradeprocessor.service.TradeService tradeService;
        @org.junit.Test // if JUnit 4
        @org.junit.jupiter.api.Test // if JUnit 5
        public void testSpringContextLoads() {}
      }
      To avoid this error, consider adding a custom base class to setup static
      mocking for org.springframework.test.context.cache.DefaultCacheAwareContextLoaderDelegate.
      For details on how to set up a custom base class, please follow this link:
      https://docs.diffblue.com/features/cover-cli/writing-tests/custom-test-setup
      See https://diff.blue/R026 to resolve this issue.
      
INFO  Affected methods:
      finos.traderx.messaging.socketio.SocketIOJSONSubscriber.internalConnect:(Ljava/net/URI;)Lio/socket/client/Socket;
      
INFO  To resolve the issue, use the following prompt with your AI assistant:
      
      Fix the following issue preventing test creation for:
      finos.traderx.messaging.socketio.SocketIOJSONSubscriber.internalConnect:(Ljava/net/URI;)Lio/socket/client/Socket;
      
      Attempt to initialize test context failed with
      java.lang.IllegalStateException: ApplicationContext failure threshold (1) exceeded: skipping repeated attempt to load context for [MergedContextConfiguration@621a065e testClass = finos.traderx.messaging.socketio.DiffblueFakeClass2764, locations = [], classes = [finos.traderx.tradeprocessor.TradeFeedHandler], contextInitializerClasses = [], activeProfiles = [], propertySourceDescriptors = [], propertySourceProperties = [], contextCustomizers = [org.springframework.boot.test.autoconfigure.actuate.observability.ObservabilityContextCustomizerFactory$DisableObservabilityContextCustomizer@1f, org.springframework.boot.test.autoconfigure.properties.PropertyMappingContextCustomizer@0, org.springframework.boot.test.autoconfigure.web.servlet.WebDriverContextCustomizer@1f197811, org.springframework.boot.test.context.filter.ExcludeFilterContextCustomizer@6ddd86fe, org.springframework.boot.test.json.DuplicateJsonObjectContextCustomizerFactory$DuplicateJsonObjectContextCustomizer@6882b792, org.springframework.boot.test.mock.mockito.MockitoContextCustomizer@fab8b2ea, org.springframework.boot.test.web.reactor.netty.DisableReactorResourceFactoryGlobalResourcesContextCustomizerFactory$DisableReactorResourceFactoryGlobalResourcesContextCustomizerCustomizer@2b58e889], contextLoader = org.springframework.test.context.support.DelegatingSmartContextLoader, parent = null]
          at org.springframework.test.context.cache.DefaultCacheAwareContextLoaderDelegate.loadContext(DefaultCacheAwareContextLoaderDelegate.java:145)
          at org.springframework.test.context.support.DefaultTestContext.getApplicationContext(DefaultTestContext.java:130)
          at java.util.stream.ReferencePipeline$3$1.accept(ReferencePipeline.java:197)
          at java.util.ArrayList$ArrayListSpliterator.forEachRemaining(ArrayList.java:1708)
          at java.util.stream.AbstractPipeline.copyInto(AbstractPipeline.java:509)
          at java.util.stream.AbstractPipeline.wrapAndCopyInto(AbstractPipeline.java:499)
          at java.util.stream.ReduceOps$ReduceOp.evaluateSequential(ReduceOps.java:921)
          at java.util.stream.AbstractPipeline.evaluate(AbstractPipeline.java:234)
          at java.util.stream.ReferencePipeline.collect(ReferencePipeline.java:682)
      when running class:
      package finos.traderx.messaging.socketio;
      @org.springframework.test.context.ContextConfiguration(classes = {finos.traderx.tradeprocessor.TradeFeedHandler.class})
      @org.junit.runner.RunWith(value = org.springframework.test.context.junit4.SpringRunner.class) // if JUnit 4
      @org.junit.jupiter.api.extension.ExtendWith(value = org.springframework.test.context.junit.jupiter.SpringExtension.class) // if JUnit 5
      public class DiffblueFakeClass2764 {
        @org.springframework.beans.factory.annotation.Autowired finos.traderx.messaging.socketio.SocketIOJSONSubscriber socketIOJSONSubscriber;
        @org.springframework.boot.test.mock.mockito.MockBean finos.traderx.tradeprocessor.service.TradeService tradeService;
        @org.junit.Test // if JUnit 4
        @org.junit.jupiter.api.Test // if JUnit 5
        public void testSpringContextLoads() {}
      }
      To avoid this error, consider adding a custom base class to setup static
      mocking for org.springframework.test.context.cache.DefaultCacheAwareContextLoaderDelegate.
      For details on how to set up a custom base class, please follow this link:
      https://docs.diffblue.com/features/cover-cli/writing-tests/custom-test-setup
      See https://diff.blue/R026 to resolve this issue.
      
INFO  
INFO  R026: Failed to create Spring context
      Attempt to initialize test context failed with
      java.lang.IllegalStateException: ApplicationContext failure threshold (1) exceeded: skipping repeated attempt to load context for [MergedContextConfiguration@2bcfb559 testClass = finos.traderx.messaging.socketio.DiffblueFakeClass4127, locations = [], classes = [finos.traderx.tradeprocessor.TradeFeedHandler], contextInitializerClasses = [], activeProfiles = [], propertySourceDescriptors = [], propertySourceProperties = [], contextCustomizers = [org.springframework.boot.test.autoconfigure.actuate.observability.ObservabilityContextCustomizerFactory$DisableObservabilityContextCustomizer@1f, org.springframework.boot.test.autoconfigure.properties.PropertyMappingContextCustomizer@0, org.springframework.boot.test.autoconfigure.web.servlet.WebDriverContextCustomizer@1f197811, org.springframework.boot.test.context.filter.ExcludeFilterContextCustomizer@6ddd86fe, org.springframework.boot.test.json.DuplicateJsonObjectContextCustomizerFactory$DuplicateJsonObjectContextCustomizer@6882b792, org.springframework.boot.test.mock.mockito.MockitoContextCustomizer@fab8b2ea, org.springframework.boot.test.web.reactor.netty.DisableReactorResourceFactoryGlobalResourcesContextCustomizerFactory$DisableReactorResourceFactoryGlobalResourcesContextCustomizerCustomizer@2b58e889], contextLoader = org.springframework.test.context.support.DelegatingSmartContextLoader, parent = null]
          at org.springframework.test.context.cache.DefaultCacheAwareContextLoaderDelegate.loadContext(DefaultCacheAwareContextLoaderDelegate.java:145)
          at org.springframework.test.context.support.DefaultTestContext.getApplicationContext(DefaultTestContext.java:130)
          at java.util.stream.ReferencePipeline$3$1.accept(ReferencePipeline.java:197)
          at java.util.ArrayList$ArrayListSpliterator.forEachRemaining(ArrayList.java:1708)
          at java.util.stream.AbstractPipeline.copyInto(AbstractPipeline.java:509)
          at java.util.stream.AbstractPipeline.wrapAndCopyInto(AbstractPipeline.java:499)
          at java.util.stream.ReduceOps$ReduceOp.evaluateSequential(ReduceOps.java:921)
          at java.util.stream.AbstractPipeline.evaluate(AbstractPipeline.java:234)
          at java.util.stream.ReferencePipeline.collect(ReferencePipeline.java:682)
      when running class:
      package finos.traderx.messaging.socketio;
      @org.springframework.test.context.ContextConfiguration(classes = {finos.traderx.tradeprocessor.TradeFeedHandler.class})
      @org.junit.runner.RunWith(value = org.springframework.test.context.junit4.SpringRunner.class) // if JUnit 4
      @org.junit.jupiter.api.extension.ExtendWith(value = org.springframework.test.context.junit.jupiter.SpringExtension.class) // if JUnit 5
      public class DiffblueFakeClass4127 {
        @org.springframework.beans.factory.annotation.Autowired finos.traderx.messaging.socketio.SocketIOJSONSubscriber socketIOJSONSubscriber;
        @org.springframework.boot.test.mock.mockito.MockBean finos.traderx.tradeprocessor.service.TradeService tradeService;
        @org.junit.Test // if JUnit 4
        @org.junit.jupiter.api.Test // if JUnit 5
        public void testSpringContextLoads() {}
      }
      To avoid this error, consider adding a custom base class to setup static
      mocking for org.springframework.test.context.cache.DefaultCacheAwareContextLoaderDelegate.
      For details on how to set up a custom base class, please follow this link:
      https://docs.diffblue.com/features/cover-cli/writing-tests/custom-test-setup
      See https://diff.blue/R026 to resolve this issue.
      
INFO  Affected methods:
      finos.traderx.messaging.socketio.SocketIOJSONSubscriber.setDefaultTopic:(Ljava/lang/String;)V
      
INFO  To resolve the issue, use the following prompt with your AI assistant:
      
      Fix the following issue preventing test creation for:
      finos.traderx.messaging.socketio.SocketIOJSONSubscriber.setDefaultTopic:(Ljava/lang/String;)V
      
      Attempt to initialize test context failed with
      java.lang.IllegalStateException: ApplicationContext failure threshold (1) exceeded: skipping repeated attempt to load context for [MergedContextConfiguration@2bcfb559 testClass = finos.traderx.messaging.socketio.DiffblueFakeClass4127, locations = [], classes = [finos.traderx.tradeprocessor.TradeFeedHandler], contextInitializerClasses = [], activeProfiles = [], propertySourceDescriptors = [], propertySourceProperties = [], contextCustomizers = [org.springframework.boot.test.autoconfigure.actuate.observability.ObservabilityContextCustomizerFactory$DisableObservabilityContextCustomizer@1f, org.springframework.boot.test.autoconfigure.properties.PropertyMappingContextCustomizer@0, org.springframework.boot.test.autoconfigure.web.servlet.WebDriverContextCustomizer@1f197811, org.springframework.boot.test.context.filter.ExcludeFilterContextCustomizer@6ddd86fe, org.springframework.boot.test.json.DuplicateJsonObjectContextCustomizerFactory$DuplicateJsonObjectContextCustomizer@6882b792, org.springframework.boot.test.mock.mockito.MockitoContextCustomizer@fab8b2ea, org.springframework.boot.test.web.reactor.netty.DisableReactorResourceFactoryGlobalResourcesContextCustomizerFactory$DisableReactorResourceFactoryGlobalResourcesContextCustomizerCustomizer@2b58e889], contextLoader = org.springframework.test.context.support.DelegatingSmartContextLoader, parent = null]
          at org.springframework.test.context.cache.DefaultCacheAwareContextLoaderDelegate.loadContext(DefaultCacheAwareContextLoaderDelegate.java:145)
          at org.springframework.test.context.support.DefaultTestContext.getApplicationContext(DefaultTestContext.java:130)
          at java.util.stream.ReferencePipeline$3$1.accept(ReferencePipeline.java:197)
          at java.util.ArrayList$ArrayListSpliterator.forEachRemaining(ArrayList.java:1708)
          at java.util.stream.AbstractPipeline.copyInto(AbstractPipeline.java:509)
          at java.util.stream.AbstractPipeline.wrapAndCopyInto(AbstractPipeline.java:499)
          at java.util.stream.ReduceOps$ReduceOp.evaluateSequential(ReduceOps.java:921)
          at java.util.stream.AbstractPipeline.evaluate(AbstractPipeline.java:234)
          at java.util.stream.ReferencePipeline.collect(ReferencePipeline.java:682)
      when running class:
      package finos.traderx.messaging.socketio;
      @org.springframework.test.context.ContextConfiguration(classes = {finos.traderx.tradeprocessor.TradeFeedHandler.class})
      @org.junit.runner.RunWith(value = org.springframework.test.context.junit4.SpringRunner.class) // if JUnit 4
      @org.junit.jupiter.api.extension.ExtendWith(value = org.springframework.test.context.junit.jupiter.SpringExtension.class) // if JUnit 5
      public class DiffblueFakeClass4127 {
        @org.springframework.beans.factory.annotation.Autowired finos.traderx.messaging.socketio.SocketIOJSONSubscriber socketIOJSONSubscriber;
        @org.springframework.boot.test.mock.mockito.MockBean finos.traderx.tradeprocessor.service.TradeService tradeService;
        @org.junit.Test // if JUnit 4
        @org.junit.jupiter.api.Test // if JUnit 5
        public void testSpringContextLoads() {}
      }
      To avoid this error, consider adding a custom base class to setup static
      mocking for org.springframework.test.context.cache.DefaultCacheAwareContextLoaderDelegate.
      For details on how to set up a custom base class, please follow this link:
      https://docs.diffblue.com/features/cover-cli/writing-tests/custom-test-setup
      See https://diff.blue/R026 to resolve this issue.
      
INFO  
INFO  R026: Failed to create Spring context
      Attempt to initialize test context failed with
      java.lang.IllegalStateException: ApplicationContext failure threshold (1) exceeded: skipping repeated attempt to load context for [MergedContextConfiguration@4a84c748 testClass = finos.traderx.messaging.socketio.DiffblueFakeClass5665, locations = [], classes = [finos.traderx.tradeprocessor.TradeFeedHandler], contextInitializerClasses = [], activeProfiles = [], propertySourceDescriptors = [], propertySourceProperties = [], contextCustomizers = [org.springframework.boot.test.autoconfigure.actuate.observability.ObservabilityContextCustomizerFactory$DisableObservabilityContextCustomizer@1f, org.springframework.boot.test.autoconfigure.properties.PropertyMappingContextCustomizer@0, org.springframework.boot.test.autoconfigure.web.servlet.WebDriverContextCustomizer@1f197811, org.springframework.boot.test.context.filter.ExcludeFilterContextCustomizer@6ddd86fe, org.springframework.boot.test.json.DuplicateJsonObjectContextCustomizerFactory$DuplicateJsonObjectContextCustomizer@6882b792, org.springframework.boot.test.mock.mockito.MockitoContextCustomizer@fab8b2ea, org.springframework.boot.test.web.reactor.netty.DisableReactorResourceFactoryGlobalResourcesContextCustomizerFactory$DisableReactorResourceFactoryGlobalResourcesContextCustomizerCustomizer@2b58e889], contextLoader = org.springframework.test.context.support.DelegatingSmartContextLoader, parent = null]
          at org.springframework.test.context.cache.DefaultCacheAwareContextLoaderDelegate.loadContext(DefaultCacheAwareContextLoaderDelegate.java:145)
          at org.springframework.test.context.support.DefaultTestContext.getApplicationContext(DefaultTestContext.java:130)
          at java.util.stream.ReferencePipeline$3$1.accept(ReferencePipeline.java:197)
          at java.util.ArrayList$ArrayListSpliterator.forEachRemaining(ArrayList.java:1708)
          at java.util.stream.AbstractPipeline.copyInto(AbstractPipeline.java:509)
          at java.util.stream.AbstractPipeline.wrapAndCopyInto(AbstractPipeline.java:499)
          at java.util.stream.ReduceOps$ReduceOp.evaluateSequential(ReduceOps.java:921)
          at java.util.stream.AbstractPipeline.evaluate(AbstractPipeline.java:234)
          at java.util.stream.ReferencePipeline.collect(ReferencePipeline.java:682)
      when running class:
      package finos.traderx.messaging.socketio;
      @org.springframework.test.context.ContextConfiguration(classes = {finos.traderx.tradeprocessor.TradeFeedHandler.class})
      @org.junit.runner.RunWith(value = org.springframework.test.context.junit4.SpringRunner.class) // if JUnit 4
      @org.junit.jupiter.api.extension.ExtendWith(value = org.springframework.test.context.junit.jupiter.SpringExtension.class) // if JUnit 5
      public class DiffblueFakeClass5665 {
        @org.springframework.beans.factory.annotation.Autowired finos.traderx.messaging.socketio.SocketIOJSONSubscriber socketIOJSONSubscriber;
        @org.springframework.boot.test.mock.mockito.MockBean finos.traderx.tradeprocessor.service.TradeService tradeService;
        @org.junit.Test // if JUnit 4
        @org.junit.jupiter.api.Test // if JUnit 5
        public void testSpringContextLoads() {}
      }
      To avoid this error, consider adding a custom base class to setup static
      mocking for org.springframework.test.context.cache.DefaultCacheAwareContextLoaderDelegate.
      For details on how to set up a custom base class, please follow this link:
      https://docs.diffblue.com/features/cover-cli/writing-tests/custom-test-setup
      See https://diff.blue/R026 to resolve this issue.
      
INFO  Affected methods:
      finos.traderx.messaging.socketio.SocketIOJSONSubscriber.subscribe:(Ljava/lang/String;)V
      
INFO  To resolve the issue, use the following prompt with your AI assistant:
      
      Fix the following issue preventing test creation for:
      finos.traderx.messaging.socketio.SocketIOJSONSubscriber.subscribe:(Ljava/lang/String;)V
      
      Attempt to initialize test context failed with
      java.lang.IllegalStateException: ApplicationContext failure threshold (1) exceeded: skipping repeated attempt to load context for [MergedContextConfiguration@4a84c748 testClass = finos.traderx.messaging.socketio.DiffblueFakeClass5665, locations = [], classes = [finos.traderx.tradeprocessor.TradeFeedHandler], contextInitializerClasses = [], activeProfiles = [], propertySourceDescriptors = [], propertySourceProperties = [], contextCustomizers = [org.springframework.boot.test.autoconfigure.actuate.observability.ObservabilityContextCustomizerFactory$DisableObservabilityContextCustomizer@1f, org.springframework.boot.test.autoconfigure.properties.PropertyMappingContextCustomizer@0, org.springframework.boot.test.autoconfigure.web.servlet.WebDriverContextCustomizer@1f197811, org.springframework.boot.test.context.filter.ExcludeFilterContextCustomizer@6ddd86fe, org.springframework.boot.test.json.DuplicateJsonObjectContextCustomizerFactory$DuplicateJsonObjectContextCustomizer@6882b792, org.springframework.boot.test.mock.mockito.MockitoContextCustomizer@fab8b2ea, org.springframework.boot.test.web.reactor.netty.DisableReactorResourceFactoryGlobalResourcesContextCustomizerFactory$DisableReactorResourceFactoryGlobalResourcesContextCustomizerCustomizer@2b58e889], contextLoader = org.springframework.test.context.support.DelegatingSmartContextLoader, parent = null]
          at org.springframework.test.context.cache.DefaultCacheAwareContextLoaderDelegate.loadContext(DefaultCacheAwareContextLoaderDelegate.java:145)
          at org.springframework.test.context.support.DefaultTestContext.getApplicationContext(DefaultTestContext.java:130)
          at java.util.stream.ReferencePipeline$3$1.accept(ReferencePipeline.java:197)
          at java.util.ArrayList$ArrayListSpliterator.forEachRemaining(ArrayList.java:1708)
          at java.util.stream.AbstractPipeline.copyInto(AbstractPipeline.java:509)
          at java.util.stream.AbstractPipeline.wrapAndCopyInto(AbstractPipeline.java:499)
          at java.util.stream.ReduceOps$ReduceOp.evaluateSequential(ReduceOps.java:921)
          at java.util.stream.AbstractPipeline.evaluate(AbstractPipeline.java:234)
          at java.util.stream.ReferencePipeline.collect(ReferencePipeline.java:682)
      when running class:
      package finos.traderx.messaging.socketio;
      @org.springframework.test.context.ContextConfiguration(classes = {finos.traderx.tradeprocessor.TradeFeedHandler.class})
      @org.junit.runner.RunWith(value = org.springframework.test.context.junit4.SpringRunner.class) // if JUnit 4
      @org.junit.jupiter.api.extension.ExtendWith(value = org.springframework.test.context.junit.jupiter.SpringExtension.class) // if JUnit 5
      public class DiffblueFakeClass5665 {
        @org.springframework.beans.factory.annotation.Autowired finos.traderx.messaging.socketio.SocketIOJSONSubscriber socketIOJSONSubscriber;
        @org.springframework.boot.test.mock.mockito.MockBean finos.traderx.tradeprocessor.service.TradeService tradeService;
        @org.junit.Test // if JUnit 4
        @org.junit.jupiter.api.Test // if JUnit 5
        public void testSpringContextLoads() {}
      }
      To avoid this error, consider adding a custom base class to setup static
      mocking for org.springframework.test.context.cache.DefaultCacheAwareContextLoaderDelegate.
      For details on how to set up a custom base class, please follow this link:
      https://docs.diffblue.com/features/cover-cli/writing-tests/custom-test-setup
      See https://diff.blue/R026 to resolve this issue.
      
INFO  
INFO  R026: Failed to create Spring context
      Attempt to initialize test context failed with
      java.lang.IllegalStateException: ApplicationContext failure threshold (1) exceeded: skipping repeated attempt to load context for [MergedContextConfiguration@14b4f5d9 testClass = finos.traderx.messaging.socketio.DiffblueFakeClass6802, locations = [], classes = [finos.traderx.tradeprocessor.TradeFeedHandler], contextInitializerClasses = [], activeProfiles = [], propertySourceDescriptors = [], propertySourceProperties = [], contextCustomizers = [org.springframework.boot.test.autoconfigure.actuate.observability.ObservabilityContextCustomizerFactory$DisableObservabilityContextCustomizer@1f, org.springframework.boot.test.autoconfigure.properties.PropertyMappingContextCustomizer@0, org.springframework.boot.test.autoconfigure.web.servlet.WebDriverContextCustomizer@1f197811, org.springframework.boot.test.context.filter.ExcludeFilterContextCustomizer@6ddd86fe, org.springframework.boot.test.json.DuplicateJsonObjectContextCustomizerFactory$DuplicateJsonObjectContextCustomizer@6882b792, org.springframework.boot.test.mock.mockito.MockitoContextCustomizer@fab8b2ea, org.springframework.boot.test.web.reactor.netty.DisableReactorResourceFactoryGlobalResourcesContextCustomizerFactory$DisableReactorResourceFactoryGlobalResourcesContextCustomizerCustomizer@2b58e889], contextLoader = org.springframework.test.context.support.DelegatingSmartContextLoader, parent = null]
          at org.springframework.test.context.cache.DefaultCacheAwareContextLoaderDelegate.loadContext(DefaultCacheAwareContextLoaderDelegate.java:145)
          at org.springframework.test.context.support.DefaultTestContext.getApplicationContext(DefaultTestContext.java:130)
          at java.util.stream.ReferencePipeline$3$1.accept(ReferencePipeline.java:197)
          at java.util.ArrayList$ArrayListSpliterator.forEachRemaining(ArrayList.java:1708)
          at java.util.stream.AbstractPipeline.copyInto(AbstractPipeline.java:509)
          at java.util.stream.AbstractPipeline.wrapAndCopyInto(AbstractPipeline.java:499)
          at java.util.stream.ReduceOps$ReduceOp.evaluateSequential(ReduceOps.java:921)
          at java.util.stream.AbstractPipeline.evaluate(AbstractPipeline.java:234)
          at java.util.stream.ReferencePipeline.collect(ReferencePipeline.java:682)
      when running class:
      package finos.traderx.messaging.socketio;
      @org.springframework.test.context.ContextConfiguration(classes = {finos.traderx.tradeprocessor.TradeFeedHandler.class})
      @org.junit.runner.RunWith(value = org.springframework.test.context.junit4.SpringRunner.class) // if JUnit 4
      @org.junit.jupiter.api.extension.ExtendWith(value = org.springframework.test.context.junit.jupiter.SpringExtension.class) // if JUnit 5
      public class DiffblueFakeClass6802 {
        @org.springframework.beans.factory.annotation.Autowired finos.traderx.messaging.socketio.SocketIOJSONSubscriber socketIOJSONSubscriber;
        @org.springframework.boot.test.mock.mockito.MockBean finos.traderx.tradeprocessor.service.TradeService tradeService;
        @org.junit.Test // if JUnit 4
        @org.junit.jupiter.api.Test // if JUnit 5
        public void testSpringContextLoads() {}
      }
      To avoid this error, consider adding a custom base class to setup static
      mocking for org.springframework.test.context.cache.DefaultCacheAwareContextLoaderDelegate.
      For details on how to set up a custom base class, please follow this link:
      https://docs.diffblue.com/features/cover-cli/writing-tests/custom-test-setup
      See https://diff.blue/R026 to resolve this issue.
      
INFO  Affected methods:
      finos.traderx.messaging.socketio.SocketIOJSONSubscriber.unsubscribe:(Ljava/lang/String;)V
      
INFO  To resolve the issue, use the following prompt with your AI assistant:
      
      Fix the following issue preventing test creation for:
      finos.traderx.messaging.socketio.SocketIOJSONSubscriber.unsubscribe:(Ljava/lang/String;)V
      
      Attempt to initialize test context failed with
      java.lang.IllegalStateException: ApplicationContext failure threshold (1) exceeded: skipping repeated attempt to load context for [MergedContextConfiguration@14b4f5d9 testClass = finos.traderx.messaging.socketio.DiffblueFakeClass6802, locations = [], classes = [finos.traderx.tradeprocessor.TradeFeedHandler], contextInitializerClasses = [], activeProfiles = [], propertySourceDescriptors = [], propertySourceProperties = [], contextCustomizers = [org.springframework.boot.test.autoconfigure.actuate.observability.ObservabilityContextCustomizerFactory$DisableObservabilityContextCustomizer@1f, org.springframework.boot.test.autoconfigure.properties.PropertyMappingContextCustomizer@0, org.springframework.boot.test.autoconfigure.web.servlet.WebDriverContextCustomizer@1f197811, org.springframework.boot.test.context.filter.ExcludeFilterContextCustomizer@6ddd86fe, org.springframework.boot.test.json.DuplicateJsonObjectContextCustomizerFactory$DuplicateJsonObjectContextCustomizer@6882b792, org.springframework.boot.test.mock.mockito.MockitoContextCustomizer@fab8b2ea, org.springframework.boot.test.web.reactor.netty.DisableReactorResourceFactoryGlobalResourcesContextCustomizerFactory$DisableReactorResourceFactoryGlobalResourcesContextCustomizerCustomizer@2b58e889], contextLoader = org.springframework.test.context.support.DelegatingSmartContextLoader, parent = null]
          at org.springframework.test.context.cache.DefaultCacheAwareContextLoaderDelegate.loadContext(DefaultCacheAwareContextLoaderDelegate.java:145)
          at org.springframework.test.context.support.DefaultTestContext.getApplicationContext(DefaultTestContext.java:130)
          at java.util.stream.ReferencePipeline$3$1.accept(ReferencePipeline.java:197)
          at java.util.ArrayList$ArrayListSpliterator.forEachRemaining(ArrayList.java:1708)
          at java.util.stream.AbstractPipeline.copyInto(AbstractPipeline.java:509)
          at java.util.stream.AbstractPipeline.wrapAndCopyInto(AbstractPipeline.java:499)
          at java.util.stream.ReduceOps$ReduceOp.evaluateSequential(ReduceOps.java:921)
          at java.util.stream.AbstractPipeline.evaluate(AbstractPipeline.java:234)
          at java.util.stream.ReferencePipeline.collect(ReferencePipeline.java:682)
      when running class:
      package finos.traderx.messaging.socketio;
      @org.springframework.test.context.ContextConfiguration(classes = {finos.traderx.tradeprocessor.TradeFeedHandler.class})
      @org.junit.runner.RunWith(value = org.springframework.test.context.junit4.SpringRunner.class) // if JUnit 4
      @org.junit.jupiter.api.extension.ExtendWith(value = org.springframework.test.context.junit.jupiter.SpringExtension.class) // if JUnit 5
      public class DiffblueFakeClass6802 {
        @org.springframework.beans.factory.annotation.Autowired finos.traderx.messaging.socketio.SocketIOJSONSubscriber socketIOJSONSubscriber;
        @org.springframework.boot.test.mock.mockito.MockBean finos.traderx.tradeprocessor.service.TradeService tradeService;
        @org.junit.Test // if JUnit 4
        @org.junit.jupiter.api.Test // if JUnit 5
        public void testSpringContextLoads() {}
      }
      To avoid this error, consider adding a custom base class to setup static
      mocking for org.springframework.test.context.cache.DefaultCacheAwareContextLoaderDelegate.
      For details on how to set up a custom base class, please follow this link:
      https://docs.diffblue.com/features/cover-cli/writing-tests/custom-test-setup
      See https://diff.blue/R026 to resolve this issue.
      
INFO  
INFO  R026: Failed to create Spring context
      Attempt to initialize test context failed with
      java.lang.IllegalStateException: Failed to load ApplicationContext for [MergedContextConfiguration@3dc69e73 testClass = finos.traderx.tradeprocessor.DiffblueFakeClass7941, locations = [], classes = [finos.traderx.tradeprocessor.PubSubConfig], contextInitializerClasses = [], activeProfiles = [], propertySourceDescriptors = [], propertySourceProperties = [], contextCustomizers = [org.springframework.boot.test.autoconfigure.actuate.observability.ObservabilityContextCustomizerFactory$DisableObservabilityContextCustomizer@1f, org.springframework.boot.test.autoconfigure.properties.PropertyMappingContextCustomizer@0, org.springframework.boot.test.autoconfigure.web.servlet.WebDriverContextCustomizer@1f197811, org.springframework.boot.test.context.filter.ExcludeFilterContextCustomizer@6ddd86fe, org.springframework.boot.test.json.DuplicateJsonObjectContextCustomizerFactory$DuplicateJsonObjectContextCustomizer@6882b792, org.springframework.boot.test.mock.mockito.MockitoContextCustomizer@903ba0a, org.springframework.boot.test.web.reactor.netty.DisableReactorResourceFactoryGlobalResourcesContextCustomizerFactory$DisableReactorResourceFactoryGlobalResourcesContextCustomizerCustomizer@2b58e889], contextLoader = org.springframework.test.context.support.DelegatingSmartContextLoader, parent = null]
          at org.springframework.test.context.cache.DefaultCacheAwareContextLoaderDelegate.loadContext(DefaultCacheAwareContextLoaderDelegate.java:180)
          at org.springframework.test.context.support.DefaultTestContext.getApplicationContext(DefaultTestContext.java:130)
          at java.util.stream.ReferencePipeline$3$1.accept(ReferencePipeline.java:197)
          at java.util.ArrayList$ArrayListSpliterator.forEachRemaining(ArrayList.java:1708)
          at java.util.stream.AbstractPipeline.copyInto(AbstractPipeline.java:509)
          at java.util.stream.AbstractPipeline.wrapAndCopyInto(AbstractPipeline.java:499)
          at java.util.stream.ReduceOps$ReduceOp.evaluateSequential(ReduceOps.java:921)
          at java.util.stream.AbstractPipeline.evaluate(AbstractPipeline.java:234)
          at java.util.stream.ReferencePipeline.collect(ReferencePipeline.java:682)
      java.lang.IllegalStateException: Unable to register mock bean finos.traderx.messaging.Publisher<?> expected a single matching bean to replace but found [positionPublisher, tradePublisher]
          at org.springframework.boot.test.mock.mockito.MockitoPostProcessor.getBeanName(MockitoPostProcessor.java:220)
          at org.springframework.boot.test.mock.mockito.MockitoPostProcessor.registerMock(MockitoPostProcessor.java:177)
          at org.springframework.boot.test.mock.mockito.MockitoPostProcessor.register(MockitoPostProcessor.java:167)
          at org.springframework.boot.test.mock.mockito.MockitoPostProcessor.postProcessBeanFactory(MockitoPostProcessor.java:141)
          at org.springframework.boot.test.mock.mockito.MockitoPostProcessor.postProcessBeanFactory(MockitoPostProcessor.java:129)
          at org.springframework.context.support.PostProcessorRegistrationDelegate.invokeBeanFactoryPostProcessors(PostProcessorRegistrationDelegate.java:363)
          at org.springframework.context.support.PostProcessorRegistrationDelegate.invokeBeanFactoryPostProcessors(PostProcessorRegistrationDelegate.java:197)
          at org.springframework.context.support.AbstractApplicationContext.invokeBeanFactoryPostProcessors(AbstractApplicationContext.java:789)
          at org.springframework.context.support.AbstractApplicationContext.refresh(AbstractApplicationContext.java:607)
          at org.springframework.test.context.support.AbstractGenericContextLoader.loadContext(AbstractGenericContextLoader.java:221)
          at org.springframework.test.context.support.AbstractGenericContextLoader.loadContext(AbstractGenericContextLoader.java:110)
          at org.springframework.test.context.support.AbstractDelegatingSmartContextLoader.loadContext(AbstractDelegatingSmartContextLoader.java:212)
          at org.springframework.test.context.cache.DefaultCacheAwareContextLoaderDelegate.loadContextInternal(DefaultCacheAwareContextLoaderDelegate.java:225)
          at org.springframework.test.context.cache.DefaultCacheAwareContextLoaderDelegate.loadContext(DefaultCacheAwareContextLoaderDelegate.java:152)
          at org.springframework.test.context.support.DefaultTestContext.getApplicationContext(DefaultTestContext.java:130)
          at java.util.stream.ReferencePipeline$3$1.accept(ReferencePipeline.java:197)
          at java.util.ArrayList$ArrayListSpliterator.forEachRemaining(ArrayList.java:1708)
          at java.util.stream.AbstractPipeline.copyInto(AbstractPipeline.java:509)
          at java.util.stream.AbstractPipeline.wrapAndCopyInto(AbstractPipeline.java:499)
          at java.util.stream.ReduceOps$ReduceOp.evaluateSequential(ReduceOps.java:921)
          at java.util.stream.AbstractPipeline.evaluate(AbstractPipeline.java:234)
          at java.util.stream.ReferencePipeline.collect(ReferencePipeline.java:682)
      when running class:
      package finos.traderx.tradeprocessor;
      @org.springframework.test.context.ContextConfiguration(classes = {finos.traderx.tradeprocessor.PubSubConfig.class})
      @org.junit.runner.RunWith(value = org.springframework.test.context.junit4.SpringRunner.class) // if JUnit 4
      @org.junit.jupiter.api.extension.ExtendWith(value = org.springframework.test.context.junit.jupiter.SpringExtension.class) // if JUnit 5
      public class DiffblueFakeClass7941 {
        @org.springframework.beans.factory.annotation.Autowired finos.traderx.tradeprocessor.PubSubConfig pubSubConfig;
        @org.springframework.boot.test.mock.mockito.MockBean finos.traderx.messaging.Publisher publisher;
        @org.junit.Test // if JUnit 4
        @org.junit.jupiter.api.Test // if JUnit 5
        public void testSpringContextLoads() {}
      }
      To avoid this error, consider adding a custom base class to setup static
      mocking for org.springframework.boot.test.mock.mockito.MockitoPostProcessor.
      For details on how to set up a custom base class, please follow this link:
      https://docs.diffblue.com/features/cover-cli/writing-tests/custom-test-setup
      See https://diff.blue/R026 to resolve this issue.
      
INFO  Affected methods:
      finos.traderx.tradeprocessor.PubSubConfig.positionPublisher:()Lfinos/traderx/messaging/Publisher;
      
INFO  To resolve the issue, use the following prompt with your AI assistant:
      
      Fix the following issue preventing test creation for:
      finos.traderx.tradeprocessor.PubSubConfig.positionPublisher:()Lfinos/traderx/messaging/Publisher;
      
      Attempt to initialize test context failed with
      java.lang.IllegalStateException: Failed to load ApplicationContext for [MergedContextConfiguration@3dc69e73 testClass = finos.traderx.tradeprocessor.DiffblueFakeClass7941, locations = [], classes = [finos.traderx.tradeprocessor.PubSubConfig], contextInitializerClasses = [], activeProfiles = [], propertySourceDescriptors = [], propertySourceProperties = [], contextCustomizers = [org.springframework.boot.test.autoconfigure.actuate.observability.ObservabilityContextCustomizerFactory$DisableObservabilityContextCustomizer@1f, org.springframework.boot.test.autoconfigure.properties.PropertyMappingContextCustomizer@0, org.springframework.boot.test.autoconfigure.web.servlet.WebDriverContextCustomizer@1f197811, org.springframework.boot.test.context.filter.ExcludeFilterContextCustomizer@6ddd86fe, org.springframework.boot.test.json.DuplicateJsonObjectContextCustomizerFactory$DuplicateJsonObjectContextCustomizer@6882b792, org.springframework.boot.test.mock.mockito.MockitoContextCustomizer@903ba0a, org.springframework.boot.test.web.reactor.netty.DisableReactorResourceFactoryGlobalResourcesContextCustomizerFactory$DisableReactorResourceFactoryGlobalResourcesContextCustomizerCustomizer@2b58e889], contextLoader = org.springframework.test.context.support.DelegatingSmartContextLoader, parent = null]
          at org.springframework.test.context.cache.DefaultCacheAwareContextLoaderDelegate.loadContext(DefaultCacheAwareContextLoaderDelegate.java:180)
          at org.springframework.test.context.support.DefaultTestContext.getApplicationContext(DefaultTestContext.java:130)
          at java.util.stream.ReferencePipeline$3$1.accept(ReferencePipeline.java:197)
          at java.util.ArrayList$ArrayListSpliterator.forEachRemaining(ArrayList.java:1708)
          at java.util.stream.AbstractPipeline.copyInto(AbstractPipeline.java:509)
          at java.util.stream.AbstractPipeline.wrapAndCopyInto(AbstractPipeline.java:499)
          at java.util.stream.ReduceOps$ReduceOp.evaluateSequential(ReduceOps.java:921)
          at java.util.stream.AbstractPipeline.evaluate(AbstractPipeline.java:234)
          at java.util.stream.ReferencePipeline.collect(ReferencePipeline.java:682)
      java.lang.IllegalStateException: Unable to register mock bean finos.traderx.messaging.Publisher<?> expected a single matching bean to replace but found [positionPublisher, tradePublisher]
          at org.springframework.boot.test.mock.mockito.MockitoPostProcessor.getBeanName(MockitoPostProcessor.java:220)
          at org.springframework.boot.test.mock.mockito.MockitoPostProcessor.registerMock(MockitoPostProcessor.java:177)
          at org.springframework.boot.test.mock.mockito.MockitoPostProcessor.register(MockitoPostProcessor.java:167)
          at org.springframework.boot.test.mock.mockito.MockitoPostProcessor.postProcessBeanFactory(MockitoPostProcessor.java:141)
          at org.springframework.boot.test.mock.mockito.MockitoPostProcessor.postProcessBeanFactory(MockitoPostProcessor.java:129)
          at org.springframework.context.support.PostProcessorRegistrationDelegate.invokeBeanFactoryPostProcessors(PostProcessorRegistrationDelegate.java:363)
          at org.springframework.context.support.PostProcessorRegistrationDelegate.invokeBeanFactoryPostProcessors(PostProcessorRegistrationDelegate.java:197)
          at org.springframework.context.support.AbstractApplicationContext.invokeBeanFactoryPostProcessors(AbstractApplicationContext.java:789)
          at org.springframework.context.support.AbstractApplicationContext.refresh(AbstractApplicationContext.java:607)
          at org.springframework.test.context.support.AbstractGenericContextLoader.loadContext(AbstractGenericContextLoader.java:221)
          at org.springframework.test.context.support.AbstractGenericContextLoader.loadContext(AbstractGenericContextLoader.java:110)
          at org.springframework.test.context.support.AbstractDelegatingSmartContextLoader.loadContext(AbstractDelegatingSmartContextLoader.java:212)
          at org.springframework.test.context.cache.DefaultCacheAwareContextLoaderDelegate.loadContextInternal(DefaultCacheAwareContextLoaderDelegate.java:225)
          at org.springframework.test.context.cache.DefaultCacheAwareContextLoaderDelegate.loadContext(DefaultCacheAwareContextLoaderDelegate.java:152)
          at org.springframework.test.context.support.DefaultTestContext.getApplicationContext(DefaultTestContext.java:130)
          at java.util.stream.ReferencePipeline$3$1.accept(ReferencePipeline.java:197)
          at java.util.ArrayList$ArrayListSpliterator.forEachRemaining(ArrayList.java:1708)
          at java.util.stream.AbstractPipeline.copyInto(AbstractPipeline.java:509)
          at java.util.stream.AbstractPipeline.wrapAndCopyInto(AbstractPipeline.java:499)
          at java.util.stream.ReduceOps$ReduceOp.evaluateSequential(ReduceOps.java:921)
          at java.util.stream.AbstractPipeline.evaluate(AbstractPipeline.java:234)
          at java.util.stream.ReferencePipeline.collect(ReferencePipeline.java:682)
      when running class:
      package finos.traderx.tradeprocessor;
      @org.springframework.test.context.ContextConfiguration(classes = {finos.traderx.tradeprocessor.PubSubConfig.class})
      @org.junit.runner.RunWith(value = org.springframework.test.context.junit4.SpringRunner.class) // if JUnit 4
      @org.junit.jupiter.api.extension.ExtendWith(value = org.springframework.test.context.junit.jupiter.SpringExtension.class) // if JUnit 5
      public class DiffblueFakeClass7941 {
        @org.springframework.beans.factory.annotation.Autowired finos.traderx.tradeprocessor.PubSubConfig pubSubConfig;
        @org.springframework.boot.test.mock.mockito.MockBean finos.traderx.messaging.Publisher publisher;
        @org.junit.Test // if JUnit 4
        @org.junit.jupiter.api.Test // if JUnit 5
        public void testSpringContextLoads() {}
      }
      To avoid this error, consider adding a custom base class to setup static
      mocking for org.springframework.boot.test.mock.mockito.MockitoPostProcessor.
      For details on how to set up a custom base class, please follow this link:
      https://docs.diffblue.com/features/cover-cli/writing-tests/custom-test-setup
      See https://diff.blue/R026 to resolve this issue.
      
INFO  
INFO  R026: Failed to create Spring context
      Attempt to initialize test context failed with
      java.lang.IllegalStateException: ApplicationContext failure threshold (1) exceeded: skipping repeated attempt to load context for [MergedContextConfiguration@d2b734e testClass = finos.traderx.tradeprocessor.DiffblueFakeClass7950, locations = [], classes = [finos.traderx.tradeprocessor.PubSubConfig], contextInitializerClasses = [], activeProfiles = [], propertySourceDescriptors = [], propertySourceProperties = [], contextCustomizers = [org.springframework.boot.test.autoconfigure.actuate.observability.ObservabilityContextCustomizerFactory$DisableObservabilityContextCustomizer@1f, org.springframework.boot.test.autoconfigure.properties.PropertyMappingContextCustomizer@0, org.springframework.boot.test.autoconfigure.web.servlet.WebDriverContextCustomizer@1f197811, org.springframework.boot.test.context.filter.ExcludeFilterContextCustomizer@6ddd86fe, org.springframework.boot.test.json.DuplicateJsonObjectContextCustomizerFactory$DuplicateJsonObjectContextCustomizer@6882b792, org.springframework.boot.test.mock.mockito.MockitoContextCustomizer@0, org.springframework.boot.test.web.reactor.netty.DisableReactorResourceFactoryGlobalResourcesContextCustomizerFactory$DisableReactorResourceFactoryGlobalResourcesContextCustomizerCustomizer@2b58e889], contextLoader = org.springframework.test.context.support.DelegatingSmartContextLoader, parent = null]
          at org.springframework.test.context.cache.DefaultCacheAwareContextLoaderDelegate.loadContext(DefaultCacheAwareContextLoaderDelegate.java:145)
          at org.springframework.test.context.support.DefaultTestContext.getApplicationContext(DefaultTestContext.java:130)
          at java.util.stream.ReferencePipeline$3$1.accept(ReferencePipeline.java:197)
          at java.util.ArrayList$ArrayListSpliterator.forEachRemaining(ArrayList.java:1708)
          at java.util.stream.AbstractPipeline.copyInto(AbstractPipeline.java:509)
          at java.util.stream.AbstractPipeline.wrapAndCopyInto(AbstractPipeline.java:499)
          at java.util.stream.ReduceOps$ReduceOp.evaluateSequential(ReduceOps.java:921)
          at java.util.stream.AbstractPipeline.evaluate(AbstractPipeline.java:234)
          at java.util.stream.ReferencePipeline.collect(ReferencePipeline.java:682)
      when running class:
      package finos.traderx.tradeprocessor;
      @org.springframework.test.context.ContextConfiguration(classes = {finos.traderx.tradeprocessor.PubSubConfig.class})
      @org.junit.runner.RunWith(value = org.springframework.test.context.junit4.SpringRunner.class) // if JUnit 4
      @org.junit.jupiter.api.extension.ExtendWith(value = org.springframework.test.context.junit.jupiter.SpringExtension.class) // if JUnit 5
      public class DiffblueFakeClass7950 {
        @org.springframework.beans.factory.annotation.Autowired finos.traderx.tradeprocessor.PubSubConfig pubSubConfig;
        @org.junit.Test // if JUnit 4
        @org.junit.jupiter.api.Test // if JUnit 5
        public void testSpringContextLoads() {}
      }
      To avoid this error, consider adding a custom base class to setup static
      mocking for org.springframework.test.context.cache.DefaultCacheAwareContextLoaderDelegate.
      For details on how to set up a custom base class, please follow this link:
      https://docs.diffblue.com/features/cover-cli/writing-tests/custom-test-setup
      See https://diff.blue/R026 to resolve this issue.
      
INFO  Affected methods:
      finos.traderx.tradeprocessor.PubSubConfig.tradePublisher:()Lfinos/traderx/messaging/Publisher;
      
INFO  To resolve the issue, use the following prompt with your AI assistant:
      
      Fix the following issue preventing test creation for:
      finos.traderx.tradeprocessor.PubSubConfig.tradePublisher:()Lfinos/traderx/messaging/Publisher;
      
      Attempt to initialize test context failed with
      java.lang.IllegalStateException: ApplicationContext failure threshold (1) exceeded: skipping repeated attempt to load context for [MergedContextConfiguration@d2b734e testClass = finos.traderx.tradeprocessor.DiffblueFakeClass7950, locations = [], classes = [finos.traderx.tradeprocessor.PubSubConfig], contextInitializerClasses = [], activeProfiles = [], propertySourceDescriptors = [], propertySourceProperties = [], contextCustomizers = [org.springframework.boot.test.autoconfigure.actuate.observability.ObservabilityContextCustomizerFactory$DisableObservabilityContextCustomizer@1f, org.springframework.boot.test.autoconfigure.properties.PropertyMappingContextCustomizer@0, org.springframework.boot.test.autoconfigure.web.servlet.WebDriverContextCustomizer@1f197811, org.springframework.boot.test.context.filter.ExcludeFilterContextCustomizer@6ddd86fe, org.springframework.boot.test.json.DuplicateJsonObjectContextCustomizerFactory$DuplicateJsonObjectContextCustomizer@6882b792, org.springframework.boot.test.mock.mockito.MockitoContextCustomizer@0, org.springframework.boot.test.web.reactor.netty.DisableReactorResourceFactoryGlobalResourcesContextCustomizerFactory$DisableReactorResourceFactoryGlobalResourcesContextCustomizerCustomizer@2b58e889], contextLoader = org.springframework.test.context.support.DelegatingSmartContextLoader, parent = null]
          at org.springframework.test.context.cache.DefaultCacheAwareContextLoaderDelegate.loadContext(DefaultCacheAwareContextLoaderDelegate.java:145)
          at org.springframework.test.context.support.DefaultTestContext.getApplicationContext(DefaultTestContext.java:130)
          at java.util.stream.ReferencePipeline$3$1.accept(ReferencePipeline.java:197)
          at java.util.ArrayList$ArrayListSpliterator.forEachRemaining(ArrayList.java:1708)
          at java.util.stream.AbstractPipeline.copyInto(AbstractPipeline.java:509)
          at java.util.stream.AbstractPipeline.wrapAndCopyInto(AbstractPipeline.java:499)
          at java.util.stream.ReduceOps$ReduceOp.evaluateSequential(ReduceOps.java:921)
          at java.util.stream.AbstractPipeline.evaluate(AbstractPipeline.java:234)
          at java.util.stream.ReferencePipeline.collect(ReferencePipeline.java:682)
      when running class:
      package finos.traderx.tradeprocessor;
      @org.springframework.test.context.ContextConfiguration(classes = {finos.traderx.tradeprocessor.PubSubConfig.class})
      @org.junit.runner.RunWith(value = org.springframework.test.context.junit4.SpringRunner.class) // if JUnit 4
      @org.junit.jupiter.api.extension.ExtendWith(value = org.springframework.test.context.junit.jupiter.SpringExtension.class) // if JUnit 5
      public class DiffblueFakeClass7950 {
        @org.springframework.beans.factory.annotation.Autowired finos.traderx.tradeprocessor.PubSubConfig pubSubConfig;
        @org.junit.Test // if JUnit 4
        @org.junit.jupiter.api.Test // if JUnit 5
        public void testSpringContextLoads() {}
      }
      To avoid this error, consider adding a custom base class to setup static
      mocking for org.springframework.test.context.cache.DefaultCacheAwareContextLoaderDelegate.
      For details on how to set up a custom base class, please follow this link:
      https://docs.diffblue.com/features/cover-cli/writing-tests/custom-test-setup
      See https://diff.blue/R026 to resolve this issue.
      
INFO  
INFO  R028: Incomplete repository information
      Diffblue Cover cannot write tests because it wasn't able to fully understand
      your Spring Data Repository:
      Repository:  finos.traderx.tradeprocessor.repository.TradeRepository
      Data Type:   finos.traderx.tradeprocessor.model.Trade
      ID Type:     java.lang.Integer
      ID Getter:
      Save Method: org.springframework.data.repository.CrudRepository.save(Object)
      Is Entity an IdClass: false
      Diffblue Cover needs to understand the Data Type and the ID Type in order to
      write repository tests. Diffblue Cover also needs an ID Getter method that
      gets the identifier field from a Data Type instance, this should be annotated
      '@Id' and be of type ID Type. Alternatively, if using composite keys with
      '@IdClass', the entity class must be annotated with '@IdClass' which must
      reference the ID Type. Finally, better tests can be written if a Save Method
      is found taking a Data Type instance and storing it in the repository.
      Try extending 'CrudRepository' with concrete type parameters, or if the class
      should not be considered a repository then annotate the class with the
      '@NoRepositoryBean' annotation.
      Please contact Diffblue through the appropriate support channel
      (https://www.diffblue.com/support/) providing details about this error.
      
INFO  Affected methods:
      finos.traderx.tradeprocessor.repository.TradeRepository.count:()J
      finos.traderx.tradeprocessor.repository.TradeRepository.count:(Lorg/springframework/data/domain/Example;)J
      finos.traderx.tradeprocessor.repository.TradeRepository.delete:(Ljava/lang/Object;)V
      finos.traderx.tradeprocessor.repository.TradeRepository.deleteAll:()V
      finos.traderx.tradeprocessor.repository.TradeRepository.deleteAll:(Ljava/lang/Iterable;)V
      finos.traderx.tradeprocessor.repository.TradeRepository.deleteAllById:(Ljava/lang/Iterable;)V
      finos.traderx.tradeprocessor.repository.TradeRepository.deleteAllByIdInBatch:(Ljava/lang/Iterable;)V
      finos.traderx.tradeprocessor.repository.TradeRepository.deleteAllInBatch:()V
      finos.traderx.tradeprocessor.repository.TradeRepository.deleteAllInBatch:(Ljava/lang/Iterable;)V
      finos.traderx.tradeprocessor.repository.TradeRepository.deleteById:(Ljava/lang/Object;)V
      finos.traderx.tradeprocessor.repository.TradeRepository.deleteInBatch:(Ljava/lang/Iterable;)V
      finos.traderx.tradeprocessor.repository.TradeRepository.exists:(Lorg/springframework/data/domain/Example;)Z
      finos.traderx.tradeprocessor.repository.TradeRepository.existsById:(Ljava/lang/Object;)Z
      finos.traderx.tradeprocessor.repository.TradeRepository.findAll:()Ljava/util/List;
      finos.traderx.tradeprocessor.repository.TradeRepository.findAll:(Lorg/springframework/data/domain/Example;)Ljava/util/List;
      finos.traderx.tradeprocessor.repository.TradeRepository.findAll:(Lorg/springframework/data/domain/Example;Lorg/springframework/data/domain/Pageable;)Lorg/springframework/data/domain/Page;
      finos.traderx.tradeprocessor.repository.TradeRepository.findAll:(Lorg/springframework/data/domain/Example;Lorg/springframework/data/domain/Sort;)Ljava/util/List;
      finos.traderx.tradeprocessor.repository.TradeRepository.findAll:(Lorg/springframework/data/domain/Pageable;)Lorg/springframework/data/domain/Page;
      finos.traderx.tradeprocessor.repository.TradeRepository.findAll:(Lorg/springframework/data/domain/Sort;)Ljava/util/List;
      finos.traderx.tradeprocessor.repository.TradeRepository.findAllById:(Ljava/lang/Iterable;)Ljava/util/List;
      finos.traderx.tradeprocessor.repository.TradeRepository.findBy:(Lorg/springframework/data/domain/Example;Ljava/util/function/Function;)Ljava/lang/Object;
      finos.traderx.tradeprocessor.repository.TradeRepository.findByAccountId:(Ljava/lang/Integer;)Ljava/util/List;
      finos.traderx.tradeprocessor.repository.TradeRepository.findById:(Ljava/lang/Object;)Ljava/util/Optional;
      finos.traderx.tradeprocessor.repository.TradeRepository.findOne:(Lorg/springframework/data/domain/Example;)Ljava/util/Optional;
      finos.traderx.tradeprocessor.repository.TradeRepository.flush:()V
      finos.traderx.tradeprocessor.repository.TradeRepository.getById:(Ljava/lang/Object;)Ljava/lang/Object;
      finos.traderx.tradeprocessor.repository.TradeRepository.getOne:(Ljava/lang/Object;)Ljava/lang/Object;
      finos.traderx.tradeprocessor.repository.TradeRepository.getReferenceById:(Ljava/lang/Object;)Ljava/lang/Object;
      finos.traderx.tradeprocessor.repository.TradeRepository.save:(Ljava/lang/Object;)Ljava/lang/Object;
      finos.traderx.tradeprocessor.repository.TradeRepository.saveAll:(Ljava/lang/Iterable;)Ljava/util/List;
      finos.traderx.tradeprocessor.repository.TradeRepository.saveAllAndFlush:(Ljava/lang/Iterable;)Ljava/util/List;
      finos.traderx.tradeprocessor.repository.TradeRepository.saveAndFlush:(Ljava/lang/Object;)Ljava/lang/Object;
      
INFO  To resolve the issue, use the following prompt with your AI assistant:
      
      Fix the following issue preventing test creation for:
      finos.traderx.tradeprocessor.repository.TradeRepository.count:()J
      finos.traderx.tradeprocessor.repository.TradeRepository.count:(Lorg/springframework/data/domain/Example;)J
      finos.traderx.tradeprocessor.repository.TradeRepository.delete:(Ljava/lang/Object;)V
      finos.traderx.tradeprocessor.repository.TradeRepository.deleteAll:()V
      finos.traderx.tradeprocessor.repository.TradeRepository.deleteAll:(Ljava/lang/Iterable;)V
      finos.traderx.tradeprocessor.repository.TradeRepository.deleteAllById:(Ljava/lang/Iterable;)V
      finos.traderx.tradeprocessor.repository.TradeRepository.deleteAllByIdInBatch:(Ljava/lang/Iterable;)V
      finos.traderx.tradeprocessor.repository.TradeRepository.deleteAllInBatch:()V
      finos.traderx.tradeprocessor.repository.TradeRepository.deleteAllInBatch:(Ljava/lang/Iterable;)V
      finos.traderx.tradeprocessor.repository.TradeRepository.deleteById:(Ljava/lang/Object;)V
      finos.traderx.tradeprocessor.repository.TradeRepository.deleteInBatch:(Ljava/lang/Iterable;)V
      finos.traderx.tradeprocessor.repository.TradeRepository.exists:(Lorg/springframework/data/domain/Example;)Z
      finos.traderx.tradeprocessor.repository.TradeRepository.existsById:(Ljava/lang/Object;)Z
      finos.traderx.tradeprocessor.repository.TradeRepository.findAll:()Ljava/util/List;
      finos.traderx.tradeprocessor.repository.TradeRepository.findAll:(Lorg/springframework/data/domain/Example;)Ljava/util/List;
      finos.traderx.tradeprocessor.repository.TradeRepository.findAll:(Lorg/springframework/data/domain/Example;Lorg/springframework/data/domain/Pageable;)Lorg/springframework/data/domain/Page;
      finos.traderx.tradeprocessor.repository.TradeRepository.findAll:(Lorg/springframework/data/domain/Example;Lorg/springframework/data/domain/Sort;)Ljava/util/List;
      finos.traderx.tradeprocessor.repository.TradeRepository.findAll:(Lorg/springframework/data/domain/Pageable;)Lorg/springframework/data/domain/Page;
      finos.traderx.tradeprocessor.repository.TradeRepository.findAll:(Lorg/springframework/data/domain/Sort;)Ljava/util/List;
      finos.traderx.tradeprocessor.repository.TradeRepository.findAllById:(Ljava/lang/Iterable;)Ljava/util/List;
      finos.traderx.tradeprocessor.repository.TradeRepository.findBy:(Lorg/springframework/data/domain/Example;Ljava/util/function/Function;)Ljava/lang/Object;
      finos.traderx.tradeprocessor.repository.TradeRepository.findByAccountId:(Ljava/lang/Integer;)Ljava/util/List;
      finos.traderx.tradeprocessor.repository.TradeRepository.findById:(Ljava/lang/Object;)Ljava/util/Optional;
      finos.traderx.tradeprocessor.repository.TradeRepository.findOne:(Lorg/springframework/data/domain/Example;)Ljava/util/Optional;
      finos.traderx.tradeprocessor.repository.TradeRepository.flush:()V
      finos.traderx.tradeprocessor.repository.TradeRepository.getById:(Ljava/lang/Object;)Ljava/lang/Object;
      finos.traderx.tradeprocessor.repository.TradeRepository.getOne:(Ljava/lang/Object;)Ljava/lang/Object;
      finos.traderx.tradeprocessor.repository.TradeRepository.getReferenceById:(Ljava/lang/Object;)Ljava/lang/Object;
      finos.traderx.tradeprocessor.repository.TradeRepository.save:(Ljava/lang/Object;)Ljava/lang/Object;
      finos.traderx.tradeprocessor.repository.TradeRepository.saveAll:(Ljava/lang/Iterable;)Ljava/util/List;
      finos.traderx.tradeprocessor.repository.TradeRepository.saveAllAndFlush:(Ljava/lang/Iterable;)Ljava/util/List;
      finos.traderx.tradeprocessor.repository.TradeRepository.saveAndFlush:(Ljava/lang/Object;)Ljava/lang/Object;
      
      Diffblue Cover cannot write tests because it wasn't able to fully understand
      your Spring Data Repository:
      Repository:  finos.traderx.tradeprocessor.repository.TradeRepository
      Data Type:   finos.traderx.tradeprocessor.model.Trade
      ID Type:     java.lang.Integer
      ID Getter:
      Save Method: org.springframework.data.repository.CrudRepository.save(Object)
      Is Entity an IdClass: false
      Diffblue Cover needs to understand the Data Type and the ID Type in order to
      write repository tests. Diffblue Cover also needs an ID Getter method that
      gets the identifier field from a Data Type instance, this should be annotated
      '@Id' and be of type ID Type. Alternatively, if using composite keys with
      '@IdClass', the entity class must be annotated with '@IdClass' which must
      reference the ID Type. Finally, better tests can be written if a Save Method
      is found taking a Data Type instance and storing it in the repository.
      Try extending 'CrudRepository' with concrete type parameters, or if the class
      should not be considered a repository then annotate the class with the
      '@NoRepositoryBean' annotation.
      Please contact Diffblue through the appropriate support channel
      (https://www.diffblue.com/support/) providing details about this error.
      
INFO  
INFO  R028: Incomplete repository information
      Diffblue Cover cannot write tests because it wasn't able to fully understand
      your Spring Data Repository:
      Repository:  finos.traderx.positionservice.repository.TradeRepository
      Data Type:   finos.traderx.positionservice.model.Trade
      ID Type:     java.lang.Integer
      ID Getter:
      Save Method: org.springframework.data.repository.CrudRepository.save(Object)
      Is Entity an IdClass: false
      Diffblue Cover needs to understand the Data Type and the ID Type in order to
      write repository tests. Diffblue Cover also needs an ID Getter method that
      gets the identifier field from a Data Type instance, this should be annotated
      '@Id' and be of type ID Type. Alternatively, if using composite keys with
      '@IdClass', the entity class must be annotated with '@IdClass' which must
      reference the ID Type. Finally, better tests can be written if a Save Method
      is found taking a Data Type instance and storing it in the repository.
      Try extending 'CrudRepository' with concrete type parameters, or if the class
      should not be considered a repository then annotate the class with the
      '@NoRepositoryBean' annotation.
      Please contact Diffblue through the appropriate support channel
      (https://www.diffblue.com/support/) providing details about this error.
      
INFO  Affected methods:
      finos.traderx.positionservice.repository.TradeRepository.count:()J
      finos.traderx.positionservice.repository.TradeRepository.count:(Lorg/springframework/data/domain/Example;)J
      finos.traderx.positionservice.repository.TradeRepository.delete:(Ljava/lang/Object;)V
      finos.traderx.positionservice.repository.TradeRepository.deleteAll:()V
      finos.traderx.positionservice.repository.TradeRepository.deleteAll:(Ljava/lang/Iterable;)V
      finos.traderx.positionservice.repository.TradeRepository.deleteAllById:(Ljava/lang/Iterable;)V
      finos.traderx.positionservice.repository.TradeRepository.deleteAllByIdInBatch:(Ljava/lang/Iterable;)V
      finos.traderx.positionservice.repository.TradeRepository.deleteAllInBatch:()V
      finos.traderx.positionservice.repository.TradeRepository.deleteAllInBatch:(Ljava/lang/Iterable;)V
      finos.traderx.positionservice.repository.TradeRepository.deleteById:(Ljava/lang/Object;)V
      finos.traderx.positionservice.repository.TradeRepository.deleteInBatch:(Ljava/lang/Iterable;)V
      finos.traderx.positionservice.repository.TradeRepository.exists:(Lorg/springframework/data/domain/Example;)Z
      finos.traderx.positionservice.repository.TradeRepository.existsById:(Ljava/lang/Object;)Z
      finos.traderx.positionservice.repository.TradeRepository.findAll:()Ljava/util/List;
      finos.traderx.positionservice.repository.TradeRepository.findAll:(Lorg/springframework/data/domain/Example;)Ljava/util/List;
      finos.traderx.positionservice.repository.TradeRepository.findAll:(Lorg/springframework/data/domain/Example;Lorg/springframework/data/domain/Pageable;)Lorg/springframework/data/domain/Page;
      finos.traderx.positionservice.repository.TradeRepository.findAll:(Lorg/springframework/data/domain/Example;Lorg/springframework/data/domain/Sort;)Ljava/util/List;
      finos.traderx.positionservice.repository.TradeRepository.findAll:(Lorg/springframework/data/domain/Pageable;)Lorg/springframework/data/domain/Page;
      finos.traderx.positionservice.repository.TradeRepository.findAll:(Lorg/springframework/data/domain/Sort;)Ljava/util/List;
      finos.traderx.positionservice.repository.TradeRepository.findAllById:(Ljava/lang/Iterable;)Ljava/util/List;
      finos.traderx.positionservice.repository.TradeRepository.findBy:(Lorg/springframework/data/domain/Example;Ljava/util/function/Function;)Ljava/lang/Object;
      finos.traderx.positionservice.repository.TradeRepository.findByAccountId:(Ljava/lang/Integer;)Ljava/util/List;
      finos.traderx.positionservice.repository.TradeRepository.findById:(Ljava/lang/Object;)Ljava/util/Optional;
      finos.traderx.positionservice.repository.TradeRepository.findOne:(Lorg/springframework/data/domain/Example;)Ljava/util/Optional;
      finos.traderx.positionservice.repository.TradeRepository.flush:()V
      finos.traderx.positionservice.repository.TradeRepository.getById:(Ljava/lang/Object;)Ljava/lang/Object;
      finos.traderx.positionservice.repository.TradeRepository.getOne:(Ljava/lang/Object;)Ljava/lang/Object;
      finos.traderx.positionservice.repository.TradeRepository.getReferenceById:(Ljava/lang/Object;)Ljava/lang/Object;
      finos.traderx.positionservice.repository.TradeRepository.save:(Ljava/lang/Object;)Ljava/lang/Object;
      finos.traderx.positionservice.repository.TradeRepository.saveAll:(Ljava/lang/Iterable;)Ljava/util/List;
      finos.traderx.positionservice.repository.TradeRepository.saveAllAndFlush:(Ljava/lang/Iterable;)Ljava/util/List;
      finos.traderx.positionservice.repository.TradeRepository.saveAndFlush:(Ljava/lang/Object;)Ljava/lang/Object;
      
INFO  To resolve the issue, use the following prompt with your AI assistant:
      
      Fix the following issue preventing test creation for:
      finos.traderx.positionservice.repository.TradeRepository.count:()J
      finos.traderx.positionservice.repository.TradeRepository.count:(Lorg/springframework/data/domain/Example;)J
      finos.traderx.positionservice.repository.TradeRepository.delete:(Ljava/lang/Object;)V
      finos.traderx.positionservice.repository.TradeRepository.deleteAll:()V
      finos.traderx.positionservice.repository.TradeRepository.deleteAll:(Ljava/lang/Iterable;)V
      finos.traderx.positionservice.repository.TradeRepository.deleteAllById:(Ljava/lang/Iterable;)V
      finos.traderx.positionservice.repository.TradeRepository.deleteAllByIdInBatch:(Ljava/lang/Iterable;)V
      finos.traderx.positionservice.repository.TradeRepository.deleteAllInBatch:()V
      finos.traderx.positionservice.repository.TradeRepository.deleteAllInBatch:(Ljava/lang/Iterable;)V
      finos.traderx.positionservice.repository.TradeRepository.deleteById:(Ljava/lang/Object;)V
      finos.traderx.positionservice.repository.TradeRepository.deleteInBatch:(Ljava/lang/Iterable;)V
      finos.traderx.positionservice.repository.TradeRepository.exists:(Lorg/springframework/data/domain/Example;)Z
      finos.traderx.positionservice.repository.TradeRepository.existsById:(Ljava/lang/Object;)Z
      finos.traderx.positionservice.repository.TradeRepository.findAll:()Ljava/util/List;
      finos.traderx.positionservice.repository.TradeRepository.findAll:(Lorg/springframework/data/domain/Example;)Ljava/util/List;
      finos.traderx.positionservice.repository.TradeRepository.findAll:(Lorg/springframework/data/domain/Example;Lorg/springframework/data/domain/Pageable;)Lorg/springframework/data/domain/Page;
      finos.traderx.positionservice.repository.TradeRepository.findAll:(Lorg/springframework/data/domain/Example;Lorg/springframework/data/domain/Sort;)Ljava/util/List;
      finos.traderx.positionservice.repository.TradeRepository.findAll:(Lorg/springframework/data/domain/Pageable;)Lorg/springframework/data/domain/Page;
      finos.traderx.positionservice.repository.TradeRepository.findAll:(Lorg/springframework/data/domain/Sort;)Ljava/util/List;
      finos.traderx.positionservice.repository.TradeRepository.findAllById:(Ljava/lang/Iterable;)Ljava/util/List;
      finos.traderx.positionservice.repository.TradeRepository.findBy:(Lorg/springframework/data/domain/Example;Ljava/util/function/Function;)Ljava/lang/Object;
      finos.traderx.positionservice.repository.TradeRepository.findByAccountId:(Ljava/lang/Integer;)Ljava/util/List;
      finos.traderx.positionservice.repository.TradeRepository.findById:(Ljava/lang/Object;)Ljava/util/Optional;
      finos.traderx.positionservice.repository.TradeRepository.findOne:(Lorg/springframework/data/domain/Example;)Ljava/util/Optional;
      finos.traderx.positionservice.repository.TradeRepository.flush:()V
      finos.traderx.positionservice.repository.TradeRepository.getById:(Ljava/lang/Object;)Ljava/lang/Object;
      finos.traderx.positionservice.repository.TradeRepository.getOne:(Ljava/lang/Object;)Ljava/lang/Object;
      finos.traderx.positionservice.repository.TradeRepository.getReferenceById:(Ljava/lang/Object;)Ljava/lang/Object;
      finos.traderx.positionservice.repository.TradeRepository.save:(Ljava/lang/Object;)Ljava/lang/Object;
      finos.traderx.positionservice.repository.TradeRepository.saveAll:(Ljava/lang/Iterable;)Ljava/util/List;
      finos.traderx.positionservice.repository.TradeRepository.saveAllAndFlush:(Ljava/lang/Iterable;)Ljava/util/List;
      finos.traderx.positionservice.repository.TradeRepository.saveAndFlush:(Ljava/lang/Object;)Ljava/lang/Object;
      
      Diffblue Cover cannot write tests because it wasn't able to fully understand
      your Spring Data Repository:
      Repository:  finos.traderx.positionservice.repository.TradeRepository
      Data Type:   finos.traderx.positionservice.model.Trade
      ID Type:     java.lang.Integer
      ID Getter:
      Save Method: org.springframework.data.repository.CrudRepository.save(Object)
      Is Entity an IdClass: false
      Diffblue Cover needs to understand the Data Type and the ID Type in order to
      write repository tests. Diffblue Cover also needs an ID Getter method that
      gets the identifier field from a Data Type instance, this should be annotated
      '@Id' and be of type ID Type. Alternatively, if using composite keys with
      '@IdClass', the entity class must be annotated with '@IdClass' which must
      reference the ID Type. Finally, better tests can be written if a Save Method
      is found taking a Data Type instance and storing it in the repository.
      Try extending 'CrudRepository' with concrete type parameters, or if the class
      should not be considered a repository then annotate the class with the
      '@NoRepositoryBean' annotation.
      Please contact Diffblue through the appropriate support channel
      (https://www.diffblue.com/support/) providing details about this error.
      
INFO  
INFO  11 issues were found and displayed
INFO  Rerun with --prompts --limit 10 --skip 10 to focus on a subset of the issues
INFO  Rerun without --prompts to summarise all the issues
INFO  
INFO  [5/5] Diagnosing issues for module: account-service
INFO  ===================================================
INFO  
INFO  Detected Java version 21.0.9
INFO  Selected build system: Gradle
INFO  Reading report file '/home/jbergqvist/diffblue/finos-traderX/account-service/.diffblue/reports/report.json'
INFO  Copied report file to '/home/jbergqvist/diffblue/finos-traderX/account-service/.diffblue/reports/report-20260113T113119.json'
INFO  
INFO  R013: No inputs found that don't throw a trivial exception
      Diffblue Cover tried to run the arrange/act section, but the test threw
      org.springframework.dao.InvalidDataAccessApiUsageException: Example must not be null
          at org.springframework.orm.jpa.EntityManagerFactoryUtils.convertJpaAccessExceptionIfPossible(EntityManagerFactoryUtils.java:371)
          at org.springframework.orm.jpa.vendor.HibernateJpaDialect.translateExceptionIfPossible(HibernateJpaDialect.java:246)
          at org.springframework.orm.jpa.AbstractEntityManagerFactoryBean.translateExceptionIfPossible(AbstractEntityManagerFactoryBean.java:550)
          at org.springframework.dao.support.ChainedPersistenceExceptionTranslator.translateExceptionIfPossible(ChainedPersistenceExceptionTranslator.java:61)
          at org.springframework.dao.support.DataAccessUtils.translateIfNecessary(DataAccessUtils.java:335)
          at org.springframework.dao.support.PersistenceExceptionTranslationInterceptor.invoke(PersistenceExceptionTranslationInterceptor.java:160)
          at org.springframework.aop.framework.ReflectiveMethodInvocation.proceed(ReflectiveMethodInvocation.java:184)
          at org.springframework.data.jpa.repository.support.CrudMethodMetadataPostProcessor$CrudMethodMetadataPopulatingMethodInterceptor.invoke(CrudMethodMetadataPostProcessor.java:165)
          at org.springframework.aop.framework.ReflectiveMethodInvocation.proceed(ReflectiveMethodInvocation.java:184)
          at org.springframework.aop.interceptor.ExposeInvocationInterceptor.invoke(ExposeInvocationInterceptor.java:97)
          at org.springframework.aop.framework.ReflectiveMethodInvocation.proceed(ReflectiveMethodInvocation.java:184)
          at org.springframework.aop.framework.JdkDynamicAopProxy.invoke(JdkDynamicAopProxy.java:223)
      In order to prevent the method under test
      from throwing InvalidDataAccessApiUsageException, add constructors or factory
      methods that make it easier to construct fully initialized objects used in
      the method under test.
      See https://diff.blue/R013 to resolve this issue.
      
INFO  Affected methods:
      finos.traderx.tradeprocessor.repository.PositionRepository.findBy:(Lorg/springframework/data/domain/Example;Ljava/util/function/Function;)Ljava/lang/Object;
      
INFO  To resolve the issue, use the following prompt with your AI assistant:
      
      We are unit testing `finos.traderx.tradeprocessor.repository.PositionRepository.findBy:(Lorg/springframework/data/domain/Example;Ljava/util/function/Function;)Ljava/lang/Object;`.
      
      Create a parameterless factory method for the problematic
      parameter/this object, determining which by reading the error message below.
      The new factory method should be in the test classpath, not production.
      Create a new factory class if there isn't already one for the class under test.
      Do not create a test yourself, only a factory (don't test the factory either).
      The factory must be annotated with `@com.diffblue.cover.annotations.InterestingTestFactory`.
      Avoid using mocks, these tend to produce unused stubbing errors or a
      `java.lang.NullPointerException`.
      If your environment has internet access then further documentation on
      factory methods for Cover can be found here:
      https://docs.diffblue.com/features/tutorials/increase-code-coverage#test-factory-pattern
      
      The factory should produce a parameter/this object such that
      the following exception does not occur:
      
      ```
      org.springframework.dao.InvalidDataAccessApiUsageException: Example must not be null
        at org.springframework.orm.jpa.EntityManagerFactoryUtils.convertJpaAccessExceptionIfPossible(EntityManagerFactoryUtils.java:371)
        at org.springframework.orm.jpa.vendor.HibernateJpaDialect.translateExceptionIfPossible(HibernateJpaDialect.java:246)
        at org.springframework.orm.jpa.AbstractEntityManagerFactoryBean.translateExceptionIfPossible(AbstractEntityManagerFactoryBean.java:550)
        at org.springframework.dao.support.ChainedPersistenceExceptionTranslator.translateExceptionIfPossible(ChainedPersistenceExceptionTranslator.java:61)
        at org.springframework.dao.support.DataAccessUtils.translateIfNecessary(DataAccessUtils.java:335)
        at org.springframework.dao.support.PersistenceExceptionTranslationInterceptor.invoke(PersistenceExceptionTranslationInterceptor.java:160)
        at org.springframework.aop.framework.ReflectiveMethodInvocation.proceed(ReflectiveMethodInvocation.java:184)
        at org.springframework.data.jpa.repository.support.CrudMethodMetadataPostProcessor$CrudMethodMetadataPopulatingMethodInterceptor.invoke(CrudMethodMetadataPostProcessor.java:165)
        at org.springframework.aop.framework.ReflectiveMethodInvocation.proceed(ReflectiveMethodInvocation.java:184)
        at org.springframework.aop.interceptor.ExposeInvocationInterceptor.invoke(ExposeInvocationInterceptor.java:97)
        at org.springframework.aop.framework.ReflectiveMethodInvocation.proceed(ReflectiveMethodInvocation.java:184)
        at org.springframework.aop.framework.JdkDynamicAopProxy.invoke(JdkDynamicAopProxy.java:223)
      java.lang.IllegalArgumentException: Example must not be null
        at org.springframework.util.Assert.notNull(Assert.java:172)
        at org.springframework.data.jpa.repository.support.SimpleJpaRepository.findBy(SimpleJpaRepository.java:594)
        at org.springframework.aop.support.AopUtils.invokeJoinpointUsingReflection(AopUtils.java:355)
        at org.springframework.data.repository.core.support.RepositoryMethodInvoker$RepositoryFragmentMethodInvoker.lambda$new$0(RepositoryMethodInvoker.java:277)
        at org.springframework.data.repository.core.support.RepositoryMethodInvoker.doInvoke(RepositoryMethodInvoker.java:170)
        at org.springframework.data.repository.core.support.RepositoryMethodInvoker.invoke(RepositoryMethodInvoker.java:158)
        at org.springframework.data.repository.core.support.RepositoryComposition$RepositoryFragments.invoke(RepositoryComposition.java:516)
        at org.springframework.data.repository.core.support.RepositoryComposition.invoke(RepositoryComposition.java:285)
        at org.springframework.data.repository.core.support.RepositoryFactorySupport$ImplementationMethodExecutionInterceptor.invoke(RepositoryFactorySupport.java:628)
        at org.springframework.aop.framework.ReflectiveMethodInvocation.proceed(ReflectiveMethodInvocation.java:184)
        at org.springframework.data.repository.core.support.QueryExecutorMethodInterceptor.doInvoke(QueryExecutorMethodInterceptor.java:173)
        at org.springframework.data.repository.core.support.QueryExecutorMethodInterceptor.invoke(QueryExecutorMethodInterceptor.java:148)
        at org.springframework.aop.framework.ReflectiveMethodInvocation.proceed(ReflectiveMethodInvocation.java:184)
        at org.springframework.data.projection.DefaultMethodInvokingMethodInterceptor.invoke(DefaultMethodInvokingMethodInterceptor.java:70)
        at org.springframework.aop.framework.ReflectiveMethodInvocation.proceed(ReflectiveMethodInvocation.java:184)
        at org.springframework.transaction.interceptor.TransactionAspectSupport.invokeWithinTransaction(TransactionAspectSupport.java:379)
        at org.springframework.transaction.interceptor.TransactionInterceptor.invoke(TransactionInterceptor.java:119)
        at org.springframework.aop.framework.ReflectiveMethodInvocation.proceed(ReflectiveMethodInvocation.java:184)
        at org.springframework.dao.support.PersistenceExceptionTranslationInterceptor.invoke(PersistenceExceptionTranslationInterceptor.java:138)
        at org.springframework.aop.framework.ReflectiveMethodInvocation.proceed(ReflectiveMethodInvocation.java:184)
        at org.springframework.data.jpa.repository.support.CrudMethodMetadataPostProcessor$CrudMethodMetadataPopulatingMethodInterceptor.invoke(CrudMethodMetadataPostProcessor.java:165)
        at org.springframework.aop.framework.ReflectiveMethodInvocation.proceed(ReflectiveMethodInvocation.java:184)
        at org.springframework.aop.interceptor.ExposeInvocationInterceptor.invoke(ExposeInvocationInterceptor.java:97)
        at org.springframework.aop.framework.ReflectiveMethodInvocation.proceed(ReflectiveMethodInvocation.java:184)
        at org.springframework.aop.framework.JdkDynamicAopProxy.invoke(JdkDynamicAopProxy.java:223)
      ```
      
      Recompile the project to make sure the new factory is available to Cover.
      For example run `mvn install -DskipTests` or `gradle install -x test`.
      
INFO  
INFO  R013: No inputs found that don't throw a trivial exception
      Diffblue Cover tried to run the arrange/act section, but the test threw
      org.springframework.dao.InvalidDataAccessApiUsageException: Example must not be null
          at org.springframework.orm.jpa.EntityManagerFactoryUtils.convertJpaAccessExceptionIfPossible(EntityManagerFactoryUtils.java:371)
          at org.springframework.orm.jpa.vendor.HibernateJpaDialect.translateExceptionIfPossible(HibernateJpaDialect.java:246)
          at org.springframework.orm.jpa.AbstractEntityManagerFactoryBean.translateExceptionIfPossible(AbstractEntityManagerFactoryBean.java:550)
          at org.springframework.dao.support.ChainedPersistenceExceptionTranslator.translateExceptionIfPossible(ChainedPersistenceExceptionTranslator.java:61)
          at org.springframework.dao.support.DataAccessUtils.translateIfNecessary(DataAccessUtils.java:335)
          at org.springframework.dao.support.PersistenceExceptionTranslationInterceptor.invoke(PersistenceExceptionTranslationInterceptor.java:160)
          at org.springframework.aop.framework.ReflectiveMethodInvocation.proceed(ReflectiveMethodInvocation.java:184)
          at org.springframework.data.jpa.repository.support.CrudMethodMetadataPostProcessor$CrudMethodMetadataPopulatingMethodInterceptor.invoke(CrudMethodMetadataPostProcessor.java:165)
          at org.springframework.aop.framework.ReflectiveMethodInvocation.proceed(ReflectiveMethodInvocation.java:184)
          at org.springframework.aop.interceptor.ExposeInvocationInterceptor.invoke(ExposeInvocationInterceptor.java:97)
          at org.springframework.aop.framework.ReflectiveMethodInvocation.proceed(ReflectiveMethodInvocation.java:184)
          at org.springframework.aop.framework.JdkDynamicAopProxy.invoke(JdkDynamicAopProxy.java:223)
      In order to prevent the method under test
      from throwing InvalidDataAccessApiUsageException, add constructors or factory
      methods that make it easier to construct fully initialized objects used in
      the method under test.
      See https://diff.blue/R013 to resolve this issue.
      
INFO  Affected methods:
      finos.traderx.positionservice.repository.PositionRepository.findBy:(Lorg/springframework/data/domain/Example;Ljava/util/function/Function;)Ljava/lang/Object;
      
INFO  To resolve the issue, use the following prompt with your AI assistant:
      
      We are unit testing `finos.traderx.positionservice.repository.PositionRepository.findBy:(Lorg/springframework/data/domain/Example;Ljava/util/function/Function;)Ljava/lang/Object;`.
      
      Create a parameterless factory method for the problematic
      parameter/this object, determining which by reading the error message below.
      The new factory method should be in the test classpath, not production.
      Create a new factory class if there isn't already one for the class under test.
      Do not create a test yourself, only a factory (don't test the factory either).
      The factory must be annotated with `@com.diffblue.cover.annotations.InterestingTestFactory`.
      Avoid using mocks, these tend to produce unused stubbing errors or a
      `java.lang.NullPointerException`.
      If your environment has internet access then further documentation on
      factory methods for Cover can be found here:
      https://docs.diffblue.com/features/tutorials/increase-code-coverage#test-factory-pattern
      
      The factory should produce a parameter/this object such that
      the following exception does not occur:
      
      ```
      org.springframework.dao.InvalidDataAccessApiUsageException: Example must not be null
        at org.springframework.orm.jpa.EntityManagerFactoryUtils.convertJpaAccessExceptionIfPossible(EntityManagerFactoryUtils.java:371)
        at org.springframework.orm.jpa.vendor.HibernateJpaDialect.translateExceptionIfPossible(HibernateJpaDialect.java:246)
        at org.springframework.orm.jpa.AbstractEntityManagerFactoryBean.translateExceptionIfPossible(AbstractEntityManagerFactoryBean.java:550)
        at org.springframework.dao.support.ChainedPersistenceExceptionTranslator.translateExceptionIfPossible(ChainedPersistenceExceptionTranslator.java:61)
        at org.springframework.dao.support.DataAccessUtils.translateIfNecessary(DataAccessUtils.java:335)
        at org.springframework.dao.support.PersistenceExceptionTranslationInterceptor.invoke(PersistenceExceptionTranslationInterceptor.java:160)
        at org.springframework.aop.framework.ReflectiveMethodInvocation.proceed(ReflectiveMethodInvocation.java:184)
        at org.springframework.data.jpa.repository.support.CrudMethodMetadataPostProcessor$CrudMethodMetadataPopulatingMethodInterceptor.invoke(CrudMethodMetadataPostProcessor.java:165)
        at org.springframework.aop.framework.ReflectiveMethodInvocation.proceed(ReflectiveMethodInvocation.java:184)
        at org.springframework.aop.interceptor.ExposeInvocationInterceptor.invoke(ExposeInvocationInterceptor.java:97)
        at org.springframework.aop.framework.ReflectiveMethodInvocation.proceed(ReflectiveMethodInvocation.java:184)
        at org.springframework.aop.framework.JdkDynamicAopProxy.invoke(JdkDynamicAopProxy.java:223)
      java.lang.IllegalArgumentException: Example must not be null
        at org.springframework.util.Assert.notNull(Assert.java:172)
        at org.springframework.data.jpa.repository.support.SimpleJpaRepository.findBy(SimpleJpaRepository.java:594)
        at org.springframework.aop.support.AopUtils.invokeJoinpointUsingReflection(AopUtils.java:355)
        at org.springframework.data.repository.core.support.RepositoryMethodInvoker$RepositoryFragmentMethodInvoker.lambda$new$0(RepositoryMethodInvoker.java:277)
        at org.springframework.data.repository.core.support.RepositoryMethodInvoker.doInvoke(RepositoryMethodInvoker.java:170)
        at org.springframework.data.repository.core.support.RepositoryMethodInvoker.invoke(RepositoryMethodInvoker.java:158)
        at org.springframework.data.repository.core.support.RepositoryComposition$RepositoryFragments.invoke(RepositoryComposition.java:516)
        at org.springframework.data.repository.core.support.RepositoryComposition.invoke(RepositoryComposition.java:285)
        at org.springframework.data.repository.core.support.RepositoryFactorySupport$ImplementationMethodExecutionInterceptor.invoke(RepositoryFactorySupport.java:628)
        at org.springframework.aop.framework.ReflectiveMethodInvocation.proceed(ReflectiveMethodInvocation.java:184)
        at org.springframework.data.repository.core.support.QueryExecutorMethodInterceptor.doInvoke(QueryExecutorMethodInterceptor.java:173)
        at org.springframework.data.repository.core.support.QueryExecutorMethodInterceptor.invoke(QueryExecutorMethodInterceptor.java:148)
        at org.springframework.aop.framework.ReflectiveMethodInvocation.proceed(ReflectiveMethodInvocation.java:184)
        at org.springframework.data.projection.DefaultMethodInvokingMethodInterceptor.invoke(DefaultMethodInvokingMethodInterceptor.java:70)
        at org.springframework.aop.framework.ReflectiveMethodInvocation.proceed(ReflectiveMethodInvocation.java:184)
        at org.springframework.transaction.interceptor.TransactionAspectSupport.invokeWithinTransaction(TransactionAspectSupport.java:379)
        at org.springframework.transaction.interceptor.TransactionInterceptor.invoke(TransactionInterceptor.java:119)
        at org.springframework.aop.framework.ReflectiveMethodInvocation.proceed(ReflectiveMethodInvocation.java:184)
        at org.springframework.dao.support.PersistenceExceptionTranslationInterceptor.invoke(PersistenceExceptionTranslationInterceptor.java:138)
        at org.springframework.aop.framework.ReflectiveMethodInvocation.proceed(ReflectiveMethodInvocation.java:184)
        at org.springframework.data.jpa.repository.support.CrudMethodMetadataPostProcessor$CrudMethodMetadataPopulatingMethodInterceptor.invoke(CrudMethodMetadataPostProcessor.java:165)
        at org.springframework.aop.framework.ReflectiveMethodInvocation.proceed(ReflectiveMethodInvocation.java:184)
        at org.springframework.aop.interceptor.ExposeInvocationInterceptor.invoke(ExposeInvocationInterceptor.java:97)
        at org.springframework.aop.framework.ReflectiveMethodInvocation.proceed(ReflectiveMethodInvocation.java:184)
        at org.springframework.aop.framework.JdkDynamicAopProxy.invoke(JdkDynamicAopProxy.java:223)
      ```
      
      Recompile the project to make sure the new factory is available to Cover.
      For example run `mvn install -DskipTests` or `gradle install -x test`.
      
INFO  
INFO  R013: No inputs found that don't throw a trivial exception
      Diffblue Cover tried to run the arrange/act section, but the test threw
      org.springframework.dao.InvalidDataAccessApiUsageException: Supplied id had wrong type: entity 'finos.traderx.accountservice.model.AccountUser' has id type 'class finos.traderx.accountservice.model.AccountUserID' but supplied id was of type 'class java.lang.Integer'
          at org.springframework.orm.jpa.EntityManagerFactoryUtils.convertJpaAccessExceptionIfPossible(EntityManagerFactoryUtils.java:371)
          at org.springframework.orm.jpa.vendor.HibernateJpaDialect.translateExceptionIfPossible(HibernateJpaDialect.java:246)
          at org.springframework.orm.jpa.AbstractEntityManagerFactoryBean.translateExceptionIfPossible(AbstractEntityManagerFactoryBean.java:550)
          at org.springframework.dao.support.ChainedPersistenceExceptionTranslator.translateExceptionIfPossible(ChainedPersistenceExceptionTranslator.java:61)
          at org.springframework.dao.support.DataAccessUtils.translateIfNecessary(DataAccessUtils.java:335)
          at org.springframework.dao.support.PersistenceExceptionTranslationInterceptor.invoke(PersistenceExceptionTranslationInterceptor.java:160)
          at org.springframework.aop.framework.ReflectiveMethodInvocation.proceed(ReflectiveMethodInvocation.java:184)
          at org.springframework.data.jpa.repository.support.CrudMethodMetadataPostProcessor$CrudMethodMetadataPopulatingMethodInterceptor.invoke(CrudMethodMetadataPostProcessor.java:165)
          at org.springframework.aop.framework.ReflectiveMethodInvocation.proceed(ReflectiveMethodInvocation.java:184)
          at org.springframework.aop.interceptor.ExposeInvocationInterceptor.invoke(ExposeInvocationInterceptor.java:97)
          at org.springframework.aop.framework.ReflectiveMethodInvocation.proceed(ReflectiveMethodInvocation.java:184)
          at org.springframework.aop.framework.JdkDynamicAopProxy.invoke(JdkDynamicAopProxy.java:223)
      In order to prevent the method under test
      from throwing InvalidDataAccessApiUsageException, add constructors or factory
      methods that make it easier to construct fully initialized objects used in
      the method under test.
      See https://diff.blue/R013 to resolve this issue.
      
INFO  Affected methods:
      finos.traderx.accountservice.repository.AccountUserRepository.deleteAllById:(Ljava/lang/Iterable;)V
      
INFO  To resolve the issue, use the following prompt with your AI assistant:
      
      We are unit testing `finos.traderx.accountservice.repository.AccountUserRepository.deleteAllById:(Ljava/lang/Iterable;)V`.
      
      Create a parameterless factory method for the problematic
      parameter/this object, determining which by reading the error message below.
      The new factory method should be in the test classpath, not production.
      Create a new factory class if there isn't already one for the class under test.
      Do not create a test yourself, only a factory (don't test the factory either).
      The factory must be annotated with `@com.diffblue.cover.annotations.InterestingTestFactory`.
      Avoid using mocks, these tend to produce unused stubbing errors or a
      `java.lang.NullPointerException`.
      If your environment has internet access then further documentation on
      factory methods for Cover can be found here:
      https://docs.diffblue.com/features/tutorials/increase-code-coverage#test-factory-pattern
      
      The factory should produce a parameter/this object such that
      the following exception does not occur:
      
      ```
      org.springframework.dao.InvalidDataAccessApiUsageException: Supplied id had wrong type: entity 'finos.traderx.accountservice.model.AccountUser' has id type 'class finos.traderx.accountservice.model.AccountUserID' but supplied id was of type 'class java.lang.Integer'
        at org.springframework.orm.jpa.EntityManagerFactoryUtils.convertJpaAccessExceptionIfPossible(EntityManagerFactoryUtils.java:371)
        at org.springframework.orm.jpa.vendor.HibernateJpaDialect.translateExceptionIfPossible(HibernateJpaDialect.java:246)
        at org.springframework.orm.jpa.AbstractEntityManagerFactoryBean.translateExceptionIfPossible(AbstractEntityManagerFactoryBean.java:550)
        at org.springframework.dao.support.ChainedPersistenceExceptionTranslator.translateExceptionIfPossible(ChainedPersistenceExceptionTranslator.java:61)
        at org.springframework.dao.support.DataAccessUtils.translateIfNecessary(DataAccessUtils.java:335)
        at org.springframework.dao.support.PersistenceExceptionTranslationInterceptor.invoke(PersistenceExceptionTranslationInterceptor.java:160)
        at org.springframework.aop.framework.ReflectiveMethodInvocation.proceed(ReflectiveMethodInvocation.java:184)
        at org.springframework.data.jpa.repository.support.CrudMethodMetadataPostProcessor$CrudMethodMetadataPopulatingMethodInterceptor.invoke(CrudMethodMetadataPostProcessor.java:165)
        at org.springframework.aop.framework.ReflectiveMethodInvocation.proceed(ReflectiveMethodInvocation.java:184)
        at org.springframework.aop.interceptor.ExposeInvocationInterceptor.invoke(ExposeInvocationInterceptor.java:97)
        at org.springframework.aop.framework.ReflectiveMethodInvocation.proceed(ReflectiveMethodInvocation.java:184)
        at org.springframework.aop.framework.JdkDynamicAopProxy.invoke(JdkDynamicAopProxy.java:223)
      java.lang.IllegalArgumentException: Supplied id had wrong type: entity 'finos.traderx.accountservice.model.AccountUser' has id type 'class finos.traderx.accountservice.model.AccountUserID' but supplied id was of type 'class java.lang.Integer'
        at org.hibernate.internal.SessionImpl.find(SessionImpl.java:2457)
        at org.hibernate.internal.SessionImpl.find(SessionImpl.java:2400)
        at org.springframework.orm.jpa.SharedEntityManagerCreator$SharedEntityManagerInvocationHandler.invoke(SharedEntityManagerCreator.java:319)
        at org.springframework.data.jpa.repository.support.SimpleJpaRepository.findById(SimpleJpaRepository.java:316)
        at org.springframework.data.jpa.repository.support.SimpleJpaRepository.deleteById(SimpleJpaRepository.java:182)
        at org.springframework.data.jpa.repository.support.SimpleJpaRepository.deleteAllById(SimpleJpaRepository.java:217)
        at org.springframework.aop.support.AopUtils.invokeJoinpointUsingReflection(AopUtils.java:355)
        at org.springframework.data.repository.core.support.RepositoryMethodInvoker$RepositoryFragmentMethodInvoker.lambda$new$0(RepositoryMethodInvoker.java:277)
        at org.springframework.data.repository.core.support.RepositoryMethodInvoker.doInvoke(RepositoryMethodInvoker.java:170)
        at org.springframework.data.repository.core.support.RepositoryMethodInvoker.invoke(RepositoryMethodInvoker.java:158)
        at org.springframework.data.repository.core.support.RepositoryComposition$RepositoryFragments.invoke(RepositoryComposition.java:516)
        at org.springframework.data.repository.core.support.RepositoryComposition.invoke(RepositoryComposition.java:285)
        at org.springframework.data.repository.core.support.RepositoryFactorySupport$ImplementationMethodExecutionInterceptor.invoke(RepositoryFactorySupport.java:628)
        at org.springframework.aop.framework.ReflectiveMethodInvocation.proceed(ReflectiveMethodInvocation.java:184)
        at org.springframework.data.repository.core.support.QueryExecutorMethodInterceptor.doInvoke(QueryExecutorMethodInterceptor.java:173)
        at org.springframework.data.repository.core.support.QueryExecutorMethodInterceptor.invoke(QueryExecutorMethodInterceptor.java:148)
        at org.springframework.aop.framework.ReflectiveMethodInvocation.proceed(ReflectiveMethodInvocation.java:184)
        at org.springframework.transaction.interceptor.TransactionAspectSupport.invokeWithinTransaction(TransactionAspectSupport.java:379)
        at org.springframework.transaction.interceptor.TransactionInterceptor.invoke(TransactionInterceptor.java:119)
        at org.springframework.aop.framework.ReflectiveMethodInvocation.proceed(ReflectiveMethodInvocation.java:184)
        at org.springframework.dao.support.PersistenceExceptionTranslationInterceptor.invoke(PersistenceExceptionTranslationInterceptor.java:138)
        at org.springframework.aop.framework.ReflectiveMethodInvocation.proceed(ReflectiveMethodInvocation.java:184)
        at org.springframework.data.jpa.repository.support.CrudMethodMetadataPostProcessor$CrudMethodMetadataPopulatingMethodInterceptor.invoke(CrudMethodMetadataPostProcessor.java:165)
        at org.springframework.aop.framework.ReflectiveMethodInvocation.proceed(ReflectiveMethodInvocation.java:184)
        at org.springframework.aop.interceptor.ExposeInvocationInterceptor.invoke(ExposeInvocationInterceptor.java:97)
        at org.springframework.aop.framework.ReflectiveMethodInvocation.proceed(ReflectiveMethodInvocation.java:184)
        at org.springframework.aop.framework.JdkDynamicAopProxy.invoke(JdkDynamicAopProxy.java:223)
      org.hibernate.TypeMismatchException: Supplied id had wrong type: entity 'finos.traderx.accountservice.model.AccountUser' has id type 'class finos.traderx.accountservice.model.AccountUserID' but supplied id was of type 'class java.lang.Integer'
        at org.hibernate.event.internal.DefaultLoadEventListener.checkId(DefaultLoadEventListener.java:80)
        at org.hibernate.event.internal.DefaultLoadEventListener.onLoad(DefaultLoadEventListener.java:67)
        at org.hibernate.event.service.internal.EventListenerGroupImpl.fireEventOnEachListener(EventListenerGroupImpl.java:138)
        at org.hibernate.internal.SessionImpl.fireLoadNoChecks(SessionImpl.java:1225)
        at org.hibernate.internal.SessionImpl.fireLoad(SessionImpl.java:1213)
        at org.hibernate.loader.internal.IdentifierLoadAccessImpl.load(IdentifierLoadAccessImpl.java:209)
        at org.hibernate.loader.internal.IdentifierLoadAccessImpl.doLoad(IdentifierLoadAccessImpl.java:160)
        at org.hibernate.loader.internal.IdentifierLoadAccessImpl.lambda$load$1(IdentifierLoadAccessImpl.java:149)
        at org.hibernate.loader.internal.IdentifierLoadAccessImpl.perform(IdentifierLoadAccessImpl.java:112)
        at org.hibernate.loader.internal.IdentifierLoadAccessImpl.load(IdentifierLoadAccessImpl.java:149)
        at org.hibernate.internal.SessionImpl.find(SessionImpl.java:2429)
        at org.hibernate.internal.SessionImpl.find(SessionImpl.java:2400)
        at org.springframework.orm.jpa.SharedEntityManagerCreator$SharedEntityManagerInvocationHandler.invoke(SharedEntityManagerCreator.java:319)
        at org.springframework.data.jpa.repository.support.SimpleJpaRepository.findById(SimpleJpaRepository.java:316)
        at org.springframework.data.jpa.repository.support.SimpleJpaRepository.deleteById(SimpleJpaRepository.java:182)
        at org.springframework.data.jpa.repository.support.SimpleJpaRepository.deleteAllById(SimpleJpaRepository.java:217)
        at org.springframework.aop.support.AopUtils.invokeJoinpointUsingReflection(AopUtils.java:355)
        at org.springframework.data.repository.core.support.RepositoryMethodInvoker$RepositoryFragmentMethodInvoker.lambda$new$0(RepositoryMethodInvoker.java:277)
        at org.springframework.data.repository.core.support.RepositoryMethodInvoker.doInvoke(RepositoryMethodInvoker.java:170)
        at org.springframework.data.repository.core.support.RepositoryMethodInvoker.invoke(RepositoryMethodInvoker.java:158)
        at org.springframework.data.repository.core.support.RepositoryComposition$RepositoryFragments.invoke(RepositoryComposition.java:516)
        at org.springframework.data.repository.core.support.RepositoryComposition.invoke(RepositoryComposition.java:285)
        at org.springframework.data.repository.core.support.RepositoryFactorySupport$ImplementationMethodExecutionInterceptor.invoke(RepositoryFactorySupport.java:628)
        at org.springframework.aop.framework.ReflectiveMethodInvocation.proceed(ReflectiveMethodInvocation.java:184)
        at org.springframework.data.repository.core.support.QueryExecutorMethodInterceptor.doInvoke(QueryExecutorMethodInterceptor.java:173)
        at org.springframework.data.repository.core.support.QueryExecutorMethodInterceptor.invoke(QueryExecutorMethodInterceptor.java:148)
        at org.springframework.aop.framework.ReflectiveMethodInvocation.proceed(ReflectiveMethodInvocation.java:184)
        at org.springframework.transaction.interceptor.TransactionAspectSupport.invokeWithinTransaction(TransactionAspectSupport.java:379)
        at org.springframework.transaction.interceptor.TransactionInterceptor.invoke(TransactionInterceptor.java:119)
        at org.springframework.aop.framework.ReflectiveMethodInvocation.proceed(ReflectiveMethodInvocation.java:184)
        at org.springframework.dao.support.PersistenceExceptionTranslationInterceptor.invoke(PersistenceExceptionTranslationInterceptor.java:138)
        at org.springframework.aop.framework.ReflectiveMethodInvocation.proceed(ReflectiveMethodInvocation.java:184)
        at org.springframework.data.jpa.repository.support.CrudMethodMetadataPostProcessor$CrudMethodMetadataPopulatingMethodInterceptor.invoke(CrudMethodMetadataPostProcessor.java:165)
        at org.springframework.aop.framework.ReflectiveMethodInvocation.proceed(ReflectiveMethodInvocation.java:184)
        at org.springframework.aop.interceptor.ExposeInvocationInterceptor.invoke(ExposeInvocationInterceptor.java:97)
        at org.springframework.aop.framework.ReflectiveMethodInvocation.proceed(ReflectiveMethodInvocation.java:184)
        at org.springframework.aop.framework.JdkDynamicAopProxy.invoke(JdkDynamicAopProxy.java:223)
      ```
      
      Recompile the project to make sure the new factory is available to Cover.
      For example run `mvn install -DskipTests` or `gradle install -x test`.
      
INFO  
INFO  R013: No inputs found that don't throw a trivial exception
      Diffblue Cover tried to run the arrange/act section, but the test threw
      org.springframework.dao.InvalidDataAccessApiUsageException: Supplied id had wrong type: entity 'finos.traderx.accountservice.model.AccountUser' has id type 'class finos.traderx.accountservice.model.AccountUserID' but supplied id was of type 'class java.lang.Integer'
          at org.springframework.orm.jpa.EntityManagerFactoryUtils.convertJpaAccessExceptionIfPossible(EntityManagerFactoryUtils.java:371)
          at org.springframework.orm.jpa.vendor.HibernateJpaDialect.translateExceptionIfPossible(HibernateJpaDialect.java:246)
          at org.springframework.orm.jpa.AbstractEntityManagerFactoryBean.translateExceptionIfPossible(AbstractEntityManagerFactoryBean.java:550)
          at org.springframework.dao.support.ChainedPersistenceExceptionTranslator.translateExceptionIfPossible(ChainedPersistenceExceptionTranslator.java:61)
          at org.springframework.dao.support.DataAccessUtils.translateIfNecessary(DataAccessUtils.java:335)
          at org.springframework.dao.support.PersistenceExceptionTranslationInterceptor.invoke(PersistenceExceptionTranslationInterceptor.java:160)
          at org.springframework.aop.framework.ReflectiveMethodInvocation.proceed(ReflectiveMethodInvocation.java:184)
          at org.springframework.data.jpa.repository.support.CrudMethodMetadataPostProcessor$CrudMethodMetadataPopulatingMethodInterceptor.invoke(CrudMethodMetadataPostProcessor.java:165)
          at org.springframework.aop.framework.ReflectiveMethodInvocation.proceed(ReflectiveMethodInvocation.java:184)
          at org.springframework.aop.interceptor.ExposeInvocationInterceptor.invoke(ExposeInvocationInterceptor.java:97)
          at org.springframework.aop.framework.ReflectiveMethodInvocation.proceed(ReflectiveMethodInvocation.java:184)
          at org.springframework.aop.framework.JdkDynamicAopProxy.invoke(JdkDynamicAopProxy.java:223)
      In order to prevent the method under test
      from throwing InvalidDataAccessApiUsageException, add constructors or factory
      methods that make it easier to construct fully initialized objects used in
      the method under test.
      See https://diff.blue/R013 to resolve this issue.
      
INFO  Affected methods:
      finos.traderx.accountservice.repository.AccountUserRepository.deleteById:(Ljava/lang/Object;)V
      
INFO  To resolve the issue, use the following prompt with your AI assistant:
      
      We are unit testing `finos.traderx.accountservice.repository.AccountUserRepository.deleteById:(Ljava/lang/Object;)V`.
      
      Create a parameterless factory method for the problematic
      parameter/this object, determining which by reading the error message below.
      The new factory method should be in the test classpath, not production.
      Create a new factory class if there isn't already one for the class under test.
      Do not create a test yourself, only a factory (don't test the factory either).
      The factory must be annotated with `@com.diffblue.cover.annotations.InterestingTestFactory`.
      Avoid using mocks, these tend to produce unused stubbing errors or a
      `java.lang.NullPointerException`.
      If your environment has internet access then further documentation on
      factory methods for Cover can be found here:
      https://docs.diffblue.com/features/tutorials/increase-code-coverage#test-factory-pattern
      
      The factory should produce a parameter/this object such that
      the following exception does not occur:
      
      ```
      org.springframework.dao.InvalidDataAccessApiUsageException: Supplied id had wrong type: entity 'finos.traderx.accountservice.model.AccountUser' has id type 'class finos.traderx.accountservice.model.AccountUserID' but supplied id was of type 'class java.lang.Integer'
        at org.springframework.orm.jpa.EntityManagerFactoryUtils.convertJpaAccessExceptionIfPossible(EntityManagerFactoryUtils.java:371)
        at org.springframework.orm.jpa.vendor.HibernateJpaDialect.translateExceptionIfPossible(HibernateJpaDialect.java:246)
        at org.springframework.orm.jpa.AbstractEntityManagerFactoryBean.translateExceptionIfPossible(AbstractEntityManagerFactoryBean.java:550)
        at org.springframework.dao.support.ChainedPersistenceExceptionTranslator.translateExceptionIfPossible(ChainedPersistenceExceptionTranslator.java:61)
        at org.springframework.dao.support.DataAccessUtils.translateIfNecessary(DataAccessUtils.java:335)
        at org.springframework.dao.support.PersistenceExceptionTranslationInterceptor.invoke(PersistenceExceptionTranslationInterceptor.java:160)
        at org.springframework.aop.framework.ReflectiveMethodInvocation.proceed(ReflectiveMethodInvocation.java:184)
        at org.springframework.data.jpa.repository.support.CrudMethodMetadataPostProcessor$CrudMethodMetadataPopulatingMethodInterceptor.invoke(CrudMethodMetadataPostProcessor.java:165)
        at org.springframework.aop.framework.ReflectiveMethodInvocation.proceed(ReflectiveMethodInvocation.java:184)
        at org.springframework.aop.interceptor.ExposeInvocationInterceptor.invoke(ExposeInvocationInterceptor.java:97)
        at org.springframework.aop.framework.ReflectiveMethodInvocation.proceed(ReflectiveMethodInvocation.java:184)
        at org.springframework.aop.framework.JdkDynamicAopProxy.invoke(JdkDynamicAopProxy.java:223)
      java.lang.IllegalArgumentException: Supplied id had wrong type: entity 'finos.traderx.accountservice.model.AccountUser' has id type 'class finos.traderx.accountservice.model.AccountUserID' but supplied id was of type 'class java.lang.Integer'
        at org.hibernate.internal.SessionImpl.find(SessionImpl.java:2457)
        at org.hibernate.internal.SessionImpl.find(SessionImpl.java:2400)
        at org.springframework.orm.jpa.SharedEntityManagerCreator$SharedEntityManagerInvocationHandler.invoke(SharedEntityManagerCreator.java:319)
        at org.springframework.data.jpa.repository.support.SimpleJpaRepository.findById(SimpleJpaRepository.java:316)
        at org.springframework.data.jpa.repository.support.SimpleJpaRepository.deleteById(SimpleJpaRepository.java:182)
        at org.springframework.aop.support.AopUtils.invokeJoinpointUsingReflection(AopUtils.java:355)
        at org.springframework.data.repository.core.support.RepositoryMethodInvoker$RepositoryFragmentMethodInvoker.lambda$new$0(RepositoryMethodInvoker.java:277)
        at org.springframework.data.repository.core.support.RepositoryMethodInvoker.doInvoke(RepositoryMethodInvoker.java:170)
        at org.springframework.data.repository.core.support.RepositoryMethodInvoker.invoke(RepositoryMethodInvoker.java:158)
        at org.springframework.data.repository.core.support.RepositoryComposition$RepositoryFragments.invoke(RepositoryComposition.java:516)
        at org.springframework.data.repository.core.support.RepositoryComposition.invoke(RepositoryComposition.java:285)
        at org.springframework.data.repository.core.support.RepositoryFactorySupport$ImplementationMethodExecutionInterceptor.invoke(RepositoryFactorySupport.java:628)
        at org.springframework.aop.framework.ReflectiveMethodInvocation.proceed(ReflectiveMethodInvocation.java:184)
        at org.springframework.data.repository.core.support.QueryExecutorMethodInterceptor.doInvoke(QueryExecutorMethodInterceptor.java:173)
        at org.springframework.data.repository.core.support.QueryExecutorMethodInterceptor.invoke(QueryExecutorMethodInterceptor.java:148)
        at org.springframework.aop.framework.ReflectiveMethodInvocation.proceed(ReflectiveMethodInvocation.java:184)
        at org.springframework.transaction.interceptor.TransactionAspectSupport.invokeWithinTransaction(TransactionAspectSupport.java:379)
        at org.springframework.transaction.interceptor.TransactionInterceptor.invoke(TransactionInterceptor.java:119)
        at org.springframework.aop.framework.ReflectiveMethodInvocation.proceed(ReflectiveMethodInvocation.java:184)
        at org.springframework.dao.support.PersistenceExceptionTranslationInterceptor.invoke(PersistenceExceptionTranslationInterceptor.java:138)
        at org.springframework.aop.framework.ReflectiveMethodInvocation.proceed(ReflectiveMethodInvocation.java:184)
        at org.springframework.data.jpa.repository.support.CrudMethodMetadataPostProcessor$CrudMethodMetadataPopulatingMethodInterceptor.invoke(CrudMethodMetadataPostProcessor.java:165)
        at org.springframework.aop.framework.ReflectiveMethodInvocation.proceed(ReflectiveMethodInvocation.java:184)
        at org.springframework.aop.interceptor.ExposeInvocationInterceptor.invoke(ExposeInvocationInterceptor.java:97)
        at org.springframework.aop.framework.ReflectiveMethodInvocation.proceed(ReflectiveMethodInvocation.java:184)
        at org.springframework.aop.framework.JdkDynamicAopProxy.invoke(JdkDynamicAopProxy.java:223)
      org.hibernate.TypeMismatchException: Supplied id had wrong type: entity 'finos.traderx.accountservice.model.AccountUser' has id type 'class finos.traderx.accountservice.model.AccountUserID' but supplied id was of type 'class java.lang.Integer'
        at org.hibernate.event.internal.DefaultLoadEventListener.checkId(DefaultLoadEventListener.java:80)
        at org.hibernate.event.internal.DefaultLoadEventListener.onLoad(DefaultLoadEventListener.java:67)
        at org.hibernate.event.service.internal.EventListenerGroupImpl.fireEventOnEachListener(EventListenerGroupImpl.java:138)
        at org.hibernate.internal.SessionImpl.fireLoadNoChecks(SessionImpl.java:1225)
        at org.hibernate.internal.SessionImpl.fireLoad(SessionImpl.java:1213)
        at org.hibernate.loader.internal.IdentifierLoadAccessImpl.load(IdentifierLoadAccessImpl.java:209)
        at org.hibernate.loader.internal.IdentifierLoadAccessImpl.doLoad(IdentifierLoadAccessImpl.java:160)
        at org.hibernate.loader.internal.IdentifierLoadAccessImpl.lambda$load$1(IdentifierLoadAccessImpl.java:149)
        at org.hibernate.loader.internal.IdentifierLoadAccessImpl.perform(IdentifierLoadAccessImpl.java:112)
        at org.hibernate.loader.internal.IdentifierLoadAccessImpl.load(IdentifierLoadAccessImpl.java:149)
        at org.hibernate.internal.SessionImpl.find(SessionImpl.java:2429)
        at org.hibernate.internal.SessionImpl.find(SessionImpl.java:2400)
        at org.springframework.orm.jpa.SharedEntityManagerCreator$SharedEntityManagerInvocationHandler.invoke(SharedEntityManagerCreator.java:319)
        at org.springframework.data.jpa.repository.support.SimpleJpaRepository.findById(SimpleJpaRepository.java:316)
        at org.springframework.data.jpa.repository.support.SimpleJpaRepository.deleteById(SimpleJpaRepository.java:182)
        at org.springframework.aop.support.AopUtils.invokeJoinpointUsingReflection(AopUtils.java:355)
        at org.springframework.data.repository.core.support.RepositoryMethodInvoker$RepositoryFragmentMethodInvoker.lambda$new$0(RepositoryMethodInvoker.java:277)
        at org.springframework.data.repository.core.support.RepositoryMethodInvoker.doInvoke(RepositoryMethodInvoker.java:170)
        at org.springframework.data.repository.core.support.RepositoryMethodInvoker.invoke(RepositoryMethodInvoker.java:158)
        at org.springframework.data.repository.core.support.RepositoryComposition$RepositoryFragments.invoke(RepositoryComposition.java:516)
        at org.springframework.data.repository.core.support.RepositoryComposition.invoke(RepositoryComposition.java:285)
        at org.springframework.data.repository.core.support.RepositoryFactorySupport$ImplementationMethodExecutionInterceptor.invoke(RepositoryFactorySupport.java:628)
        at org.springframework.aop.framework.ReflectiveMethodInvocation.proceed(ReflectiveMethodInvocation.java:184)
        at org.springframework.data.repository.core.support.QueryExecutorMethodInterceptor.doInvoke(QueryExecutorMethodInterceptor.java:173)
        at org.springframework.data.repository.core.support.QueryExecutorMethodInterceptor.invoke(QueryExecutorMethodInterceptor.java:148)
        at org.springframework.aop.framework.ReflectiveMethodInvocation.proceed(ReflectiveMethodInvocation.java:184)
        at org.springframework.transaction.interceptor.TransactionAspectSupport.invokeWithinTransaction(TransactionAspectSupport.java:379)
        at org.springframework.transaction.interceptor.TransactionInterceptor.invoke(TransactionInterceptor.java:119)
        at org.springframework.aop.framework.ReflectiveMethodInvocation.proceed(ReflectiveMethodInvocation.java:184)
        at org.springframework.dao.support.PersistenceExceptionTranslationInterceptor.invoke(PersistenceExceptionTranslationInterceptor.java:138)
        at org.springframework.aop.framework.ReflectiveMethodInvocation.proceed(ReflectiveMethodInvocation.java:184)
        at org.springframework.data.jpa.repository.support.CrudMethodMetadataPostProcessor$CrudMethodMetadataPopulatingMethodInterceptor.invoke(CrudMethodMetadataPostProcessor.java:165)
        at org.springframework.aop.framework.ReflectiveMethodInvocation.proceed(ReflectiveMethodInvocation.java:184)
        at org.springframework.aop.interceptor.ExposeInvocationInterceptor.invoke(ExposeInvocationInterceptor.java:97)
        at org.springframework.aop.framework.ReflectiveMethodInvocation.proceed(ReflectiveMethodInvocation.java:184)
        at org.springframework.aop.framework.JdkDynamicAopProxy.invoke(JdkDynamicAopProxy.java:223)
      ```
      
      Recompile the project to make sure the new factory is available to Cover.
      For example run `mvn install -DskipTests` or `gradle install -x test`.
      
INFO  
INFO  R013: No inputs found that don't throw a trivial exception
      Diffblue Cover tried to run the arrange/act section, but the test threw
      org.springframework.beans.NotReadablePropertyException: Invalid property 'username' of bean class [java.lang.Integer]: Could not find field for property during fallback access
          at org.springframework.data.util.DirectFieldAccessFallbackBeanWrapper.getPropertyValue(DirectFieldAccessFallbackBeanWrapper.java:55)
          at org.springframework.data.jpa.repository.support.JpaMetamodelEntityInformation.getCompositeIdAttributeValue(JpaMetamodelEntityInformation.java:216)
          at org.springframework.data.jpa.repository.support.SimpleJpaRepository.existsById(SimpleJpaRepository.java:367)
          at org.springframework.aop.support.AopUtils.invokeJoinpointUsingReflection(AopUtils.java:355)
          at org.springframework.data.repository.core.support.RepositoryMethodInvoker$RepositoryFragmentMethodInvoker.lambda$new$0(RepositoryMethodInvoker.java:277)
          at org.springframework.data.repository.core.support.RepositoryMethodInvoker.doInvoke(RepositoryMethodInvoker.java:170)
          at org.springframework.data.repository.core.support.RepositoryMethodInvoker.invoke(RepositoryMethodInvoker.java:158)
          at org.springframework.data.repository.core.support.RepositoryComposition$RepositoryFragments.invoke(RepositoryComposition.java:516)
          at org.springframework.data.repository.core.support.RepositoryComposition.invoke(RepositoryComposition.java:285)
          at org.springframework.data.repository.core.support.RepositoryFactorySupport$ImplementationMethodExecutionInterceptor.invoke(RepositoryFactorySupport.java:628)
          at org.springframework.aop.framework.ReflectiveMethodInvocation.proceed(ReflectiveMethodInvocation.java:184)
          at org.springframework.data.repository.core.support.QueryExecutorMethodInterceptor.doInvoke(QueryExecutorMethodInterceptor.java:173)
          at org.springframework.data.repository.core.support.QueryExecutorMethodInterceptor.invoke(QueryExecutorMethodInterceptor.java:148)
          at org.springframework.aop.framework.ReflectiveMethodInvocation.proceed(ReflectiveMethodInvocation.java:184)
          at org.springframework.transaction.interceptor.TransactionAspectSupport.invokeWithinTransaction(TransactionAspectSupport.java:379)
          at org.springframework.transaction.interceptor.TransactionInterceptor.invoke(TransactionInterceptor.java:119)
          at org.springframework.aop.framework.ReflectiveMethodInvocation.proceed(ReflectiveMethodInvocation.java:184)
          at org.springframework.dao.support.PersistenceExceptionTranslationInterceptor.invoke(PersistenceExceptionTranslationInterceptor.java:138)
          at org.springframework.aop.framework.ReflectiveMethodInvocation.proceed(ReflectiveMethodInvocation.java:184)
          at org.springframework.data.jpa.repository.support.CrudMethodMetadataPostProcessor$CrudMethodMetadataPopulatingMethodInterceptor.invoke(CrudMethodMetadataPostProcessor.java:165)
          at org.springframework.aop.framework.ReflectiveMethodInvocation.proceed(ReflectiveMethodInvocation.java:184)
          at org.springframework.aop.interceptor.ExposeInvocationInterceptor.invoke(ExposeInvocationInterceptor.java:97)
          at org.springframework.aop.framework.ReflectiveMethodInvocation.proceed(ReflectiveMethodInvocation.java:184)
          at org.springframework.aop.framework.JdkDynamicAopProxy.invoke(JdkDynamicAopProxy.java:223)
      In order to prevent the method under test
      from throwing NotReadablePropertyException, add constructors or factory
      methods that make it easier to construct fully initialized objects used in
      the method under test.
      See https://diff.blue/R013 to resolve this issue.
      
INFO  Affected methods:
      finos.traderx.accountservice.repository.AccountUserRepository.existsById:(Ljava/lang/Object;)Z
      
INFO  To resolve the issue, use the following prompt with your AI assistant:
      
      We are unit testing `finos.traderx.accountservice.repository.AccountUserRepository.existsById:(Ljava/lang/Object;)Z`.
      
      Create a parameterless factory method for the problematic
      parameter/this object, determining which by reading the error message below.
      The new factory method should be in the test classpath, not production.
      Create a new factory class if there isn't already one for the class under test.
      Do not create a test yourself, only a factory (don't test the factory either).
      The factory must be annotated with `@com.diffblue.cover.annotations.InterestingTestFactory`.
      Avoid using mocks, these tend to produce unused stubbing errors or a
      `java.lang.NullPointerException`.
      If your environment has internet access then further documentation on
      factory methods for Cover can be found here:
      https://docs.diffblue.com/features/tutorials/increase-code-coverage#test-factory-pattern
      
      The factory should produce a parameter/this object such that
      the following exception does not occur:
      
      ```
      org.springframework.beans.NotReadablePropertyException: Invalid property 'username' of bean class [java.lang.Integer]: Could not find field for property during fallback access
        at org.springframework.data.util.DirectFieldAccessFallbackBeanWrapper.getPropertyValue(DirectFieldAccessFallbackBeanWrapper.java:55)
        at org.springframework.data.jpa.repository.support.JpaMetamodelEntityInformation.getCompositeIdAttributeValue(JpaMetamodelEntityInformation.java:216)
        at org.springframework.data.jpa.repository.support.SimpleJpaRepository.existsById(SimpleJpaRepository.java:367)
        at org.springframework.aop.support.AopUtils.invokeJoinpointUsingReflection(AopUtils.java:355)
        at org.springframework.data.repository.core.support.RepositoryMethodInvoker$RepositoryFragmentMethodInvoker.lambda$new$0(RepositoryMethodInvoker.java:277)
        at org.springframework.data.repository.core.support.RepositoryMethodInvoker.doInvoke(RepositoryMethodInvoker.java:170)
        at org.springframework.data.repository.core.support.RepositoryMethodInvoker.invoke(RepositoryMethodInvoker.java:158)
        at org.springframework.data.repository.core.support.RepositoryComposition$RepositoryFragments.invoke(RepositoryComposition.java:516)
        at org.springframework.data.repository.core.support.RepositoryComposition.invoke(RepositoryComposition.java:285)
        at org.springframework.data.repository.core.support.RepositoryFactorySupport$ImplementationMethodExecutionInterceptor.invoke(RepositoryFactorySupport.java:628)
        at org.springframework.aop.framework.ReflectiveMethodInvocation.proceed(ReflectiveMethodInvocation.java:184)
        at org.springframework.data.repository.core.support.QueryExecutorMethodInterceptor.doInvoke(QueryExecutorMethodInterceptor.java:173)
        at org.springframework.data.repository.core.support.QueryExecutorMethodInterceptor.invoke(QueryExecutorMethodInterceptor.java:148)
        at org.springframework.aop.framework.ReflectiveMethodInvocation.proceed(ReflectiveMethodInvocation.java:184)
        at org.springframework.transaction.interceptor.TransactionAspectSupport.invokeWithinTransaction(TransactionAspectSupport.java:379)
        at org.springframework.transaction.interceptor.TransactionInterceptor.invoke(TransactionInterceptor.java:119)
        at org.springframework.aop.framework.ReflectiveMethodInvocation.proceed(ReflectiveMethodInvocation.java:184)
        at org.springframework.dao.support.PersistenceExceptionTranslationInterceptor.invoke(PersistenceExceptionTranslationInterceptor.java:138)
        at org.springframework.aop.framework.ReflectiveMethodInvocation.proceed(ReflectiveMethodInvocation.java:184)
        at org.springframework.data.jpa.repository.support.CrudMethodMetadataPostProcessor$CrudMethodMetadataPopulatingMethodInterceptor.invoke(CrudMethodMetadataPostProcessor.java:165)
        at org.springframework.aop.framework.ReflectiveMethodInvocation.proceed(ReflectiveMethodInvocation.java:184)
        at org.springframework.aop.interceptor.ExposeInvocationInterceptor.invoke(ExposeInvocationInterceptor.java:97)
        at org.springframework.aop.framework.ReflectiveMethodInvocation.proceed(ReflectiveMethodInvocation.java:184)
        at org.springframework.aop.framework.JdkDynamicAopProxy.invoke(JdkDynamicAopProxy.java:223)
      ```
      
      Recompile the project to make sure the new factory is available to Cover.
      For example run `mvn install -DskipTests` or `gradle install -x test`.
      
INFO  
INFO  R013: No inputs found that don't throw a trivial exception
      Diffblue Cover tried to run the arrange/act section, but the test threw
      org.springframework.dao.InvalidDataAccessApiUsageException: Supplied id had wrong type: entity 'finos.traderx.accountservice.model.AccountUser' has id type 'class finos.traderx.accountservice.model.AccountUserID' but supplied id was of type 'class java.lang.Integer'
          at org.springframework.orm.jpa.EntityManagerFactoryUtils.convertJpaAccessExceptionIfPossible(EntityManagerFactoryUtils.java:371)
          at org.springframework.orm.jpa.vendor.HibernateJpaDialect.translateExceptionIfPossible(HibernateJpaDialect.java:246)
          at org.springframework.orm.jpa.AbstractEntityManagerFactoryBean.translateExceptionIfPossible(AbstractEntityManagerFactoryBean.java:550)
          at org.springframework.dao.support.ChainedPersistenceExceptionTranslator.translateExceptionIfPossible(ChainedPersistenceExceptionTranslator.java:61)
          at org.springframework.dao.support.DataAccessUtils.translateIfNecessary(DataAccessUtils.java:335)
          at org.springframework.dao.support.PersistenceExceptionTranslationInterceptor.invoke(PersistenceExceptionTranslationInterceptor.java:160)
          at org.springframework.aop.framework.ReflectiveMethodInvocation.proceed(ReflectiveMethodInvocation.java:184)
          at org.springframework.data.jpa.repository.support.CrudMethodMetadataPostProcessor$CrudMethodMetadataPopulatingMethodInterceptor.invoke(CrudMethodMetadataPostProcessor.java:165)
          at org.springframework.aop.framework.ReflectiveMethodInvocation.proceed(ReflectiveMethodInvocation.java:184)
          at org.springframework.aop.interceptor.ExposeInvocationInterceptor.invoke(ExposeInvocationInterceptor.java:97)
          at org.springframework.aop.framework.ReflectiveMethodInvocation.proceed(ReflectiveMethodInvocation.java:184)
          at org.springframework.aop.framework.JdkDynamicAopProxy.invoke(JdkDynamicAopProxy.java:223)
      In order to prevent the method under test
      from throwing InvalidDataAccessApiUsageException, add constructors or factory
      methods that make it easier to construct fully initialized objects used in
      the method under test.
      See https://diff.blue/R013 to resolve this issue.
      
INFO  Affected methods:
      finos.traderx.accountservice.repository.AccountUserRepository.findAllById:(Ljava/lang/Iterable;)Ljava/lang/Iterable;
      
INFO  To resolve the issue, use the following prompt with your AI assistant:
      
      We are unit testing `finos.traderx.accountservice.repository.AccountUserRepository.findAllById:(Ljava/lang/Iterable;)Ljava/lang/Iterable;`.
      
      Create a parameterless factory method for the problematic
      parameter/this object, determining which by reading the error message below.
      The new factory method should be in the test classpath, not production.
      Create a new factory class if there isn't already one for the class under test.
      Do not create a test yourself, only a factory (don't test the factory either).
      The factory must be annotated with `@com.diffblue.cover.annotations.InterestingTestFactory`.
      Avoid using mocks, these tend to produce unused stubbing errors or a
      `java.lang.NullPointerException`.
      If your environment has internet access then further documentation on
      factory methods for Cover can be found here:
      https://docs.diffblue.com/features/tutorials/increase-code-coverage#test-factory-pattern
      
      The factory should produce a parameter/this object such that
      the following exception does not occur:
      
      ```
      org.springframework.dao.InvalidDataAccessApiUsageException: Supplied id had wrong type: entity 'finos.traderx.accountservice.model.AccountUser' has id type 'class finos.traderx.accountservice.model.AccountUserID' but supplied id was of type 'class java.lang.Integer'
        at org.springframework.orm.jpa.EntityManagerFactoryUtils.convertJpaAccessExceptionIfPossible(EntityManagerFactoryUtils.java:371)
        at org.springframework.orm.jpa.vendor.HibernateJpaDialect.translateExceptionIfPossible(HibernateJpaDialect.java:246)
        at org.springframework.orm.jpa.AbstractEntityManagerFactoryBean.translateExceptionIfPossible(AbstractEntityManagerFactoryBean.java:550)
        at org.springframework.dao.support.ChainedPersistenceExceptionTranslator.translateExceptionIfPossible(ChainedPersistenceExceptionTranslator.java:61)
        at org.springframework.dao.support.DataAccessUtils.translateIfNecessary(DataAccessUtils.java:335)
        at org.springframework.dao.support.PersistenceExceptionTranslationInterceptor.invoke(PersistenceExceptionTranslationInterceptor.java:160)
        at org.springframework.aop.framework.ReflectiveMethodInvocation.proceed(ReflectiveMethodInvocation.java:184)
        at org.springframework.data.jpa.repository.support.CrudMethodMetadataPostProcessor$CrudMethodMetadataPopulatingMethodInterceptor.invoke(CrudMethodMetadataPostProcessor.java:165)
        at org.springframework.aop.framework.ReflectiveMethodInvocation.proceed(ReflectiveMethodInvocation.java:184)
        at org.springframework.aop.interceptor.ExposeInvocationInterceptor.invoke(ExposeInvocationInterceptor.java:97)
        at org.springframework.aop.framework.ReflectiveMethodInvocation.proceed(ReflectiveMethodInvocation.java:184)
        at org.springframework.aop.framework.JdkDynamicAopProxy.invoke(JdkDynamicAopProxy.java:223)
      java.lang.IllegalArgumentException: Supplied id had wrong type: entity 'finos.traderx.accountservice.model.AccountUser' has id type 'class finos.traderx.accountservice.model.AccountUserID' but supplied id was of type 'class java.lang.Integer'
        at org.hibernate.internal.SessionImpl.find(SessionImpl.java:2457)
        at org.hibernate.internal.SessionImpl.find(SessionImpl.java:2400)
        at org.springframework.orm.jpa.SharedEntityManagerCreator$SharedEntityManagerInvocationHandler.invoke(SharedEntityManagerCreator.java:319)
        at org.springframework.data.jpa.repository.support.SimpleJpaRepository.findById(SimpleJpaRepository.java:316)
        at org.springframework.data.jpa.repository.support.SimpleJpaRepository.findAllById(SimpleJpaRepository.java:403)
        at org.springframework.aop.support.AopUtils.invokeJoinpointUsingReflection(AopUtils.java:355)
        at org.springframework.data.repository.core.support.RepositoryMethodInvoker$RepositoryFragmentMethodInvoker.lambda$new$0(RepositoryMethodInvoker.java:277)
        at org.springframework.data.repository.core.support.RepositoryMethodInvoker.doInvoke(RepositoryMethodInvoker.java:170)
        at org.springframework.data.repository.core.support.RepositoryMethodInvoker.invoke(RepositoryMethodInvoker.java:158)
        at org.springframework.data.repository.core.support.RepositoryComposition$RepositoryFragments.invoke(RepositoryComposition.java:516)
        at org.springframework.data.repository.core.support.RepositoryComposition.invoke(RepositoryComposition.java:285)
        at org.springframework.data.repository.core.support.RepositoryFactorySupport$ImplementationMethodExecutionInterceptor.invoke(RepositoryFactorySupport.java:628)
        at org.springframework.aop.framework.ReflectiveMethodInvocation.proceed(ReflectiveMethodInvocation.java:184)
        at org.springframework.data.repository.core.support.QueryExecutorMethodInterceptor.doInvoke(QueryExecutorMethodInterceptor.java:173)
        at org.springframework.data.repository.core.support.QueryExecutorMethodInterceptor.invoke(QueryExecutorMethodInterceptor.java:148)
        at org.springframework.aop.framework.ReflectiveMethodInvocation.proceed(ReflectiveMethodInvocation.java:184)
        at org.springframework.transaction.interceptor.TransactionAspectSupport.invokeWithinTransaction(TransactionAspectSupport.java:379)
        at org.springframework.transaction.interceptor.TransactionInterceptor.invoke(TransactionInterceptor.java:119)
        at org.springframework.aop.framework.ReflectiveMethodInvocation.proceed(ReflectiveMethodInvocation.java:184)
        at org.springframework.dao.support.PersistenceExceptionTranslationInterceptor.invoke(PersistenceExceptionTranslationInterceptor.java:138)
        at org.springframework.aop.framework.ReflectiveMethodInvocation.proceed(ReflectiveMethodInvocation.java:184)
        at org.springframework.data.jpa.repository.support.CrudMethodMetadataPostProcessor$CrudMethodMetadataPopulatingMethodInterceptor.invoke(CrudMethodMetadataPostProcessor.java:165)
        at org.springframework.aop.framework.ReflectiveMethodInvocation.proceed(ReflectiveMethodInvocation.java:184)
        at org.springframework.aop.interceptor.ExposeInvocationInterceptor.invoke(ExposeInvocationInterceptor.java:97)
        at org.springframework.aop.framework.ReflectiveMethodInvocation.proceed(ReflectiveMethodInvocation.java:184)
        at org.springframework.aop.framework.JdkDynamicAopProxy.invoke(JdkDynamicAopProxy.java:223)
      org.hibernate.TypeMismatchException: Supplied id had wrong type: entity 'finos.traderx.accountservice.model.AccountUser' has id type 'class finos.traderx.accountservice.model.AccountUserID' but supplied id was of type 'class java.lang.Integer'
        at org.hibernate.event.internal.DefaultLoadEventListener.checkId(DefaultLoadEventListener.java:80)
        at org.hibernate.event.internal.DefaultLoadEventListener.onLoad(DefaultLoadEventListener.java:67)
        at org.hibernate.event.service.internal.EventListenerGroupImpl.fireEventOnEachListener(EventListenerGroupImpl.java:138)
        at org.hibernate.internal.SessionImpl.fireLoadNoChecks(SessionImpl.java:1225)
        at org.hibernate.internal.SessionImpl.fireLoad(SessionImpl.java:1213)
        at org.hibernate.loader.internal.IdentifierLoadAccessImpl.load(IdentifierLoadAccessImpl.java:209)
        at org.hibernate.loader.internal.IdentifierLoadAccessImpl.doLoad(IdentifierLoadAccessImpl.java:160)
        at org.hibernate.loader.internal.IdentifierLoadAccessImpl.lambda$load$1(IdentifierLoadAccessImpl.java:149)
        at org.hibernate.loader.internal.IdentifierLoadAccessImpl.perform(IdentifierLoadAccessImpl.java:112)
        at org.hibernate.loader.internal.IdentifierLoadAccessImpl.load(IdentifierLoadAccessImpl.java:149)
        at org.hibernate.internal.SessionImpl.find(SessionImpl.java:2429)
        at org.hibernate.internal.SessionImpl.find(SessionImpl.java:2400)
        at org.springframework.orm.jpa.SharedEntityManagerCreator$SharedEntityManagerInvocationHandler.invoke(SharedEntityManagerCreator.java:319)
        at org.springframework.data.jpa.repository.support.SimpleJpaRepository.findById(SimpleJpaRepository.java:316)
        at org.springframework.data.jpa.repository.support.SimpleJpaRepository.findAllById(SimpleJpaRepository.java:403)
        at org.springframework.aop.support.AopUtils.invokeJoinpointUsingReflection(AopUtils.java:355)
        at org.springframework.data.repository.core.support.RepositoryMethodInvoker$RepositoryFragmentMethodInvoker.lambda$new$0(RepositoryMethodInvoker.java:277)
        at org.springframework.data.repository.core.support.RepositoryMethodInvoker.doInvoke(RepositoryMethodInvoker.java:170)
        at org.springframework.data.repository.core.support.RepositoryMethodInvoker.invoke(RepositoryMethodInvoker.java:158)
        at org.springframework.data.repository.core.support.RepositoryComposition$RepositoryFragments.invoke(RepositoryComposition.java:516)
        at org.springframework.data.repository.core.support.RepositoryComposition.invoke(RepositoryComposition.java:285)
        at org.springframework.data.repository.core.support.RepositoryFactorySupport$ImplementationMethodExecutionInterceptor.invoke(RepositoryFactorySupport.java:628)
        at org.springframework.aop.framework.ReflectiveMethodInvocation.proceed(ReflectiveMethodInvocation.java:184)
        at org.springframework.data.repository.core.support.QueryExecutorMethodInterceptor.doInvoke(QueryExecutorMethodInterceptor.java:173)
        at org.springframework.data.repository.core.support.QueryExecutorMethodInterceptor.invoke(QueryExecutorMethodInterceptor.java:148)
        at org.springframework.aop.framework.ReflectiveMethodInvocation.proceed(ReflectiveMethodInvocation.java:184)
        at org.springframework.transaction.interceptor.TransactionAspectSupport.invokeWithinTransaction(TransactionAspectSupport.java:379)
        at org.springframework.transaction.interceptor.TransactionInterceptor.invoke(TransactionInterceptor.java:119)
        at org.springframework.aop.framework.ReflectiveMethodInvocation.proceed(ReflectiveMethodInvocation.java:184)
        at org.springframework.dao.support.PersistenceExceptionTranslationInterceptor.invoke(PersistenceExceptionTranslationInterceptor.java:138)
        at org.springframework.aop.framework.ReflectiveMethodInvocation.proceed(ReflectiveMethodInvocation.java:184)
        at org.springframework.data.jpa.repository.support.CrudMethodMetadataPostProcessor$CrudMethodMetadataPopulatingMethodInterceptor.invoke(CrudMethodMetadataPostProcessor.java:165)
        at org.springframework.aop.framework.ReflectiveMethodInvocation.proceed(ReflectiveMethodInvocation.java:184)
        at org.springframework.aop.interceptor.ExposeInvocationInterceptor.invoke(ExposeInvocationInterceptor.java:97)
        at org.springframework.aop.framework.ReflectiveMethodInvocation.proceed(ReflectiveMethodInvocation.java:184)
        at org.springframework.aop.framework.JdkDynamicAopProxy.invoke(JdkDynamicAopProxy.java:223)
      ```
      
      Recompile the project to make sure the new factory is available to Cover.
      For example run `mvn install -DskipTests` or `gradle install -x test`.
      
INFO  
INFO  R013: No inputs found that don't throw a trivial exception
      Diffblue Cover tried to run the arrange/act section, but the test threw
      org.springframework.dao.InvalidDataAccessApiUsageException: Supplied id had wrong type: entity 'finos.traderx.accountservice.model.AccountUser' has id type 'class finos.traderx.accountservice.model.AccountUserID' but supplied id was of type 'class java.lang.Integer'
          at org.springframework.orm.jpa.EntityManagerFactoryUtils.convertJpaAccessExceptionIfPossible(EntityManagerFactoryUtils.java:371)
          at org.springframework.orm.jpa.vendor.HibernateJpaDialect.translateExceptionIfPossible(HibernateJpaDialect.java:246)
          at org.springframework.orm.jpa.AbstractEntityManagerFactoryBean.translateExceptionIfPossible(AbstractEntityManagerFactoryBean.java:550)
          at org.springframework.dao.support.ChainedPersistenceExceptionTranslator.translateExceptionIfPossible(ChainedPersistenceExceptionTranslator.java:61)
          at org.springframework.dao.support.DataAccessUtils.translateIfNecessary(DataAccessUtils.java:335)
          at org.springframework.dao.support.PersistenceExceptionTranslationInterceptor.invoke(PersistenceExceptionTranslationInterceptor.java:160)
          at org.springframework.aop.framework.ReflectiveMethodInvocation.proceed(ReflectiveMethodInvocation.java:184)
          at org.springframework.data.jpa.repository.support.CrudMethodMetadataPostProcessor$CrudMethodMetadataPopulatingMethodInterceptor.invoke(CrudMethodMetadataPostProcessor.java:165)
          at org.springframework.aop.framework.ReflectiveMethodInvocation.proceed(ReflectiveMethodInvocation.java:184)
          at org.springframework.aop.interceptor.ExposeInvocationInterceptor.invoke(ExposeInvocationInterceptor.java:97)
          at org.springframework.aop.framework.ReflectiveMethodInvocation.proceed(ReflectiveMethodInvocation.java:184)
          at org.springframework.aop.framework.JdkDynamicAopProxy.invoke(JdkDynamicAopProxy.java:223)
      In order to prevent the method under test
      from throwing InvalidDataAccessApiUsageException, add constructors or factory
      methods that make it easier to construct fully initialized objects used in
      the method under test.
      See https://diff.blue/R013 to resolve this issue.
      
INFO  Affected methods:
      finos.traderx.accountservice.repository.AccountUserRepository.findById:(Ljava/lang/Object;)Ljava/util/Optional;
      
INFO  To resolve the issue, use the following prompt with your AI assistant:
      
      We are unit testing `finos.traderx.accountservice.repository.AccountUserRepository.findById:(Ljava/lang/Object;)Ljava/util/Optional;`.
      
      Create a parameterless factory method for the problematic
      parameter/this object, determining which by reading the error message below.
      The new factory method should be in the test classpath, not production.
      Create a new factory class if there isn't already one for the class under test.
      Do not create a test yourself, only a factory (don't test the factory either).
      The factory must be annotated with `@com.diffblue.cover.annotations.InterestingTestFactory`.
      Avoid using mocks, these tend to produce unused stubbing errors or a
      `java.lang.NullPointerException`.
      If your environment has internet access then further documentation on
      factory methods for Cover can be found here:
      https://docs.diffblue.com/features/tutorials/increase-code-coverage#test-factory-pattern
      
      The factory should produce a parameter/this object such that
      the following exception does not occur:
      
      ```
      org.springframework.dao.InvalidDataAccessApiUsageException: Supplied id had wrong type: entity 'finos.traderx.accountservice.model.AccountUser' has id type 'class finos.traderx.accountservice.model.AccountUserID' but supplied id was of type 'class java.lang.Integer'
        at org.springframework.orm.jpa.EntityManagerFactoryUtils.convertJpaAccessExceptionIfPossible(EntityManagerFactoryUtils.java:371)
        at org.springframework.orm.jpa.vendor.HibernateJpaDialect.translateExceptionIfPossible(HibernateJpaDialect.java:246)
        at org.springframework.orm.jpa.AbstractEntityManagerFactoryBean.translateExceptionIfPossible(AbstractEntityManagerFactoryBean.java:550)
        at org.springframework.dao.support.ChainedPersistenceExceptionTranslator.translateExceptionIfPossible(ChainedPersistenceExceptionTranslator.java:61)
        at org.springframework.dao.support.DataAccessUtils.translateIfNecessary(DataAccessUtils.java:335)
        at org.springframework.dao.support.PersistenceExceptionTranslationInterceptor.invoke(PersistenceExceptionTranslationInterceptor.java:160)
        at org.springframework.aop.framework.ReflectiveMethodInvocation.proceed(ReflectiveMethodInvocation.java:184)
        at org.springframework.data.jpa.repository.support.CrudMethodMetadataPostProcessor$CrudMethodMetadataPopulatingMethodInterceptor.invoke(CrudMethodMetadataPostProcessor.java:165)
        at org.springframework.aop.framework.ReflectiveMethodInvocation.proceed(ReflectiveMethodInvocation.java:184)
        at org.springframework.aop.interceptor.ExposeInvocationInterceptor.invoke(ExposeInvocationInterceptor.java:97)
        at org.springframework.aop.framework.ReflectiveMethodInvocation.proceed(ReflectiveMethodInvocation.java:184)
        at org.springframework.aop.framework.JdkDynamicAopProxy.invoke(JdkDynamicAopProxy.java:223)
      java.lang.IllegalArgumentException: Supplied id had wrong type: entity 'finos.traderx.accountservice.model.AccountUser' has id type 'class finos.traderx.accountservice.model.AccountUserID' but supplied id was of type 'class java.lang.Integer'
        at org.hibernate.internal.SessionImpl.find(SessionImpl.java:2457)
        at org.hibernate.internal.SessionImpl.find(SessionImpl.java:2400)
        at org.springframework.orm.jpa.SharedEntityManagerCreator$SharedEntityManagerInvocationHandler.invoke(SharedEntityManagerCreator.java:319)
        at org.springframework.data.jpa.repository.support.SimpleJpaRepository.findById(SimpleJpaRepository.java:316)
        at org.springframework.aop.support.AopUtils.invokeJoinpointUsingReflection(AopUtils.java:355)
        at org.springframework.data.repository.core.support.RepositoryMethodInvoker$RepositoryFragmentMethodInvoker.lambda$new$0(RepositoryMethodInvoker.java:277)
        at org.springframework.data.repository.core.support.RepositoryMethodInvoker.doInvoke(RepositoryMethodInvoker.java:170)
        at org.springframework.data.repository.core.support.RepositoryMethodInvoker.invoke(RepositoryMethodInvoker.java:158)
        at org.springframework.data.repository.core.support.RepositoryComposition$RepositoryFragments.invoke(RepositoryComposition.java:516)
        at org.springframework.data.repository.core.support.RepositoryComposition.invoke(RepositoryComposition.java:285)
        at org.springframework.data.repository.core.support.RepositoryFactorySupport$ImplementationMethodExecutionInterceptor.invoke(RepositoryFactorySupport.java:628)
        at org.springframework.aop.framework.ReflectiveMethodInvocation.proceed(ReflectiveMethodInvocation.java:184)
        at org.springframework.data.repository.core.support.QueryExecutorMethodInterceptor.doInvoke(QueryExecutorMethodInterceptor.java:173)
        at org.springframework.data.repository.core.support.QueryExecutorMethodInterceptor.invoke(QueryExecutorMethodInterceptor.java:148)
        at org.springframework.aop.framework.ReflectiveMethodInvocation.proceed(ReflectiveMethodInvocation.java:184)
        at org.springframework.transaction.interceptor.TransactionAspectSupport.invokeWithinTransaction(TransactionAspectSupport.java:379)
        at org.springframework.transaction.interceptor.TransactionInterceptor.invoke(TransactionInterceptor.java:119)
        at org.springframework.aop.framework.ReflectiveMethodInvocation.proceed(ReflectiveMethodInvocation.java:184)
        at org.springframework.dao.support.PersistenceExceptionTranslationInterceptor.invoke(PersistenceExceptionTranslationInterceptor.java:138)
        at org.springframework.aop.framework.ReflectiveMethodInvocation.proceed(ReflectiveMethodInvocation.java:184)
        at org.springframework.data.jpa.repository.support.CrudMethodMetadataPostProcessor$CrudMethodMetadataPopulatingMethodInterceptor.invoke(CrudMethodMetadataPostProcessor.java:165)
        at org.springframework.aop.framework.ReflectiveMethodInvocation.proceed(ReflectiveMethodInvocation.java:184)
        at org.springframework.aop.interceptor.ExposeInvocationInterceptor.invoke(ExposeInvocationInterceptor.java:97)
        at org.springframework.aop.framework.ReflectiveMethodInvocation.proceed(ReflectiveMethodInvocation.java:184)
        at org.springframework.aop.framework.JdkDynamicAopProxy.invoke(JdkDynamicAopProxy.java:223)
      org.hibernate.TypeMismatchException: Supplied id had wrong type: entity 'finos.traderx.accountservice.model.AccountUser' has id type 'class finos.traderx.accountservice.model.AccountUserID' but supplied id was of type 'class java.lang.Integer'
        at org.hibernate.event.internal.DefaultLoadEventListener.checkId(DefaultLoadEventListener.java:80)
        at org.hibernate.event.internal.DefaultLoadEventListener.onLoad(DefaultLoadEventListener.java:67)
        at org.hibernate.event.service.internal.EventListenerGroupImpl.fireEventOnEachListener(EventListenerGroupImpl.java:138)
        at org.hibernate.internal.SessionImpl.fireLoadNoChecks(SessionImpl.java:1225)
        at org.hibernate.internal.SessionImpl.fireLoad(SessionImpl.java:1213)
        at org.hibernate.loader.internal.IdentifierLoadAccessImpl.load(IdentifierLoadAccessImpl.java:209)
        at org.hibernate.loader.internal.IdentifierLoadAccessImpl.doLoad(IdentifierLoadAccessImpl.java:160)
        at org.hibernate.loader.internal.IdentifierLoadAccessImpl.lambda$load$1(IdentifierLoadAccessImpl.java:149)
        at org.hibernate.loader.internal.IdentifierLoadAccessImpl.perform(IdentifierLoadAccessImpl.java:112)
        at org.hibernate.loader.internal.IdentifierLoadAccessImpl.load(IdentifierLoadAccessImpl.java:149)
        at org.hibernate.internal.SessionImpl.find(SessionImpl.java:2429)
        at org.hibernate.internal.SessionImpl.find(SessionImpl.java:2400)
        at org.springframework.orm.jpa.SharedEntityManagerCreator$SharedEntityManagerInvocationHandler.invoke(SharedEntityManagerCreator.java:319)
        at org.springframework.data.jpa.repository.support.SimpleJpaRepository.findById(SimpleJpaRepository.java:316)
        at org.springframework.aop.support.AopUtils.invokeJoinpointUsingReflection(AopUtils.java:355)
        at org.springframework.data.repository.core.support.RepositoryMethodInvoker$RepositoryFragmentMethodInvoker.lambda$new$0(RepositoryMethodInvoker.java:277)
        at org.springframework.data.repository.core.support.RepositoryMethodInvoker.doInvoke(RepositoryMethodInvoker.java:170)
        at org.springframework.data.repository.core.support.RepositoryMethodInvoker.invoke(RepositoryMethodInvoker.java:158)
        at org.springframework.data.repository.core.support.RepositoryComposition$RepositoryFragments.invoke(RepositoryComposition.java:516)
        at org.springframework.data.repository.core.support.RepositoryComposition.invoke(RepositoryComposition.java:285)
        at org.springframework.data.repository.core.support.RepositoryFactorySupport$ImplementationMethodExecutionInterceptor.invoke(RepositoryFactorySupport.java:628)
        at org.springframework.aop.framework.ReflectiveMethodInvocation.proceed(ReflectiveMethodInvocation.java:184)
        at org.springframework.data.repository.core.support.QueryExecutorMethodInterceptor.doInvoke(QueryExecutorMethodInterceptor.java:173)
        at org.springframework.data.repository.core.support.QueryExecutorMethodInterceptor.invoke(QueryExecutorMethodInterceptor.java:148)
        at org.springframework.aop.framework.ReflectiveMethodInvocation.proceed(ReflectiveMethodInvocation.java:184)
        at org.springframework.transaction.interceptor.TransactionAspectSupport.invokeWithinTransaction(TransactionAspectSupport.java:379)
        at org.springframework.transaction.interceptor.TransactionInterceptor.invoke(TransactionInterceptor.java:119)
        at org.springframework.aop.framework.ReflectiveMethodInvocation.proceed(ReflectiveMethodInvocation.java:184)
        at org.springframework.dao.support.PersistenceExceptionTranslationInterceptor.invoke(PersistenceExceptionTranslationInterceptor.java:138)
        at org.springframework.aop.framework.ReflectiveMethodInvocation.proceed(ReflectiveMethodInvocation.java:184)
        at org.springframework.data.jpa.repository.support.CrudMethodMetadataPostProcessor$CrudMethodMetadataPopulatingMethodInterceptor.invoke(CrudMethodMetadataPostProcessor.java:165)
        at org.springframework.aop.framework.ReflectiveMethodInvocation.proceed(ReflectiveMethodInvocation.java:184)
        at org.springframework.aop.interceptor.ExposeInvocationInterceptor.invoke(ExposeInvocationInterceptor.java:97)
        at org.springframework.aop.framework.ReflectiveMethodInvocation.proceed(ReflectiveMethodInvocation.java:184)
        at org.springframework.aop.framework.JdkDynamicAopProxy.invoke(JdkDynamicAopProxy.java:223)
      ```
      
      Recompile the project to make sure the new factory is available to Cover.
      For example run `mvn install -DskipTests` or `gradle install -x test`.
      
INFO  
INFO  R026: Failed to create Spring context
      Attempt to initialize test context failed with
      java.lang.IllegalStateException: ApplicationContext failure threshold (1) exceeded: skipping repeated attempt to load context for [MergedContextConfiguration@2f2e6dca testClass = finos.traderx.messaging.socketio.DiffblueFakeClass1444, locations = [], classes = [finos.traderx.tradeprocessor.TradeFeedHandler], contextInitializerClasses = [], activeProfiles = [], propertySourceDescriptors = [], propertySourceProperties = [], contextCustomizers = [org.springframework.boot.test.autoconfigure.actuate.observability.ObservabilityContextCustomizerFactory$DisableObservabilityContextCustomizer@1f, org.springframework.boot.test.autoconfigure.properties.PropertyMappingContextCustomizer@0, org.springframework.boot.test.autoconfigure.web.servlet.WebDriverContextCustomizer@1f197811, org.springframework.boot.test.context.filter.ExcludeFilterContextCustomizer@6ddd86fe, org.springframework.boot.test.json.DuplicateJsonObjectContextCustomizerFactory$DuplicateJsonObjectContextCustomizer@6882b792, org.springframework.boot.test.mock.mockito.MockitoContextCustomizer@fab8b2ea, org.springframework.boot.test.web.reactor.netty.DisableReactorResourceFactoryGlobalResourcesContextCustomizerFactory$DisableReactorResourceFactoryGlobalResourcesContextCustomizerCustomizer@2b58e889], contextLoader = org.springframework.test.context.support.DelegatingSmartContextLoader, parent = null]
          at org.springframework.test.context.cache.DefaultCacheAwareContextLoaderDelegate.loadContext(DefaultCacheAwareContextLoaderDelegate.java:145)
          at org.springframework.test.context.support.DefaultTestContext.getApplicationContext(DefaultTestContext.java:130)
          at java.util.stream.ReferencePipeline$3$1.accept(ReferencePipeline.java:197)
          at java.util.ArrayList$ArrayListSpliterator.forEachRemaining(ArrayList.java:1708)
          at java.util.stream.AbstractPipeline.copyInto(AbstractPipeline.java:509)
          at java.util.stream.AbstractPipeline.wrapAndCopyInto(AbstractPipeline.java:499)
          at java.util.stream.ReduceOps$ReduceOp.evaluateSequential(ReduceOps.java:921)
          at java.util.stream.AbstractPipeline.evaluate(AbstractPipeline.java:234)
          at java.util.stream.ReferencePipeline.collect(ReferencePipeline.java:682)
      when running class:
      package finos.traderx.messaging.socketio;
      @org.springframework.test.context.ContextConfiguration(classes = {finos.traderx.tradeprocessor.TradeFeedHandler.class})
      @org.junit.runner.RunWith(value = org.springframework.test.context.junit4.SpringRunner.class) // if JUnit 4
      @org.junit.jupiter.api.extension.ExtendWith(value = org.springframework.test.context.junit.jupiter.SpringExtension.class) // if JUnit 5
      public class DiffblueFakeClass1444 {
        @org.springframework.beans.factory.annotation.Autowired finos.traderx.messaging.socketio.SocketIOJSONSubscriber socketIOJSONSubscriber;
        @org.springframework.boot.test.mock.mockito.MockBean finos.traderx.tradeprocessor.service.TradeService tradeService;
        @org.junit.Test // if JUnit 4
        @org.junit.jupiter.api.Test // if JUnit 5
        public void testSpringContextLoads() {}
      }
      To avoid this error, consider adding a custom base class to setup static
      mocking for org.springframework.test.context.cache.DefaultCacheAwareContextLoaderDelegate.
      For details on how to set up a custom base class, please follow this link:
      https://docs.diffblue.com/features/cover-cli/writing-tests/custom-test-setup
      See https://diff.blue/R026 to resolve this issue.
      
INFO  Affected methods:
      finos.traderx.messaging.socketio.SocketIOJSONSubscriber.disconnect:()V
      
INFO  To resolve the issue, use the following prompt with your AI assistant:
      
      Fix the following issue preventing test creation for:
      finos.traderx.messaging.socketio.SocketIOJSONSubscriber.disconnect:()V
      
      Attempt to initialize test context failed with
      java.lang.IllegalStateException: ApplicationContext failure threshold (1) exceeded: skipping repeated attempt to load context for [MergedContextConfiguration@2f2e6dca testClass = finos.traderx.messaging.socketio.DiffblueFakeClass1444, locations = [], classes = [finos.traderx.tradeprocessor.TradeFeedHandler], contextInitializerClasses = [], activeProfiles = [], propertySourceDescriptors = [], propertySourceProperties = [], contextCustomizers = [org.springframework.boot.test.autoconfigure.actuate.observability.ObservabilityContextCustomizerFactory$DisableObservabilityContextCustomizer@1f, org.springframework.boot.test.autoconfigure.properties.PropertyMappingContextCustomizer@0, org.springframework.boot.test.autoconfigure.web.servlet.WebDriverContextCustomizer@1f197811, org.springframework.boot.test.context.filter.ExcludeFilterContextCustomizer@6ddd86fe, org.springframework.boot.test.json.DuplicateJsonObjectContextCustomizerFactory$DuplicateJsonObjectContextCustomizer@6882b792, org.springframework.boot.test.mock.mockito.MockitoContextCustomizer@fab8b2ea, org.springframework.boot.test.web.reactor.netty.DisableReactorResourceFactoryGlobalResourcesContextCustomizerFactory$DisableReactorResourceFactoryGlobalResourcesContextCustomizerCustomizer@2b58e889], contextLoader = org.springframework.test.context.support.DelegatingSmartContextLoader, parent = null]
          at org.springframework.test.context.cache.DefaultCacheAwareContextLoaderDelegate.loadContext(DefaultCacheAwareContextLoaderDelegate.java:145)
          at org.springframework.test.context.support.DefaultTestContext.getApplicationContext(DefaultTestContext.java:130)
          at java.util.stream.ReferencePipeline$3$1.accept(ReferencePipeline.java:197)
          at java.util.ArrayList$ArrayListSpliterator.forEachRemaining(ArrayList.java:1708)
          at java.util.stream.AbstractPipeline.copyInto(AbstractPipeline.java:509)
          at java.util.stream.AbstractPipeline.wrapAndCopyInto(AbstractPipeline.java:499)
          at java.util.stream.ReduceOps$ReduceOp.evaluateSequential(ReduceOps.java:921)
          at java.util.stream.AbstractPipeline.evaluate(AbstractPipeline.java:234)
          at java.util.stream.ReferencePipeline.collect(ReferencePipeline.java:682)
      when running class:
      package finos.traderx.messaging.socketio;
      @org.springframework.test.context.ContextConfiguration(classes = {finos.traderx.tradeprocessor.TradeFeedHandler.class})
      @org.junit.runner.RunWith(value = org.springframework.test.context.junit4.SpringRunner.class) // if JUnit 4
      @org.junit.jupiter.api.extension.ExtendWith(value = org.springframework.test.context.junit.jupiter.SpringExtension.class) // if JUnit 5
      public class DiffblueFakeClass1444 {
        @org.springframework.beans.factory.annotation.Autowired finos.traderx.messaging.socketio.SocketIOJSONSubscriber socketIOJSONSubscriber;
        @org.springframework.boot.test.mock.mockito.MockBean finos.traderx.tradeprocessor.service.TradeService tradeService;
        @org.junit.Test // if JUnit 4
        @org.junit.jupiter.api.Test // if JUnit 5
        public void testSpringContextLoads() {}
      }
      To avoid this error, consider adding a custom base class to setup static
      mocking for org.springframework.test.context.cache.DefaultCacheAwareContextLoaderDelegate.
      For details on how to set up a custom base class, please follow this link:
      https://docs.diffblue.com/features/cover-cli/writing-tests/custom-test-setup
      See https://diff.blue/R026 to resolve this issue.
      
INFO  
INFO  R026: Failed to create Spring context
      Attempt to initialize test context failed with
      java.lang.IllegalStateException: ApplicationContext failure threshold (1) exceeded: skipping repeated attempt to load context for [MergedContextConfiguration@621a065e testClass = finos.traderx.messaging.socketio.DiffblueFakeClass2764, locations = [], classes = [finos.traderx.tradeprocessor.TradeFeedHandler], contextInitializerClasses = [], activeProfiles = [], propertySourceDescriptors = [], propertySourceProperties = [], contextCustomizers = [org.springframework.boot.test.autoconfigure.actuate.observability.ObservabilityContextCustomizerFactory$DisableObservabilityContextCustomizer@1f, org.springframework.boot.test.autoconfigure.properties.PropertyMappingContextCustomizer@0, org.springframework.boot.test.autoconfigure.web.servlet.WebDriverContextCustomizer@1f197811, org.springframework.boot.test.context.filter.ExcludeFilterContextCustomizer@6ddd86fe, org.springframework.boot.test.json.DuplicateJsonObjectContextCustomizerFactory$DuplicateJsonObjectContextCustomizer@6882b792, org.springframework.boot.test.mock.mockito.MockitoContextCustomizer@fab8b2ea, org.springframework.boot.test.web.reactor.netty.DisableReactorResourceFactoryGlobalResourcesContextCustomizerFactory$DisableReactorResourceFactoryGlobalResourcesContextCustomizerCustomizer@2b58e889], contextLoader = org.springframework.test.context.support.DelegatingSmartContextLoader, parent = null]
          at org.springframework.test.context.cache.DefaultCacheAwareContextLoaderDelegate.loadContext(DefaultCacheAwareContextLoaderDelegate.java:145)
          at org.springframework.test.context.support.DefaultTestContext.getApplicationContext(DefaultTestContext.java:130)
          at java.util.stream.ReferencePipeline$3$1.accept(ReferencePipeline.java:197)
          at java.util.ArrayList$ArrayListSpliterator.forEachRemaining(ArrayList.java:1708)
          at java.util.stream.AbstractPipeline.copyInto(AbstractPipeline.java:509)
          at java.util.stream.AbstractPipeline.wrapAndCopyInto(AbstractPipeline.java:499)
          at java.util.stream.ReduceOps$ReduceOp.evaluateSequential(ReduceOps.java:921)
          at java.util.stream.AbstractPipeline.evaluate(AbstractPipeline.java:234)
          at java.util.stream.ReferencePipeline.collect(ReferencePipeline.java:682)
      when running class:
      package finos.traderx.messaging.socketio;
      @org.springframework.test.context.ContextConfiguration(classes = {finos.traderx.tradeprocessor.TradeFeedHandler.class})
      @org.junit.runner.RunWith(value = org.springframework.test.context.junit4.SpringRunner.class) // if JUnit 4
      @org.junit.jupiter.api.extension.ExtendWith(value = org.springframework.test.context.junit.jupiter.SpringExtension.class) // if JUnit 5
      public class DiffblueFakeClass2764 {
        @org.springframework.beans.factory.annotation.Autowired finos.traderx.messaging.socketio.SocketIOJSONSubscriber socketIOJSONSubscriber;
        @org.springframework.boot.test.mock.mockito.MockBean finos.traderx.tradeprocessor.service.TradeService tradeService;
        @org.junit.Test // if JUnit 4
        @org.junit.jupiter.api.Test // if JUnit 5
        public void testSpringContextLoads() {}
      }
      To avoid this error, consider adding a custom base class to setup static
      mocking for org.springframework.test.context.cache.DefaultCacheAwareContextLoaderDelegate.
      For details on how to set up a custom base class, please follow this link:
      https://docs.diffblue.com/features/cover-cli/writing-tests/custom-test-setup
      See https://diff.blue/R026 to resolve this issue.
      
INFO  Affected methods:
      finos.traderx.messaging.socketio.SocketIOJSONSubscriber.internalConnect:(Ljava/net/URI;)Lio/socket/client/Socket;
      
INFO  To resolve the issue, use the following prompt with your AI assistant:
      
      Fix the following issue preventing test creation for:
      finos.traderx.messaging.socketio.SocketIOJSONSubscriber.internalConnect:(Ljava/net/URI;)Lio/socket/client/Socket;
      
      Attempt to initialize test context failed with
      java.lang.IllegalStateException: ApplicationContext failure threshold (1) exceeded: skipping repeated attempt to load context for [MergedContextConfiguration@621a065e testClass = finos.traderx.messaging.socketio.DiffblueFakeClass2764, locations = [], classes = [finos.traderx.tradeprocessor.TradeFeedHandler], contextInitializerClasses = [], activeProfiles = [], propertySourceDescriptors = [], propertySourceProperties = [], contextCustomizers = [org.springframework.boot.test.autoconfigure.actuate.observability.ObservabilityContextCustomizerFactory$DisableObservabilityContextCustomizer@1f, org.springframework.boot.test.autoconfigure.properties.PropertyMappingContextCustomizer@0, org.springframework.boot.test.autoconfigure.web.servlet.WebDriverContextCustomizer@1f197811, org.springframework.boot.test.context.filter.ExcludeFilterContextCustomizer@6ddd86fe, org.springframework.boot.test.json.DuplicateJsonObjectContextCustomizerFactory$DuplicateJsonObjectContextCustomizer@6882b792, org.springframework.boot.test.mock.mockito.MockitoContextCustomizer@fab8b2ea, org.springframework.boot.test.web.reactor.netty.DisableReactorResourceFactoryGlobalResourcesContextCustomizerFactory$DisableReactorResourceFactoryGlobalResourcesContextCustomizerCustomizer@2b58e889], contextLoader = org.springframework.test.context.support.DelegatingSmartContextLoader, parent = null]
          at org.springframework.test.context.cache.DefaultCacheAwareContextLoaderDelegate.loadContext(DefaultCacheAwareContextLoaderDelegate.java:145)
          at org.springframework.test.context.support.DefaultTestContext.getApplicationContext(DefaultTestContext.java:130)
          at java.util.stream.ReferencePipeline$3$1.accept(ReferencePipeline.java:197)
          at java.util.ArrayList$ArrayListSpliterator.forEachRemaining(ArrayList.java:1708)
          at java.util.stream.AbstractPipeline.copyInto(AbstractPipeline.java:509)
          at java.util.stream.AbstractPipeline.wrapAndCopyInto(AbstractPipeline.java:499)
          at java.util.stream.ReduceOps$ReduceOp.evaluateSequential(ReduceOps.java:921)
          at java.util.stream.AbstractPipeline.evaluate(AbstractPipeline.java:234)
          at java.util.stream.ReferencePipeline.collect(ReferencePipeline.java:682)
      when running class:
      package finos.traderx.messaging.socketio;
      @org.springframework.test.context.ContextConfiguration(classes = {finos.traderx.tradeprocessor.TradeFeedHandler.class})
      @org.junit.runner.RunWith(value = org.springframework.test.context.junit4.SpringRunner.class) // if JUnit 4
      @org.junit.jupiter.api.extension.ExtendWith(value = org.springframework.test.context.junit.jupiter.SpringExtension.class) // if JUnit 5
      public class DiffblueFakeClass2764 {
        @org.springframework.beans.factory.annotation.Autowired finos.traderx.messaging.socketio.SocketIOJSONSubscriber socketIOJSONSubscriber;
        @org.springframework.boot.test.mock.mockito.MockBean finos.traderx.tradeprocessor.service.TradeService tradeService;
        @org.junit.Test // if JUnit 4
        @org.junit.jupiter.api.Test // if JUnit 5
        public void testSpringContextLoads() {}
      }
      To avoid this error, consider adding a custom base class to setup static
      mocking for org.springframework.test.context.cache.DefaultCacheAwareContextLoaderDelegate.
      For details on how to set up a custom base class, please follow this link:
      https://docs.diffblue.com/features/cover-cli/writing-tests/custom-test-setup
      See https://diff.blue/R026 to resolve this issue.
      
INFO  
INFO  R026: Failed to create Spring context
      Attempt to initialize test context failed with
      java.lang.IllegalStateException: ApplicationContext failure threshold (1) exceeded: skipping repeated attempt to load context for [MergedContextConfiguration@2bcfb559 testClass = finos.traderx.messaging.socketio.DiffblueFakeClass4127, locations = [], classes = [finos.traderx.tradeprocessor.TradeFeedHandler], contextInitializerClasses = [], activeProfiles = [], propertySourceDescriptors = [], propertySourceProperties = [], contextCustomizers = [org.springframework.boot.test.autoconfigure.actuate.observability.ObservabilityContextCustomizerFactory$DisableObservabilityContextCustomizer@1f, org.springframework.boot.test.autoconfigure.properties.PropertyMappingContextCustomizer@0, org.springframework.boot.test.autoconfigure.web.servlet.WebDriverContextCustomizer@1f197811, org.springframework.boot.test.context.filter.ExcludeFilterContextCustomizer@6ddd86fe, org.springframework.boot.test.json.DuplicateJsonObjectContextCustomizerFactory$DuplicateJsonObjectContextCustomizer@6882b792, org.springframework.boot.test.mock.mockito.MockitoContextCustomizer@fab8b2ea, org.springframework.boot.test.web.reactor.netty.DisableReactorResourceFactoryGlobalResourcesContextCustomizerFactory$DisableReactorResourceFactoryGlobalResourcesContextCustomizerCustomizer@2b58e889], contextLoader = org.springframework.test.context.support.DelegatingSmartContextLoader, parent = null]
          at org.springframework.test.context.cache.DefaultCacheAwareContextLoaderDelegate.loadContext(DefaultCacheAwareContextLoaderDelegate.java:145)
          at org.springframework.test.context.support.DefaultTestContext.getApplicationContext(DefaultTestContext.java:130)
          at java.util.stream.ReferencePipeline$3$1.accept(ReferencePipeline.java:197)
          at java.util.ArrayList$ArrayListSpliterator.forEachRemaining(ArrayList.java:1708)
          at java.util.stream.AbstractPipeline.copyInto(AbstractPipeline.java:509)
          at java.util.stream.AbstractPipeline.wrapAndCopyInto(AbstractPipeline.java:499)
          at java.util.stream.ReduceOps$ReduceOp.evaluateSequential(ReduceOps.java:921)
          at java.util.stream.AbstractPipeline.evaluate(AbstractPipeline.java:234)
          at java.util.stream.ReferencePipeline.collect(ReferencePipeline.java:682)
      when running class:
      package finos.traderx.messaging.socketio;
      @org.springframework.test.context.ContextConfiguration(classes = {finos.traderx.tradeprocessor.TradeFeedHandler.class})
      @org.junit.runner.RunWith(value = org.springframework.test.context.junit4.SpringRunner.class) // if JUnit 4
      @org.junit.jupiter.api.extension.ExtendWith(value = org.springframework.test.context.junit.jupiter.SpringExtension.class) // if JUnit 5
      public class DiffblueFakeClass4127 {
        @org.springframework.beans.factory.annotation.Autowired finos.traderx.messaging.socketio.SocketIOJSONSubscriber socketIOJSONSubscriber;
        @org.springframework.boot.test.mock.mockito.MockBean finos.traderx.tradeprocessor.service.TradeService tradeService;
        @org.junit.Test // if JUnit 4
        @org.junit.jupiter.api.Test // if JUnit 5
        public void testSpringContextLoads() {}
      }
      To avoid this error, consider adding a custom base class to setup static
      mocking for org.springframework.test.context.cache.DefaultCacheAwareContextLoaderDelegate.
      For details on how to set up a custom base class, please follow this link:
      https://docs.diffblue.com/features/cover-cli/writing-tests/custom-test-setup
      See https://diff.blue/R026 to resolve this issue.
      
INFO  Affected methods:
      finos.traderx.messaging.socketio.SocketIOJSONSubscriber.setDefaultTopic:(Ljava/lang/String;)V
      
INFO  To resolve the issue, use the following prompt with your AI assistant:
      
      Fix the following issue preventing test creation for:
      finos.traderx.messaging.socketio.SocketIOJSONSubscriber.setDefaultTopic:(Ljava/lang/String;)V
      
      Attempt to initialize test context failed with
      java.lang.IllegalStateException: ApplicationContext failure threshold (1) exceeded: skipping repeated attempt to load context for [MergedContextConfiguration@2bcfb559 testClass = finos.traderx.messaging.socketio.DiffblueFakeClass4127, locations = [], classes = [finos.traderx.tradeprocessor.TradeFeedHandler], contextInitializerClasses = [], activeProfiles = [], propertySourceDescriptors = [], propertySourceProperties = [], contextCustomizers = [org.springframework.boot.test.autoconfigure.actuate.observability.ObservabilityContextCustomizerFactory$DisableObservabilityContextCustomizer@1f, org.springframework.boot.test.autoconfigure.properties.PropertyMappingContextCustomizer@0, org.springframework.boot.test.autoconfigure.web.servlet.WebDriverContextCustomizer@1f197811, org.springframework.boot.test.context.filter.ExcludeFilterContextCustomizer@6ddd86fe, org.springframework.boot.test.json.DuplicateJsonObjectContextCustomizerFactory$DuplicateJsonObjectContextCustomizer@6882b792, org.springframework.boot.test.mock.mockito.MockitoContextCustomizer@fab8b2ea, org.springframework.boot.test.web.reactor.netty.DisableReactorResourceFactoryGlobalResourcesContextCustomizerFactory$DisableReactorResourceFactoryGlobalResourcesContextCustomizerCustomizer@2b58e889], contextLoader = org.springframework.test.context.support.DelegatingSmartContextLoader, parent = null]
          at org.springframework.test.context.cache.DefaultCacheAwareContextLoaderDelegate.loadContext(DefaultCacheAwareContextLoaderDelegate.java:145)
          at org.springframework.test.context.support.DefaultTestContext.getApplicationContext(DefaultTestContext.java:130)
          at java.util.stream.ReferencePipeline$3$1.accept(ReferencePipeline.java:197)
          at java.util.ArrayList$ArrayListSpliterator.forEachRemaining(ArrayList.java:1708)
          at java.util.stream.AbstractPipeline.copyInto(AbstractPipeline.java:509)
          at java.util.stream.AbstractPipeline.wrapAndCopyInto(AbstractPipeline.java:499)
          at java.util.stream.ReduceOps$ReduceOp.evaluateSequential(ReduceOps.java:921)
          at java.util.stream.AbstractPipeline.evaluate(AbstractPipeline.java:234)
          at java.util.stream.ReferencePipeline.collect(ReferencePipeline.java:682)
      when running class:
      package finos.traderx.messaging.socketio;
      @org.springframework.test.context.ContextConfiguration(classes = {finos.traderx.tradeprocessor.TradeFeedHandler.class})
      @org.junit.runner.RunWith(value = org.springframework.test.context.junit4.SpringRunner.class) // if JUnit 4
      @org.junit.jupiter.api.extension.ExtendWith(value = org.springframework.test.context.junit.jupiter.SpringExtension.class) // if JUnit 5
      public class DiffblueFakeClass4127 {
        @org.springframework.beans.factory.annotation.Autowired finos.traderx.messaging.socketio.SocketIOJSONSubscriber socketIOJSONSubscriber;
        @org.springframework.boot.test.mock.mockito.MockBean finos.traderx.tradeprocessor.service.TradeService tradeService;
        @org.junit.Test // if JUnit 4
        @org.junit.jupiter.api.Test // if JUnit 5
        public void testSpringContextLoads() {}
      }
      To avoid this error, consider adding a custom base class to setup static
      mocking for org.springframework.test.context.cache.DefaultCacheAwareContextLoaderDelegate.
      For details on how to set up a custom base class, please follow this link:
      https://docs.diffblue.com/features/cover-cli/writing-tests/custom-test-setup
      See https://diff.blue/R026 to resolve this issue.
      
INFO  
INFO  R026: Failed to create Spring context
      Attempt to initialize test context failed with
      java.lang.IllegalStateException: ApplicationContext failure threshold (1) exceeded: skipping repeated attempt to load context for [MergedContextConfiguration@4a84c748 testClass = finos.traderx.messaging.socketio.DiffblueFakeClass5665, locations = [], classes = [finos.traderx.tradeprocessor.TradeFeedHandler], contextInitializerClasses = [], activeProfiles = [], propertySourceDescriptors = [], propertySourceProperties = [], contextCustomizers = [org.springframework.boot.test.autoconfigure.actuate.observability.ObservabilityContextCustomizerFactory$DisableObservabilityContextCustomizer@1f, org.springframework.boot.test.autoconfigure.properties.PropertyMappingContextCustomizer@0, org.springframework.boot.test.autoconfigure.web.servlet.WebDriverContextCustomizer@1f197811, org.springframework.boot.test.context.filter.ExcludeFilterContextCustomizer@6ddd86fe, org.springframework.boot.test.json.DuplicateJsonObjectContextCustomizerFactory$DuplicateJsonObjectContextCustomizer@6882b792, org.springframework.boot.test.mock.mockito.MockitoContextCustomizer@fab8b2ea, org.springframework.boot.test.web.reactor.netty.DisableReactorResourceFactoryGlobalResourcesContextCustomizerFactory$DisableReactorResourceFactoryGlobalResourcesContextCustomizerCustomizer@2b58e889], contextLoader = org.springframework.test.context.support.DelegatingSmartContextLoader, parent = null]
          at org.springframework.test.context.cache.DefaultCacheAwareContextLoaderDelegate.loadContext(DefaultCacheAwareContextLoaderDelegate.java:145)
          at org.springframework.test.context.support.DefaultTestContext.getApplicationContext(DefaultTestContext.java:130)
          at java.util.stream.ReferencePipeline$3$1.accept(ReferencePipeline.java:197)
          at java.util.ArrayList$ArrayListSpliterator.forEachRemaining(ArrayList.java:1708)
          at java.util.stream.AbstractPipeline.copyInto(AbstractPipeline.java:509)
          at java.util.stream.AbstractPipeline.wrapAndCopyInto(AbstractPipeline.java:499)
          at java.util.stream.ReduceOps$ReduceOp.evaluateSequential(ReduceOps.java:921)
          at java.util.stream.AbstractPipeline.evaluate(AbstractPipeline.java:234)
          at java.util.stream.ReferencePipeline.collect(ReferencePipeline.java:682)
      when running class:
      package finos.traderx.messaging.socketio;
      @org.springframework.test.context.ContextConfiguration(classes = {finos.traderx.tradeprocessor.TradeFeedHandler.class})
      @org.junit.runner.RunWith(value = org.springframework.test.context.junit4.SpringRunner.class) // if JUnit 4
      @org.junit.jupiter.api.extension.ExtendWith(value = org.springframework.test.context.junit.jupiter.SpringExtension.class) // if JUnit 5
      public class DiffblueFakeClass5665 {
        @org.springframework.beans.factory.annotation.Autowired finos.traderx.messaging.socketio.SocketIOJSONSubscriber socketIOJSONSubscriber;
        @org.springframework.boot.test.mock.mockito.MockBean finos.traderx.tradeprocessor.service.TradeService tradeService;
        @org.junit.Test // if JUnit 4
        @org.junit.jupiter.api.Test // if JUnit 5
        public void testSpringContextLoads() {}
      }
      To avoid this error, consider adding a custom base class to setup static
      mocking for org.springframework.test.context.cache.DefaultCacheAwareContextLoaderDelegate.
      For details on how to set up a custom base class, please follow this link:
      https://docs.diffblue.com/features/cover-cli/writing-tests/custom-test-setup
      See https://diff.blue/R026 to resolve this issue.
      
INFO  Affected methods:
      finos.traderx.messaging.socketio.SocketIOJSONSubscriber.subscribe:(Ljava/lang/String;)V
      
INFO  To resolve the issue, use the following prompt with your AI assistant:
      
      Fix the following issue preventing test creation for:
      finos.traderx.messaging.socketio.SocketIOJSONSubscriber.subscribe:(Ljava/lang/String;)V
      
      Attempt to initialize test context failed with
      java.lang.IllegalStateException: ApplicationContext failure threshold (1) exceeded: skipping repeated attempt to load context for [MergedContextConfiguration@4a84c748 testClass = finos.traderx.messaging.socketio.DiffblueFakeClass5665, locations = [], classes = [finos.traderx.tradeprocessor.TradeFeedHandler], contextInitializerClasses = [], activeProfiles = [], propertySourceDescriptors = [], propertySourceProperties = [], contextCustomizers = [org.springframework.boot.test.autoconfigure.actuate.observability.ObservabilityContextCustomizerFactory$DisableObservabilityContextCustomizer@1f, org.springframework.boot.test.autoconfigure.properties.PropertyMappingContextCustomizer@0, org.springframework.boot.test.autoconfigure.web.servlet.WebDriverContextCustomizer@1f197811, org.springframework.boot.test.context.filter.ExcludeFilterContextCustomizer@6ddd86fe, org.springframework.boot.test.json.DuplicateJsonObjectContextCustomizerFactory$DuplicateJsonObjectContextCustomizer@6882b792, org.springframework.boot.test.mock.mockito.MockitoContextCustomizer@fab8b2ea, org.springframework.boot.test.web.reactor.netty.DisableReactorResourceFactoryGlobalResourcesContextCustomizerFactory$DisableReactorResourceFactoryGlobalResourcesContextCustomizerCustomizer@2b58e889], contextLoader = org.springframework.test.context.support.DelegatingSmartContextLoader, parent = null]
          at org.springframework.test.context.cache.DefaultCacheAwareContextLoaderDelegate.loadContext(DefaultCacheAwareContextLoaderDelegate.java:145)
          at org.springframework.test.context.support.DefaultTestContext.getApplicationContext(DefaultTestContext.java:130)
          at java.util.stream.ReferencePipeline$3$1.accept(ReferencePipeline.java:197)
          at java.util.ArrayList$ArrayListSpliterator.forEachRemaining(ArrayList.java:1708)
          at java.util.stream.AbstractPipeline.copyInto(AbstractPipeline.java:509)
          at java.util.stream.AbstractPipeline.wrapAndCopyInto(AbstractPipeline.java:499)
          at java.util.stream.ReduceOps$ReduceOp.evaluateSequential(ReduceOps.java:921)
          at java.util.stream.AbstractPipeline.evaluate(AbstractPipeline.java:234)
          at java.util.stream.ReferencePipeline.collect(ReferencePipeline.java:682)
      when running class:
      package finos.traderx.messaging.socketio;
      @org.springframework.test.context.ContextConfiguration(classes = {finos.traderx.tradeprocessor.TradeFeedHandler.class})
      @org.junit.runner.RunWith(value = org.springframework.test.context.junit4.SpringRunner.class) // if JUnit 4
      @org.junit.jupiter.api.extension.ExtendWith(value = org.springframework.test.context.junit.jupiter.SpringExtension.class) // if JUnit 5
      public class DiffblueFakeClass5665 {
        @org.springframework.beans.factory.annotation.Autowired finos.traderx.messaging.socketio.SocketIOJSONSubscriber socketIOJSONSubscriber;
        @org.springframework.boot.test.mock.mockito.MockBean finos.traderx.tradeprocessor.service.TradeService tradeService;
        @org.junit.Test // if JUnit 4
        @org.junit.jupiter.api.Test // if JUnit 5
        public void testSpringContextLoads() {}
      }
      To avoid this error, consider adding a custom base class to setup static
      mocking for org.springframework.test.context.cache.DefaultCacheAwareContextLoaderDelegate.
      For details on how to set up a custom base class, please follow this link:
      https://docs.diffblue.com/features/cover-cli/writing-tests/custom-test-setup
      See https://diff.blue/R026 to resolve this issue.
      
INFO  
INFO  R026: Failed to create Spring context
      Attempt to initialize test context failed with
      java.lang.IllegalStateException: ApplicationContext failure threshold (1) exceeded: skipping repeated attempt to load context for [MergedContextConfiguration@14b4f5d9 testClass = finos.traderx.messaging.socketio.DiffblueFakeClass6802, locations = [], classes = [finos.traderx.tradeprocessor.TradeFeedHandler], contextInitializerClasses = [], activeProfiles = [], propertySourceDescriptors = [], propertySourceProperties = [], contextCustomizers = [org.springframework.boot.test.autoconfigure.actuate.observability.ObservabilityContextCustomizerFactory$DisableObservabilityContextCustomizer@1f, org.springframework.boot.test.autoconfigure.properties.PropertyMappingContextCustomizer@0, org.springframework.boot.test.autoconfigure.web.servlet.WebDriverContextCustomizer@1f197811, org.springframework.boot.test.context.filter.ExcludeFilterContextCustomizer@6ddd86fe, org.springframework.boot.test.json.DuplicateJsonObjectContextCustomizerFactory$DuplicateJsonObjectContextCustomizer@6882b792, org.springframework.boot.test.mock.mockito.MockitoContextCustomizer@fab8b2ea, org.springframework.boot.test.web.reactor.netty.DisableReactorResourceFactoryGlobalResourcesContextCustomizerFactory$DisableReactorResourceFactoryGlobalResourcesContextCustomizerCustomizer@2b58e889], contextLoader = org.springframework.test.context.support.DelegatingSmartContextLoader, parent = null]
          at org.springframework.test.context.cache.DefaultCacheAwareContextLoaderDelegate.loadContext(DefaultCacheAwareContextLoaderDelegate.java:145)
          at org.springframework.test.context.support.DefaultTestContext.getApplicationContext(DefaultTestContext.java:130)
          at java.util.stream.ReferencePipeline$3$1.accept(ReferencePipeline.java:197)
          at java.util.ArrayList$ArrayListSpliterator.forEachRemaining(ArrayList.java:1708)
          at java.util.stream.AbstractPipeline.copyInto(AbstractPipeline.java:509)
          at java.util.stream.AbstractPipeline.wrapAndCopyInto(AbstractPipeline.java:499)
          at java.util.stream.ReduceOps$ReduceOp.evaluateSequential(ReduceOps.java:921)
          at java.util.stream.AbstractPipeline.evaluate(AbstractPipeline.java:234)
          at java.util.stream.ReferencePipeline.collect(ReferencePipeline.java:682)
      when running class:
      package finos.traderx.messaging.socketio;
      @org.springframework.test.context.ContextConfiguration(classes = {finos.traderx.tradeprocessor.TradeFeedHandler.class})
      @org.junit.runner.RunWith(value = org.springframework.test.context.junit4.SpringRunner.class) // if JUnit 4
      @org.junit.jupiter.api.extension.ExtendWith(value = org.springframework.test.context.junit.jupiter.SpringExtension.class) // if JUnit 5
      public class DiffblueFakeClass6802 {
        @org.springframework.beans.factory.annotation.Autowired finos.traderx.messaging.socketio.SocketIOJSONSubscriber socketIOJSONSubscriber;
        @org.springframework.boot.test.mock.mockito.MockBean finos.traderx.tradeprocessor.service.TradeService tradeService;
        @org.junit.Test // if JUnit 4
        @org.junit.jupiter.api.Test // if JUnit 5
        public void testSpringContextLoads() {}
      }
      To avoid this error, consider adding a custom base class to setup static
      mocking for org.springframework.test.context.cache.DefaultCacheAwareContextLoaderDelegate.
      For details on how to set up a custom base class, please follow this link:
      https://docs.diffblue.com/features/cover-cli/writing-tests/custom-test-setup
      See https://diff.blue/R026 to resolve this issue.
      
INFO  Affected methods:
      finos.traderx.messaging.socketio.SocketIOJSONSubscriber.unsubscribe:(Ljava/lang/String;)V
      
INFO  To resolve the issue, use the following prompt with your AI assistant:
      
      Fix the following issue preventing test creation for:
      finos.traderx.messaging.socketio.SocketIOJSONSubscriber.unsubscribe:(Ljava/lang/String;)V
      
      Attempt to initialize test context failed with
      java.lang.IllegalStateException: ApplicationContext failure threshold (1) exceeded: skipping repeated attempt to load context for [MergedContextConfiguration@14b4f5d9 testClass = finos.traderx.messaging.socketio.DiffblueFakeClass6802, locations = [], classes = [finos.traderx.tradeprocessor.TradeFeedHandler], contextInitializerClasses = [], activeProfiles = [], propertySourceDescriptors = [], propertySourceProperties = [], contextCustomizers = [org.springframework.boot.test.autoconfigure.actuate.observability.ObservabilityContextCustomizerFactory$DisableObservabilityContextCustomizer@1f, org.springframework.boot.test.autoconfigure.properties.PropertyMappingContextCustomizer@0, org.springframework.boot.test.autoconfigure.web.servlet.WebDriverContextCustomizer@1f197811, org.springframework.boot.test.context.filter.ExcludeFilterContextCustomizer@6ddd86fe, org.springframework.boot.test.json.DuplicateJsonObjectContextCustomizerFactory$DuplicateJsonObjectContextCustomizer@6882b792, org.springframework.boot.test.mock.mockito.MockitoContextCustomizer@fab8b2ea, org.springframework.boot.test.web.reactor.netty.DisableReactorResourceFactoryGlobalResourcesContextCustomizerFactory$DisableReactorResourceFactoryGlobalResourcesContextCustomizerCustomizer@2b58e889], contextLoader = org.springframework.test.context.support.DelegatingSmartContextLoader, parent = null]
          at org.springframework.test.context.cache.DefaultCacheAwareContextLoaderDelegate.loadContext(DefaultCacheAwareContextLoaderDelegate.java:145)
          at org.springframework.test.context.support.DefaultTestContext.getApplicationContext(DefaultTestContext.java:130)
          at java.util.stream.ReferencePipeline$3$1.accept(ReferencePipeline.java:197)
          at java.util.ArrayList$ArrayListSpliterator.forEachRemaining(ArrayList.java:1708)
          at java.util.stream.AbstractPipeline.copyInto(AbstractPipeline.java:509)
          at java.util.stream.AbstractPipeline.wrapAndCopyInto(AbstractPipeline.java:499)
          at java.util.stream.ReduceOps$ReduceOp.evaluateSequential(ReduceOps.java:921)
          at java.util.stream.AbstractPipeline.evaluate(AbstractPipeline.java:234)
          at java.util.stream.ReferencePipeline.collect(ReferencePipeline.java:682)
      when running class:
      package finos.traderx.messaging.socketio;
      @org.springframework.test.context.ContextConfiguration(classes = {finos.traderx.tradeprocessor.TradeFeedHandler.class})
      @org.junit.runner.RunWith(value = org.springframework.test.context.junit4.SpringRunner.class) // if JUnit 4
      @org.junit.jupiter.api.extension.ExtendWith(value = org.springframework.test.context.junit.jupiter.SpringExtension.class) // if JUnit 5
      public class DiffblueFakeClass6802 {
        @org.springframework.beans.factory.annotation.Autowired finos.traderx.messaging.socketio.SocketIOJSONSubscriber socketIOJSONSubscriber;
        @org.springframework.boot.test.mock.mockito.MockBean finos.traderx.tradeprocessor.service.TradeService tradeService;
        @org.junit.Test // if JUnit 4
        @org.junit.jupiter.api.Test // if JUnit 5
        public void testSpringContextLoads() {}
      }
      To avoid this error, consider adding a custom base class to setup static
      mocking for org.springframework.test.context.cache.DefaultCacheAwareContextLoaderDelegate.
      For details on how to set up a custom base class, please follow this link:
      https://docs.diffblue.com/features/cover-cli/writing-tests/custom-test-setup
      See https://diff.blue/R026 to resolve this issue.
      
INFO  
INFO  R026: Failed to create Spring context
      Attempt to initialize test context failed with
      java.lang.IllegalStateException: Failed to load ApplicationContext for [MergedContextConfiguration@3dc69e73 testClass = finos.traderx.tradeprocessor.DiffblueFakeClass7941, locations = [], classes = [finos.traderx.tradeprocessor.PubSubConfig], contextInitializerClasses = [], activeProfiles = [], propertySourceDescriptors = [], propertySourceProperties = [], contextCustomizers = [org.springframework.boot.test.autoconfigure.actuate.observability.ObservabilityContextCustomizerFactory$DisableObservabilityContextCustomizer@1f, org.springframework.boot.test.autoconfigure.properties.PropertyMappingContextCustomizer@0, org.springframework.boot.test.autoconfigure.web.servlet.WebDriverContextCustomizer@1f197811, org.springframework.boot.test.context.filter.ExcludeFilterContextCustomizer@6ddd86fe, org.springframework.boot.test.json.DuplicateJsonObjectContextCustomizerFactory$DuplicateJsonObjectContextCustomizer@6882b792, org.springframework.boot.test.mock.mockito.MockitoContextCustomizer@903ba0a, org.springframework.boot.test.web.reactor.netty.DisableReactorResourceFactoryGlobalResourcesContextCustomizerFactory$DisableReactorResourceFactoryGlobalResourcesContextCustomizerCustomizer@2b58e889], contextLoader = org.springframework.test.context.support.DelegatingSmartContextLoader, parent = null]
          at org.springframework.test.context.cache.DefaultCacheAwareContextLoaderDelegate.loadContext(DefaultCacheAwareContextLoaderDelegate.java:180)
          at org.springframework.test.context.support.DefaultTestContext.getApplicationContext(DefaultTestContext.java:130)
          at java.util.stream.ReferencePipeline$3$1.accept(ReferencePipeline.java:197)
          at java.util.ArrayList$ArrayListSpliterator.forEachRemaining(ArrayList.java:1708)
          at java.util.stream.AbstractPipeline.copyInto(AbstractPipeline.java:509)
          at java.util.stream.AbstractPipeline.wrapAndCopyInto(AbstractPipeline.java:499)
          at java.util.stream.ReduceOps$ReduceOp.evaluateSequential(ReduceOps.java:921)
          at java.util.stream.AbstractPipeline.evaluate(AbstractPipeline.java:234)
          at java.util.stream.ReferencePipeline.collect(ReferencePipeline.java:682)
      java.lang.IllegalStateException: Unable to register mock bean finos.traderx.messaging.Publisher<?> expected a single matching bean to replace but found [positionPublisher, tradePublisher]
          at org.springframework.boot.test.mock.mockito.MockitoPostProcessor.getBeanName(MockitoPostProcessor.java:220)
          at org.springframework.boot.test.mock.mockito.MockitoPostProcessor.registerMock(MockitoPostProcessor.java:177)
          at org.springframework.boot.test.mock.mockito.MockitoPostProcessor.register(MockitoPostProcessor.java:167)
          at org.springframework.boot.test.mock.mockito.MockitoPostProcessor.postProcessBeanFactory(MockitoPostProcessor.java:141)
          at org.springframework.boot.test.mock.mockito.MockitoPostProcessor.postProcessBeanFactory(MockitoPostProcessor.java:129)
          at org.springframework.context.support.PostProcessorRegistrationDelegate.invokeBeanFactoryPostProcessors(PostProcessorRegistrationDelegate.java:363)
          at org.springframework.context.support.PostProcessorRegistrationDelegate.invokeBeanFactoryPostProcessors(PostProcessorRegistrationDelegate.java:197)
          at org.springframework.context.support.AbstractApplicationContext.invokeBeanFactoryPostProcessors(AbstractApplicationContext.java:789)
          at org.springframework.context.support.AbstractApplicationContext.refresh(AbstractApplicationContext.java:607)
          at org.springframework.test.context.support.AbstractGenericContextLoader.loadContext(AbstractGenericContextLoader.java:221)
          at org.springframework.test.context.support.AbstractGenericContextLoader.loadContext(AbstractGenericContextLoader.java:110)
          at org.springframework.test.context.support.AbstractDelegatingSmartContextLoader.loadContext(AbstractDelegatingSmartContextLoader.java:212)
          at org.springframework.test.context.cache.DefaultCacheAwareContextLoaderDelegate.loadContextInternal(DefaultCacheAwareContextLoaderDelegate.java:225)
          at org.springframework.test.context.cache.DefaultCacheAwareContextLoaderDelegate.loadContext(DefaultCacheAwareContextLoaderDelegate.java:152)
          at org.springframework.test.context.support.DefaultTestContext.getApplicationContext(DefaultTestContext.java:130)
          at java.util.stream.ReferencePipeline$3$1.accept(ReferencePipeline.java:197)
          at java.util.ArrayList$ArrayListSpliterator.forEachRemaining(ArrayList.java:1708)
          at java.util.stream.AbstractPipeline.copyInto(AbstractPipeline.java:509)
          at java.util.stream.AbstractPipeline.wrapAndCopyInto(AbstractPipeline.java:499)
          at java.util.stream.ReduceOps$ReduceOp.evaluateSequential(ReduceOps.java:921)
          at java.util.stream.AbstractPipeline.evaluate(AbstractPipeline.java:234)
          at java.util.stream.ReferencePipeline.collect(ReferencePipeline.java:682)
      when running class:
      package finos.traderx.tradeprocessor;
      @org.springframework.test.context.ContextConfiguration(classes = {finos.traderx.tradeprocessor.PubSubConfig.class})
      @org.junit.runner.RunWith(value = org.springframework.test.context.junit4.SpringRunner.class) // if JUnit 4
      @org.junit.jupiter.api.extension.ExtendWith(value = org.springframework.test.context.junit.jupiter.SpringExtension.class) // if JUnit 5
      public class DiffblueFakeClass7941 {
        @org.springframework.beans.factory.annotation.Autowired finos.traderx.tradeprocessor.PubSubConfig pubSubConfig;
        @org.springframework.boot.test.mock.mockito.MockBean finos.traderx.messaging.Publisher publisher;
        @org.junit.Test // if JUnit 4
        @org.junit.jupiter.api.Test // if JUnit 5
        public void testSpringContextLoads() {}
      }
      To avoid this error, consider adding a custom base class to setup static
      mocking for org.springframework.boot.test.mock.mockito.MockitoPostProcessor.
      For details on how to set up a custom base class, please follow this link:
      https://docs.diffblue.com/features/cover-cli/writing-tests/custom-test-setup
      See https://diff.blue/R026 to resolve this issue.
      
INFO  Affected methods:
      finos.traderx.tradeprocessor.PubSubConfig.positionPublisher:()Lfinos/traderx/messaging/Publisher;
      
INFO  To resolve the issue, use the following prompt with your AI assistant:
      
      Fix the following issue preventing test creation for:
      finos.traderx.tradeprocessor.PubSubConfig.positionPublisher:()Lfinos/traderx/messaging/Publisher;
      
      Attempt to initialize test context failed with
      java.lang.IllegalStateException: Failed to load ApplicationContext for [MergedContextConfiguration@3dc69e73 testClass = finos.traderx.tradeprocessor.DiffblueFakeClass7941, locations = [], classes = [finos.traderx.tradeprocessor.PubSubConfig], contextInitializerClasses = [], activeProfiles = [], propertySourceDescriptors = [], propertySourceProperties = [], contextCustomizers = [org.springframework.boot.test.autoconfigure.actuate.observability.ObservabilityContextCustomizerFactory$DisableObservabilityContextCustomizer@1f, org.springframework.boot.test.autoconfigure.properties.PropertyMappingContextCustomizer@0, org.springframework.boot.test.autoconfigure.web.servlet.WebDriverContextCustomizer@1f197811, org.springframework.boot.test.context.filter.ExcludeFilterContextCustomizer@6ddd86fe, org.springframework.boot.test.json.DuplicateJsonObjectContextCustomizerFactory$DuplicateJsonObjectContextCustomizer@6882b792, org.springframework.boot.test.mock.mockito.MockitoContextCustomizer@903ba0a, org.springframework.boot.test.web.reactor.netty.DisableReactorResourceFactoryGlobalResourcesContextCustomizerFactory$DisableReactorResourceFactoryGlobalResourcesContextCustomizerCustomizer@2b58e889], contextLoader = org.springframework.test.context.support.DelegatingSmartContextLoader, parent = null]
          at org.springframework.test.context.cache.DefaultCacheAwareContextLoaderDelegate.loadContext(DefaultCacheAwareContextLoaderDelegate.java:180)
          at org.springframework.test.context.support.DefaultTestContext.getApplicationContext(DefaultTestContext.java:130)
          at java.util.stream.ReferencePipeline$3$1.accept(ReferencePipeline.java:197)
          at java.util.ArrayList$ArrayListSpliterator.forEachRemaining(ArrayList.java:1708)
          at java.util.stream.AbstractPipeline.copyInto(AbstractPipeline.java:509)
          at java.util.stream.AbstractPipeline.wrapAndCopyInto(AbstractPipeline.java:499)
          at java.util.stream.ReduceOps$ReduceOp.evaluateSequential(ReduceOps.java:921)
          at java.util.stream.AbstractPipeline.evaluate(AbstractPipeline.java:234)
          at java.util.stream.ReferencePipeline.collect(ReferencePipeline.java:682)
      java.lang.IllegalStateException: Unable to register mock bean finos.traderx.messaging.Publisher<?> expected a single matching bean to replace but found [positionPublisher, tradePublisher]
          at org.springframework.boot.test.mock.mockito.MockitoPostProcessor.getBeanName(MockitoPostProcessor.java:220)
          at org.springframework.boot.test.mock.mockito.MockitoPostProcessor.registerMock(MockitoPostProcessor.java:177)
          at org.springframework.boot.test.mock.mockito.MockitoPostProcessor.register(MockitoPostProcessor.java:167)
          at org.springframework.boot.test.mock.mockito.MockitoPostProcessor.postProcessBeanFactory(MockitoPostProcessor.java:141)
          at org.springframework.boot.test.mock.mockito.MockitoPostProcessor.postProcessBeanFactory(MockitoPostProcessor.java:129)
          at org.springframework.context.support.PostProcessorRegistrationDelegate.invokeBeanFactoryPostProcessors(PostProcessorRegistrationDelegate.java:363)
          at org.springframework.context.support.PostProcessorRegistrationDelegate.invokeBeanFactoryPostProcessors(PostProcessorRegistrationDelegate.java:197)
          at org.springframework.context.support.AbstractApplicationContext.invokeBeanFactoryPostProcessors(AbstractApplicationContext.java:789)
          at org.springframework.context.support.AbstractApplicationContext.refresh(AbstractApplicationContext.java:607)
          at org.springframework.test.context.support.AbstractGenericContextLoader.loadContext(AbstractGenericContextLoader.java:221)
          at org.springframework.test.context.support.AbstractGenericContextLoader.loadContext(AbstractGenericContextLoader.java:110)
          at org.springframework.test.context.support.AbstractDelegatingSmartContextLoader.loadContext(AbstractDelegatingSmartContextLoader.java:212)
          at org.springframework.test.context.cache.DefaultCacheAwareContextLoaderDelegate.loadContextInternal(DefaultCacheAwareContextLoaderDelegate.java:225)
          at org.springframework.test.context.cache.DefaultCacheAwareContextLoaderDelegate.loadContext(DefaultCacheAwareContextLoaderDelegate.java:152)
          at org.springframework.test.context.support.DefaultTestContext.getApplicationContext(DefaultTestContext.java:130)
          at java.util.stream.ReferencePipeline$3$1.accept(ReferencePipeline.java:197)
          at java.util.ArrayList$ArrayListSpliterator.forEachRemaining(ArrayList.java:1708)
          at java.util.stream.AbstractPipeline.copyInto(AbstractPipeline.java:509)
          at java.util.stream.AbstractPipeline.wrapAndCopyInto(AbstractPipeline.java:499)
          at java.util.stream.ReduceOps$ReduceOp.evaluateSequential(ReduceOps.java:921)
          at java.util.stream.AbstractPipeline.evaluate(AbstractPipeline.java:234)
          at java.util.stream.ReferencePipeline.collect(ReferencePipeline.java:682)
      when running class:
      package finos.traderx.tradeprocessor;
      @org.springframework.test.context.ContextConfiguration(classes = {finos.traderx.tradeprocessor.PubSubConfig.class})
      @org.junit.runner.RunWith(value = org.springframework.test.context.junit4.SpringRunner.class) // if JUnit 4
      @org.junit.jupiter.api.extension.ExtendWith(value = org.springframework.test.context.junit.jupiter.SpringExtension.class) // if JUnit 5
      public class DiffblueFakeClass7941 {
        @org.springframework.beans.factory.annotation.Autowired finos.traderx.tradeprocessor.PubSubConfig pubSubConfig;
        @org.springframework.boot.test.mock.mockito.MockBean finos.traderx.messaging.Publisher publisher;
        @org.junit.Test // if JUnit 4
        @org.junit.jupiter.api.Test // if JUnit 5
        public void testSpringContextLoads() {}
      }
      To avoid this error, consider adding a custom base class to setup static
      mocking for org.springframework.boot.test.mock.mockito.MockitoPostProcessor.
      For details on how to set up a custom base class, please follow this link:
      https://docs.diffblue.com/features/cover-cli/writing-tests/custom-test-setup
      See https://diff.blue/R026 to resolve this issue.
      
INFO  
INFO  R026: Failed to create Spring context
      Attempt to initialize test context failed with
      java.lang.IllegalStateException: ApplicationContext failure threshold (1) exceeded: skipping repeated attempt to load context for [MergedContextConfiguration@d2b734e testClass = finos.traderx.tradeprocessor.DiffblueFakeClass7950, locations = [], classes = [finos.traderx.tradeprocessor.PubSubConfig], contextInitializerClasses = [], activeProfiles = [], propertySourceDescriptors = [], propertySourceProperties = [], contextCustomizers = [org.springframework.boot.test.autoconfigure.actuate.observability.ObservabilityContextCustomizerFactory$DisableObservabilityContextCustomizer@1f, org.springframework.boot.test.autoconfigure.properties.PropertyMappingContextCustomizer@0, org.springframework.boot.test.autoconfigure.web.servlet.WebDriverContextCustomizer@1f197811, org.springframework.boot.test.context.filter.ExcludeFilterContextCustomizer@6ddd86fe, org.springframework.boot.test.json.DuplicateJsonObjectContextCustomizerFactory$DuplicateJsonObjectContextCustomizer@6882b792, org.springframework.boot.test.mock.mockito.MockitoContextCustomizer@0, org.springframework.boot.test.web.reactor.netty.DisableReactorResourceFactoryGlobalResourcesContextCustomizerFactory$DisableReactorResourceFactoryGlobalResourcesContextCustomizerCustomizer@2b58e889], contextLoader = org.springframework.test.context.support.DelegatingSmartContextLoader, parent = null]
          at org.springframework.test.context.cache.DefaultCacheAwareContextLoaderDelegate.loadContext(DefaultCacheAwareContextLoaderDelegate.java:145)
          at org.springframework.test.context.support.DefaultTestContext.getApplicationContext(DefaultTestContext.java:130)
          at java.util.stream.ReferencePipeline$3$1.accept(ReferencePipeline.java:197)
          at java.util.ArrayList$ArrayListSpliterator.forEachRemaining(ArrayList.java:1708)
          at java.util.stream.AbstractPipeline.copyInto(AbstractPipeline.java:509)
          at java.util.stream.AbstractPipeline.wrapAndCopyInto(AbstractPipeline.java:499)
          at java.util.stream.ReduceOps$ReduceOp.evaluateSequential(ReduceOps.java:921)
          at java.util.stream.AbstractPipeline.evaluate(AbstractPipeline.java:234)
          at java.util.stream.ReferencePipeline.collect(ReferencePipeline.java:682)
      when running class:
      package finos.traderx.tradeprocessor;
      @org.springframework.test.context.ContextConfiguration(classes = {finos.traderx.tradeprocessor.PubSubConfig.class})
      @org.junit.runner.RunWith(value = org.springframework.test.context.junit4.SpringRunner.class) // if JUnit 4
      @org.junit.jupiter.api.extension.ExtendWith(value = org.springframework.test.context.junit.jupiter.SpringExtension.class) // if JUnit 5
      public class DiffblueFakeClass7950 {
        @org.springframework.beans.factory.annotation.Autowired finos.traderx.tradeprocessor.PubSubConfig pubSubConfig;
        @org.junit.Test // if JUnit 4
        @org.junit.jupiter.api.Test // if JUnit 5
        public void testSpringContextLoads() {}
      }
      To avoid this error, consider adding a custom base class to setup static
      mocking for org.springframework.test.context.cache.DefaultCacheAwareContextLoaderDelegate.
      For details on how to set up a custom base class, please follow this link:
      https://docs.diffblue.com/features/cover-cli/writing-tests/custom-test-setup
      See https://diff.blue/R026 to resolve this issue.
      
INFO  Affected methods:
      finos.traderx.tradeprocessor.PubSubConfig.tradePublisher:()Lfinos/traderx/messaging/Publisher;
      
INFO  To resolve the issue, use the following prompt with your AI assistant:
      
      Fix the following issue preventing test creation for:
      finos.traderx.tradeprocessor.PubSubConfig.tradePublisher:()Lfinos/traderx/messaging/Publisher;
      
      Attempt to initialize test context failed with
      java.lang.IllegalStateException: ApplicationContext failure threshold (1) exceeded: skipping repeated attempt to load context for [MergedContextConfiguration@d2b734e testClass = finos.traderx.tradeprocessor.DiffblueFakeClass7950, locations = [], classes = [finos.traderx.tradeprocessor.PubSubConfig], contextInitializerClasses = [], activeProfiles = [], propertySourceDescriptors = [], propertySourceProperties = [], contextCustomizers = [org.springframework.boot.test.autoconfigure.actuate.observability.ObservabilityContextCustomizerFactory$DisableObservabilityContextCustomizer@1f, org.springframework.boot.test.autoconfigure.properties.PropertyMappingContextCustomizer@0, org.springframework.boot.test.autoconfigure.web.servlet.WebDriverContextCustomizer@1f197811, org.springframework.boot.test.context.filter.ExcludeFilterContextCustomizer@6ddd86fe, org.springframework.boot.test.json.DuplicateJsonObjectContextCustomizerFactory$DuplicateJsonObjectContextCustomizer@6882b792, org.springframework.boot.test.mock.mockito.MockitoContextCustomizer@0, org.springframework.boot.test.web.reactor.netty.DisableReactorResourceFactoryGlobalResourcesContextCustomizerFactory$DisableReactorResourceFactoryGlobalResourcesContextCustomizerCustomizer@2b58e889], contextLoader = org.springframework.test.context.support.DelegatingSmartContextLoader, parent = null]
          at org.springframework.test.context.cache.DefaultCacheAwareContextLoaderDelegate.loadContext(DefaultCacheAwareContextLoaderDelegate.java:145)
          at org.springframework.test.context.support.DefaultTestContext.getApplicationContext(DefaultTestContext.java:130)
          at java.util.stream.ReferencePipeline$3$1.accept(ReferencePipeline.java:197)
          at java.util.ArrayList$ArrayListSpliterator.forEachRemaining(ArrayList.java:1708)
          at java.util.stream.AbstractPipeline.copyInto(AbstractPipeline.java:509)
          at java.util.stream.AbstractPipeline.wrapAndCopyInto(AbstractPipeline.java:499)
          at java.util.stream.ReduceOps$ReduceOp.evaluateSequential(ReduceOps.java:921)
          at java.util.stream.AbstractPipeline.evaluate(AbstractPipeline.java:234)
          at java.util.stream.ReferencePipeline.collect(ReferencePipeline.java:682)
      when running class:
      package finos.traderx.tradeprocessor;
      @org.springframework.test.context.ContextConfiguration(classes = {finos.traderx.tradeprocessor.PubSubConfig.class})
      @org.junit.runner.RunWith(value = org.springframework.test.context.junit4.SpringRunner.class) // if JUnit 4
      @org.junit.jupiter.api.extension.ExtendWith(value = org.springframework.test.context.junit.jupiter.SpringExtension.class) // if JUnit 5
      public class DiffblueFakeClass7950 {
        @org.springframework.beans.factory.annotation.Autowired finos.traderx.tradeprocessor.PubSubConfig pubSubConfig;
        @org.junit.Test // if JUnit 4
        @org.junit.jupiter.api.Test // if JUnit 5
        public void testSpringContextLoads() {}
      }
      To avoid this error, consider adding a custom base class to setup static
      mocking for org.springframework.test.context.cache.DefaultCacheAwareContextLoaderDelegate.
      For details on how to set up a custom base class, please follow this link:
      https://docs.diffblue.com/features/cover-cli/writing-tests/custom-test-setup
      See https://diff.blue/R026 to resolve this issue.
      
INFO  
INFO  R028: Incomplete repository information
      Diffblue Cover cannot write tests because it wasn't able to fully understand
      your Spring Data Repository:
      Repository:  finos.traderx.tradeprocessor.repository.TradeRepository
      Data Type:   finos.traderx.tradeprocessor.model.Trade
      ID Type:     java.lang.Integer
      ID Getter:
      Save Method: org.springframework.data.repository.CrudRepository.save(Object)
      Is Entity an IdClass: false
      Diffblue Cover needs to understand the Data Type and the ID Type in order to
      write repository tests. Diffblue Cover also needs an ID Getter method that
      gets the identifier field from a Data Type instance, this should be annotated
      '@Id' and be of type ID Type. Alternatively, if using composite keys with
      '@IdClass', the entity class must be annotated with '@IdClass' which must
      reference the ID Type. Finally, better tests can be written if a Save Method
      is found taking a Data Type instance and storing it in the repository.
      Try extending 'CrudRepository' with concrete type parameters, or if the class
      should not be considered a repository then annotate the class with the
      '@NoRepositoryBean' annotation.
      Please contact Diffblue through the appropriate support channel
      (https://www.diffblue.com/support/) providing details about this error.
      
INFO  Affected methods:
      finos.traderx.tradeprocessor.repository.TradeRepository.count:()J
      finos.traderx.tradeprocessor.repository.TradeRepository.count:(Lorg/springframework/data/domain/Example;)J
      finos.traderx.tradeprocessor.repository.TradeRepository.delete:(Ljava/lang/Object;)V
      finos.traderx.tradeprocessor.repository.TradeRepository.deleteAll:()V
      finos.traderx.tradeprocessor.repository.TradeRepository.deleteAll:(Ljava/lang/Iterable;)V
      finos.traderx.tradeprocessor.repository.TradeRepository.deleteAllById:(Ljava/lang/Iterable;)V
      finos.traderx.tradeprocessor.repository.TradeRepository.deleteAllByIdInBatch:(Ljava/lang/Iterable;)V
      finos.traderx.tradeprocessor.repository.TradeRepository.deleteAllInBatch:()V
      finos.traderx.tradeprocessor.repository.TradeRepository.deleteAllInBatch:(Ljava/lang/Iterable;)V
      finos.traderx.tradeprocessor.repository.TradeRepository.deleteById:(Ljava/lang/Object;)V
      finos.traderx.tradeprocessor.repository.TradeRepository.deleteInBatch:(Ljava/lang/Iterable;)V
      finos.traderx.tradeprocessor.repository.TradeRepository.exists:(Lorg/springframework/data/domain/Example;)Z
      finos.traderx.tradeprocessor.repository.TradeRepository.existsById:(Ljava/lang/Object;)Z
      finos.traderx.tradeprocessor.repository.TradeRepository.findAll:()Ljava/util/List;
      finos.traderx.tradeprocessor.repository.TradeRepository.findAll:(Lorg/springframework/data/domain/Example;)Ljava/util/List;
      finos.traderx.tradeprocessor.repository.TradeRepository.findAll:(Lorg/springframework/data/domain/Example;Lorg/springframework/data/domain/Pageable;)Lorg/springframework/data/domain/Page;
      finos.traderx.tradeprocessor.repository.TradeRepository.findAll:(Lorg/springframework/data/domain/Example;Lorg/springframework/data/domain/Sort;)Ljava/util/List;
      finos.traderx.tradeprocessor.repository.TradeRepository.findAll:(Lorg/springframework/data/domain/Pageable;)Lorg/springframework/data/domain/Page;
      finos.traderx.tradeprocessor.repository.TradeRepository.findAll:(Lorg/springframework/data/domain/Sort;)Ljava/util/List;
      finos.traderx.tradeprocessor.repository.TradeRepository.findAllById:(Ljava/lang/Iterable;)Ljava/util/List;
      finos.traderx.tradeprocessor.repository.TradeRepository.findBy:(Lorg/springframework/data/domain/Example;Ljava/util/function/Function;)Ljava/lang/Object;
      finos.traderx.tradeprocessor.repository.TradeRepository.findByAccountId:(Ljava/lang/Integer;)Ljava/util/List;
      finos.traderx.tradeprocessor.repository.TradeRepository.findById:(Ljava/lang/Object;)Ljava/util/Optional;
      finos.traderx.tradeprocessor.repository.TradeRepository.findOne:(Lorg/springframework/data/domain/Example;)Ljava/util/Optional;
      finos.traderx.tradeprocessor.repository.TradeRepository.flush:()V
      finos.traderx.tradeprocessor.repository.TradeRepository.getById:(Ljava/lang/Object;)Ljava/lang/Object;
      finos.traderx.tradeprocessor.repository.TradeRepository.getOne:(Ljava/lang/Object;)Ljava/lang/Object;
      finos.traderx.tradeprocessor.repository.TradeRepository.getReferenceById:(Ljava/lang/Object;)Ljava/lang/Object;
      finos.traderx.tradeprocessor.repository.TradeRepository.save:(Ljava/lang/Object;)Ljava/lang/Object;
      finos.traderx.tradeprocessor.repository.TradeRepository.saveAll:(Ljava/lang/Iterable;)Ljava/util/List;
      finos.traderx.tradeprocessor.repository.TradeRepository.saveAllAndFlush:(Ljava/lang/Iterable;)Ljava/util/List;
      finos.traderx.tradeprocessor.repository.TradeRepository.saveAndFlush:(Ljava/lang/Object;)Ljava/lang/Object;
      
INFO  To resolve the issue, use the following prompt with your AI assistant:
      
      Fix the following issue preventing test creation for:
      finos.traderx.tradeprocessor.repository.TradeRepository.count:()J
      finos.traderx.tradeprocessor.repository.TradeRepository.count:(Lorg/springframework/data/domain/Example;)J
      finos.traderx.tradeprocessor.repository.TradeRepository.delete:(Ljava/lang/Object;)V
      finos.traderx.tradeprocessor.repository.TradeRepository.deleteAll:()V
      finos.traderx.tradeprocessor.repository.TradeRepository.deleteAll:(Ljava/lang/Iterable;)V
      finos.traderx.tradeprocessor.repository.TradeRepository.deleteAllById:(Ljava/lang/Iterable;)V
      finos.traderx.tradeprocessor.repository.TradeRepository.deleteAllByIdInBatch:(Ljava/lang/Iterable;)V
      finos.traderx.tradeprocessor.repository.TradeRepository.deleteAllInBatch:()V
      finos.traderx.tradeprocessor.repository.TradeRepository.deleteAllInBatch:(Ljava/lang/Iterable;)V
      finos.traderx.tradeprocessor.repository.TradeRepository.deleteById:(Ljava/lang/Object;)V
      finos.traderx.tradeprocessor.repository.TradeRepository.deleteInBatch:(Ljava/lang/Iterable;)V
      finos.traderx.tradeprocessor.repository.TradeRepository.exists:(Lorg/springframework/data/domain/Example;)Z
      finos.traderx.tradeprocessor.repository.TradeRepository.existsById:(Ljava/lang/Object;)Z
      finos.traderx.tradeprocessor.repository.TradeRepository.findAll:()Ljava/util/List;
      finos.traderx.tradeprocessor.repository.TradeRepository.findAll:(Lorg/springframework/data/domain/Example;)Ljava/util/List;
      finos.traderx.tradeprocessor.repository.TradeRepository.findAll:(Lorg/springframework/data/domain/Example;Lorg/springframework/data/domain/Pageable;)Lorg/springframework/data/domain/Page;
      finos.traderx.tradeprocessor.repository.TradeRepository.findAll:(Lorg/springframework/data/domain/Example;Lorg/springframework/data/domain/Sort;)Ljava/util/List;
      finos.traderx.tradeprocessor.repository.TradeRepository.findAll:(Lorg/springframework/data/domain/Pageable;)Lorg/springframework/data/domain/Page;
      finos.traderx.tradeprocessor.repository.TradeRepository.findAll:(Lorg/springframework/data/domain/Sort;)Ljava/util/List;
      finos.traderx.tradeprocessor.repository.TradeRepository.findAllById:(Ljava/lang/Iterable;)Ljava/util/List;
      finos.traderx.tradeprocessor.repository.TradeRepository.findBy:(Lorg/springframework/data/domain/Example;Ljava/util/function/Function;)Ljava/lang/Object;
      finos.traderx.tradeprocessor.repository.TradeRepository.findByAccountId:(Ljava/lang/Integer;)Ljava/util/List;
      finos.traderx.tradeprocessor.repository.TradeRepository.findById:(Ljava/lang/Object;)Ljava/util/Optional;
      finos.traderx.tradeprocessor.repository.TradeRepository.findOne:(Lorg/springframework/data/domain/Example;)Ljava/util/Optional;
      finos.traderx.tradeprocessor.repository.TradeRepository.flush:()V
      finos.traderx.tradeprocessor.repository.TradeRepository.getById:(Ljava/lang/Object;)Ljava/lang/Object;
      finos.traderx.tradeprocessor.repository.TradeRepository.getOne:(Ljava/lang/Object;)Ljava/lang/Object;
      finos.traderx.tradeprocessor.repository.TradeRepository.getReferenceById:(Ljava/lang/Object;)Ljava/lang/Object;
      finos.traderx.tradeprocessor.repository.TradeRepository.save:(Ljava/lang/Object;)Ljava/lang/Object;
      finos.traderx.tradeprocessor.repository.TradeRepository.saveAll:(Ljava/lang/Iterable;)Ljava/util/List;
      finos.traderx.tradeprocessor.repository.TradeRepository.saveAllAndFlush:(Ljava/lang/Iterable;)Ljava/util/List;
      finos.traderx.tradeprocessor.repository.TradeRepository.saveAndFlush:(Ljava/lang/Object;)Ljava/lang/Object;
      
      Diffblue Cover cannot write tests because it wasn't able to fully understand
      your Spring Data Repository:
      Repository:  finos.traderx.tradeprocessor.repository.TradeRepository
      Data Type:   finos.traderx.tradeprocessor.model.Trade
      ID Type:     java.lang.Integer
      ID Getter:
      Save Method: org.springframework.data.repository.CrudRepository.save(Object)
      Is Entity an IdClass: false
      Diffblue Cover needs to understand the Data Type and the ID Type in order to
      write repository tests. Diffblue Cover also needs an ID Getter method that
      gets the identifier field from a Data Type instance, this should be annotated
      '@Id' and be of type ID Type. Alternatively, if using composite keys with
      '@IdClass', the entity class must be annotated with '@IdClass' which must
      reference the ID Type. Finally, better tests can be written if a Save Method
      is found taking a Data Type instance and storing it in the repository.
      Try extending 'CrudRepository' with concrete type parameters, or if the class
      should not be considered a repository then annotate the class with the
      '@NoRepositoryBean' annotation.
      Please contact Diffblue through the appropriate support channel
      (https://www.diffblue.com/support/) providing details about this error.
      
INFO  
INFO  R028: Incomplete repository information
      Diffblue Cover cannot write tests because it wasn't able to fully understand
      your Spring Data Repository:
      Repository:  finos.traderx.positionservice.repository.TradeRepository
      Data Type:   finos.traderx.positionservice.model.Trade
      ID Type:     java.lang.Integer
      ID Getter:
      Save Method: org.springframework.data.repository.CrudRepository.save(Object)
      Is Entity an IdClass: false
      Diffblue Cover needs to understand the Data Type and the ID Type in order to
      write repository tests. Diffblue Cover also needs an ID Getter method that
      gets the identifier field from a Data Type instance, this should be annotated
      '@Id' and be of type ID Type. Alternatively, if using composite keys with
      '@IdClass', the entity class must be annotated with '@IdClass' which must
      reference the ID Type. Finally, better tests can be written if a Save Method
      is found taking a Data Type instance and storing it in the repository.
      Try extending 'CrudRepository' with concrete type parameters, or if the class
      should not be considered a repository then annotate the class with the
      '@NoRepositoryBean' annotation.
      Please contact Diffblue through the appropriate support channel
      (https://www.diffblue.com/support/) providing details about this error.
      
INFO  Affected methods:
      finos.traderx.positionservice.repository.TradeRepository.count:()J
      finos.traderx.positionservice.repository.TradeRepository.count:(Lorg/springframework/data/domain/Example;)J
      finos.traderx.positionservice.repository.TradeRepository.delete:(Ljava/lang/Object;)V
      finos.traderx.positionservice.repository.TradeRepository.deleteAll:()V
      finos.traderx.positionservice.repository.TradeRepository.deleteAll:(Ljava/lang/Iterable;)V
      finos.traderx.positionservice.repository.TradeRepository.deleteAllById:(Ljava/lang/Iterable;)V
      finos.traderx.positionservice.repository.TradeRepository.deleteAllByIdInBatch:(Ljava/lang/Iterable;)V
      finos.traderx.positionservice.repository.TradeRepository.deleteAllInBatch:()V
      finos.traderx.positionservice.repository.TradeRepository.deleteAllInBatch:(Ljava/lang/Iterable;)V
      finos.traderx.positionservice.repository.TradeRepository.deleteById:(Ljava/lang/Object;)V
      finos.traderx.positionservice.repository.TradeRepository.deleteInBatch:(Ljava/lang/Iterable;)V
      finos.traderx.positionservice.repository.TradeRepository.exists:(Lorg/springframework/data/domain/Example;)Z
      finos.traderx.positionservice.repository.TradeRepository.existsById:(Ljava/lang/Object;)Z
      finos.traderx.positionservice.repository.TradeRepository.findAll:()Ljava/util/List;
      finos.traderx.positionservice.repository.TradeRepository.findAll:(Lorg/springframework/data/domain/Example;)Ljava/util/List;
      finos.traderx.positionservice.repository.TradeRepository.findAll:(Lorg/springframework/data/domain/Example;Lorg/springframework/data/domain/Pageable;)Lorg/springframework/data/domain/Page;
      finos.traderx.positionservice.repository.TradeRepository.findAll:(Lorg/springframework/data/domain/Example;Lorg/springframework/data/domain/Sort;)Ljava/util/List;
      finos.traderx.positionservice.repository.TradeRepository.findAll:(Lorg/springframework/data/domain/Pageable;)Lorg/springframework/data/domain/Page;
      finos.traderx.positionservice.repository.TradeRepository.findAll:(Lorg/springframework/data/domain/Sort;)Ljava/util/List;
      finos.traderx.positionservice.repository.TradeRepository.findAllById:(Ljava/lang/Iterable;)Ljava/util/List;
      finos.traderx.positionservice.repository.TradeRepository.findBy:(Lorg/springframework/data/domain/Example;Ljava/util/function/Function;)Ljava/lang/Object;
      finos.traderx.positionservice.repository.TradeRepository.findByAccountId:(Ljava/lang/Integer;)Ljava/util/List;
      finos.traderx.positionservice.repository.TradeRepository.findById:(Ljava/lang/Object;)Ljava/util/Optional;
      finos.traderx.positionservice.repository.TradeRepository.findOne:(Lorg/springframework/data/domain/Example;)Ljava/util/Optional;
      finos.traderx.positionservice.repository.TradeRepository.flush:()V
      finos.traderx.positionservice.repository.TradeRepository.getById:(Ljava/lang/Object;)Ljava/lang/Object;
      finos.traderx.positionservice.repository.TradeRepository.getOne:(Ljava/lang/Object;)Ljava/lang/Object;
      finos.traderx.positionservice.repository.TradeRepository.getReferenceById:(Ljava/lang/Object;)Ljava/lang/Object;
      finos.traderx.positionservice.repository.TradeRepository.save:(Ljava/lang/Object;)Ljava/lang/Object;
      finos.traderx.positionservice.repository.TradeRepository.saveAll:(Ljava/lang/Iterable;)Ljava/util/List;
      finos.traderx.positionservice.repository.TradeRepository.saveAllAndFlush:(Ljava/lang/Iterable;)Ljava/util/List;
      finos.traderx.positionservice.repository.TradeRepository.saveAndFlush:(Ljava/lang/Object;)Ljava/lang/Object;
      
INFO  To resolve the issue, use the following prompt with your AI assistant:
      
      Fix the following issue preventing test creation for:
      finos.traderx.positionservice.repository.TradeRepository.count:()J
      finos.traderx.positionservice.repository.TradeRepository.count:(Lorg/springframework/data/domain/Example;)J
      finos.traderx.positionservice.repository.TradeRepository.delete:(Ljava/lang/Object;)V
      finos.traderx.positionservice.repository.TradeRepository.deleteAll:()V
      finos.traderx.positionservice.repository.TradeRepository.deleteAll:(Ljava/lang/Iterable;)V
      finos.traderx.positionservice.repository.TradeRepository.deleteAllById:(Ljava/lang/Iterable;)V
      finos.traderx.positionservice.repository.TradeRepository.deleteAllByIdInBatch:(Ljava/lang/Iterable;)V
      finos.traderx.positionservice.repository.TradeRepository.deleteAllInBatch:()V
      finos.traderx.positionservice.repository.TradeRepository.deleteAllInBatch:(Ljava/lang/Iterable;)V
      finos.traderx.positionservice.repository.TradeRepository.deleteById:(Ljava/lang/Object;)V
      finos.traderx.positionservice.repository.TradeRepository.deleteInBatch:(Ljava/lang/Iterable;)V
      finos.traderx.positionservice.repository.TradeRepository.exists:(Lorg/springframework/data/domain/Example;)Z
      finos.traderx.positionservice.repository.TradeRepository.existsById:(Ljava/lang/Object;)Z
      finos.traderx.positionservice.repository.TradeRepository.findAll:()Ljava/util/List;
      finos.traderx.positionservice.repository.TradeRepository.findAll:(Lorg/springframework/data/domain/Example;)Ljava/util/List;
      finos.traderx.positionservice.repository.TradeRepository.findAll:(Lorg/springframework/data/domain/Example;Lorg/springframework/data/domain/Pageable;)Lorg/springframework/data/domain/Page;
      finos.traderx.positionservice.repository.TradeRepository.findAll:(Lorg/springframework/data/domain/Example;Lorg/springframework/data/domain/Sort;)Ljava/util/List;
      finos.traderx.positionservice.repository.TradeRepository.findAll:(Lorg/springframework/data/domain/Pageable;)Lorg/springframework/data/domain/Page;
      finos.traderx.positionservice.repository.TradeRepository.findAll:(Lorg/springframework/data/domain/Sort;)Ljava/util/List;
      finos.traderx.positionservice.repository.TradeRepository.findAllById:(Ljava/lang/Iterable;)Ljava/util/List;
      finos.traderx.positionservice.repository.TradeRepository.findBy:(Lorg/springframework/data/domain/Example;Ljava/util/function/Function;)Ljava/lang/Object;
      finos.traderx.positionservice.repository.TradeRepository.findByAccountId:(Ljava/lang/Integer;)Ljava/util/List;
      finos.traderx.positionservice.repository.TradeRepository.findById:(Ljava/lang/Object;)Ljava/util/Optional;
      finos.traderx.positionservice.repository.TradeRepository.findOne:(Lorg/springframework/data/domain/Example;)Ljava/util/Optional;
      finos.traderx.positionservice.repository.TradeRepository.flush:()V
      finos.traderx.positionservice.repository.TradeRepository.getById:(Ljava/lang/Object;)Ljava/lang/Object;
      finos.traderx.positionservice.repository.TradeRepository.getOne:(Ljava/lang/Object;)Ljava/lang/Object;
      finos.traderx.positionservice.repository.TradeRepository.getReferenceById:(Ljava/lang/Object;)Ljava/lang/Object;
      finos.traderx.positionservice.repository.TradeRepository.save:(Ljava/lang/Object;)Ljava/lang/Object;
      finos.traderx.positionservice.repository.TradeRepository.saveAll:(Ljava/lang/Iterable;)Ljava/util/List;
      finos.traderx.positionservice.repository.TradeRepository.saveAllAndFlush:(Ljava/lang/Iterable;)Ljava/util/List;
      finos.traderx.positionservice.repository.TradeRepository.saveAndFlush:(Ljava/lang/Object;)Ljava/lang/Object;
      
      Diffblue Cover cannot write tests because it wasn't able to fully understand
      your Spring Data Repository:
      Repository:  finos.traderx.positionservice.repository.TradeRepository
      Data Type:   finos.traderx.positionservice.model.Trade
      ID Type:     java.lang.Integer
      ID Getter:
      Save Method: org.springframework.data.repository.CrudRepository.save(Object)
      Is Entity an IdClass: false
      Diffblue Cover needs to understand the Data Type and the ID Type in order to
      write repository tests. Diffblue Cover also needs an ID Getter method that
      gets the identifier field from a Data Type instance, this should be annotated
      '@Id' and be of type ID Type. Alternatively, if using composite keys with
      '@IdClass', the entity class must be annotated with '@IdClass' which must
      reference the ID Type. Finally, better tests can be written if a Save Method
      is found taking a Data Type instance and storing it in the repository.
      Try extending 'CrudRepository' with concrete type parameters, or if the class
      should not be considered a repository then annotate the class with the
      '@NoRepositoryBean' annotation.
      Please contact Diffblue through the appropriate support channel
      (https://www.diffblue.com/support/) providing details about this error.
      
INFO  
INFO  16 issues were found and displayed
INFO  Rerun with --prompts --limit 10 --skip 10 to focus on a subset of the issues
INFO  Rerun without --prompts to summarise all the issues
INFO  
INFO  Run summary:
INFO  ------------
WARN  issues                                                      WARNING
WARN  - database                                                  WARNING
INFO  - trade-processor                                           SUCCESS
INFO  - trade-service                                             SUCCESS
INFO  - position-service                                          SUCCESS
INFO  - account-service                                           SUCCESS
INFO  
WARN  One or more warnings were logged, please review them in the log file
INFO  Log file: /home/jbergqvist/diffblue/finos-traderX/.diffblue/log/user-20260113T123651.log
INFO  Finished in 8s
